file,original_url,source_page
pdfs/eligibilty-criteria-17803125751.pdf,https://www.smbbmu.edu.pk/beta/news/downloadFile/eligibilty-criteria_17803125751.pdf,https://www.smbbmu.edu.pk/beta/jobs
pdfs/eligibility-criteria-of-pn-mc-establishment-nursing-educational-institutions-degree-programs-2021-17803125752.pdf,https://www.smbbmu.edu.pk/beta/news/downloadFile/Eligibility-Criteria-of-PN-MC-ESTABLISHMENT-NURSING-EDUCATIONAL-INSTITUTIONS-DEGREE-PROGRAMS-2021_17803125752.pdf,https://www.smbbmu.edu.pk/beta/jobs
pdfs/hec-medical-non-clinical-july-2013-17803125753.pdf,https://www.smbbmu.edu.pk/beta/news/downloadFile/HEC-Medical_Non_Clinical_July_2013_17803125753.pdf,https://www.smbbmu.edu.pk/beta/jobs
pdfs/hec-medical-sciences-clinical-sciences-disciplines-july-2013-17803125754.pdf,https://www.smbbmu.edu.pk/beta/news/downloadFile/HEC-Medical-Sciences-Clinical-Sciences-disciplines-July+2013_17803125754.pdf,https://www.smbbmu.edu.pk/beta/jobs
pdfs/teaching-regulations-2025-pm-dc-17803125755.pdf,https://www.smbbmu.edu.pk/beta/news/downloadFile/Teaching-Regulations-2025-PM-DC_17803125755.pdf,https://www.smbbmu.edu.pk/beta/jobs
pdfs/published-in-newspapers-17803125756.pdf,https://www.smbbmu.edu.pk/beta/news/downloadFile/Published-in-Newspapers_17803125756.pdf,https://www.smbbmu.edu.pk/beta/jobs
pdfs/application-form-teaching-17803125758.pdf,https://www.smbbmu.edu.pk/beta/news/downloadFile/Application-Form-Teaching_17803125758.pdf,https://www.smbbmu.edu.pk/beta/jobs
pdfs/activity-calendar-17521568610.pdf,https://www.smbbmu.edu.pk/beta/news/downloadFile/activity-calendar_17521568610.pdf,https://www.smbbmu.edu.pk/beta/qec
pdfs/1-hec-self-assessment-manual-1492068343.pdf,https://www.smbbmu.edu.pk/beta/news/downloadFile/1-HEC_Self_Assessment_Manual_1492068343.pdf,https://www.smbbmu.edu.pk/beta/qec
pdfs/2-hec-quality-assurance-manual-for-higher-education-in-pakistan-1492068343.pdf,https://www.smbbmu.edu.pk/beta/news/downloadFile/2-HEC_Quality_Assurance_Manual_for_Higher_Education_in_Pakistan_1492068343.pdf,https://www.smbbmu.edu.pk/beta/qec
pdfs/3-performance-evaluation-standards-for-heisgdg-1492068343.pdf,https://www.smbbmu.edu.pk/beta/news/downloadFile/3-Performance_Evaluation_Standards_for_HEIsGDG_1492068343.pdf,https://www.smbbmu.edu.pk/beta/qec
pdfs/4-plagiarism-policy-1492068180.pdf,https://www.smbbmu.edu.pk/beta/news/downloadFile/4-Plagiarism_Policy_1492068180.pdf,https://www.smbbmu.edu.pk/beta/qec
pdfs/5-turnitin-policy-1492068180.pdf,https://www.smbbmu.edu.pk/beta/news/downloadFile/5-Turnitin_Policy_1492068180.pdf,https://www.smbbmu.edu.pk/beta/qec
pdfs/6-standard-operating-procedure-1492068180.pdf,https://www.smbbmu.edu.pk/beta/news/downloadFile/6-Standard_Operating_Procedure_1492068180.pdf,https://www.smbbmu.edu.pk/beta/qec
pdfs/7-mphil-phd-criteria-1492068180.pdf,https://www.smbbmu.edu.pk/beta/news/downloadFile/7-MPHIL-Phd-Criteria_1492068180.pdf,https://www.smbbmu.edu.pk/beta/qec
pdfs/9-little-book-of-plagiarism-1492067968.pdf,https://www.smbbmu.edu.pk/beta/news/downloadFile/9-Little_Book_of_Plagiarism_1492067968.pdf,https://www.smbbmu.edu.pk/beta/qec
pdfs/9-little-book-of-plagiarism-1492067964.pdf,https://www.smbbmu.edu.pk/beta/news/downloadFile/9-Little_Book_of_Plagiarism_1492067964.pdf,https://www.smbbmu.edu.pk/beta/qec
pdfs/proforma-1-student-course-evaluation-questionnaire-1492070163.pdf,https://www.smbbmu.edu.pk/beta/news/downloadFile/Proforma-1-Student-Course-Evaluation-Questionnaire_1492070163.pdf,https://www.smbbmu.edu.pk/beta/qec
pdfs/proforma-2-faculty-course-review-report-1492070163.pdf,https://www.smbbmu.edu.pk/beta/news/downloadFile/Proforma-2-Faculty-Course-Review-Report_1492070163.pdf,https://www.smbbmu.edu.pk/beta/qec
pdfs/proforma-3-survey-of-graduating-students-1492070163.pdf,https://www.smbbmu.edu.pk/beta/news/downloadFile/Proforma-3-Survey-of-Graduating-Students_1492070163.pdf,https://www.smbbmu.edu.pk/beta/qec
pdfs/proforma-4-research-student-progress-review-form-1492070163.pdf,https://www.smbbmu.edu.pk/beta/news/downloadFile/Proforma-4-Research-Student-Progress-Review-Form_1492070163.pdf,https://www.smbbmu.edu.pk/beta/qec
pdfs/proforma-5-faculty-survey-1492070024.pdf,https://www.smbbmu.edu.pk/beta/news/downloadFile/Proforma-5-Faculty-Survey_1492070024.pdf,https://www.smbbmu.edu.pk/beta/qec
pdfs/proforma-6-survey-of-department-offering-phd-1492070024.pdf,https://www.smbbmu.edu.pk/beta/news/downloadFile/Proforma-6-Survey-of-Department-Offering-PhD_1492070024.pdf,https://www.smbbmu.edu.pk/beta/qec
pdfs/proforma-7-alumni-survey-1492070024.pdf,https://www.smbbmu.edu.pk/beta/news/downloadFile/Proforma-7-Alumni-Survey_1492070024.pdf,https://www.smbbmu.edu.pk/beta/qec
pdfs/proforma-8-employer-survey-1492070024.pdf,https://www.smbbmu.edu.pk/beta/news/downloadFile/Proforma-8-Employer-Survey_1492070024.pdf,https://www.smbbmu.edu.pk/beta/qec
pdfs/proforma-9-faculty-resume-1492070024.pdf,https://www.smbbmu.edu.pk/beta/news/downloadFile/Proforma-9-Faculty+Resume_1492070024.pdf,https://www.smbbmu.edu.pk/beta/qec
pdfs/proforma-10-teacher-evaluation-form-1492070024.pdf,https://www.smbbmu.edu.pk/beta/news/downloadFile/Proforma-10-Teacher-Evaluation-Form_1492070024.pdf,https://www.smbbmu.edu.pk/beta/qec
pdfs/chpe-form-17480011360.pdf,https://www.smbbmu.edu.pk/beta/news/downloadFile/CHPE-FORM_17480011360.pdf,https://www.smbbmu.edu.pk/beta/dme
pdfs/chpe-form-17307923770.pdf,https://www.smbbmu.edu.pk/beta/news/downloadFile/CHPE+Form_17307923770.pdf,https://www.smbbmu.edu.pk/beta/dme
pdfs/form-17147199670.pdf,https://www.smbbmu.edu.pk/beta/news/downloadFile/Form_17147199670.pdf,https://www.smbbmu.edu.pk/beta/dme
pdfs/form-16700505710.pdf,https://www.smbbmu.edu.pk/beta/news/downloadFile/Form_16700505710.pdf,https://www.smbbmu.edu.pk/beta/dme
pdfs/notice-of-workshops-16541080670.pdf,https://www.smbbmu.edu.pk/beta/news/downloadFile/Notice+of+Workshops_16541080670.pdf,https://www.smbbmu.edu.pk/beta/dme
pdfs/osce-template-16795973341.pdf,https://www.smbbmu.edu.pk/beta/news/downloadFile/osce-template_16795973341.pdf,https://www.smbbmu.edu.pk/beta/dme
pdfs/refund-claim-form-ok-16029354070.pdf,https://www.smbbmu.edu.pk/beta/news/downloadFile/Refund+Claim+form+ok_16029354070.pdf,https://www.smbbmu.edu.pk/beta/dme
pdfs/mbbs-learning-outcome-16795977050.pdf,https://www.smbbmu.edu.pk/beta/news/downloadFile/MBBS-learning-Outcome_16795977050.pdf,https://www.smbbmu.edu.pk/beta/dme
pdfs/workshop-registration-form-16043905590.pdf,https://www.smbbmu.edu.pk/beta/news/downloadFile/workshop+registration+form_16043905590.pdf,https://www.smbbmu.edu.pk/beta/dme
pdfs/bds-learning-outcomes-16795978090.pdf,https://www.smbbmu.edu.pk/beta/news/downloadFile/BDS-Learning-outcomes_16795978090.pdf,https://www.smbbmu.edu.pk/beta/dme
pdfs/bcq-submission-proforma-16144163370.pdf,https://www.smbbmu.edu.pk/beta/news/downloadFile/BCQ+SUBMISSION+PROFORMA_16144163370.pdf,https://www.smbbmu.edu.pk/beta/dme
pdfs/dpt-learning-outcomes-16795978820.pdf,https://www.smbbmu.edu.pk/beta/news/downloadFile/DPT-LEARNING-OUTCOMES_16795978820.pdf,https://www.smbbmu.edu.pk/beta/dme
pdfs/pharmacy-learning-outcomes-16795978821.pdf,https://www.smbbmu.edu.pk/beta/news/downloadFile/Pharmacy-Learning-outcomes_16795978821.pdf,https://www.smbbmu.edu.pk/beta/dme
pdfs/bcon-learning-outcome-bsn-bscn-postrn-16795979310.pdf,https://www.smbbmu.edu.pk/beta/news/downloadFile/BCON++Learning+Outcome-BSN-+BScN-PostRN_16795979310.pdf,https://www.smbbmu.edu.pk/beta/dme
pdfs/ospe-template-16795973340.pdf,https://www.smbbmu.edu.pk/beta/news/downloadFile/ospe-template_16795973340.pdf,https://www.smbbmu.edu.pk/beta/dme
pdfs/allotment-policy.pdf,https://www.smbbmu.edu.pk/beta/news/downloadFile/allotment-policy.pdf,https://www.smbbmu.edu.pk/beta/policies
pdfs/smbbmu-sc-policy-16841259850.pdf,https://www.smbbmu.edu.pk/beta/news/downloadFile/SMBBMU+SC+policy_16841259850.pdf,https://www.smbbmu.edu.pk/beta/policies
pdfs/smbbmul-form-for-p-15729553181.pdf,https://www.smbbmu.edu.pk/beta/news/downloadFile/SMBBMUL-Form-for-P_15729553181.pdf,https://www.smbbmu.edu.pk/beta/downloads
pdfs/challan-of-controller-postgraduate-15729553180.pdf,https://www.smbbmu.edu.pk/beta/news/downloadFile/Challan+of+Controller+Postgraduate_15729553180.pdf,https://www.smbbmu.edu.pk/beta/downloads
pdfs/log-book-medicine.pdf,https://www.smbbmu.edu.pk/beta/news/downloadFile/log-book-medicine.pdf,https://www.smbbmu.edu.pk/beta/downloads
pdfs/proforma-1-student-course-evaluation-questionnaire-1492070163.pdf,https://www.smbbmu.edu.pk/beta/news/downloadFile/Proforma-1-Student-Course-Evaluation-Questionnaire_1492070163.pdf,https://www.smbbmu.edu.pk/beta/downloads
pdfs/proforma-2-faculty-course-review-report-1492070163.pdf,https://www.smbbmu.edu.pk/beta/news/downloadFile/Proforma-2-Faculty-Course-Review-Report_1492070163.pdf,https://www.smbbmu.edu.pk/beta/downloads
pdfs/proforma-3-survey-of-graduating-students-1492070163.pdf,https://www.smbbmu.edu.pk/beta/news/downloadFile/Proforma-3-Survey-of-Graduating-Students_1492070163.pdf,https://www.smbbmu.edu.pk/beta/downloads
pdfs/proforma-4-research-student-progress-review-form-1492070163.pdf,https://www.smbbmu.edu.pk/beta/news/downloadFile/Proforma-4-Research-Student-Progress-Review-Form_1492070163.pdf,https://www.smbbmu.edu.pk/beta/downloads
pdfs/proforma-5-faculty-survey-1492070024.pdf,https://www.smbbmu.edu.pk/beta/news/downloadFile/Proforma-5-Faculty-Survey_1492070024.pdf,https://www.smbbmu.edu.pk/beta/downloads
pdfs/proforma-6-survey-of-department-offering-phd-1492070024.pdf,https://www.smbbmu.edu.pk/beta/news/downloadFile/Proforma-6-Survey-of-Department-Offering-PhD_1492070024.pdf,https://www.smbbmu.edu.pk/beta/downloads
pdfs/proforma-7-alumni-survey-1492070024.pdf,https://www.smbbmu.edu.pk/beta/news/downloadFile/Proforma-7-Alumni-Survey_1492070024.pdf,https://www.smbbmu.edu.pk/beta/downloads
pdfs/proforma-8-employer-survey-1492070024.pdf,https://www.smbbmu.edu.pk/beta/news/downloadFile/Proforma-8-Employer-Survey_1492070024.pdf,https://www.smbbmu.edu.pk/beta/downloads
pdfs/proforma-9-faculty-resume-1492070024.pdf,https://www.smbbmu.edu.pk/beta/news/downloadFile/Proforma-9-Faculty+Resume_1492070024.pdf,https://www.smbbmu.edu.pk/beta/downloads
pdfs/proforma-10-teacher-evaluation-form-1492070024.pdf,https://www.smbbmu.edu.pk/beta/news/downloadFile/Proforma-10-Teacher-Evaluation-Form_1492070024.pdf,https://www.smbbmu.edu.pk/beta/downloads
pdfs/1-hec-self-assessment-manual-1492068343.pdf,https://www.smbbmu.edu.pk/beta/news/downloadFile/1-HEC_Self_Assessment_Manual_1492068343.pdf,https://www.smbbmu.edu.pk/beta/downloads
pdfs/2-hec-quality-assurance-manual-for-higher-education-in-pakistan-1492068343.pdf,https://www.smbbmu.edu.pk/beta/news/downloadFile/2-HEC_Quality_Assurance_Manual_for_Higher_Education_in_Pakistan_1492068343.pdf,https://www.smbbmu.edu.pk/beta/downloads
pdfs/3-performance-evaluation-standards-for-heisgdg-1492068343.pdf,https://www.smbbmu.edu.pk/beta/news/downloadFile/3-Performance_Evaluation_Standards_for_HEIsGDG_1492068343.pdf,https://www.smbbmu.edu.pk/beta/downloads
pdfs/4-plagiarism-policy-1492068180.pdf,https://www.smbbmu.edu.pk/beta/news/downloadFile/4-Plagiarism_Policy_1492068180.pdf,https://www.smbbmu.edu.pk/beta/downloads
pdfs/5-turnitin-policy-1492068180.pdf,https://www.smbbmu.edu.pk/beta/news/downloadFile/5-Turnitin_Policy_1492068180.pdf,https://www.smbbmu.edu.pk/beta/downloads
pdfs/6-standard-operating-procedure-1492068180.pdf,https://www.smbbmu.edu.pk/beta/news/downloadFile/6-Standard_Operating_Procedure_1492068180.pdf,https://www.smbbmu.edu.pk/beta/downloads
pdfs/7-mphil-phd-criteria-1492068180.pdf,https://www.smbbmu.edu.pk/beta/news/downloadFile/7-MPHIL-Phd-Criteria_1492068180.pdf,https://www.smbbmu.edu.pk/beta/downloads
pdfs/9-little-book-of-plagiarism-1492067968.pdf,https://www.smbbmu.edu.pk/beta/news/downloadFile/9-Little_Book_of_Plagiarism_1492067968.pdf,https://www.smbbmu.edu.pk/beta/downloads
pdfs/9-little-book-of-plagiarism-1492067964.pdf,https://www.smbbmu.edu.pk/beta/news/downloadFile/9-Little_Book_of_Plagiarism_1492067964.pdf,https://www.smbbmu.edu.pk/beta/downloads
pdfs/annual-report-2023-24-17822370580.pdf,https://www.smbbmu.edu.pk/beta/news/downloadFile/annual-report-2023-24_17822370580.pdf,https://www.smbbmu.edu.pk/beta/annualreport
pdfs/annual-report-2024-25-17579302060.pdf,https://www.smbbmu.edu.pk/beta/news/downloadFile/annual-report-2024-25_17579302060.pdf,https://www.smbbmu.edu.pk/beta/annualreport
pdfs/annual-report-2023-17497274680.pdf,https://www.smbbmu.edu.pk/beta/news/downloadFile/annual-report-2023_17497274680.pdf,https://www.smbbmu.edu.pk/beta/annualreport
pdfs/smbbmul-form-for-p-15729553181.pdf,https://www.smbbmu.edu.pk/beta/news/downloadFile/SMBBMUL-Form-for-P_15729553181.pdf,https://www.smbbmu.edu.pk/beta/admissions/post-graduate
pdfs/challan-of-controller-postgraduate-15729553180.pdf,https://www.smbbmu.edu.pk/beta/news/downloadFile/Challan+of+Controller+Postgraduate_15729553180.pdf,https://www.smbbmu.edu.pk/beta/admissions/post-graduate
pdfs/pif-17822958851.pdf,https://www.smbbmu.edu.pk/beta/news/downloadFile/pif_17822958851.pdf,https://www.smbbmu.edu.pk/beta/campuses/bibi-aseefa-dental-college-larkana
pdfs/ciculum-mds-17822958840.pdf,https://www.smbbmu.edu.pk/beta/news/downloadFile/ciculum-mds_17822958840.pdf,https://www.smbbmu.edu.pk/beta/campuses/bibi-aseefa-dental-college-larkana
pdfs/pif-17822958851.pdf,https://www.smbbmu.edu.pk/beta/news/downloadFile/pif_17822958851.pdf,https://www.smbbmu.edu.pk/beta/campuses/benazir-college-of-nursing-larkana
pdfs/ciculum-mds-17822958840.pdf,https://www.smbbmu.edu.pk/beta/news/downloadFile/ciculum-mds_17822958840.pdf,https://www.smbbmu.edu.pk/beta/campuses/benazir-college-of-nursing-larkana
pdfs/pif-17822958851.pdf,https://www.smbbmu.edu.pk/beta/news/downloadFile/pif_17822958851.pdf,https://www.smbbmu.edu.pk/beta/campuses/department-of-pharmacy
pdfs/ciculum-mds-17822958840.pdf,https://www.smbbmu.edu.pk/beta/news/downloadFile/ciculum-mds_17822958840.pdf,https://www.smbbmu.edu.pk/beta/campuses/department-of-pharmacy
pdfs/pif-17822958851.pdf,https://www.smbbmu.edu.pk/beta/news/downloadFile/pif_17822958851.pdf,https://www.smbbmu.edu.pk/beta/campuses/institute-of-physiotherapy
pdfs/ciculum-mds-17822958840.pdf,https://www.smbbmu.edu.pk/beta/news/downloadFile/ciculum-mds_17822958840.pdf,https://www.smbbmu.edu.pk/beta/campuses/institute-of-physiotherapy
pdfs/pif-17822958851.pdf,https://www.smbbmu.edu.pk/beta/news/downloadFile/pif_17822958851.pdf,https://www.smbbmu.edu.pk/beta/campuses/college-of-medical-technology
pdfs/ciculum-mds-17822958840.pdf,https://www.smbbmu.edu.pk/beta/news/downloadFile/ciculum-mds_17822958840.pdf,https://www.smbbmu.edu.pk/beta/campuses/college-of-medical-technology
pdfs/pif-17822958851.pdf,https://www.smbbmu.edu.pk/beta/news/downloadFile/pif_17822958851.pdf,https://www.smbbmu.edu.pk/beta/campuses/sukkur-college-of-nursing
pdfs/ciculum-mds-17822958840.pdf,https://www.smbbmu.edu.pk/beta/news/downloadFile/ciculum-mds_17822958840.pdf,https://www.smbbmu.edu.pk/beta/campuses/sukkur-college-of-nursing
pdfs/camscanner-24-06-2026-16-17823163670.pdf,https://www.smbbmu.edu.pk/beta/news/downloadFile/CamScanner+24-06-2026+16_17823163670.pdf,https://www.smbbmu.edu.pk/beta/news/details/result-of-postgraduate-entry-test-for-session-july-2026-06-24-2026
pdfs/bsn-result-17823186350.pdf,https://www.smbbmu.edu.pk/beta/news/downloadFile/bsn-result_17823186350.pdf,https://www.smbbmu.edu.pk/beta/news/details/result-of-bsn-generic-year-ii-semester-iii-regular-examination-session-2023-24-06-23-2026
pdfs/smbbmul-form-for-p-15729553181.pdf,https://www.smbbmu.edu.pk/beta/news/downloadFile/SMBBMUL-Form-for-P_15729553181.pdf,https://www.smbbmu.edu.pk/beta/news/details/entry-test-forms-for-post-graduate-courses-04-26-2019
pdfs/challan-of-controller-postgraduate-15729553180.pdf,https://www.smbbmu.edu.pk/beta/news/downloadFile/Challan+of+Controller+Postgraduate_15729553180.pdf,https://www.smbbmu.edu.pk/beta/news/details/entry-test-forms-for-post-graduate-courses-04-26-2019
pdfs/camscanner-24-06-2026-16-17823163670.pdf,https://www.smbbmu.edu.pk/beta/news/downloadFile/CamScanner+24-06-2026+16_17823163670.pdf,https://www.smbbmu.edu.pk/beta/announcements/details/result-of-postgraduate-entry-test-for-session-july-2026-06-24-2026
pdfs/bsn-result-17823186350.pdf,https://www.smbbmu.edu.pk/beta/news/downloadFile/bsn-result_17823186350.pdf,https://www.smbbmu.edu.pk/beta/announcements/details/result-of-bsn-generic-year-ii-semester-iii-regular-examination-session-2023-24-06-23-2026
pdfs/phd-policy-of-smbbmu-17796503530.pdf,https://www.smbbmu.edu.pk/beta/news/downloadFile/phd-policy-of-smbbmu_17796503530.pdf,https://www.smbbmu.edu.pk/beta/announcements/details/smbbmu-phd-policy-05-22-2026
pdfs/chpe-form-new-17794278320.pdf,https://www.smbbmu.edu.pk/beta/news/downloadFile/chpe-form-new_17794278320.pdf,https://www.smbbmu.edu.pk/beta/announcements/details/admission-for-certificate-in-health-professions-education-c-hpe-session-2026-batch-09-05-21-2026
pdfs/first-year-result-17782361810.pdf,https://www.smbbmu.edu.pk/beta/news/downloadFile/first-year-result_17782361810.pdf,https://www.smbbmu.edu.pk/beta/announcements/details/result-of-first-professional-mbbs-first-year-modular-examination-session-2024-2025-of-chandka-medical-college-larkana-ghulam-muhammad-mahar-medical-college-sukkur-held-in-the-month-of-january-05-08-2026
pdfs/pif-17822958851.pdf,https://www.smbbmu.edu.pk/beta/news/downloadFile/pif_17822958851.pdf,https://www.smbbmu.edu.pk/beta/announcements/details/badc-downloads-05-01-2026
pdfs/ciculum-mds-17822958840.pdf,https://www.smbbmu.edu.pk/beta/news/downloadFile/ciculum-mds_17822958840.pdf,https://www.smbbmu.edu.pk/beta/announcements/details/badc-downloads-05-01-2026
pdfs/list-dpt-pharm-d-16143520650.pdf,https://www.smbbmu.edu.pk/beta/news/downloadFile/list_dpt_pharm_D_16143520650.pdf,https://www.smbbmu.edu.pk/beta/announcements/details/provisional-list-of-candidates-who-have-applied-for-admission-to-dptpharm-d-courses-for-session-2020-21-02-26-2021
pdfs/postrn-16122493660.pdf,https://www.smbbmu.edu.pk/beta/news/downloadFile/postrn_16122493660.pdf,https://www.smbbmu.edu.pk/beta/announcements/details/provisional-list-of-candidates-who-applied-for-admission-to-bsc-nursingpost-rn-at-smbbmu-larkana-02-02-2021
pdfs/k-shd-new-16116608360.pdf,https://www.smbbmu.edu.pk/beta/news/downloadFile/k-shd-_new_16116608360.pdf,https://www.smbbmu.edu.pk/beta/announcements/details/provisional-list-of-candidates-who-have-applied-for-admission-to-mbbs-bds-courses-on-ueap-local-basis-for-session-2020-21-at-chandka-medical-college-larkana-01-25-2021
pdfs/shp-16115954752.pdf,https://www.smbbmu.edu.pk/beta/news/downloadFile/shp_16115954752.pdf,https://www.smbbmu.edu.pk/beta/announcements/details/provisional-list-of-candidates-who-have-applied-for-admission-to-mbbs-bds-courses-on-ueap-local-basis-for-session-2020-21-at-chandka-medical-college-larkana-01-25-2021
pdfs/nfz-16115954751.pdf,https://www.smbbmu.edu.pk/beta/news/downloadFile/nfz_16115954751.pdf,https://www.smbbmu.edu.pk/beta/announcements/details/provisional-list-of-candidates-who-have-applied-for-admission-to-mbbs-bds-courses-on-ueap-local-basis-for-session-2020-21-at-chandka-medical-college-larkana-01-25-2021
pdfs/lrk-16115954750.pdf,https://www.smbbmu.edu.pk/beta/news/downloadFile/lrk_16115954750.pdf,https://www.smbbmu.edu.pk/beta/announcements/details/provisional-list-of-candidates-who-have-applied-for-admission-to-mbbs-bds-courses-on-ueap-local-basis-for-session-2020-21-at-chandka-medical-college-larkana-01-25-2021
pdfs/kshm-16115953272.pdf,https://www.smbbmu.edu.pk/beta/news/downloadFile/kshm_16115953272.pdf,https://www.smbbmu.edu.pk/beta/announcements/details/provisional-list-of-candidates-who-have-applied-for-admission-to-mbbs-bds-courses-on-ueap-local-basis-for-session-2020-21-at-chandka-medical-college-larkana-01-25-2021
pdfs/jcd-16115953271.pdf,https://www.smbbmu.edu.pk/beta/news/downloadFile/jcd_16115953271.pdf,https://www.smbbmu.edu.pk/beta/announcements/details/provisional-list-of-candidates-who-have-applied-for-admission-to-mbbs-bds-courses-on-ueap-local-basis-for-session-2020-21-at-chandka-medical-college-larkana-01-25-2021
pdfs/dadu-16115953270.pdf,https://www.smbbmu.edu.pk/beta/news/downloadFile/dadu_16115953270.pdf,https://www.smbbmu.edu.pk/beta/announcements/details/provisional-list-of-candidates-who-have-applied-for-admission-to-mbbs-bds-courses-on-ueap-local-basis-for-session-2020-21-at-chandka-medical-college-larkana-01-25-2021
pdfs/suk-16115954172.pdf,https://www.smbbmu.edu.pk/beta/news/downloadFile/suk_16115954172.pdf,https://www.smbbmu.edu.pk/beta/announcements/details/provisional-list-of-candidates-who-have-applied-for-admission-to-mbbs-bds-courses-on-ueap-local-basis-for-session-2020-21-at-ghulam-muhammad-mahar-medical-college-sukkur-01-25-2021
pdfs/khp-16115954171.pdf,https://www.smbbmu.edu.pk/beta/news/downloadFile/khp_16115954171.pdf,https://www.smbbmu.edu.pk/beta/announcements/details/provisional-list-of-candidates-who-have-applied-for-admission-to-mbbs-bds-courses-on-ueap-local-basis-for-session-2020-21-at-ghulam-muhammad-mahar-medical-college-sukkur-01-25-2021
pdfs/ghotki-16115954170.pdf,https://www.smbbmu.edu.pk/beta/news/downloadFile/ghotki_16115954170.pdf,https://www.smbbmu.edu.pk/beta/announcements/details/provisional-list-of-candidates-who-have-applied-for-admission-to-mbbs-bds-courses-on-ueap-local-basis-for-session-2020-21-at-ghulam-muhammad-mahar-medical-college-sukkur-01-25-2021
pdfs/shp-16110667496.pdf,https://www.smbbmu.edu.pk/beta/news/downloadFile/shp_16110667496.pdf,https://www.smbbmu.edu.pk/beta/announcements/details/provisional-list-of-candidates-who-have-applied-for-admission-to-mbbs-bds-courses-for-session-2020-21-at-chandka-medical-college-larkana-as-on-18-01-2021-01-19-2021
pdfs/nfz-16110667495.pdf,https://www.smbbmu.edu.pk/beta/news/downloadFile/nfz_16110667495.pdf,https://www.smbbmu.edu.pk/beta/announcements/details/provisional-list-of-candidates-who-have-applied-for-admission-to-mbbs-bds-courses-for-session-2020-21-at-chandka-medical-college-larkana-as-on-18-01-2021-01-19-2021
pdfs/lrk-16110667494.pdf,https://www.smbbmu.edu.pk/beta/news/downloadFile/lrk_16110667494.pdf,https://www.smbbmu.edu.pk/beta/announcements/details/provisional-list-of-candidates-who-have-applied-for-admission-to-mbbs-bds-courses-for-session-2020-21-at-chandka-medical-college-larkana-as-on-18-01-2021-01-19-2021
pdfs/k-shd-16110667493.pdf,https://www.smbbmu.edu.pk/beta/news/downloadFile/k-shd_16110667493.pdf,https://www.smbbmu.edu.pk/beta/announcements/details/provisional-list-of-candidates-who-have-applied-for-admission-to-mbbs-bds-courses-for-session-2020-21-at-chandka-medical-college-larkana-as-on-18-01-2021-01-19-2021
pdfs/kshm-16110667492.pdf,https://www.smbbmu.edu.pk/beta/news/downloadFile/kshm_16110667492.pdf,https://www.smbbmu.edu.pk/beta/announcements/details/provisional-list-of-candidates-who-have-applied-for-admission-to-mbbs-bds-courses-for-session-2020-21-at-chandka-medical-college-larkana-as-on-18-01-2021-01-19-2021
pdfs/jcd-16110667491.pdf,https://www.smbbmu.edu.pk/beta/news/downloadFile/jcd_16110667491.pdf,https://www.smbbmu.edu.pk/beta/announcements/details/provisional-list-of-candidates-who-have-applied-for-admission-to-mbbs-bds-courses-for-session-2020-21-at-chandka-medical-college-larkana-as-on-18-01-2021-01-19-2021
pdfs/dadu-16110667490.pdf,https://www.smbbmu.edu.pk/beta/news/downloadFile/dadu_16110667490.pdf,https://www.smbbmu.edu.pk/beta/announcements/details/provisional-list-of-candidates-who-have-applied-for-admission-to-mbbs-bds-courses-for-session-2020-21-at-chandka-medical-college-larkana-as-on-18-01-2021-01-19-2021
pdfs/gmmmc-khp-16110675770.pdf,https://www.smbbmu.edu.pk/beta/news/downloadFile/GMMMC+KHP_16110675770.pdf,https://www.smbbmu.edu.pk/beta/announcements/details/provisional-list-of-candidates-who-have-applied-for-admission-to-mbbs-bds-courses-for-session-2020-21-at-ghulam-muhammad-mahar-medical-college-sukkur-as-on-18-01-2021-01-19-2021
pdfs/gmmmc-suk-16110669822.pdf,https://www.smbbmu.edu.pk/beta/news/downloadFile/GMMMC+SUK_16110669822.pdf,https://www.smbbmu.edu.pk/beta/announcements/details/provisional-list-of-candidates-who-have-applied-for-admission-to-mbbs-bds-courses-for-session-2020-21-at-ghulam-muhammad-mahar-medical-college-sukkur-as-on-18-01-2021-01-19-2021
pdfs/gmmmc-ghotki-16110669820.pdf,https://www.smbbmu.edu.pk/beta/news/downloadFile/GMMMC+GHOTKI_16110669820.pdf,https://www.smbbmu.edu.pk/beta/announcements/details/provisional-list-of-candidates-who-have-applied-for-admission-to-mbbs-bds-courses-for-session-2020-21-at-ghulam-muhammad-mahar-medical-college-sukkur-as-on-18-01-2021-01-19-2021
pdfs/disable-quota-16110671060.pdf,https://www.smbbmu.edu.pk/beta/news/downloadFile/DISABLE+QUOTA_16110671060.pdf,https://www.smbbmu.edu.pk/beta/announcements/details/candidate-selected-on-reserved-seat-for-disabled-candidate-for-session-2020-21-01-19-2021
pdfs/reciprocal-lrk-16110673600.pdf,https://www.smbbmu.edu.pk/beta/news/downloadFile/reciprocal-lrk_16110673600.pdf,https://www.smbbmu.edu.pk/beta/announcements/details/list-of-candidates-selected-on-reserved-seats-of-duhs-karachijsmu-karachi-and-fjmu-lahore-for-session-2021-at-smbbmu-cmc-center-01-19-2021
pdfs/sukgmmcduhsjsmu-16111356710.pdf,https://www.smbbmu.edu.pk/beta/news/downloadFile/SUKGMMCDUHSJSMU_16111356710.pdf,https://www.smbbmu.edu.pk/beta/announcements/details/list-of-candidates-selected-on-reserved-seats-of-duhs-karachijsmu-karachi-and-fjmu-lahore-for-session-2021-at-smbbmu-gmmmc-center-01-19-2021
pdfs/application-form-for-ueap-local-cmc-b-49-2020-2021-16108024400.pdf,https://www.smbbmu.edu.pk/beta/news/downloadFile/application+form+for+ueap+local+cmc++b+49+2020+2021_16108024400.pdf,https://www.smbbmu.edu.pk/beta/announcements/details/advertisement-for-admission-into-1st-year-mbbsbds-on-ueap-local-basis-for-session-2020-21-01-16-2021
pdfs/nfz-16107123230.pdf,https://www.smbbmu.edu.pk/beta/news/downloadFile/nfz_16107123230.pdf,https://www.smbbmu.edu.pk/beta/announcements/details/provisional-list-of-candidates-who-have-applied-for-admission-into-1st-year-mbbs-bds-courses-for-session-2020-2021-at-chandka-medical-college-larkana-01-14-2021
pdfs/jcd-16107122540.pdf,https://www.smbbmu.edu.pk/beta/news/downloadFile/jcd_16107122540.pdf,https://www.smbbmu.edu.pk/beta/announcements/details/provisional-list-of-candidates-who-have-applied-for-admission-into-1st-year-mbbs-bds-courses-for-session-2020-2021-at-chandka-medical-college-larkana-01-14-2021
pdfs/lrk-16107121290.pdf,https://www.smbbmu.edu.pk/beta/news/downloadFile/lrk_16107121290.pdf,https://www.smbbmu.edu.pk/beta/announcements/details/provisional-list-of-candidates-who-have-applied-for-admission-into-1st-year-mbbs-bds-courses-for-session-2020-2021-at-chandka-medical-college-larkana-01-14-2021
pdfs/shp-16106278852.pdf,https://www.smbbmu.edu.pk/beta/news/downloadFile/SHP_16106278852.pdf,https://www.smbbmu.edu.pk/beta/announcements/details/provisional-list-of-candidates-who-have-applied-for-admission-into-1st-year-mbbs-bds-courses-for-session-2020-2021-at-chandka-medical-college-larkana-01-14-2021
pdfs/k-shd-16106273912.pdf,https://www.smbbmu.edu.pk/beta/news/downloadFile/K-SHD_16106273912.pdf,https://www.smbbmu.edu.pk/beta/announcements/details/provisional-list-of-candidates-who-have-applied-for-admission-into-1st-year-mbbs-bds-courses-for-session-2020-2021-at-chandka-medical-college-larkana-01-14-2021
pdfs/kshm-16106273911.pdf,https://www.smbbmu.edu.pk/beta/news/downloadFile/KSHM_16106273911.pdf,https://www.smbbmu.edu.pk/beta/announcements/details/provisional-list-of-candidates-who-have-applied-for-admission-into-1st-year-mbbs-bds-courses-for-session-2020-2021-at-chandka-medical-college-larkana-01-14-2021
pdfs/dadu-16106272560.pdf,https://www.smbbmu.edu.pk/beta/news/downloadFile/DADU_16106272560.pdf,https://www.smbbmu.edu.pk/beta/announcements/details/provisional-list-of-candidates-who-have-applied-for-admission-into-1st-year-mbbs-bds-courses-for-session-2020-2021-at-chandka-medical-college-larkana-01-14-2021
pdfs/khp-16107790671.pdf,https://www.smbbmu.edu.pk/beta/news/downloadFile/KHP_16107790671.pdf,https://www.smbbmu.edu.pk/beta/announcements/details/provisional-list-of-candidates-who-have-applied-for-admission-into-1st-year-mbbs-bds-courses-for-session-2020-2021-at-ghulam-muhammad-mahar-medical-college-sukkur-01-14-2021
pdfs/sukur-16107790670.pdf,https://www.smbbmu.edu.pk/beta/news/downloadFile/SUKUR_16107790670.pdf,https://www.smbbmu.edu.pk/beta/announcements/details/provisional-list-of-candidates-who-have-applied-for-admission-into-1st-year-mbbs-bds-courses-for-session-2020-2021-at-ghulam-muhammad-mahar-medical-college-sukkur-01-14-2021
pdfs/ghotki-16106269292.pdf,https://www.smbbmu.edu.pk/beta/news/downloadFile/GHOTKI_16106269292.pdf,https://www.smbbmu.edu.pk/beta/announcements/details/provisional-list-of-candidates-who-have-applied-for-admission-into-1st-year-mbbs-bds-courses-for-session-2020-2021-at-ghulam-muhammad-mahar-medical-college-sukkur-01-14-2021
pdfs/list-of-rejected-files-16106281770.pdf,https://www.smbbmu.edu.pk/beta/news/downloadFile/LIST+OF++REJECTED+FILES++-+_16106281770.pdf,https://www.smbbmu.edu.pk/beta/announcements/details/list-of-rejected-not-eligible-candidates-who-have-applied-for-admission-into-mbbsbds-course-session-2020-21-smbbmu-larkana-01-14-2021
pdfs/untouch-bsn-rejected-04-year-16101801481.pdf,https://www.smbbmu.edu.pk/beta/news/downloadFile/UNTOUCH+BSN+REJECTED++04+year-_16101801481.pdf,https://www.smbbmu.edu.pk/beta/announcements/details/provisional-list-of-candidates-who-applied-for-admission-to-bsc-nursinggeneric-at-smbbmu-larkana-01-09-2021
pdfs/untouch-bsn-generic-4-year-2020-21-16101801480.pdf,https://www.smbbmu.edu.pk/beta/news/downloadFile/UNTOUCH+BSN+GENERIC+4+YEAR+2020-21+-+_16101801480.pdf,https://www.smbbmu.edu.pk/beta/announcements/details/provisional-list-of-candidates-who-applied-for-admission-to-bsc-nursinggeneric-at-smbbmu-larkana-01-09-2021
pdfs/bsn-post-rn-16101933460.pdf,https://www.smbbmu.edu.pk/beta/news/downloadFile/bsn-post-rn_16101933460.pdf,https://www.smbbmu.edu.pk/beta/announcements/details/provisional-list-of-candidates-who-applied-for-admission-to-bsc-nursingpost-rn-at-smbbmu-larkana-01-09-2021
pdfs/smbbmul-form-for-p-15729553181.pdf,https://www.smbbmu.edu.pk/beta/news/downloadFile/SMBBMUL-Form-for-P_15729553181.pdf,https://www.smbbmu.edu.pk/beta/announcements/details/admissions-for-postgraduate-courses-for-the-session-january-2021-11-02-2020
pdfs/challan-of-controller-postgraduate-15729553180.pdf,https://www.smbbmu.edu.pk/beta/news/downloadFile/Challan+of+Controller+Postgraduate_15729553180.pdf,https://www.smbbmu.edu.pk/beta/announcements/details/admissions-for-postgraduate-courses-for-the-session-january-2021-11-02-2020
pdfs/smbbmul-form-for-p-15729553181.pdf,https://www.smbbmu.edu.pk/beta/news/downloadFile/SMBBMUL-Form-for-P_15729553181.pdf,https://www.smbbmu.edu.pk/beta/announcements/details/admissions-for-postgraduate-courses-for-the-session-july-2020-07-06-2020
pdfs/challan-of-controller-postgraduate-15729553180.pdf,https://www.smbbmu.edu.pk/beta/news/downloadFile/Challan+of+Controller+Postgraduate_15729553180.pdf,https://www.smbbmu.edu.pk/beta/announcements/details/admissions-for-postgraduate-courses-for-the-session-july-2020-07-06-2020
pdfs/whatsapp-image-2026-03-04-at-11-17726079350.pdf,https://www.smbbmu.edu.pk/beta/news/downloadFile/WhatsApp+Image+2026-03-04+at+11_17726079350.pdf,https://www.smbbmu.edu.pk/beta/announcements/details/result-of-final-professional-mbbs-final-year-annual-examination-session-2020-2021-of-chandka-medical-college-larkana-ghulam-muhammad-mahar-medical-college-sukkur-and-gambat-medical-college-gambat-held-in-the-month-of-december-2025-03-04-2026
pdfs/result-md-ms-part-i-examinations-17521356300.pdf,https://www.smbbmu.edu.pk/beta/news/downloadFile/result-md-ms-part-i-examinations_17521356300.pdf,https://www.smbbmu.edu.pk/beta/announcements/details/result-of-diploma-entry-test-and-mdms-part-i-examinations-session-july-2025-07-10-2025
pdfs/final-year-mbbs-2025-17438550620.pdf,https://www.smbbmu.edu.pk/beta/news/downloadFile/final-year-mbbs-2025_17438550620.pdf,https://www.smbbmu.edu.pk/beta/announcements/details/result-of-final-professional-mbbs-final-year-annual-examination-session-2019-2020-04-05-2025
pdfs/academic-calendar-pharm-d-17423257762.pdf,https://www.smbbmu.edu.pk/beta/news/downloadFile/academic-calendar-pharm-d_17423257762.pdf,https://www.smbbmu.edu.pk/beta/announcements/details/academic-calendar-2025-03-19-2025
pdfs/academic-calendar-dpt-17423257761.pdf,https://www.smbbmu.edu.pk/beta/news/downloadFile/academic-calendar-dpt_17423257761.pdf,https://www.smbbmu.edu.pk/beta/announcements/details/academic-calendar-2025-03-19-2025
pdfs/academic-calendar-mbbs-17423257760.pdf,https://www.smbbmu.edu.pk/beta/news/downloadFile/academic-calendar-mbbs_17423257760.pdf,https://www.smbbmu.edu.pk/beta/announcements/details/academic-calendar-2025-03-19-2025
pdfs/time-table-septmber-2024-17423255570.pdf,https://www.smbbmu.edu.pk/beta/news/downloadFile/time-table-septmber-2024_17423255570.pdf,https://www.smbbmu.edu.pk/beta/announcements/details/time-table-for-postgraduate-theory-examination-september-2024-03-18-2025
pdfs/result-md-ms-ph-17338283440.pdf,"https://www.smbbmu.edu.pk/beta/news/downloadFile/result+MD,MS,+PH_17338283440.pdf",https://www.smbbmu.edu.pk/beta/announcements/details/result-of-part-imdms-entry-testphdmphilmsphmsn-and-induction-of-training-merit-test-fcps-ii-session-january-2025-12-10-2024
pdfs/result-fcps-2-17183805540.pdf,https://www.smbbmu.edu.pk/beta/news/downloadFile/result-fcps-2_17183805540.pdf,https://www.smbbmu.edu.pk/beta/announcements/details/result-of-entry-test-fcps-ii-july-2024-06-14-2024
pdfs/result-b-51-17131955160.pdf,https://www.smbbmu.edu.pk/beta/news/downloadFile/result-b-51_17131955160.pdf,https://www.smbbmu.edu.pk/beta/announcements/details/result-of-second-professional-mbbs-second-year-annual-examination-session-2021-2022-of-chandka-medical-college-larkana-and-ghulam-muhammad-mahar-medical-college-sukkur-held-in-the-month-of-december-2023-04-15-2024
pdfs/final-year-result-17126441860.pdf,https://www.smbbmu.edu.pk/beta/news/downloadFile/final-year-result_17126441860.pdf,https://www.smbbmu.edu.pk/beta/announcements/details/result-of-final-professional-mbbs-final-year-annual-examination-session-2018-2019-of-chandka-medical-college-larkana-and-g-h-u-l-a-r-muhammad-mahar-medical-college-sukkur-hold-in-the-month-of-january-2024-04-08-2024
pdfs/sbds-of-examination-department-17670406620.pdf,https://www.smbbmu.edu.pk/beta/news/downloadFile/SBDs+of+Examination+Department_17670406620.pdf,https://www.smbbmu.edu.pk/beta/announcements/details/notice-inviting-tender-provie-suppy-printing-material-office-stationary-it-equipment-for-examinations-department-smbb-medical-university-larkana-12-29-2025
pdfs/doc-20251222-wa0009-17666089340.pdf,https://www.smbbmu.edu.pk/beta/news/downloadFile/DOC-20251222-WA0009_17666089340.pdf,https://www.smbbmu.edu.pk/beta/announcements/details/provide-supply-of-furniture-fixture-for-centraldigital-library-under-the-project-title-establishment-of-centre-for-advanced-research-in-molecular-genetic-allied-facilitates-at-shaheed-mohtarma-benazir-bhutto-medical-university-larkana-12-22-2025
pdfs/sbds-nit-17629319580.pdf,https://www.smbbmu.edu.pk/beta/news/downloadFile/SBDs+&+NIT_17629319580.pdf,https://www.smbbmu.edu.pk/beta/announcements/details/notice-inviting-tender-for-provide-supply-office-stationary-petty-articles-other-miscellanous-items-for-smbb-medical-university-larkana-11-11-2025
pdfs/sbds-nit-17627722060.pdf,https://www.smbbmu.edu.pk/beta/news/downloadFile/SBDs+&+NIT_17627722060.pdf,https://www.smbbmu.edu.pk/beta/announcements/details/notice-inviting-tender-provide-supply-of-fixture-furniture-for-centraldigital-library-under-the-project-title-establishment-of-center-for-advance-research-in-molecular-genetic-allied-facilities-at-smbb-medical-unviersity-larkana-11-05-2025
pdfs/sbds-of-opg-x-ray-machine-17592533801.pdf,https://www.smbbmu.edu.pk/beta/news/downloadFile/SBDs+of+OPG+X-Ray+Machine_17592533801.pdf,https://www.smbbmu.edu.pk/beta/announcements/details/notice-inviting-tender-for-supply-installation-of-opg-cbct-digital-x-ray-machine-for-smbb-medical-university-larkana-09-30-2025
pdfs/nit-1-17592533800.pdf,https://www.smbbmu.edu.pk/beta/news/downloadFile/NIT-1_17592533800.pdf,https://www.smbbmu.edu.pk/beta/announcements/details/notice-inviting-tender-for-supply-installation-of-opg-cbct-digital-x-ray-machine-for-smbb-medical-university-larkana-09-30-2025
pdfs/tender-document-technical-17496268250.pdf,https://www.smbbmu.edu.pk/beta/news/downloadFile/Tender+Document+Technical_17496268250.pdf,https://www.smbbmu.edu.pk/beta/announcements/details/notice-inviting-tender-for-development-implementation-of-customized-modules-for-erp-system-06-05-2025
pdfs/nit-erp-17496265270.pdf,https://www.smbbmu.edu.pk/beta/news/downloadFile/NIT-erp_17496265270.pdf,https://www.smbbmu.edu.pk/beta/announcements/details/notice-inviting-tender-for-development-implementation-of-customized-modules-for-erp-system-06-05-2025
pdfs/central-library-arija-books-17483417920.pdf,https://www.smbbmu.edu.pk/beta/news/downloadFile/central-library-arija-books_17483417920.pdf,https://www.smbbmu.edu.pk/beta/announcements/details/quotation-for-supply-of-medical-books-for-the-fy-2024-25-05-21-2025
pdfs/list-of-books-badc-17479836820.pdf,https://www.smbbmu.edu.pk/beta/news/downloadFile/list-of-books-badc_17479836820.pdf,https://www.smbbmu.edu.pk/beta/announcements/details/quotation-for-supply-of-medical-books-for-the-fy-2024-25-05-21-2025
pdfs/institute-of-phsiothrapy-quot-aug-2023-013106-17478967034.pdf,https://www.smbbmu.edu.pk/beta/news/downloadFile/Institute+of+phsiothrapy+Quot+aug+2023_013106_17478967034.pdf,https://www.smbbmu.edu.pk/beta/announcements/details/quotation-for-supply-of-medical-books-for-the-fy-2024-25-05-21-2025
pdfs/list-of-books-for-central-library-17478967032.pdf,https://www.smbbmu.edu.pk/beta/news/downloadFile/List+of+Books+for+Central+Library+_17478967032.pdf,https://www.smbbmu.edu.pk/beta/announcements/details/quotation-for-supply-of-medical-books-for-the-fy-2024-25-05-21-2025
pdfs/list-of-books-from-gmmmc-sukkur-17478967031.pdf,https://www.smbbmu.edu.pk/beta/news/downloadFile/List+of+Books+from+GMMMC+Sukkur_17478967031.pdf,https://www.smbbmu.edu.pk/beta/announcements/details/quotation-for-supply-of-medical-books-for-the-fy-2024-25-05-21-2025
pdfs/chandaka-medical-colleg-books-req-17478967030.pdf,https://www.smbbmu.edu.pk/beta/news/downloadFile/Chandaka+Medical+Colleg+books+req_17478967030.pdf,https://www.smbbmu.edu.pk/beta/announcements/details/quotation-for-supply-of-medical-books-for-the-fy-2024-25-05-21-2025
pdfs/sbds-nit-17460093690.pdf,https://www.smbbmu.edu.pk/beta/news/downloadFile/SBDs+&+NIT_17460093690.pdf,https://www.smbbmu.edu.pk/beta/announcements/details/notice-inviting-tender-for-provide-supply-of-air-conditioners-for-smbb-medical-university-larkana-04-30-2025
pdfs/final-tender-document-exam-17418025241.pdf,https://www.smbbmu.edu.pk/beta/news/downloadFile/Final+Tender+Document+Exam_17418025241.pdf,https://www.smbbmu.edu.pk/beta/announcements/details/notice-inviting-tender-for-provide-supply-of-office-stationary-for-examination-department-smbb-medical-university-larkana-03-03-2025
pdfs/tender-document-exam-17338293031.pdf,https://www.smbbmu.edu.pk/beta/news/downloadFile/Tender+Document+Exam_17338293031.pdf,https://www.smbbmu.edu.pk/beta/announcements/details/notice-inviting-tender-to-provide-supply-of-printing-material-office-stationary-items-and-it-equipmentsmachinery-for-examinations-department-smbb-medical-university-larkana-12-09-2024
pdfs/nit-newpapers-17338293030.pdf,https://www.smbbmu.edu.pk/beta/news/downloadFile/NIT+Newpapers_17338293030.pdf,https://www.smbbmu.edu.pk/beta/announcements/details/notice-inviting-tender-to-provide-supply-of-printing-material-office-stationary-items-and-it-equipmentsmachinery-for-examinations-department-smbb-medical-university-larkana-12-09-2024
pdfs/bidding-docs-digital-library-17288941101.pdf,https://www.smbbmu.edu.pk/beta/news/downloadFile/bidding-docs-digital-library_17288941101.pdf,https://www.smbbmu.edu.pk/beta/announcements/details/notice-inviting-tender-for-construction-of-external-development-work-of-centraldigital-library-central-masjid-of-establishment-of-centre-for-advanced-research-in-molecular-genetic-and-allied-facilities-at-smbb-medical-university-larkana-10-14-2024
pdfs/nit-digital-library-17288941100.pdf,https://www.smbbmu.edu.pk/beta/news/downloadFile/nit-digital-library_17288941100.pdf,https://www.smbbmu.edu.pk/beta/announcements/details/notice-inviting-tender-for-construction-of-external-development-work-of-centraldigital-library-central-masjid-of-establishment-of-centre-for-advanced-research-in-molecular-genetic-and-allied-facilities-at-smbb-medical-university-larkana-10-14-2024
pdfs/nit-17289767010.pdf,https://www.smbbmu.edu.pk/beta/news/downloadFile/NIT_17289767010.pdf,https://www.smbbmu.edu.pk/beta/announcements/details/notice-inviting-tender-for-provide-supply-of-air-conditioners-other-miscellaneous-items-for-smbb-medical-university-larkana-10-14-2024
pdfs/tender-documents-electric-17289702000.pdf,https://www.smbbmu.edu.pk/beta/news/downloadFile/tender-documents-electric_17289702000.pdf,https://www.smbbmu.edu.pk/beta/announcements/details/notice-inviting-tender-for-provide-supply-of-air-conditioners-other-miscellaneous-items-for-smbb-medical-university-larkana-10-14-2024
pdfs/corrigendum-1-17059463750.pdf,https://www.smbbmu.edu.pk/beta/news/downloadFile/Corrigendum-1_17059463750.pdf,https://www.smbbmu.edu.pk/beta/announcements/details/notice-inviting-tender-for-provide-supply-of-petty-articles-office-stationery-other-misc-items-for-smbb-medical-university-larkana-01-22-2024
pdfs/1295130-tender-documents-17059462261.pdf,https://www.smbbmu.edu.pk/beta/news/downloadFile/1295130-Tender+Documents_17059462261.pdf,https://www.smbbmu.edu.pk/beta/announcements/details/notice-inviting-tender-for-provide-supply-of-petty-articles-office-stationery-other-misc-items-for-smbb-medical-university-larkana-01-22-2024
pdfs/1295141-nit-17059462260.pdf,https://www.smbbmu.edu.pk/beta/news/downloadFile/1295141-NIT_17059462260.pdf,https://www.smbbmu.edu.pk/beta/announcements/details/notice-inviting-tender-for-provide-supply-of-petty-articles-office-stationery-other-misc-items-for-smbb-medical-university-larkana-01-22-2024
pdfs/catagory-b-tender-documents-mess-1-17043942531.pdf,https://www.smbbmu.edu.pk/beta/news/downloadFile/Catagory+B+Tender+Documents+Mess+-1_17043942531.pdf,https://www.smbbmu.edu.pk/beta/announcements/details/notice-for-expression-of-interest-for-cafeteria-mess-services-on-rental-basis-01-04-2024
pdfs/catagory-b-tender-documents-mess-1-17043942530.pdf,https://www.smbbmu.edu.pk/beta/news/downloadFile/Catagory+B+Tender+Documents+Mess+-1_17043942530.pdf,https://www.smbbmu.edu.pk/beta/announcements/details/notice-for-expression-of-interest-for-cafeteria-mess-services-on-rental-basis-01-04-2024
pdfs/nit-hostel-01-04-17006536930.pdf,https://www.smbbmu.edu.pk/beta/news/downloadFile/NIT+Hostel+01&04_17006536930.pdf,https://www.smbbmu.edu.pk/beta/announcements/details/notice-inviting-tender-for-repair-renovation-work-of-girls-hostel-no-01-and-hostel-no04-cmc-of-smbb-medical-university-larkana-11-22-2023
pdfs/notification-procurement-committee-17006536540.pdf,https://www.smbbmu.edu.pk/beta/news/downloadFile/Notification+Procurement+Committee_17006536540.pdf,https://www.smbbmu.edu.pk/beta/announcements/details/notice-inviting-tender-for-repair-renovation-work-of-girls-hostel-no-01-and-hostel-no04-cmc-of-smbb-medical-university-larkana-11-22-2023
pdfs/bidding-document-hostel-no-17006535780.pdf,https://www.smbbmu.edu.pk/beta/news/downloadFile/Bidding+Document+hostel++NO_17006535780.pdf,https://www.smbbmu.edu.pk/beta/announcements/details/notice-inviting-tender-for-repair-renovation-work-of-girls-hostel-no-01-and-hostel-no04-cmc-of-smbb-medical-university-larkana-11-22-2023
pdfs/bidding-document-for-hostel-no-17006534590.pdf,https://www.smbbmu.edu.pk/beta/news/downloadFile/Bidding+Document+for+Hostel+No_17006534590.pdf,https://www.smbbmu.edu.pk/beta/announcements/details/notice-inviting-tender-for-repair-renovation-work-of-girls-hostel-no-01-and-hostel-no04-cmc-of-smbb-medical-university-larkana-11-22-2023
pdfs/convocation-2023-technical-financial-sbds-2-17012387460.pdf,https://www.smbbmu.edu.pk/beta/news/downloadFile/Convocation+2023+Technical+&+Financial+SBDs+2_17012387460.pdf,https://www.smbbmu.edu.pk/beta/announcements/details/notice-inviting-tender-for-services-for-convocation-11-21-2023
pdfs/app-2023-16999467163.pdf,https://www.smbbmu.edu.pk/beta/news/downloadFile/APP+2023_16999467163.pdf,https://www.smbbmu.edu.pk/beta/announcements/details/notice-inviting-tender-for-repair-maintenance-work-water-proofingroof-treatment-at-bibi-aseefa-dental-college-of-smbb-medical-university-larkana-11-13-2023
pdfs/complaint-redressal-committee-16999467162.pdf,https://www.smbbmu.edu.pk/beta/news/downloadFile/Complaint+Redressal+Committee+_16999467162.pdf,https://www.smbbmu.edu.pk/beta/announcements/details/notice-inviting-tender-for-repair-maintenance-work-water-proofingroof-treatment-at-bibi-aseefa-dental-college-of-smbb-medical-university-larkana-11-13-2023
pdfs/bidding-document-for-badc-16999467151.pdf,https://www.smbbmu.edu.pk/beta/news/downloadFile/Bidding+Document+for+BADC_16999467151.pdf,https://www.smbbmu.edu.pk/beta/announcements/details/notice-inviting-tender-for-repair-maintenance-work-water-proofingroof-treatment-at-bibi-aseefa-dental-college-of-smbb-medical-university-larkana-11-13-2023
pdfs/nit-badc-16999467150.pdf,https://www.smbbmu.edu.pk/beta/news/downloadFile/NIT+BADC_16999467150.pdf,https://www.smbbmu.edu.pk/beta/announcements/details/notice-inviting-tender-for-repair-maintenance-work-water-proofingroof-treatment-at-bibi-aseefa-dental-college-of-smbb-medical-university-larkana-11-13-2023
pdfs/camscanner-10-20-2023-15-16998634590.pdf,https://www.smbbmu.edu.pk/beta/news/downloadFile/CamScanner+10-20-2023+15_16998634590.pdf,https://www.smbbmu.edu.pk/beta/announcements/details/notice-inviting-tender-for-repair-renovation-work-of-vice-chancellor-secretariatcamp-office-at-smbb-medical-university-larkano-11-06-2023
pdfs/1245561-tender-document-16971245890.pdf,https://www.smbbmu.edu.pk/beta/news/downloadFile/1245561-Tender+Document_16971245890.pdf,https://www.smbbmu.edu.pk/beta/announcements/details/notice-inviting-tender-for-provide-supply-of-printing-material-stationary-items-it-equipment-for-examinations-department-smbb-medical-university-larkana-10-10-2023
pdfs/1245564-nit-16971243520.pdf,https://www.smbbmu.edu.pk/beta/news/downloadFile/1245564-NIT_16971243520.pdf,https://www.smbbmu.edu.pk/beta/announcements/details/notice-inviting-tender-for-provide-supply-of-printing-material-stationary-items-it-equipment-for-examinations-department-smbb-medical-university-larkana-10-10-2023
pdfs/bidding-document-for-strom-drainage-053525-16958346141.pdf,https://www.smbbmu.edu.pk/beta/news/downloadFile/Bidding+Document+for+Strom+Drainage+-_053525_16958346141.pdf,https://www.smbbmu.edu.pk/beta/announcements/details/notice-inviting-tender-for-construction-of-open-storm-drain-including-pumping-station-with-pumping-room-drain-from-cmc-campus-to-rice-canal-at-chandka-medical-college-of-shaheed-mohtarma-benazir-bhutto-medical-university-larkana-09-25-2023
pdfs/bidding-documents-principal-cmc-paint-work-academic-block-053642-16958339061.pdf,https://www.smbbmu.edu.pk/beta/news/downloadFile/Bidding+Documents+Principal+CMC+&+Paint+Work+Academic+Block+-_053642_16958339061.pdf,https://www.smbbmu.edu.pk/beta/announcements/details/notice-inviting-tender-for-mr-work-office-of-the-principal-cmc-and-paint-work-in-academic-block-cmc-09-15-2023
pdfs/nit-053739-16958339060.pdf,https://www.smbbmu.edu.pk/beta/news/downloadFile/NIT_053739_16958339060.pdf,https://www.smbbmu.edu.pk/beta/announcements/details/notice-inviting-tender-for-mr-work-office-of-the-principal-cmc-and-paint-work-in-academic-block-cmc-09-15-2023
pdfs/eligiblity-msph-17304838310.pdf,https://www.smbbmu.edu.pk/beta/news/downloadFile/eligiblity+MSPH_17304838310.pdf,https://www.smbbmu.edu.pk/beta/news/details/admissions-for-postgraduate-courses-for-session-january-2025-10-31-2024
pdfs/master-in-nursing-msn-17304428440.pdf,https://www.smbbmu.edu.pk/beta/news/downloadFile/Master+in+Nursing+MSN_17304428440.pdf,https://www.smbbmu.edu.pk/beta/news/details/admissions-for-postgraduate-courses-for-session-january-2025-10-31-2024
pdfs/new-doc-01-10-2023-12-16733688260.pdf,https://www.smbbmu.edu.pk/beta/news/downloadFile/New+Doc+01-10-2023+12_16733688260.pdf,https://www.smbbmu.edu.pk/beta/news/details/postgraduate-interview-schedule-for-the-session-january-2023-at-smbb-medical-university-larkana-01-10-2023
pdfs/new-doc-01-10-2023-12-16733665070.pdf,https://www.smbbmu.edu.pk/beta/news/downloadFile/New+Doc+01-10-2023+12_16733665070.pdf,https://www.smbbmu.edu.pk/beta/news/details/postgraduate-interview-schedule-for-the-session-january-2023-at-smbb-medical-university-larkana-01-10-2023
pdfs/results-16589238370.pdf,https://www.smbbmu.edu.pk/beta/news/downloadFile/Results_16589238370.pdf,https://www.smbbmu.edu.pk/beta/news/details/announcement-if-result-of-post-graduate-entry-test-june-2022-session-july-2022-at-smbb-medical-university-larkana-07-27-2022
pdfs/notification-16563458660.pdf,https://www.smbbmu.edu.pk/beta/news/downloadFile/Notification_16563458660.pdf,https://www.smbbmu.edu.pk/beta/news/details/postponed-of-postgraduate-entry-test-for-the-july-2022-session-smbb-medical-university-larkana-06-27-2022
pdfs/advertisement-16539191510.pdf,https://www.smbbmu.edu.pk/beta/news/downloadFile/Advertisement_16539191510.pdf,https://www.smbbmu.edu.pk/beta/news/details/admissions-of-postgraduate-courses-for-the-session-of-july-2022-at-smbb-medical-university-larkana-05-30-2022
pdfs/strategic-plan-smbbmu-17736399250.pdf,https://www.smbbmu.edu.pk/beta/news/downloadFile/strategic-plan-smbbmu_17736399250.pdf,https://www.smbbmu.edu.pk/beta/announcements/details/strategic-plan-of-smbbmu-03-16-2026
pdfs/amendment-act-2018-17718304651.pdf,https://www.smbbmu.edu.pk/beta/news/downloadFile/amendment-act-2018_17718304651.pdf,https://www.smbbmu.edu.pk/beta/announcements/details/smbbmu-act-02-23-2026
pdfs/sindh-act-2008-17718304650.pdf,https://www.smbbmu.edu.pk/beta/news/downloadFile/sindh-act-2008_17718304650.pdf,https://www.smbbmu.edu.pk/beta/announcements/details/smbbmu-act-02-23-2026
pdfs/allotment-form-17682000391.pdf,https://www.smbbmu.edu.pk/beta/news/downloadFile/Allotment+Form_17682000391.pdf,https://www.smbbmu.edu.pk/beta/announcements/details/application-form-and-affidavit-for-hostel-allotment-01-12-2026
pdfs/affidavit-2025-17682000390.pdf,https://www.smbbmu.edu.pk/beta/news/downloadFile/Affidavit-2025_17682000390.pdf,https://www.smbbmu.edu.pk/beta/announcements/details/application-form-and-affidavit-for-hostel-allotment-01-12-2026
pdfs/camscanner-11-12-2025-12-17654409590.pdf,https://www.smbbmu.edu.pk/beta/news/downloadFile/CamScanner+11-12-2025+12_17654409590.pdf,https://www.smbbmu.edu.pk/beta/announcements/details/result-of-postgraduate-entry-tests-for-session-january-2026-12-11-2025
pdfs/sbds-technical-17643233792.pdf,https://www.smbbmu.edu.pk/beta/news/downloadFile/SBDs+Technical_17643233792.pdf,https://www.smbbmu.edu.pk/beta/announcements/details/notice-inviting-tender-for-services-for-convocation-2025-smbb-medical-university-larkana-11-28-2025
pdfs/sbds-financial-17643233791.pdf,https://www.smbbmu.edu.pk/beta/news/downloadFile/SBDs+Financial_17643233791.pdf,https://www.smbbmu.edu.pk/beta/announcements/details/notice-inviting-tender-for-services-for-convocation-2025-smbb-medical-university-larkana-11-28-2025
pdfs/nit-17643233790.pdf,https://www.smbbmu.edu.pk/beta/news/downloadFile/NIT_17643233790.pdf,https://www.smbbmu.edu.pk/beta/announcements/details/notice-inviting-tender-for-services-for-convocation-2025-smbb-medical-university-larkana-11-28-2025
pdfs/chpe-form-17633702060.pdf,https://www.smbbmu.edu.pk/beta/news/downloadFile/chpe-form_17633702060.pdf,https://www.smbbmu.edu.pk/beta/announcements/details/admission-for-certificate-in-health-professions-educationc-hpe-session-2026-11-17-2025
pdfs/hostels-rules-violation-penalty-17568172700.pdf,https://www.smbbmu.edu.pk/beta/news/downloadFile/Hostels+Rules+Violation+Penalty_17568172700.pdf,https://www.smbbmu.edu.pk/beta/announcements/details/list-of-students-penalized-rs50000-for-installing-acs-in-hostel-rooms-09-02-2025
pdfs/letter-and-notice-sindh-endowment-seef-year-2024-2025-17497285950.pdf,https://www.smbbmu.edu.pk/beta/news/downloadFile/letter+and+notice+Sindh+endowment+seef+year+2024-2025_17497285950.pdf,https://www.smbbmu.edu.pk/beta/announcements/details/sindh-educational-endowment-fund-trust-scholarship-06-12-2025
pdfs/chpe-form-17480011360.pdf,https://www.smbbmu.edu.pk/beta/news/downloadFile/CHPE-FORM_17480011360.pdf,https://www.smbbmu.edu.pk/beta/announcements/details/admission-for-certificate-in-health-professions-education-c-hpe-session-2025-batch-07-05-19-2025
pdfs/boys-hostel-07-17481748192.pdf,https://www.smbbmu.edu.pk/beta/news/downloadFile/boys-hostel-07_17481748192.xlsx,https://www.smbbmu.edu.pk/beta/announcements/details/hostel-allotment-list-for-academic-year-2025-05-17-2025
pdfs/boys-hostel-6-17481748191.pdf,https://www.smbbmu.edu.pk/beta/news/downloadFile/boys-hostel-6_17481748191.xlsx,https://www.smbbmu.edu.pk/beta/announcements/details/hostel-allotment-list-for-academic-year-2025-05-17-2025
pdfs/boys-hostel-5-17481748190.pdf,https://www.smbbmu.edu.pk/beta/news/downloadFile/boys-hostel-5_17481748190.xlsx,https://www.smbbmu.edu.pk/beta/announcements/details/hostel-allotment-list-for-academic-year-2025-05-17-2025
pdfs/ex-pakistan-for-non-teaching-17408103541.pdf,https://www.smbbmu.edu.pk/beta/news/downloadFile/Ex-PAkistan+for+Non+Teaching_17408103541.pdf,https://www.smbbmu.edu.pk/beta/announcements/details/guidelines-for-submitting-leave-requests-at-smbbmu-larkana-02-28-2025
pdfs/ex-pakistan-for-teaching-17408103540.pdf,https://www.smbbmu.edu.pk/beta/news/downloadFile/Ex-PAkistan+for+Teaching_17408103540.pdf,https://www.smbbmu.edu.pk/beta/announcements/details/guidelines-for-submitting-leave-requests-at-smbbmu-larkana-02-28-2025
pdfs/eoi-document-smbbmu-17338295750.pdf,https://www.smbbmu.edu.pk/beta/news/downloadFile/EOI+Document+SMBBMU_17338295750.pdf,https://www.smbbmu.edu.pk/beta/announcements/details/expression-of-interest-eoi-for-hiring-of-an-individual-consultant-of-short-term-basis-as-finance-consultant-12-10-2024
pdfs/chpe-form-17307923770.pdf,https://www.smbbmu.edu.pk/beta/news/downloadFile/CHPE+Form_17307923770.pdf,https://www.smbbmu.edu.pk/beta/announcements/details/admission-for-certificate-in-health-professions-educationc-hpe-session-2025-batch-06-11-04-2024
pdfs/eligiblity-msph-17304838310.pdf,https://www.smbbmu.edu.pk/beta/news/downloadFile/eligiblity+MSPH_17304838310.pdf,https://www.smbbmu.edu.pk/beta/announcements/details/admissions-for-postgraduate-courses-for-session-january-2025-10-31-2024
pdfs/master-in-nursing-msn-17304428440.pdf,https://www.smbbmu.edu.pk/beta/news/downloadFile/Master+in+Nursing+MSN_17304428440.pdf,https://www.smbbmu.edu.pk/beta/announcements/details/admissions-for-postgraduate-courses-for-session-january-2025-10-31-2024
pdfs/time-table-pg-17292597920.pdf,https://www.smbbmu.edu.pk/beta/news/downloadFile/time-table-pg_17292597920.pdf,https://www.smbbmu.edu.pk/beta/announcements/details/timetable-for-postgraduate-degreediploma-theory-examination-march-2024-10-18-2024
pdfs/zakat-required-documents-17218075272.pdf,https://www.smbbmu.edu.pk/beta/news/downloadFile/zakat-required-documents_17218075272.pdf,https://www.smbbmu.edu.pk/beta/announcements/details/notice-for-need-cum-merit-scholarships-under-zakat-and-usher-department-govt-of-sindh-07-24-2024
pdfs/istehqaq-certificate-17218075271.pdf,https://www.smbbmu.edu.pk/beta/news/downloadFile/istehqaq-certificate_17218075271.pdf,https://www.smbbmu.edu.pk/beta/announcements/details/notice-for-need-cum-merit-scholarships-under-zakat-and-usher-department-govt-of-sindh-07-24-2024
pdfs/zakat-form-17218075260.pdf,https://www.smbbmu.edu.pk/beta/news/downloadFile/zakat-form_17218075260.pdf,https://www.smbbmu.edu.pk/beta/announcements/details/notice-for-need-cum-merit-scholarships-under-zakat-and-usher-department-govt-of-sindh-07-24-2024
pdfs/application-form-sana-17218078650.pdf,https://www.smbbmu.edu.pk/beta/news/downloadFile/application-form-sana_17218078650.pdf,https://www.smbbmu.edu.pk/beta/announcements/details/notice-for-sanasindhi-association-of-north-america-scholarship-program-07-24-2024
pdfs/result-mphil-diploma-17195694521.pdf,https://www.smbbmu.edu.pk/beta/news/downloadFile/result-mphil-diploma_17195694521.pdf,https://www.smbbmu.edu.pk/beta/announcements/details/result-of-entry-tests-of-mphil-diploma-md-ms-part-i-session-july-2024-06-28-2024
pdfs/result-md-ms-17195694520.pdf,https://www.smbbmu.edu.pk/beta/news/downloadFile/result-md-ms_17195694520.pdf,https://www.smbbmu.edu.pk/beta/announcements/details/result-of-entry-tests-of-mphil-diploma-md-ms-part-i-session-july-2024-06-28-2024
pdfs/annual-report-2023-24-17822370580.pdf,https://www.smbbmu.edu.pk/beta/news/downloadFile/annual-report-2023-24_17822370580.pdf,https://www.smbbmu.edu.pk/beta/announcements/details/annual-reports-05-21-2024
pdfs/annual-report-2024-25-17579302060.pdf,https://www.smbbmu.edu.pk/beta/news/downloadFile/annual-report-2024-25_17579302060.pdf,https://www.smbbmu.edu.pk/beta/announcements/details/annual-reports-05-21-2024
pdfs/annual-report-2023-17497274680.pdf,https://www.smbbmu.edu.pk/beta/news/downloadFile/annual-report-2023_17497274680.pdf,https://www.smbbmu.edu.pk/beta/announcements/details/annual-reports-05-21-2024
pdfs/form-17147199670.pdf,https://www.smbbmu.edu.pk/beta/news/downloadFile/Form_17147199670.pdf,https://www.smbbmu.edu.pk/beta/announcements/details/admission-for-certification-in-health-professions-education-c-hpe-session-2024-batch-05-05-03-2024
pdfs/hostel-7-17134494982.pdf,https://www.smbbmu.edu.pk/beta/news/downloadFile/hostel-7_17134494982.pdf,https://www.smbbmu.edu.pk/beta/announcements/details/hostel-allotment-of-the-students-for-year-2024-04-18-2024
pdfs/hostel-6-17134494981.pdf,https://www.smbbmu.edu.pk/beta/news/downloadFile/hostel-6_17134494981.pdf,https://www.smbbmu.edu.pk/beta/announcements/details/hostel-allotment-of-the-students-for-year-2024-04-18-2024
pdfs/hostel-5-17134494980.pdf,https://www.smbbmu.edu.pk/beta/news/downloadFile/hostel-5_17134494980.pdf,https://www.smbbmu.edu.pk/beta/announcements/details/hostel-allotment-of-the-students-for-year-2024-04-18-2024
pdfs/fcps-ii-17021848450.pdf,https://www.smbbmu.edu.pk/beta/news/downloadFile/FCPS-II_17021848450.pdf,https://www.smbbmu.edu.pk/beta/announcements/details/result-of-entry-test-of-fcps-ii-programs-12-09-2023
pdfs/p1-result-m-17012371391.pdf,https://www.smbbmu.edu.pk/beta/news/downloadFile/p1+Result+M_17012371391.pdf,https://www.smbbmu.edu.pk/beta/announcements/details/result-of-postgraduate-entry-test-and-part-i-examination-session-january-2024-11-28-2023
pdfs/p-1-result-md-ms-programs-17012371390.pdf,"https://www.smbbmu.edu.pk/beta/news/downloadFile/P+1+Result+MD+,+MS+programs_17012371390.pdf",https://www.smbbmu.edu.pk/beta/announcements/details/result-of-postgraduate-entry-test-and-part-i-examination-session-january-2024-11-28-2023
pdfs/untouchbsn-nursinggeneric4yearprog-2019-20-15783008600.pdf,https://www.smbbmu.edu.pk/beta/news/downloadFile/UNTOUCHBSN+NURSINGGENERIC4YEARPROG+2019-20+-+_15783008600.pdf,https://www.smbbmu.edu.pk/beta/announcements/details/merit-list-of-candidates-who-have-applied-for-admission-to-bsn-generic-at-benazir-college-of-nursing-smbbmu-for-session-2019-20-01-06-2020
pdfs/meritlists-15773760360.pdf,https://www.smbbmu.edu.pk/beta/news/downloadFile/meritlists_15773760360.pdf,https://www.smbbmu.edu.pk/beta/announcements/details/provisional-merit-list-of-candidates-who-have-applied-for-admission-to-post-rn-bsc-nursing-at-benazir-college-of-nursing-smbbmu-for-session-2019-20-12-26-2019
pdfs/untouchbsn-nursinggeneric4yearprog-2019-20-15773847060.pdf,https://www.smbbmu.edu.pk/beta/news/downloadFile/UNTOUCHBSN+NURSINGGENERIC4YEARPROG+2019-20+-+_15773847060.pdf,https://www.smbbmu.edu.pk/beta/announcements/details/provisional-merit-list-of-candidates-who-have-applied-for-admission-to-bsn-generic-at-benazir-college-of-nursing-smbbmu-for-session-2019-20-12-26-2019
pdfs/ghotki-self-list-15762164460.pdf,https://www.smbbmu.edu.pk/beta/news/downloadFile/ghotki+self+list_15762164460.pdf,https://www.smbbmu.edu.pk/beta/announcements/details/list-of-candidates-who-have-applied-for-admission-into-1st-year-mbbsbds-on-ueap-local-basis-for-session-2019-20-12-11-2019
pdfs/khairpur-self-list-15762163530.pdf,https://www.smbbmu.edu.pk/beta/news/downloadFile/khairpur+self+list_15762163530.pdf,https://www.smbbmu.edu.pk/beta/announcements/details/list-of-candidates-who-have-applied-for-admission-into-1st-year-mbbsbds-on-ueap-local-basis-for-session-2019-20-12-11-2019
pdfs/sukkur-self-finance-15762163190.pdf,https://www.smbbmu.edu.pk/beta/news/downloadFile/Sukkur+Self+Finance_15762163190.pdf,https://www.smbbmu.edu.pk/beta/announcements/details/list-of-candidates-who-have-applied-for-admission-into-1st-year-mbbsbds-on-ueap-local-basis-for-session-2019-20-12-11-2019
pdfs/ueap-not-eligible-15762162580.pdf,https://www.smbbmu.edu.pk/beta/news/downloadFile/ueap-not-eligible_15762162580.pdf,https://www.smbbmu.edu.pk/beta/announcements/details/list-of-candidates-who-have-applied-for-admission-into-1st-year-mbbsbds-on-ueap-local-basis-for-session-2019-20-12-11-2019
pdfs/shpself-15760512660.pdf,https://www.smbbmu.edu.pk/beta/news/downloadFile/SHPSELF_15760512660.pdf,https://www.smbbmu.edu.pk/beta/announcements/details/list-of-candidates-who-have-applied-for-admission-into-1st-year-mbbsbds-on-ueap-local-basis-for-session-2019-20-12-11-2019
pdfs/nfzself-15760512530.pdf,https://www.smbbmu.edu.pk/beta/news/downloadFile/NFZSELF_15760512530.pdf,https://www.smbbmu.edu.pk/beta/announcements/details/list-of-candidates-who-have-applied-for-admission-into-1st-year-mbbsbds-on-ueap-local-basis-for-session-2019-20-12-11-2019
pdfs/lrkself-15760512080.pdf,https://www.smbbmu.edu.pk/beta/news/downloadFile/LRKSELF_15760512080.pdf,https://www.smbbmu.edu.pk/beta/announcements/details/list-of-candidates-who-have-applied-for-admission-into-1st-year-mbbsbds-on-ueap-local-basis-for-session-2019-20-12-11-2019
pdfs/kshmself-15760511470.pdf,https://www.smbbmu.edu.pk/beta/news/downloadFile/KSHMSELF_15760511470.pdf,https://www.smbbmu.edu.pk/beta/announcements/details/list-of-candidates-who-have-applied-for-admission-into-1st-year-mbbsbds-on-ueap-local-basis-for-session-2019-20-12-11-2019
pdfs/k-shdself-15760499540.pdf,https://www.smbbmu.edu.pk/beta/news/downloadFile/K-SHDSELF_15760499540.pdf,https://www.smbbmu.edu.pk/beta/announcements/details/list-of-candidates-who-have-applied-for-admission-into-1st-year-mbbsbds-on-ueap-local-basis-for-session-2019-20-12-11-2019
pdfs/jcdself-15760498450.pdf,https://www.smbbmu.edu.pk/beta/news/downloadFile/jcdself_15760498450.pdf,https://www.smbbmu.edu.pk/beta/announcements/details/list-of-candidates-who-have-applied-for-admission-into-1st-year-mbbsbds-on-ueap-local-basis-for-session-2019-20-12-11-2019
pdfs/daduself-15760498020.pdf,https://www.smbbmu.edu.pk/beta/news/downloadFile/daduself_15760498020.pdf,https://www.smbbmu.edu.pk/beta/announcements/details/list-of-candidates-who-have-applied-for-admission-into-1st-year-mbbsbds-on-ueap-local-basis-for-session-2019-20-12-11-2019
pdfs/merit-list-dist-ghotki-15753486940.pdf,https://www.smbbmu.edu.pk/beta/news/downloadFile/Merit+list+Dist+Ghotki_15753486940.pdf,https://www.smbbmu.edu.pk/beta/announcements/details/merit-list-of-candidates-who-have-applied-for-admission-into-1st-year-mbbsbds-courses-for-session-2019-20-at-shaheed-mohtarma-benazir-bhutto-medical-university-larkana-12-02-2019
pdfs/merit-list-dist-khairpur-15753486390.pdf,https://www.smbbmu.edu.pk/beta/news/downloadFile/Merit+List+Dist+Khairpur_15753486390.pdf,https://www.smbbmu.edu.pk/beta/announcements/details/merit-list-of-candidates-who-have-applied-for-admission-into-1st-year-mbbsbds-courses-for-session-2019-20-at-shaheed-mohtarma-benazir-bhutto-medical-university-larkana-12-02-2019
pdfs/merit-list-dist-sukkur-15753485990.pdf,https://www.smbbmu.edu.pk/beta/news/downloadFile/Merit+list+Dist+Sukkur_15753485990.pdf,https://www.smbbmu.edu.pk/beta/announcements/details/merit-list-of-candidates-who-have-applied-for-admission-into-1st-year-mbbsbds-courses-for-session-2019-20-at-shaheed-mohtarma-benazir-bhutto-medical-university-larkana-12-02-2019
pdfs/updated-shp.pdf,https://www.smbbmu.edu.pk/beta/news/downloadFile/updated-shp.pdf,https://www.smbbmu.edu.pk/beta/announcements/details/merit-list-of-candidates-who-have-applied-for-admission-into-1st-year-mbbsbds-courses-for-session-2019-20-at-shaheed-mohtarma-benazir-bhutto-medical-university-larkana-12-02-2019
pdfs/update-nfz.pdf,https://www.smbbmu.edu.pk/beta/news/downloadFile/update-nfz.pdf,https://www.smbbmu.edu.pk/beta/announcements/details/merit-list-of-candidates-who-have-applied-for-admission-into-1st-year-mbbsbds-courses-for-session-2019-20-at-shaheed-mohtarma-benazir-bhutto-medical-university-larkana-12-02-2019
pdfs/updated-lrk.pdf,https://www.smbbmu.edu.pk/beta/news/downloadFile/updated-lrk.pdf,https://www.smbbmu.edu.pk/beta/announcements/details/merit-list-of-candidates-who-have-applied-for-admission-into-1st-year-mbbsbds-courses-for-session-2019-20-at-shaheed-mohtarma-benazir-bhutto-medical-university-larkana-12-02-2019
pdfs/updated-kshm.pdf,https://www.smbbmu.edu.pk/beta/news/downloadFile/updated-kshm.pdf,https://www.smbbmu.edu.pk/beta/announcements/details/merit-list-of-candidates-who-have-applied-for-admission-into-1st-year-mbbsbds-courses-for-session-2019-20-at-shaheed-mohtarma-benazir-bhutto-medical-university-larkana-12-02-2019
pdfs/updated-k-shd.pdf,https://www.smbbmu.edu.pk/beta/news/downloadFile/updated-k-shd.pdf,https://www.smbbmu.edu.pk/beta/announcements/details/merit-list-of-candidates-who-have-applied-for-admission-into-1st-year-mbbsbds-courses-for-session-2019-20-at-shaheed-mohtarma-benazir-bhutto-medical-university-larkana-12-02-2019
pdfs/updated-jcd.pdf,https://www.smbbmu.edu.pk/beta/news/downloadFile/updated-jcd.pdf,https://www.smbbmu.edu.pk/beta/announcements/details/merit-list-of-candidates-who-have-applied-for-admission-into-1st-year-mbbsbds-courses-for-session-2019-20-at-shaheed-mohtarma-benazir-bhutto-medical-university-larkana-12-02-2019
pdfs/updated-dadu.pdf,https://www.smbbmu.edu.pk/beta/news/downloadFile/updated-dadu.pdf,https://www.smbbmu.edu.pk/beta/announcements/details/merit-list-of-candidates-who-have-applied-for-admission-into-1st-year-mbbsbds-courses-for-session-2019-20-at-shaheed-mohtarma-benazir-bhutto-medical-university-larkana-12-02-2019
pdfs/iba-challan-15746655600.pdf,https://www.smbbmu.edu.pk/beta/news/downloadFile/IBA-Challan_15746655600.pdf,https://www.smbbmu.edu.pk/beta/announcements/details/admissions-for-bs-nursinggeneric-bsc-nursingpost-rn-at-benazir-college-of-nursing-smbbmu-for-session-2019-20-11-21-2019
pdfs/seat-allocation-and-tagged-districts-of-nursing-courses-15743995020.pdf,https://www.smbbmu.edu.pk/beta/news/downloadFile/SEAT+ALLOCATION+AND+TAGGED+DISTRICTS+OF+NURSING+COURSES_15743995020.pdf,https://www.smbbmu.edu.pk/beta/announcements/details/admissions-for-bs-nursinggeneric-bsc-nursingpost-rn-at-benazir-college-of-nursing-smbbmu-for-session-2019-20-11-21-2019
pdfs/new-univ-challan-nursing-15743994220.pdf,https://www.smbbmu.edu.pk/beta/news/downloadFile/new+univ+challan+nursing_15743994220.pdf,https://www.smbbmu.edu.pk/beta/announcements/details/admissions-for-bs-nursinggeneric-bsc-nursingpost-rn-at-benazir-college-of-nursing-smbbmu-for-session-2019-20-11-21-2019
pdfs/smbbmu-application-form-for-nursing-course-2019-20-15743993470.pdf,https://www.smbbmu.edu.pk/beta/news/downloadFile/smbbmu+application+form+for+nursing+course+2019-20_15743993470.pdf,https://www.smbbmu.edu.pk/beta/announcements/details/admissions-for-bs-nursinggeneric-bsc-nursingpost-rn-at-benazir-college-of-nursing-smbbmu-for-session-2019-20-11-21-2019
pdfs/smbbmul-form-for-p-15729553181.pdf,https://www.smbbmu.edu.pk/beta/news/downloadFile/SMBBMUL-Form-for-P_15729553181.pdf,https://www.smbbmu.edu.pk/beta/announcements/details/admissions-for-postgraduate-courses-for-the-session-january-2020-11-08-2019
pdfs/challan-of-controller-postgraduate-15729553180.pdf,https://www.smbbmu.edu.pk/beta/news/downloadFile/Challan+of+Controller+Postgraduate_15729553180.pdf,https://www.smbbmu.edu.pk/beta/announcements/details/admissions-for-postgraduate-courses-for-the-session-january-2020-11-08-2019
pdfs/eligible-bsn-nursingpostrn2yearprog-2018-19-15591547500.pdf,https://www.smbbmu.edu.pk/beta/news/downloadFile/eligible+BSN+NURSINGPOSTRN2YEARPROG+2018-19_15591547500.pdf,https://www.smbbmu.edu.pk/beta/announcements/details/list-of-candidates-who-have-applied-for-admission-to-post-rn-bsc-nursing-on-ueap-local-basis-at-benazir-college-of-nursing-05-28-2019
pdfs/eligible-bsnnursing4yeargeneric-2018-19-s-15591548920.pdf,https://www.smbbmu.edu.pk/beta/news/downloadFile/eligible+BSNNURSING4yeargeneric+2018-19+s_15591548920.pdf,https://www.smbbmu.edu.pk/beta/announcements/details/list-of-candidates-who-have-applied-for-admission-to-bsn-generic-on-ueap-local-basis-at-benazir-college-of-nursing-05-28-2019
pdfs/smbbmul-form-for-p-15729553181.pdf,https://www.smbbmu.edu.pk/beta/news/downloadFile/SMBBMUL-Form-for-P_15729553181.pdf,https://www.smbbmu.edu.pk/beta/announcements/details/entry-test-forms-for-post-graduate-courses-04-26-2019
pdfs/challan-of-controller-postgraduate-15729553180.pdf,https://www.smbbmu.edu.pk/beta/news/downloadFile/Challan+of+Controller+Postgraduate_15729553180.pdf,https://www.smbbmu.edu.pk/beta/announcements/details/entry-test-forms-for-post-graduate-courses-04-26-2019
pdfs/eligible-bsn-nursingpostrn2yearprog-2018-19-8-4-2019-15548815910.pdf,https://www.smbbmu.edu.pk/beta/news/downloadFile/eligible+BSN+NURSINGPOSTRN2YEARPROG+2018-19+8+4+2019_15548815910.pdf,https://www.smbbmu.edu.pk/beta/announcements/details/updated-provisional-list-of-candidates-who-have-applied-for-admission-to-bsn-generic-course-at-benazir-institute-of-nursing-and-community-health-sciences-smbbmu-session-2018-19-04-08-2019
pdfs/2yearnew142019-15541406140.pdf,https://www.smbbmu.edu.pk/beta/news/downloadFile/2YEARNEW142019_15541406140.pdf,https://www.smbbmu.edu.pk/beta/announcements/details/updated-provisional-list-of-candidates-who-have-applied-for-admission-to-post-rn-bsc-nursing-course-at-benazir-institute-of-nursing-and-community-health-sciences-smbbmu-session-2018-19-04-08-2019
pdfs/gmcdist-15513386637.pdf,https://www.smbbmu.edu.pk/beta/news/downloadFile/gmcdist_15513386637.pdf,https://www.smbbmu.edu.pk/beta/announcements/details/provisional-merit-list-of-candidates-who-have-applied-for-admisson-into-1st-year-bds-course-as-their-2nd-choice-at-bibi-aseefa-dental-college-smbbmu-larkana-for-session-2018-2019-02-27-2019
pdfs/1shp-15513386636.pdf,https://www.smbbmu.edu.pk/beta/news/downloadFile/1SHP_15513386636.pdf,https://www.smbbmu.edu.pk/beta/announcements/details/provisional-merit-list-of-candidates-who-have-applied-for-admisson-into-1st-year-bds-course-as-their-2nd-choice-at-bibi-aseefa-dental-college-smbbmu-larkana-for-session-2018-2019-02-27-2019
pdfs/lrk1-15513386635.pdf,https://www.smbbmu.edu.pk/beta/news/downloadFile/LRK1_15513386635.pdf,https://www.smbbmu.edu.pk/beta/announcements/details/provisional-merit-list-of-candidates-who-have-applied-for-admisson-into-1st-year-bds-course-as-their-2nd-choice-at-bibi-aseefa-dental-college-smbbmu-larkana-for-session-2018-2019-02-27-2019
pdfs/1nfz-15513386634.pdf,https://www.smbbmu.edu.pk/beta/news/downloadFile/1NFZ_15513386634.pdf,https://www.smbbmu.edu.pk/beta/announcements/details/provisional-merit-list-of-candidates-who-have-applied-for-admisson-into-1st-year-bds-course-as-their-2nd-choice-at-bibi-aseefa-dental-college-smbbmu-larkana-for-session-2018-2019-02-27-2019
pdfs/1kshm-15513386633.pdf,https://www.smbbmu.edu.pk/beta/news/downloadFile/1KSHM_15513386633.pdf,https://www.smbbmu.edu.pk/beta/announcements/details/provisional-merit-list-of-candidates-who-have-applied-for-admisson-into-1st-year-bds-course-as-their-2nd-choice-at-bibi-aseefa-dental-college-smbbmu-larkana-for-session-2018-2019-02-27-2019
pdfs/1kshd-15513386632.pdf,https://www.smbbmu.edu.pk/beta/news/downloadFile/1KSHD_15513386632.pdf,https://www.smbbmu.edu.pk/beta/announcements/details/provisional-merit-list-of-candidates-who-have-applied-for-admisson-into-1st-year-bds-course-as-their-2nd-choice-at-bibi-aseefa-dental-college-smbbmu-larkana-for-session-2018-2019-02-27-2019
pdfs/1jcd-15513386631.pdf,https://www.smbbmu.edu.pk/beta/news/downloadFile/1JCD_15513386631.pdf,https://www.smbbmu.edu.pk/beta/announcements/details/provisional-merit-list-of-candidates-who-have-applied-for-admisson-into-1st-year-bds-course-as-their-2nd-choice-at-bibi-aseefa-dental-college-smbbmu-larkana-for-session-2018-2019-02-27-2019
pdfs/1dadu-15513386630.pdf,https://www.smbbmu.edu.pk/beta/news/downloadFile/1DADU_15513386630.pdf,https://www.smbbmu.edu.pk/beta/announcements/details/provisional-merit-list-of-candidates-who-have-applied-for-admisson-into-1st-year-bds-course-as-their-2nd-choice-at-bibi-aseefa-dental-college-smbbmu-larkana-for-session-2018-2019-02-27-2019
pdfs/ajklistuntouch201819-15510786140.pdf,https://www.smbbmu.edu.pk/beta/news/downloadFile/AJKLISTUNTOUCH201819_15510786140.pdf,https://www.smbbmu.edu.pk/beta/announcements/details/list-of-candidates-admissions-to-1st-year-mbbs-on-reserved-seats-of-ajk-medical-colleges-for-session-2018-2019-02-25-2019
pdfs/4year-15510796991.pdf,https://www.smbbmu.edu.pk/beta/news/downloadFile/4YEAR_15510796991.pdf,https://www.smbbmu.edu.pk/beta/announcements/details/list-of-candidates-who-have-applied-for-admissions-in-bsc-generic-nursing-and-post-rn-nursing-for-session-2018-2019-at-binachs-smbbmu-larkana-02-25-2019
pdfs/2year-15510796990.pdf,https://www.smbbmu.edu.pk/beta/news/downloadFile/2YEAR_15510796990.pdf,https://www.smbbmu.edu.pk/beta/announcements/details/list-of-candidates-who-have-applied-for-admissions-in-bsc-generic-nursing-and-post-rn-nursing-for-session-2018-2019-at-binachs-smbbmu-larkana-02-25-2019
pdfs/overseaslistuntouch-15511640390.pdf,https://www.smbbmu.edu.pk/beta/news/downloadFile/OVERSEASLISTUNTOUCH_15511640390.pdf,https://www.smbbmu.edu.pk/beta/announcements/details/list-of-candidates-who-have-applied-for-admissions-to-1st-year-mbbs-on-vacant-seats-of-overseas-foreign-national-seats-for-session-2018-2019-smbbmu-larkana-02-25-2019
pdfs/rejectedlist-15511639431.pdf,https://www.smbbmu.edu.pk/beta/news/downloadFile/REJECTEDLIST_15511639431.pdf,https://www.smbbmu.edu.pk/beta/announcements/details/list-of-rejected-candidates-and-pending-candidates-who-have-applied-for-admission-in-to-nursing-courses-at-binachs-smbbmu-larkana-02-25-2019
pdfs/pendingcases-15511639430.pdf,https://www.smbbmu.edu.pk/beta/news/downloadFile/PENDINGCASES_15511639430.pdf,https://www.smbbmu.edu.pk/beta/announcements/details/list-of-rejected-candidates-and-pending-candidates-who-have-applied-for-admission-in-to-nursing-courses-at-binachs-smbbmu-larkana-02-25-2019
pdfs/oversapplicform-15500372981.pdf,https://www.smbbmu.edu.pk/beta/news/downloadFile/OVERSAPPLICFORM_15500372981.pdf,https://www.smbbmu.edu.pk/beta/announcements/details/advertisement-for-admissions-to-mbbsbds-course-session-2018-19-on-vacant-seats-of-overseas-pakistanis-category-at-smbmu-larkana-02-13-2019
pdfs/overseadv-15500372980.pdf,https://www.smbbmu.edu.pk/beta/news/downloadFile/OVERSEADV_15500372980.pdf,https://www.smbbmu.edu.pk/beta/announcements/details/advertisement-for-admissions-to-mbbsbds-course-session-2018-19-on-vacant-seats-of-overseas-pakistanis-category-at-smbmu-larkana-02-13-2019
pdfs/ajkapplicationformnew-15500441170.pdf,https://www.smbbmu.edu.pk/beta/news/downloadFile/AJKAPPLICATIONFORMNEW_15500441170.pdf,https://www.smbbmu.edu.pk/beta/announcements/details/advertisement-for-admissions-to-mbbs-course-session-2018-19-on-reserved-seat-of-ajk-medical-colleges-02-13-2019
pdfs/smbbmu-challan-nursing-programs-smbbmu-larkana-copy-15486723924.pdf,https://www.smbbmu.edu.pk/beta/news/downloadFile/smbbmu+Challan_+Nursing+Programs+@+SMBBMU+Larkana+-+copy_15486723924.pdf,https://www.smbbmu.edu.pk/beta/announcements/details/applications-are-invited-for-admissions-to-bs-nursing-generic-bsc-nursing-post-rn-at-benazir-institute-of-nursing-community-health-sciences-smbbmu-larkana-session-2018-19-01-28-2019
pdfs/smbbmu-application-form-for-nursing-course-2018-19-15486723923.pdf,https://www.smbbmu.edu.pk/beta/news/downloadFile/smbbmu+application+form+for+nursing+course+2018-19_15486723923.pdf,https://www.smbbmu.edu.pk/beta/announcements/details/applications-are-invited-for-admissions-to-bs-nursing-generic-bsc-nursing-post-rn-at-benazir-institute-of-nursing-community-health-sciences-smbbmu-larkana-session-2018-19-01-28-2019
pdfs/iba-application-form-nursing-programs-smbbmu-larkana-15486723922.pdf,https://www.smbbmu.edu.pk/beta/news/downloadFile/iba+Application+form_+Nursing+Programs+@+SMBBMU+Larkana_15486723922.pdf,https://www.smbbmu.edu.pk/beta/announcements/details/applications-are-invited-for-admissions-to-bs-nursing-generic-bsc-nursing-post-rn-at-benazir-institute-of-nursing-community-health-sciences-smbbmu-larkana-session-2018-19-01-28-2019
pdfs/challan-nursing-programs-smbbmu-larkana-15486723921.pdf,https://www.smbbmu.edu.pk/beta/news/downloadFile/Challan_+Nursing+Programs+@+SMBBMU+Larkana_15486723921.pdf,https://www.smbbmu.edu.pk/beta/announcements/details/applications-are-invited-for-admissions-to-bs-nursing-generic-bsc-nursing-post-rn-at-benazir-institute-of-nursing-community-health-sciences-smbbmu-larkana-session-2018-19-01-28-2019
pdfs/advertisement-nursing-course-2018-19-15486723920.pdf,https://www.smbbmu.edu.pk/beta/news/downloadFile/advertisement+nursing++course+2018-19_15486723920.pdf,https://www.smbbmu.edu.pk/beta/announcements/details/applications-are-invited-for-admissions-to-bs-nursing-generic-bsc-nursing-post-rn-at-benazir-institute-of-nursing-community-health-sciences-smbbmu-larkana-session-2018-19-01-28-2019
pdfs/otd-15475376498.pdf,https://www.smbbmu.edu.pk/beta/news/downloadFile/OTD_15475376498.pdf,https://www.smbbmu.edu.pk/beta/announcements/details/merit-lists-of-candidates-who-have-applied-for-admission-into-1st-year-pharm-d-courses-for-session-2018-19-01-11-2019
pdfs/gmcsukpharmd-15475376497.pdf,https://www.smbbmu.edu.pk/beta/news/downloadFile/GMCSUKPHARMD_15475376497.pdf,https://www.smbbmu.edu.pk/beta/announcements/details/merit-lists-of-candidates-who-have-applied-for-admission-into-1st-year-pharm-d-courses-for-session-2018-19-01-11-2019
pdfs/shp-15475376496.pdf,https://www.smbbmu.edu.pk/beta/news/downloadFile/SHP_15475376496.pdf,https://www.smbbmu.edu.pk/beta/announcements/details/merit-lists-of-candidates-who-have-applied-for-admission-into-1st-year-pharm-d-courses-for-session-2018-19-01-11-2019
pdfs/nfz-15475376495.pdf,https://www.smbbmu.edu.pk/beta/news/downloadFile/NFZ_15475376495.pdf,https://www.smbbmu.edu.pk/beta/announcements/details/merit-lists-of-candidates-who-have-applied-for-admission-into-1st-year-pharm-d-courses-for-session-2018-19-01-11-2019
pdfs/lrk-15475376494.pdf,https://www.smbbmu.edu.pk/beta/news/downloadFile/LRK_15475376494.pdf,https://www.smbbmu.edu.pk/beta/announcements/details/merit-lists-of-candidates-who-have-applied-for-admission-into-1st-year-pharm-d-courses-for-session-2018-19-01-11-2019
pdfs/kshm-15475376493.pdf,https://www.smbbmu.edu.pk/beta/news/downloadFile/KSHM_15475376493.pdf,https://www.smbbmu.edu.pk/beta/announcements/details/merit-lists-of-candidates-who-have-applied-for-admission-into-1st-year-pharm-d-courses-for-session-2018-19-01-11-2019
pdfs/k-shd-15475376492.pdf,https://www.smbbmu.edu.pk/beta/news/downloadFile/K-SHD_15475376492.pdf,https://www.smbbmu.edu.pk/beta/announcements/details/merit-lists-of-candidates-who-have-applied-for-admission-into-1st-year-pharm-d-courses-for-session-2018-19-01-11-2019
pdfs/jcd-15475376491.pdf,https://www.smbbmu.edu.pk/beta/news/downloadFile/JCD_15475376491.pdf,https://www.smbbmu.edu.pk/beta/announcements/details/merit-lists-of-candidates-who-have-applied-for-admission-into-1st-year-pharm-d-courses-for-session-2018-19-01-11-2019
pdfs/dadu-15475376490.pdf,https://www.smbbmu.edu.pk/beta/news/downloadFile/DADU_15475376490.pdf,https://www.smbbmu.edu.pk/beta/announcements/details/merit-lists-of-candidates-who-have-applied-for-admission-into-1st-year-pharm-d-courses-for-session-2018-19-01-11-2019
pdfs/following-all-original-documents-must-be-brought-on-the-date-and-schedule-15435657480.pdf,https://www.smbbmu.edu.pk/beta/news/downloadFile/FOLLOWING+ALL+ORIGINAL+DOCUMENTS+MUST+BE+BROUGHT+ON+THE+DATE+AND+SCHEDULE_15435657480.pdf,https://www.smbbmu.edu.pk/beta/announcements/details/schedule-of-interview-for-the-candidates-provisionally-selected-to-1st-year-mbbs-course-session-2018-19-at-cmc-smbbmu-larkana-11-30-2018
pdfs/self1819b47-15434968380.pdf,https://www.smbbmu.edu.pk/beta/news/downloadFile/self1819b47_15434968380.pdf,https://www.smbbmu.edu.pk/beta/announcements/details/list-of-candidates-who-have-applied-for-admisson-to-1st-year-mbbs-bds-courses-for-session-2018-2019-ueap-local-basis-at-shaheed-mohtarma-benazir-bhutto-medical-university-larkana-11-29-2018
pdfs/res-15427204510.pdf,https://www.smbbmu.edu.pk/beta/news/downloadFile/res_15427204510.pdf,https://www.smbbmu.edu.pk/beta/announcements/details/list-of-candidates-who-have-applied-for-admisson-to-1st-year-mbbs-bds-courses-for-session-20182019-at-shaheed-mohtarma-benazir-bhutto-medical-university-larkana-and-selected-at-duhs-jsmu-and-fjmc-as-per-merit-cum-choice-basis-11-20-2018
pdfs/doc1-15427197150.pdf,https://www.smbbmu.edu.pk/beta/news/downloadFile/Doc1_15427197150.pdf,https://www.smbbmu.edu.pk/beta/announcements/details/nawabshah-admission-advertisement-11-20-2018
pdfs/shp-15427202976.pdf,https://www.smbbmu.edu.pk/beta/news/downloadFile/SHP_15427202976.pdf,https://www.smbbmu.edu.pk/beta/announcements/details/merit-lists-of-smbbmu-larkana-11-20-2018
pdfs/nfz-15427202975.pdf,https://www.smbbmu.edu.pk/beta/news/downloadFile/NFZ_15427202975.pdf,https://www.smbbmu.edu.pk/beta/announcements/details/merit-lists-of-smbbmu-larkana-11-20-2018
pdfs/lrk-15427202974.pdf,https://www.smbbmu.edu.pk/beta/news/downloadFile/LRK_15427202974.pdf,https://www.smbbmu.edu.pk/beta/announcements/details/merit-lists-of-smbbmu-larkana-11-20-2018
pdfs/kshm-15427202973.pdf,https://www.smbbmu.edu.pk/beta/news/downloadFile/KSHM_15427202973.pdf,https://www.smbbmu.edu.pk/beta/announcements/details/merit-lists-of-smbbmu-larkana-11-20-2018
pdfs/k-shd-15427202972.pdf,https://www.smbbmu.edu.pk/beta/news/downloadFile/K-SHD_15427202972.pdf,https://www.smbbmu.edu.pk/beta/announcements/details/merit-lists-of-smbbmu-larkana-11-20-2018
pdfs/jcd-15427202971.pdf,https://www.smbbmu.edu.pk/beta/news/downloadFile/JCD_15427202971.pdf,https://www.smbbmu.edu.pk/beta/announcements/details/merit-lists-of-smbbmu-larkana-11-20-2018
pdfs/dadu-15427202970.pdf,https://www.smbbmu.edu.pk/beta/news/downloadFile/DADU_15427202970.pdf,https://www.smbbmu.edu.pk/beta/announcements/details/merit-lists-of-smbbmu-larkana-11-20-2018
pdfs/application-form-for-ueap-local-and-overseas-pakistani-b-47-2018-2019-15423692450.pdf,https://www.smbbmu.edu.pk/beta/news/downloadFile/application+form+for+ueap+local+and+overseas+pakistani+b+47+2018+2019_15423692450.pdf,https://www.smbbmu.edu.pk/beta/announcements/details/ueap-local-admissions-to-1st-year-mbbsbds-courses-on-ueap-local-basis-for-session-2018-2019-11-16-2018
pdfs/eligibility-list-2018-19-15406371700.pdf,https://www.smbbmu.edu.pk/beta/news/downloadFile/eligibility_list_2018-19+_15406371700.pdf,https://www.smbbmu.edu.pk/beta/announcements/details/provisional-eligibility-list-of-candidates-who-have-applied-for-admission-into-mbbsbds-cmc-for-session-2018-19-10-27-2018
pdfs/processing-fee-voucher-for-overseas-2018-15391526762.pdf,https://www.smbbmu.edu.pk/beta/news/downloadFile/Processing+fee+voucher+for+overseas+2018_15391526762.pdf,https://www.smbbmu.edu.pk/beta/announcements/details/overseas-application-form-notice-and-processing-fee-voucher-10-10-2018
pdfs/application-form-overseas-2018-19-15391526761.pdf,https://www.smbbmu.edu.pk/beta/news/downloadFile/Application+Form+Overseas++2018-19_15391526761.pdf,https://www.smbbmu.edu.pk/beta/announcements/details/overseas-application-form-notice-and-processing-fee-voucher-10-10-2018
pdfs/notice-for-overseas-mbbs-and-bds-15391526760.pdf,https://www.smbbmu.edu.pk/beta/news/downloadFile/Notice+for+Overseas+MBBS+and+BDS_15391526760.pdf,https://www.smbbmu.edu.pk/beta/announcements/details/overseas-application-form-notice-and-processing-fee-voucher-10-10-2018
pdfs/form2-15386482581.pdf,https://www.smbbmu.edu.pk/beta/news/downloadFile/form2_15386482581.pdf,https://www.smbbmu.edu.pk/beta/announcements/details/notice-for-candidate-for-admission-at-smbb-medical-college-lyari-10-04-2018
pdfs/form1-15386482580.pdf,https://www.smbbmu.edu.pk/beta/news/downloadFile/form1_15386482580.pdf,https://www.smbbmu.edu.pk/beta/announcements/details/notice-for-candidate-for-admission-at-smbb-medical-college-lyari-10-04-2018
pdfs/security-sbd-financial-16917377261.pdf,https://www.smbbmu.edu.pk/beta/news/downloadFile/Security+SBD-Financial+_16917377261.pdf,https://www.smbbmu.edu.pk/beta/announcements/details/notice-inviting-tender-for-security-services-for-smbb-medical-university-larkana-08-11-2023
pdfs/security-sbd-technical-16917377260.pdf,https://www.smbbmu.edu.pk/beta/news/downloadFile/Security+SBD-Technical+_16917377260.pdf,https://www.smbbmu.edu.pk/beta/announcements/details/notice-inviting-tender-for-security-services-for-smbb-medical-university-larkana-08-11-2023
pdfs/1-16907915690.pdf,https://www.smbbmu.edu.pk/beta/news/downloadFile/1_16907915690.pdf,https://www.smbbmu.edu.pk/beta/announcements/details/notice-inviting-tender-for-repair-renovation-work-of-boys-hostels-no-0506-and-07-at-chandka-medical-college-07-24-2023
pdfs/2-16907913290.pdf,https://www.smbbmu.edu.pk/beta/news/downloadFile/2_16907913290.pdf,https://www.smbbmu.edu.pk/beta/announcements/details/notice-inviting-tender-for-repair-renovation-work-of-boys-hostels-no-0506-and-07-at-chandka-medical-college-07-24-2023
pdfs/nit-of-r-r-work-of-boys-hostel-no-05-06-07-pages-2-3-16903529390.pdf,"https://www.smbbmu.edu.pk/beta/news/downloadFile/NIT+of+R&R+work+of+boys+hostel+no+05,06,07-pages-2-3_16903529390.pdf",https://www.smbbmu.edu.pk/beta/announcements/details/notice-inviting-tender-for-repair-renovation-work-of-boys-hostels-no-0506-and-07-at-chandka-medical-college-07-24-2023
pdfs/catagory-b-tender-documents-mess-16898793732.pdf,https://www.smbbmu.edu.pk/beta/news/downloadFile/Catagory+B+Tender+Documents+Mess+_16898793732.pdf,https://www.smbbmu.edu.pk/beta/announcements/details/notice-for-expression-of-interest-for-cafeteriamess-services-on-rental-basis-07-20-2023
pdfs/catagory-a-tender-documents-cafeteria-16898793731.pdf,https://www.smbbmu.edu.pk/beta/news/downloadFile/Catagory+A+Tender+Documents+Cafeteria_16898793731.pdf,https://www.smbbmu.edu.pk/beta/announcements/details/notice-for-expression-of-interest-for-cafeteriamess-services-on-rental-basis-07-20-2023
pdfs/nit-cafeteria-mess-on-rental-basis-16898793730.pdf,https://www.smbbmu.edu.pk/beta/news/downloadFile/NIT-+Cafeteria+&+Mess+on+Rental+Basis_16898793730.pdf,https://www.smbbmu.edu.pk/beta/announcements/details/notice-for-expression-of-interest-for-cafeteriamess-services-on-rental-basis-07-20-2023
pdfs/erp-bidding-document-financial-16864581060.pdf,https://www.smbbmu.edu.pk/beta/news/downloadFile/ERP+Bidding+Document+Financial_16864581060.pdf,https://www.smbbmu.edu.pk/beta/announcements/details/notice-initing-tender-for-development-implementation-customised-modules-for-erp-system-for-shaheed-mohtarma-benazir-bhutto-medical-university-larkana-06-08-2023
pdfs/erp-bidding-document-technical-16863038500.pdf,https://www.smbbmu.edu.pk/beta/news/downloadFile/ERP+Bidding+Document+Technical+_16863038500.pdf,https://www.smbbmu.edu.pk/beta/announcements/details/notice-initing-tender-for-development-implementation-customised-modules-for-erp-system-for-shaheed-mohtarma-benazir-bhutto-medical-university-larkana-06-08-2023
pdfs/sbds-16838687950.pdf,https://www.smbbmu.edu.pk/beta/news/downloadFile/SBDs_16838687950.pdf,https://www.smbbmu.edu.pk/beta/announcements/details/notice-inviting-tender-for-purchase-of-hospital-general-furniture-miscellaneous-items-at-cmc-hospital-larkana-05-11-2023
pdfs/annual-procurement-plan-fy-21-22-16427654371.pdf,https://www.smbbmu.edu.pk/beta/news/downloadFile/Annual+Procurement+Plan+FY+21-22_16427654371.pdf,https://www.smbbmu.edu.pk/beta/announcements/details/notice-inviting-tender-for-construction-for-centraldigital-library-and-central-masjid-at-smbb-medical-universityarija-01-21-2022
pdfs/boq-library-16427654370.pdf,https://www.smbbmu.edu.pk/beta/news/downloadFile/BOQ+Library_16427654370.pdf,https://www.smbbmu.edu.pk/beta/announcements/details/notice-inviting-tender-for-construction-for-centraldigital-library-and-central-masjid-at-smbb-medical-universityarija-01-21-2022
pdfs/boq-masjid-16427647842.pdf,https://www.smbbmu.edu.pk/beta/news/downloadFile/BOQ+Masjid_16427647842.pdf,https://www.smbbmu.edu.pk/beta/announcements/details/notice-inviting-tender-for-construction-for-centraldigital-library-and-central-masjid-at-smbb-medical-universityarija-01-21-2022
pdfs/library-bidding-documents-16427647841.pdf,https://www.smbbmu.edu.pk/beta/news/downloadFile/Library+Bidding+Documents_16427647841.pdf,https://www.smbbmu.edu.pk/beta/announcements/details/notice-inviting-tender-for-construction-for-centraldigital-library-and-central-masjid-at-smbb-medical-universityarija-01-21-2022
pdfs/library-bidding-documents-16427647840.pdf,https://www.smbbmu.edu.pk/beta/news/downloadFile/Library+Bidding+Documents_16427647840.pdf,https://www.smbbmu.edu.pk/beta/announcements/details/notice-inviting-tender-for-construction-for-centraldigital-library-and-central-masjid-at-smbb-medical-universityarija-01-21-2022
pdfs/nit-16427646140.pdf,https://www.smbbmu.edu.pk/beta/news/downloadFile/NIT_16427646140.pdf,https://www.smbbmu.edu.pk/beta/announcements/details/notice-inviting-tender-for-construction-for-centraldigital-library-and-central-masjid-at-smbb-medical-universityarija-01-21-2022
pdfs/final-tender-document-16202975400.pdf,https://www.smbbmu.edu.pk/beta/news/downloadFile/Final+Tender+Document+_16202975400.pdf,https://www.smbbmu.edu.pk/beta/announcements/details/notice-inviting-tender-for-construction-of-central-digital-library-05-05-2021
pdfs/final-tender-document-16202971862.pdf,https://www.smbbmu.edu.pk/beta/news/downloadFile/Final+Tender+Document+_16202971862.pdf,https://www.smbbmu.edu.pk/beta/announcements/details/notice-inviting-tender-for-construction-of-central-digital-library-05-05-2021
pdfs/complaint-redressal-committee-16202971861.pdf,https://www.smbbmu.edu.pk/beta/news/downloadFile/Complaint+Redressal+Committee+_16202971861.pdf,https://www.smbbmu.edu.pk/beta/announcements/details/notice-inviting-tender-for-construction-of-central-digital-library-05-05-2021
pdfs/annual-procurement-plan-21-16202971860.pdf,https://www.smbbmu.edu.pk/beta/news/downloadFile/Annual+Procurement+Plan+21_16202971860.pdf,https://www.smbbmu.edu.pk/beta/announcements/details/notice-inviting-tender-for-construction-of-central-digital-library-05-05-2021
pdfs/tender-document-ann-16176089060.pdf,https://www.smbbmu.edu.pk/beta/news/downloadFile/Tender+Document+Ann_16176089060.pdf,https://www.smbbmu.edu.pk/beta/announcements/details/notice-inviting-tender-for-designing-printing-supply-of-annual-report-2020-21-03-30-2021
pdfs/nit-three-works-16152791150.pdf,https://www.smbbmu.edu.pk/beta/news/downloadFile/NIT+three+works_16152791150.pdf,https://www.smbbmu.edu.pk/beta/announcements/details/notice-inviting-tender-for-mr-works-at-smbbmu-03-05-2021
pdfs/procurement-committee-for-smbbmu-16152790582.pdf,https://www.smbbmu.edu.pk/beta/news/downloadFile/Procurement+Committee+for+SMBBMU_16152790582.pdf,https://www.smbbmu.edu.pk/beta/announcements/details/notice-inviting-tender-for-mr-works-at-smbbmu-03-05-2021
pdfs/complaint-redressal-committee-16152790581.pdf,https://www.smbbmu.edu.pk/beta/news/downloadFile/Complaint+Redressal+Committee_16152790581.pdf,https://www.smbbmu.edu.pk/beta/announcements/details/notice-inviting-tender-for-mr-works-at-smbbmu-03-05-2021
pdfs/annual-procurement-plan-2020-21-16152790580.pdf,https://www.smbbmu.edu.pk/beta/news/downloadFile/Annual+Procurement+plan+2020-21_16152790580.pdf,https://www.smbbmu.edu.pk/beta/announcements/details/notice-inviting-tender-for-mr-works-at-smbbmu-03-05-2021
pdfs/3-16152788182.pdf,https://www.smbbmu.edu.pk/beta/news/downloadFile/3_16152788182.docx,https://www.smbbmu.edu.pk/beta/announcements/details/notice-inviting-tender-for-mr-works-at-smbbmu-03-05-2021
pdfs/2-16152788171.pdf,https://www.smbbmu.edu.pk/beta/news/downloadFile/2_16152788171.docx,https://www.smbbmu.edu.pk/beta/announcements/details/notice-inviting-tender-for-mr-works-at-smbbmu-03-05-2021
pdfs/1-16152788170.pdf,https://www.smbbmu.edu.pk/beta/news/downloadFile/1_16152788170.docx,https://www.smbbmu.edu.pk/beta/announcements/details/notice-inviting-tender-for-mr-works-at-smbbmu-03-05-2021
pdfs/provisional-list-dpt-pharmd-2020-21-16147574940.pdf,https://www.smbbmu.edu.pk/beta/news/downloadFile/provisional_list_dpt_pharmd_2020_21_16147574940.pdf,https://www.smbbmu.edu.pk/beta/announcements/details/provisional-list-of-candidates-who-have-applied-for-admission-to-dptpharm-d-courses-for-session-2020-21-03-03-2021
pdfs/nit-16134545390.pdf,https://www.smbbmu.edu.pk/beta/news/downloadFile/NIT_16134545390.pdf,https://www.smbbmu.edu.pk/beta/announcements/details/notice-inviting-tender-for-mr-work-of-badc-and-repair-renovation-of-old-cpsp-building-02-11-2021
pdfs/1-16134544931.pdf,https://www.smbbmu.edu.pk/beta/news/downloadFile/1_16134544931.docx,https://www.smbbmu.edu.pk/beta/announcements/details/notice-inviting-tender-for-mr-work-of-badc-and-repair-renovation-of-old-cpsp-building-02-11-2021
pdfs/2-16134544930.pdf,https://www.smbbmu.edu.pk/beta/news/downloadFile/2_16134544930.docx,https://www.smbbmu.edu.pk/beta/announcements/details/notice-inviting-tender-for-mr-work-of-badc-and-repair-renovation-of-old-cpsp-building-02-11-2021
pdfs/procurement-committee-for-smbbmu-16134544162.pdf,https://www.smbbmu.edu.pk/beta/news/downloadFile/Procurement+Committee+for+SMBBMU_16134544162.pdf,https://www.smbbmu.edu.pk/beta/announcements/details/notice-inviting-tender-for-mr-work-of-badc-and-repair-renovation-of-old-cpsp-building-02-11-2021
pdfs/annual-procurement-plan-16134544160.pdf,https://www.smbbmu.edu.pk/beta/news/downloadFile/Annual+Procurement+Plan_16134544160.pdf,https://www.smbbmu.edu.pk/beta/announcements/details/notice-inviting-tender-for-mr-work-of-badc-and-repair-renovation-of-old-cpsp-building-02-11-2021
pdfs/annual-procurement-plan-16134570872.pdf,https://www.smbbmu.edu.pk/beta/news/downloadFile/Annual+Procurement+Plan+_16134570872.pdf,https://www.smbbmu.edu.pk/beta/announcements/details/notice-inviting-tender-for-pre-qualification-of-contractors-for-construction-of-central-digital-library-02-10-2021
pdfs/approval-of-procurement-committee-16134570871.pdf,https://www.smbbmu.edu.pk/beta/news/downloadFile/Approval+of+Procurement+Committee_16134570871.pdf,https://www.smbbmu.edu.pk/beta/announcements/details/notice-inviting-tender-for-pre-qualification-of-contractors-for-construction-of-central-digital-library-02-10-2021
pdfs/advertisement-for-hiring-of-contractor-16134570870.pdf,https://www.smbbmu.edu.pk/beta/news/downloadFile/Advertisement+for+Hiring+of+Contractor_16134570870.pdf,https://www.smbbmu.edu.pk/beta/announcements/details/notice-inviting-tender-for-pre-qualification-of-contractors-for-construction-of-central-digital-library-02-10-2021
pdfs/procurement-committee-for-smbbmu-16031764740.pdf,https://www.smbbmu.edu.pk/beta/news/downloadFile/Procurement+Committee+for+SMBBMU_16031764740.pdf,https://www.smbbmu.edu.pk/beta/announcements/details/notice-inviting-tender-for-renovation-and-rehabilitation-of-iprs-and-reconstruction-of-damaged-boundary-wall-at-gmmmc-10-17-2020
pdfs/annual-procurement-plan-2020-21-16031764091.pdf,https://www.smbbmu.edu.pk/beta/news/downloadFile/Annual+Procurement+Plan+2020-21_16031764091.pdf,https://www.smbbmu.edu.pk/beta/announcements/details/notice-inviting-tender-for-renovation-and-rehabilitation-of-iprs-and-reconstruction-of-damaged-boundary-wall-at-gmmmc-10-17-2020
pdfs/bidding-document-r-r-institute-of-physiotherpay-department-16031764090.pdf,https://www.smbbmu.edu.pk/beta/news/downloadFile/Bidding+Document+R&R+Institute+of+Physiotherpay+Department_16031764090.docx,https://www.smbbmu.edu.pk/beta/announcements/details/notice-inviting-tender-for-renovation-and-rehabilitation-of-iprs-and-reconstruction-of-damaged-boundary-wall-at-gmmmc-10-17-2020
pdfs/teaching-office-16007650541.pdf,https://www.smbbmu.edu.pk/beta/news/downloadFile/teaching-office_16007650541.pdf,https://www.smbbmu.edu.pk/beta/announcements/details/notice-inviting-tender-for-misc-items-stationary-office-teaching-equipment-fixture-furniture-and-networkingcomputerization-of-smbb-medical-university-larkana-09-18-2020
pdfs/misc-stationary-16007650540.pdf,https://www.smbbmu.edu.pk/beta/news/downloadFile/misc-stationary_16007650540.pdf,https://www.smbbmu.edu.pk/beta/announcements/details/notice-inviting-tender-for-misc-items-stationary-office-teaching-equipment-fixture-furniture-and-networkingcomputerization-of-smbb-medical-university-larkana-09-18-2020
pdfs/final-tds-15998925820.pdf,https://www.smbbmu.edu.pk/beta/news/downloadFile/Final+TDs_15998925820.pdf,https://www.smbbmu.edu.pk/beta/announcements/details/notice-inviting-tender-for-provide-supply-of-equipment-for-the-institute-of-physiotherapy-rehabilitation-sciences-08-31-2020
pdfs/rfp-final-n-15998053050.pdf,https://www.smbbmu.edu.pk/beta/news/downloadFile/RFP+final-n_15998053050.docx,https://www.smbbmu.edu.pk/beta/announcements/details/request-for-proposal-for-consultancy-services-for-preparation-of-drawings-designs-estimate-boqs-for-project-titled-construction-centraldigital-library-cmc-at-smbb-medical-university-larkana-08-28-2020
pdfs/rfp-corregendum-final-15995498540.pdf,https://www.smbbmu.edu.pk/beta/news/downloadFile/RFP+Corregendum+Final_15995498540.pdf,https://www.smbbmu.edu.pk/beta/announcements/details/request-for-proposal-for-consultancy-services-for-preparation-of-drawings-designs-estimate-boqs-for-project-titled-construction-centraldigital-library-cmc-at-smbb-medical-university-larkana-08-28-2020
pdfs/consultant-selection-committee-15994636690.pdf,https://www.smbbmu.edu.pk/beta/news/downloadFile/Consultant+Selection+Committee_15994636690.pdf,https://www.smbbmu.edu.pk/beta/announcements/details/request-for-proposal-for-consultancy-services-for-preparation-of-drawings-designs-estimate-boqs-for-project-titled-construction-centraldigital-library-cmc-at-smbb-medical-university-larkana-08-28-2020
pdfs/annual-procurement-plan-15847782911.pdf,https://www.smbbmu.edu.pk/beta/news/downloadFile/Annual+Procurement+Plan_15847782911.pdf,https://www.smbbmu.edu.pk/beta/announcements/details/notice-inviting-tender-for-adp-scheme-titled-renovation-rehabilitation-of-chandka-medical-college-and-construction-of-noori-girls-hostel-of-smbb-medical-university-larkana-03-20-2020
pdfs/tender-opening-evaluation-committee-15847782910.pdf,https://www.smbbmu.edu.pk/beta/news/downloadFile/Tender+Opening+&+Evaluation+Committee_15847782910.pdf,https://www.smbbmu.edu.pk/beta/announcements/details/notice-inviting-tender-for-adp-scheme-titled-renovation-rehabilitation-of-chandka-medical-college-and-construction-of-noori-girls-hostel-of-smbb-medical-university-larkana-03-20-2020
pdfs/6-15847782310.pdf,https://www.smbbmu.edu.pk/beta/news/downloadFile/6_15847782310.docx,https://www.smbbmu.edu.pk/beta/announcements/details/notice-inviting-tender-for-adp-scheme-titled-renovation-rehabilitation-of-chandka-medical-college-and-construction-of-noori-girls-hostel-of-smbb-medical-university-larkana-03-20-2020
pdfs/4-15847781213.pdf,https://www.smbbmu.edu.pk/beta/news/downloadFile/4_15847781213.docx,https://www.smbbmu.edu.pk/beta/announcements/details/notice-inviting-tender-for-adp-scheme-titled-renovation-rehabilitation-of-chandka-medical-college-and-construction-of-noori-girls-hostel-of-smbb-medical-university-larkana-03-20-2020
pdfs/3-15847781212.pdf,https://www.smbbmu.edu.pk/beta/news/downloadFile/3_15847781212.docx,https://www.smbbmu.edu.pk/beta/announcements/details/notice-inviting-tender-for-adp-scheme-titled-renovation-rehabilitation-of-chandka-medical-college-and-construction-of-noori-girls-hostel-of-smbb-medical-university-larkana-03-20-2020
pdfs/2-15847781211.pdf,https://www.smbbmu.edu.pk/beta/news/downloadFile/2_15847781211.docx,https://www.smbbmu.edu.pk/beta/announcements/details/notice-inviting-tender-for-adp-scheme-titled-renovation-rehabilitation-of-chandka-medical-college-and-construction-of-noori-girls-hostel-of-smbb-medical-university-larkana-03-20-2020
pdfs/1-15847781210.pdf,https://www.smbbmu.edu.pk/beta/news/downloadFile/1_15847781210.docx,https://www.smbbmu.edu.pk/beta/announcements/details/notice-inviting-tender-for-adp-scheme-titled-renovation-rehabilitation-of-chandka-medical-college-and-construction-of-noori-girls-hostel-of-smbb-medical-university-larkana-03-20-2020
pdfs/sbd-financial-30-8-2019-15675836962.pdf,https://www.smbbmu.edu.pk/beta/news/downloadFile/SBD-Financial+30-8-2019_15675836962.pdf,https://www.smbbmu.edu.pk/beta/announcements/details/notice-inviting-tender-for-security-services-and-misc-items-09-03-2019
pdfs/sbd-technical-30-8-2019-15675836961.pdf,https://www.smbbmu.edu.pk/beta/news/downloadFile/SBD-Technical+30-8-2019_15675836961.pdf,https://www.smbbmu.edu.pk/beta/announcements/details/notice-inviting-tender-for-security-services-and-misc-items-09-03-2019
pdfs/tender-documents-15675836960.pdf,https://www.smbbmu.edu.pk/beta/news/downloadFile/tender-documents_15675836960.pdf,https://www.smbbmu.edu.pk/beta/announcements/details/notice-inviting-tender-for-security-services-and-misc-items-09-03-2019
pdfs/5-15634311151.pdf,https://www.smbbmu.edu.pk/beta/news/downloadFile/5_15634311151.pdf,https://www.smbbmu.edu.pk/beta/announcements/details/notice-inviting-tender-for-different-construction-works-smbbmu-07-17-2019
pdfs/4-15634311150.pdf,https://www.smbbmu.edu.pk/beta/news/downloadFile/4_15634311150.pdf,https://www.smbbmu.edu.pk/beta/announcements/details/notice-inviting-tender-for-different-construction-works-smbbmu-07-17-2019
pdfs/3-15634309921.pdf,https://www.smbbmu.edu.pk/beta/news/downloadFile/3_15634309921.pdf,https://www.smbbmu.edu.pk/beta/announcements/details/notice-inviting-tender-for-different-construction-works-smbbmu-07-17-2019
pdfs/2-15634309920.pdf,https://www.smbbmu.edu.pk/beta/news/downloadFile/2_15634309920.pdf,https://www.smbbmu.edu.pk/beta/announcements/details/notice-inviting-tender-for-different-construction-works-smbbmu-07-17-2019
pdfs/1-15634308950.pdf,https://www.smbbmu.edu.pk/beta/news/downloadFile/1_15634308950.pdf,https://www.smbbmu.edu.pk/beta/announcements/details/notice-inviting-tender-for-different-construction-works-smbbmu-07-17-2019
pdfs/annual-procurement-plan-2018-19-15542878071.pdf,https://www.smbbmu.edu.pk/beta/news/downloadFile/Annual+Procurement+Plan+2018-19_15542878071.pdf,https://www.smbbmu.edu.pk/beta/announcements/details/notice-inviting-tender-for-provide-supply-of-stationary-petty-articles-and-miscellaneous-items-04-01-2019
pdfs/final-tender-document-15542878070.pdf,https://www.smbbmu.edu.pk/beta/news/downloadFile/Final-Tender+Document_15542878070.pdf,https://www.smbbmu.edu.pk/beta/announcements/details/notice-inviting-tender-for-provide-supply-of-stationary-petty-articles-and-miscellaneous-items-04-01-2019
pdfs/nit-boys-hostel-smbbmu-15556912910.pdf,https://www.smbbmu.edu.pk/beta/news/downloadFile/NIT+boys+hostel+SMBBMU_15556912910.pdf,https://www.smbbmu.edu.pk/beta/announcements/details/notice-inviting-tender-for-construction-of-boys-hostel-at-smbbmu-larkana-04-01-2019
pdfs/tender-documents-15486722140.pdf,https://www.smbbmu.edu.pk/beta/news/downloadFile/Tender+Documents_15486722140.pdf,https://www.smbbmu.edu.pk/beta/announcements/details/notice-inviting-tender-for-provide-and-supply-of-office-furniture-miscellaneous-items-01-20-2019
pdfs/04-standard-bidding-document-sbd-15435052020.pdf,https://www.smbbmu.edu.pk/beta/news/downloadFile/04-+Standard+Bidding+Document+SBD_15435052020.pdf,https://www.smbbmu.edu.pk/beta/announcements/details/notice-inviting-tender-for-printing-and-supply-of-undergraduate-and-postgraduate-prospectus-2018-19-11-29-2018
pdfs/technial-petty.pdf,https://www.smbbmu.edu.pk/beta/news/downloadFile/technial-petty.doc,https://www.smbbmu.edu.pk/beta/announcements/details/notice-inviting-tender-for-petty-articles-stationary-items-and-electric-materials-09-10-2018
pdfs/financial-petty.pdf,https://www.smbbmu.edu.pk/beta/news/downloadFile/financial-petty.docx,https://www.smbbmu.edu.pk/beta/announcements/details/notice-inviting-tender-for-petty-articles-stationary-items-and-electric-materials-09-10-2018
pdfs/technical-stationary.pdf,https://www.smbbmu.edu.pk/beta/news/downloadFile/technical-stationary.doc,https://www.smbbmu.edu.pk/beta/announcements/details/notice-inviting-tender-for-petty-articles-stationary-items-and-electric-materials-09-10-2018
pdfs/financial-stationary.pdf,https://www.smbbmu.edu.pk/beta/news/downloadFile/financial-stationary.doc,https://www.smbbmu.edu.pk/beta/announcements/details/notice-inviting-tender-for-petty-articles-stationary-items-and-electric-materials-09-10-2018
pdfs/technical-electric.pdf,https://www.smbbmu.edu.pk/beta/news/downloadFile/technical-electric.doc,https://www.smbbmu.edu.pk/beta/announcements/details/notice-inviting-tender-for-petty-articles-stationary-items-and-electric-materials-09-10-2018
pdfs/financial-electric.pdf,https://www.smbbmu.edu.pk/beta/news/downloadFile/financial-electric.doc,https://www.smbbmu.edu.pk/beta/announcements/details/notice-inviting-tender-for-petty-articles-stationary-items-and-electric-materials-09-10-2018
pdfs/chpe-form-16999396200.pdf,https://www.smbbmu.edu.pk/beta/news/downloadFile/CHPE+Form_16999396200.pdf,https://www.smbbmu.edu.pk/beta/announcements/details/admission-for-certification-in-health-professionals-education-c-hpe-session-2024-batch-04-11-14-2023
pdfs/convocation-form-1-17019333750.pdf,https://www.smbbmu.edu.pk/beta/news/downloadFile/convocation-form-1_17019333750.pdf,https://www.smbbmu.edu.pk/beta/announcements/details/5th-smbbmu-convocation-11-10-2023
pdfs/undergraduate-voucher-17000438110.pdf,https://www.smbbmu.edu.pk/beta/news/downloadFile/undergraduate-voucher_17000438110.pdf,https://www.smbbmu.edu.pk/beta/announcements/details/5th-smbbmu-convocation-11-10-2023
pdfs/convocation-postgraduates-17000413951.pdf,https://www.smbbmu.edu.pk/beta/news/downloadFile/convocation-postgraduates_17000413951.pdf,https://www.smbbmu.edu.pk/beta/announcements/details/5th-smbbmu-convocation-11-10-2023
pdfs/camscanner-10-10-2023-11-16970156760.pdf,https://www.smbbmu.edu.pk/beta/news/downloadFile/CamScanner+10-10-2023+11_16970156760.pdf,https://www.smbbmu.edu.pk/beta/announcements/details/result-of-bsc-post-rn-year-il-semester-iii-regular-examination-session-2020-21-of-benazir-college-of-nursing-smbbmu-larkana-sindhu-institute-of-nursing-khairpur-mirs-and-lareeb-mustafa-institute-of-nursing-gambat-held-in-the-month-of-august-2023-10-10-202
pdfs/camscanner-10-10-2023-11-16970160670.pdf,https://www.smbbmu.edu.pk/beta/news/downloadFile/CamScanner+10-10-2023+11_16970160670.pdf,https://www.smbbmu.edu.pk/beta/announcements/details/result-of-bsgeneric-year-ii-semester-iii-regular-examination-session-2020-21-held-in-the-month-of-august-2023-10-10-2023
pdfs/smbbmu-final-merit-list-pm-laptop-090623-16940660090.pdf,https://www.smbbmu.edu.pk/beta/news/downloadFile/SMBBMU+FINAL+MERIT+LIST+PM+LAPTOP+090623_16940660090.pdf,https://www.smbbmu.edu.pk/beta/announcements/details/final-list-of-students-who-have-applied-in-pm-laptop-scheme-of-smbbmu-larkana-09-06-2023
pdfs/smbbmu-pm-laptop20-30082023-16934658370.pdf,https://www.smbbmu.edu.pk/beta/news/downloadFile/smbbmu+pm+laptop20-30082023_16934658370.pdf,https://www.smbbmu.edu.pk/beta/announcements/details/provisional-list-of-students-applied-for-prime-minister-laptop-scheme-phase-iii-shaheed-mohtarma-benazir-bhutto-medical-university-smbbmu-larkana-08-30-2023
pdfs/smbbmu-pm-laptop-final-list-180823-1-16926363740.pdf,https://www.smbbmu.edu.pk/beta/news/downloadFile/smbbmu+pm+laptop+final+list+180823-1_16926363740.pdf,https://www.smbbmu.edu.pk/beta/announcements/details/final-provisional-list-of-students-applied-for-prime-minister-laptop-scheme-phase-iii-shaheed-mohtarma-benazir-bhutto-medical-university-smbbmu-larkana-08-19-2023
pdfs/remaining-courses-updt-16919112392.pdf,https://www.smbbmu.edu.pk/beta/news/downloadFile/remaining+courses+UPDT_16919112392.pdf,https://www.smbbmu.edu.pk/beta/announcements/details/list-of-candidates-recommended-for-induction-in-the-university-postgraduate-courses-session-july-2023-08-12-2023
pdfs/university-courses-16919112391.pdf,https://www.smbbmu.edu.pk/beta/news/downloadFile/University+courses_16919112391.pdf,https://www.smbbmu.edu.pk/beta/announcements/details/list-of-candidates-recommended-for-induction-in-the-university-postgraduate-courses-session-july-2023-08-12-2023
pdfs/diploma-16919112390.pdf,https://www.smbbmu.edu.pk/beta/news/downloadFile/DIPLOMA_16919112390.pdf,https://www.smbbmu.edu.pk/beta/announcements/details/list-of-candidates-recommended-for-induction-in-the-university-postgraduate-courses-session-july-2023-08-12-2023
pdfs/smbbmu-3rd-merit-list-300723-16908013120.pdf,https://www.smbbmu.edu.pk/beta/news/downloadFile/smbbmu+3rd+merit+list+300723_16908013120.pdf,https://www.smbbmu.edu.pk/beta/announcements/details/third-merit-list-of-students-of-smbbmu-larkana-who-applied-for-pm-laptop-scheme-07-31-2023
pdfs/provisional-merit-list-of-smbbmu-13-07-2023-16893231830.pdf,https://www.smbbmu.edu.pk/beta/news/downloadFile/provisional+merit+list+of+SMBBMU-13-07-2023_16893231830.pdf,https://www.smbbmu.edu.pk/beta/announcements/details/provisional-list-of-all-students-who-have-applied-for-pm-laptop-scheme-phase-iii-202-23-07-14-2023
pdfs/allotment-list-for-boys-hostel-no-16892288193.pdf,https://www.smbbmu.edu.pk/beta/news/downloadFile/Allotment+List+for+Boys+Hostel+No_16892288193.pdf,https://www.smbbmu.edu.pk/beta/announcements/details/hostel-allotment-list-of-the-boys-students-of-chandka-medical-college-larkana-07-12-2023
pdfs/allotment-list-for-boys-hostel-no-16892288192.pdf,https://www.smbbmu.edu.pk/beta/news/downloadFile/Allotment+List+for+Boys+Hostel+No_16892288192.pdf,https://www.smbbmu.edu.pk/beta/announcements/details/hostel-allotment-list-of-the-boys-students-of-chandka-medical-college-larkana-07-12-2023
pdfs/allotment-list-for-boys-hostel-no-16892288191.pdf,https://www.smbbmu.edu.pk/beta/news/downloadFile/Allotment+List+for+Boys+Hostel+No_16892288191.pdf,https://www.smbbmu.edu.pk/beta/announcements/details/hostel-allotment-list-of-the-boys-students-of-chandka-medical-college-larkana-07-12-2023
pdfs/allotment-list-for-boys-hostel-no-16892288190.pdf,https://www.smbbmu.edu.pk/beta/news/downloadFile/Allotment+List+for+Boys+Hostel+No_16892288190.pdf,https://www.smbbmu.edu.pk/beta/announcements/details/hostel-allotment-list-of-the-boys-students-of-chandka-medical-college-larkana-07-12-2023
pdfs/camscanner-07-06-2023-11-16886252590.pdf,https://www.smbbmu.edu.pk/beta/news/downloadFile/CamScanner+07-06-2023+11_16886252590.pdf,https://www.smbbmu.edu.pk/beta/announcements/details/result-of-bsngeneric-year-iii-semester-iv-re-sit-examination-session-2018-19-of-benazir-college-of-nursing-held-in-the-month-of-may-2023-07-05-2023
pdfs/photo-2023-06-19-12-56-06-16871741920.pdf,https://www.smbbmu.edu.pk/beta/news/downloadFile/PHOTO-2023-06-19-12-56-06_16871741920.pdf,https://www.smbbmu.edu.pk/beta/announcements/details/revised-result-of-third-professional-mbbs-third-year-annual-examination-session-2019-2020-of-chandka-medical-college-larkana-ghulam-muhammad-mahar-medical-college-sukkur-and-gambat-medical-college-gambat-held-in-the-month-of-january-2023-06-19-2023
pdfs/result-mbbs-4th-year-16851239580.pdf,https://www.smbbmu.edu.pk/beta/news/downloadFile/result-mbbs-4th-year_16851239580.pdf,https://www.smbbmu.edu.pk/beta/announcements/details/result-of-fourth-professional-mbbs-fourth-year-annual-examination-session-2018-2019-of-chandka-medical-college-larkana-ghulam-muhammad-mahar-medical-college-sukkur-and-gambat-medical-college-gambat-held-in-the-month-of-january-2023-05-26-2023
pdfs/result-mbbs-3rd-year-16847624800.pdf,https://www.smbbmu.edu.pk/beta/news/downloadFile/result-mbbs-3rd-year_16847624800.pdf,https://www.smbbmu.edu.pk/beta/announcements/details/result-of-third-professional-mbbs-third-year-annual-examination-session-2019-2020-of-chandka-medical-college-larkana-ghulam-muhammad-mahar-medical-college-sukkur-and-gambat-medical-college-gambat-held-in-the-month-of-january-2023-05-22-2023
pdfs/img-1749-16837837900.pdf,https://www.smbbmu.edu.pk/beta/news/downloadFile/IMG_1749_16837837900.pdf,https://www.smbbmu.edu.pk/beta/announcements/details/result-of-bsngeneric-year-i-semester-ii-regular-examination-session-2021-22-05-11-2023
pdfs/cc488d22-36be-4a01-b498-ba4fb3ddb2f8-16832617180.pdf,https://www.smbbmu.edu.pk/beta/news/downloadFile/CC488D22-36BE-4A01-B498-BA4FB3DDB2F8_16832617180.pdf,https://www.smbbmu.edu.pk/beta/announcements/details/result-of-the-final-professional-mbbs-final-year-examination-held-in-the-month-of-january-2023-05-05-2023
pdfs/new-doc-01-10-2023-12-16733688260.pdf,https://www.smbbmu.edu.pk/beta/news/downloadFile/New+Doc+01-10-2023+12_16733688260.pdf,https://www.smbbmu.edu.pk/beta/announcements/details/postgraduate-interview-schedule-for-the-session-january-2023-at-smbb-medical-university-larkana-01-10-2023
pdfs/new-doc-01-10-2023-12-16733665070.pdf,https://www.smbbmu.edu.pk/beta/news/downloadFile/New+Doc+01-10-2023+12_16733665070.pdf,https://www.smbbmu.edu.pk/beta/announcements/details/postgraduate-interview-schedule-for-the-session-january-2023-at-smbb-medical-university-larkana-01-10-2023
pdfs/postgraduate-entry-test-results-16728473450.pdf,https://www.smbbmu.edu.pk/beta/news/downloadFile/Postgraduate+Entry+Test+Results_16728473450.pdf,https://www.smbbmu.edu.pk/beta/announcements/details/announcement-of-result-of-various-postgraduate-courses-held-in-december-2022-session-january-2023-01-04-2023
pdfs/form-16700505710.pdf,https://www.smbbmu.edu.pk/beta/news/downloadFile/Form_16700505710.pdf,https://www.smbbmu.edu.pk/beta/announcements/details/admission-for-certificate-in-health-professions-education-c-hpe-session-2023-11-30-2022
pdfs/results-16589238370.pdf,https://www.smbbmu.edu.pk/beta/news/downloadFile/Results_16589238370.pdf,https://www.smbbmu.edu.pk/beta/announcements/details/announcement-if-result-of-post-graduate-entry-test-june-2022-session-july-2022-at-smbb-medical-university-larkana-07-27-2022
pdfs/notification-16563458660.pdf,https://www.smbbmu.edu.pk/beta/news/downloadFile/Notification_16563458660.pdf,https://www.smbbmu.edu.pk/beta/announcements/details/postponed-of-postgraduate-entry-test-for-the-july-2022-session-smbb-medical-university-larkana-06-27-2022
pdfs/notice-of-workshops-16541080670.pdf,https://www.smbbmu.edu.pk/beta/news/downloadFile/Notice+of+Workshops_16541080670.pdf,https://www.smbbmu.edu.pk/beta/announcements/details/workshop-schedule-for-the-supervisors-and-postgraduate-trainees-06-01-2022
pdfs/advertisement-16539191510.pdf,https://www.smbbmu.edu.pk/beta/news/downloadFile/Advertisement_16539191510.pdf,https://www.smbbmu.edu.pk/beta/announcements/details/admissions-of-postgraduate-courses-for-the-session-of-july-2022-at-smbb-medical-university-larkana-05-30-2022
pdfs/form-and-challan-16535515730.pdf,https://www.smbbmu.edu.pk/beta/news/downloadFile/form+and+challan_16535515730.pdf,https://www.smbbmu.edu.pk/beta/announcements/details/applications-are-invited-to-fill-the-vacant-seats-of-bsc-nursing-post-rn-05-26-2022
pdfs/form-16502916770.pdf,https://www.smbbmu.edu.pk/beta/news/downloadFile/Form_16502916770.pdf,https://www.smbbmu.edu.pk/beta/announcements/details/admission-for-certificate-in-health-professions-education-c-hpe-session-2022-04-18-2022
pdfs/postrn-result-16467609521.pdf,https://www.smbbmu.edu.pk/beta/news/downloadFile/postRN-Result_16467609521.pdf,https://www.smbbmu.edu.pk/beta/announcements/details/result-of-entry-test-for-admission-into-nursing-programs-at-smbbmu-for-session-2021-22-held-on-06-03-2022-03-08-2022
pdfs/bsn-result-16467609520.pdf,https://www.smbbmu.edu.pk/beta/news/downloadFile/bsn-result_16467609520.pdf,https://www.smbbmu.edu.pk/beta/announcements/details/result-of-entry-test-for-admission-into-nursing-programs-at-smbbmu-for-session-2021-22-held-on-06-03-2022-03-08-2022
pdfs/declaration-of-result-16448418100.pdf,https://www.smbbmu.edu.pk/beta/news/downloadFile/Declaration+of+Result_16448418100.pdf,https://www.smbbmu.edu.pk/beta/announcements/details/result-of-postgraduate-degree-and-diploma-examination-september-2021-02-11-2022
pdfs/md-ms-1-result-16401576900.pdf,https://www.smbbmu.edu.pk/beta/news/downloadFile/md-ms-1-result_16401576900.pdf,https://www.smbbmu.edu.pk/beta/announcements/details/result-of-postgraduate-entry-tests-and-mdms-part-i-examination-december-2021-12-22-2021
pdfs/contents-jsmbbmu-1-16322558160.pdf,https://www.smbbmu.edu.pk/beta/news/downloadFile/contents-JSMBBMU-1_16322558160.pdf,https://www.smbbmu.edu.pk/beta/announcements/details/notice-for-submission-of-research-papers-in-journal-of-smbb-medical-university-larkana-09-16-2021
pdfs/diploma-july-2021-16243554571.pdf,https://www.smbbmu.edu.pk/beta/news/downloadFile/diploma-july-2021_16243554571.pdf,https://www.smbbmu.edu.pk/beta/announcements/details/result-of-mdms-part-i-and-entry-test-of-mphil-diploma-mcps-and-fcps-ii-for-session-july-2021-06-22-2021
pdfs/md-ms-page-1-16243554570.pdf,https://www.smbbmu.edu.pk/beta/news/downloadFile/MD-MS-page-1_16243554570.pdf,https://www.smbbmu.edu.pk/beta/announcements/details/result-of-mdms-part-i-and-entry-test-of-mphil-diploma-mcps-and-fcps-ii-for-session-july-2021-06-22-2021
pdfs/fcps-ii-16243551260.pdf,https://www.smbbmu.edu.pk/beta/news/downloadFile/fcps-II_16243551260.pdf,https://www.smbbmu.edu.pk/beta/announcements/details/result-of-mdms-part-i-and-entry-test-of-mphil-diploma-mcps-and-fcps-ii-for-session-july-2021-06-22-2021
pdfs/result-selection-board-16159765570.pdf,https://www.smbbmu.edu.pk/beta/news/downloadFile/result_selection_board_16159765570.pdf,https://www.smbbmu.edu.pk/beta/announcements/details/recommendation-of-selection-board-for-different-teaching-and-administrative-posts-held-on-24th-february-2021-03-17-2021
pdfs/13-02-2102-00-54-all-report-16132089670.pdf,https://www.smbbmu.edu.pk/beta/news/downloadFile/13-02-2102-00-54_All_report_16132089670.pdf,https://www.smbbmu.edu.pk/beta/announcements/details/list-of-candidates-who-have-applied-for-admission-to-dpt-pharmd-courses-for-session-2020-21-02-11-2021
pdfs/dpt-and-d-pharmacy-provisional-merit-list-cmc-dpt-20-21-16130677840.pdf,https://www.smbbmu.edu.pk/beta/news/downloadFile/DPT+and+D-Pharmacy+PRovisional+Merit+List+cmc+DPT+20-21_16130677840.pdf,https://www.smbbmu.edu.pk/beta/announcements/details/list-of-candidates-who-have-applied-for-admission-to-dpt-pharmd-courses-for-session-2020-21-02-11-2021
pdfs/11untouch-bsn-generic-4-year-2020-21-16122475780.pdf,https://www.smbbmu.edu.pk/beta/news/downloadFile/11UNTOUCH+BSN+GENERIC+4+YEAR+2020-21+-_16122475780.pdf,https://www.smbbmu.edu.pk/beta/announcements/details/provisional-list-of-candidates-who-applied-for-admission-to-bsc-nursinggeneric-at-smbbmu-larkana-02-02-2021
pdfs/result-sheet-16081043210.pdf,https://www.smbbmu.edu.pk/beta/news/downloadFile/Result+Sheet_16081043210.pdf,https://www.smbbmu.edu.pk/beta/announcements/details/result-of-entry-test-of-diploma-msph-msc-msmd-phd-mphil-and-fcps-ii-12-16-2020
pdfs/smbbmu-application-form-for-nursing-course-2020-21-16079311770.pdf,https://www.smbbmu.edu.pk/beta/news/downloadFile/smbbmu+application+form+for+nursing+course+2020-21_16079311770.pdf,https://www.smbbmu.edu.pk/beta/announcements/details/admissions-for-bs-nursing-generic-bsc-nursing-post-rn-at-benazir-college-of-nursing-smbbmu-larkana-12-11-2020
pdfs/nursing-challan-2020-21-16079308390.pdf,https://www.smbbmu.edu.pk/beta/news/downloadFile/nursing+challan+2020-21_16079308390.pdf,https://www.smbbmu.edu.pk/beta/announcements/details/admissions-for-bs-nursing-generic-bsc-nursing-post-rn-at-benazir-college-of-nursing-smbbmu-larkana-12-11-2020
pdfs/bcon-learning-outcome-bsn-bscn-postrn-16795979310.pdf,https://www.smbbmu.edu.pk/beta/news/downloadFile/BCON++Learning+Outcome-BSN-+BScN-PostRN_16795979310.pdf,https://www.smbbmu.edu.pk/beta/announcements/details/notice-for-mandatory-workshops-for-the-post-graduate-trainees-enrolled-in-various-programs-of-the-university-10-13-2020
pdfs/pharmacy-learning-outcomes-16795978821.pdf,https://www.smbbmu.edu.pk/beta/news/downloadFile/Pharmacy-Learning-outcomes_16795978821.pdf,https://www.smbbmu.edu.pk/beta/announcements/details/notice-for-mandatory-workshops-for-the-post-graduate-trainees-enrolled-in-various-programs-of-the-university-10-13-2020
pdfs/dpt-learning-outcomes-16795978820.pdf,https://www.smbbmu.edu.pk/beta/news/downloadFile/DPT-LEARNING-OUTCOMES_16795978820.pdf,https://www.smbbmu.edu.pk/beta/announcements/details/notice-for-mandatory-workshops-for-the-post-graduate-trainees-enrolled-in-various-programs-of-the-university-10-13-2020
pdfs/bds-learning-outcomes-16795978090.pdf,https://www.smbbmu.edu.pk/beta/news/downloadFile/BDS-Learning-outcomes_16795978090.pdf,https://www.smbbmu.edu.pk/beta/announcements/details/notice-for-mandatory-workshops-for-the-post-graduate-trainees-enrolled-in-various-programs-of-the-university-10-13-2020
pdfs/mbbs-learning-outcome-16795977050.pdf,https://www.smbbmu.edu.pk/beta/news/downloadFile/MBBS-learning-Outcome_16795977050.pdf,https://www.smbbmu.edu.pk/beta/announcements/details/notice-for-mandatory-workshops-for-the-post-graduate-trainees-enrolled-in-various-programs-of-the-university-10-13-2020
pdfs/osce-template-16795973341.pdf,https://www.smbbmu.edu.pk/beta/news/downloadFile/osce-template_16795973341.pdf,https://www.smbbmu.edu.pk/beta/announcements/details/notice-for-mandatory-workshops-for-the-post-graduate-trainees-enrolled-in-various-programs-of-the-university-10-13-2020
pdfs/ospe-template-16795973340.pdf,https://www.smbbmu.edu.pk/beta/news/downloadFile/ospe-template_16795973340.pdf,https://www.smbbmu.edu.pk/beta/announcements/details/notice-for-mandatory-workshops-for-the-post-graduate-trainees-enrolled-in-various-programs-of-the-university-10-13-2020
pdfs/bcq-submission-proforma-16144163370.pdf,https://www.smbbmu.edu.pk/beta/news/downloadFile/BCQ+SUBMISSION+PROFORMA_16144163370.pdf,https://www.smbbmu.edu.pk/beta/announcements/details/notice-for-mandatory-workshops-for-the-post-graduate-trainees-enrolled-in-various-programs-of-the-university-10-13-2020
pdfs/workshop-registration-form-16043905590.pdf,https://www.smbbmu.edu.pk/beta/news/downloadFile/workshop+registration+form_16043905590.pdf,https://www.smbbmu.edu.pk/beta/announcements/details/notice-for-mandatory-workshops-for-the-post-graduate-trainees-enrolled-in-various-programs-of-the-university-10-13-2020
pdfs/refund-claim-form-ok-16029354070.pdf,https://www.smbbmu.edu.pk/beta/news/downloadFile/Refund+Claim+form+ok_16029354070.pdf,https://www.smbbmu.edu.pk/beta/announcements/details/notice-for-mandatory-workshops-for-the-post-graduate-trainees-enrolled-in-various-programs-of-the-university-10-13-2020
pdfs/time-table-iprs-aug-dpt-year-1-15970362510.pdf,https://www.smbbmu.edu.pk/beta/news/downloadFile/Time+Table-IPRS-Aug-DPT-Year-1_15970362510.pdf,https://www.smbbmu.edu.pk/beta/announcements/details/schedule-for-online-classes-of-institute-of-physiotherapy-and-rehabilitation-sciences-for-the-month-of-august-08-09-2020
pdfs/time-table-ipr-pharma-aug-year-1-new-15970550830.pdf,https://www.smbbmu.edu.pk/beta/news/downloadFile/Time+table-IPR-Pharma-+Aug+-Year-1+New_15970550830.pdf,https://www.smbbmu.edu.pk/beta/announcements/details/schedule-for-online-classes-of-institute-of-pharmacy-for-the-month-of-august-08-08-2020
pdfs/time-table-ipr-pharma-aug-year-3-15970446712.pdf,https://www.smbbmu.edu.pk/beta/news/downloadFile/Time+table+-IPR-Pharma-Aug+Year-3_15970446712.pdf,https://www.smbbmu.edu.pk/beta/announcements/details/schedule-for-online-classes-of-institute-of-pharmacy-for-the-month-of-august-08-08-2020
pdfs/time-table-ipr-pharma-aug-year-2-15970446711.pdf,https://www.smbbmu.edu.pk/beta/news/downloadFile/Time+Table-IPR-Pharma-Aug-Year-2_15970446711.pdf,https://www.smbbmu.edu.pk/beta/announcements/details/schedule-for-online-classes-of-institute-of-pharmacy-for-the-month-of-august-08-08-2020
pdfs/time-table-ipr-pharma-aug-year-1-15970446700.pdf,https://www.smbbmu.edu.pk/beta/news/downloadFile/Time+table+-IPR+Pharma-Aug-+Year-1_15970446700.pdf,https://www.smbbmu.edu.pk/beta/announcements/details/schedule-for-online-classes-of-institute-of-pharmacy-for-the-month-of-august-08-08-2020
pdfs/diplomas-15966145116.pdf,https://www.smbbmu.edu.pk/beta/news/downloadFile/diplomas_15966145116.pdf,https://www.smbbmu.edu.pk/beta/announcements/details/result-of-entry-test-of-phd-mphil-msph-mcps-mdms-i-and-diploma-courses-for-session-july-2020-08-05-2020
pdfs/time-table-cmc-aug-year-1-15967463524.pdf,https://www.smbbmu.edu.pk/beta/news/downloadFile/Time+Table-CMC-Aug-Year-1_15967463524.pdf,https://www.smbbmu.edu.pk/beta/announcements/details/schedule-for-online-classes-of-cmc-for-the-month-of-august-08-05-2020
pdfs/time-table-cmc-aug-year-2-15967463523.pdf,https://www.smbbmu.edu.pk/beta/news/downloadFile/Time+Table-CMC-Aug-Year-2_15967463523.pdf,https://www.smbbmu.edu.pk/beta/announcements/details/schedule-for-online-classes-of-cmc-for-the-month-of-august-08-05-2020
pdfs/time-table-cmc-aug-year-3-15967463522.pdf,https://www.smbbmu.edu.pk/beta/news/downloadFile/Time+Table-CMC-Aug-Year-3_15967463522.pdf,https://www.smbbmu.edu.pk/beta/announcements/details/schedule-for-online-classes-of-cmc-for-the-month-of-august-08-05-2020
pdfs/time-table-cmc-aug-year-4-15967463521.pdf,https://www.smbbmu.edu.pk/beta/news/downloadFile/Time+Table-CMC-Aug-Year-4_15967463521.pdf,https://www.smbbmu.edu.pk/beta/announcements/details/schedule-for-online-classes-of-cmc-for-the-month-of-august-08-05-2020
pdfs/time-table-cmc-aug-year-5-15967463520.pdf,https://www.smbbmu.edu.pk/beta/news/downloadFile/Time+Table-CMC-Aug-Year-5_15967463520.pdf,https://www.smbbmu.edu.pk/beta/announcements/details/schedule-for-online-classes-of-cmc-for-the-month-of-august-08-05-2020
pdfs/time-table-gmc-aug-year-1-15969536744.pdf,https://www.smbbmu.edu.pk/beta/news/downloadFile/Time+Table-GMC-Aug-Year-1_15969536744.pdf,https://www.smbbmu.edu.pk/beta/announcements/details/schedule-for-online-classes-of-gmmmc-for-the-month-of-august-08-05-2020
pdfs/time-table-gmc-aug-year-2-15969536743.pdf,https://www.smbbmu.edu.pk/beta/news/downloadFile/Time+Table-GMC-Aug-Year-2_15969536743.pdf,https://www.smbbmu.edu.pk/beta/announcements/details/schedule-for-online-classes-of-gmmmc-for-the-month-of-august-08-05-2020
pdfs/time-table-gmc-aug-year-3-15969536742.pdf,https://www.smbbmu.edu.pk/beta/news/downloadFile/Time+Table-GMC-Aug-Year-3_15969536742.pdf,https://www.smbbmu.edu.pk/beta/announcements/details/schedule-for-online-classes-of-gmmmc-for-the-month-of-august-08-05-2020
pdfs/time-table-gmc-aug-year-4-15969536741.pdf,https://www.smbbmu.edu.pk/beta/news/downloadFile/Time+Table-GMC-Aug-Year-4_15969536741.pdf,https://www.smbbmu.edu.pk/beta/announcements/details/schedule-for-online-classes-of-gmmmc-for-the-month-of-august-08-05-2020
pdfs/time-table-gmc-aug-year-5-15969536740.pdf,https://www.smbbmu.edu.pk/beta/news/downloadFile/Time+Table-GMC-Aug-Year-5_15969536740.pdf,https://www.smbbmu.edu.pk/beta/announcements/details/schedule-for-online-classes-of-gmmmc-for-the-month-of-august-08-05-2020
pdfs/ehsaas-scholarhip-recommended-and-waiting-list-15916101350.pdf,https://www.smbbmu.edu.pk/beta/news/downloadFile/Ehsaas+Scholarhip+Recommended+and+waiting+list_15916101350.pdf,https://www.smbbmu.edu.pk/beta/announcements/details/list-fo-recommended-and-waiting-candidates-for-ehsaas-undergraduate-scholarship-06-06-2020
pdfs/cmc-time-table-final-year-mbbs-150620-1-15921976734.pdf,https://www.smbbmu.edu.pk/beta/news/downloadFile/CMC-Time+Table+Final+Year+MBBS+150620-1_15921976734.pdf,https://www.smbbmu.edu.pk/beta/announcements/details/schedule-for-online-classes-05-27-2020
pdfs/cmc-time-table-4th-year-mbbs-150620-15921976733.pdf,https://www.smbbmu.edu.pk/beta/news/downloadFile/CMC-Time+Table+4th+Year+MBBS+150620_15921976733.pdf,https://www.smbbmu.edu.pk/beta/announcements/details/schedule-for-online-classes-05-27-2020
pdfs/cmc-time-table-3rd-year-mbbs-150620-15921976732.pdf,https://www.smbbmu.edu.pk/beta/news/downloadFile/CMC-Time+Table+3rd+Year+MBBS+150620_15921976732.pdf,https://www.smbbmu.edu.pk/beta/announcements/details/schedule-for-online-classes-05-27-2020
pdfs/cmc-time-table-2nd-year-mbbs-150620-15921976731.pdf,https://www.smbbmu.edu.pk/beta/news/downloadFile/CMC-Time+Table+2nd+Year+MBBS+150620_15921976731.pdf,https://www.smbbmu.edu.pk/beta/announcements/details/schedule-for-online-classes-05-27-2020
pdfs/cmc-time-table-1st-year-mbbs-150620-15921976730.pdf,https://www.smbbmu.edu.pk/beta/news/downloadFile/CMC-Time+Table+1st+Year+MBBS+150620_15921976730.pdf,https://www.smbbmu.edu.pk/beta/announcements/details/schedule-for-online-classes-05-27-2020
pdfs/bscn-post-rn-sem-i-new-15909912221.pdf,https://www.smbbmu.edu.pk/beta/news/downloadFile/BScN+Post+RN+Sem-I-NEW_15909912221.pdf,https://www.smbbmu.edu.pk/beta/announcements/details/schedule-for-online-classes-05-27-2020
pdfs/bsn-gen-sem-1-new-15909912220.pdf,https://www.smbbmu.edu.pk/beta/news/downloadFile/BSN-Gen-Sem-1-NEW_15909912220.pdf,https://www.smbbmu.edu.pk/beta/announcements/details/schedule-for-online-classes-05-27-2020
pdfs/time-table-3rd-year-pharm-d-b-01-15909911242.pdf,https://www.smbbmu.edu.pk/beta/news/downloadFile/Time+Table+3rd+Year+Pharm-D+B-01_15909911242.pdf,https://www.smbbmu.edu.pk/beta/announcements/details/schedule-for-online-classes-05-27-2020
pdfs/time-table-2nd-year-pharm-d-b-02-15909911241.pdf,https://www.smbbmu.edu.pk/beta/news/downloadFile/Time+Table+2nd+Year+Pharm-D+B-02_15909911241.pdf,https://www.smbbmu.edu.pk/beta/announcements/details/schedule-for-online-classes-05-27-2020
pdfs/time-table-new-1st-year-pharm-d-b-04-15909911240.pdf,https://www.smbbmu.edu.pk/beta/news/downloadFile/Time+Table+New+1st+Year+Pharm-D+B-04_15909911240.pdf,https://www.smbbmu.edu.pk/beta/announcements/details/schedule-for-online-classes-05-27-2020
pdfs/time-table-for-1st-year-bds-b09-15906609372.pdf,https://www.smbbmu.edu.pk/beta/news/downloadFile/Time+Table+for+1st+Year+BDS+b09_15906609372.pdf,https://www.smbbmu.edu.pk/beta/announcements/details/schedule-for-online-classes-05-27-2020
pdfs/time-table-for-1st-year-dpt-b01-15906609371.pdf,https://www.smbbmu.edu.pk/beta/news/downloadFile/Time+Table+for+1st+Year+DPT+B01_15906609371.pdf,https://www.smbbmu.edu.pk/beta/announcements/details/schedule-for-online-classes-05-27-2020
pdfs/time-table-of-final-year-mbbs-15906603764.pdf,https://www.smbbmu.edu.pk/beta/news/downloadFile/Time+Table+of+Final+Year+MBBS_15906603764.pdf,https://www.smbbmu.edu.pk/beta/announcements/details/schedule-for-online-classes-05-27-2020
pdfs/time-table-of-4th-year-mbbs-15906603763.pdf,https://www.smbbmu.edu.pk/beta/news/downloadFile/Time+Table+of+4th+Year+MBBS_15906603763.pdf,https://www.smbbmu.edu.pk/beta/announcements/details/schedule-for-online-classes-05-27-2020
pdfs/time-table-of-3rd-year-mbbs-15906603762.pdf,https://www.smbbmu.edu.pk/beta/news/downloadFile/Time+Table+of+3rd+Year+MBBS_15906603762.pdf,https://www.smbbmu.edu.pk/beta/announcements/details/schedule-for-online-classes-05-27-2020
pdfs/time-table-of-2nd-year-mbbs-15906603761.pdf,https://www.smbbmu.edu.pk/beta/news/downloadFile/Time+Table+of+2nd+Year+MBBS_15906603761.pdf,https://www.smbbmu.edu.pk/beta/announcements/details/schedule-for-online-classes-05-27-2020
pdfs/time-table-of-1st-year-mbbs-15906603760.pdf,https://www.smbbmu.edu.pk/beta/news/downloadFile/Time+Table+of+1st+Year+MBBS_15906603760.pdf,https://www.smbbmu.edu.pk/beta/announcements/details/schedule-for-online-classes-05-27-2020
pdfs/boys-hostel-no-15918173520.pdf,https://www.smbbmu.edu.pk/beta/news/downloadFile/Boys+Hostel+No_15918173520.xlsx,https://www.smbbmu.edu.pk/beta/announcements/details/list-of-boys-hostel-allotments-of-chandka-medical-college-04-30-2020
pdfs/boys-hostel-no-15883183081.pdf,https://www.smbbmu.edu.pk/beta/news/downloadFile/Boys+Hostel+No_15883183081.xls,https://www.smbbmu.edu.pk/beta/announcements/details/list-of-boys-hostel-allotments-of-chandka-medical-college-04-30-2020
pdfs/boys-hostel-no-15883183080.pdf,https://www.smbbmu.edu.pk/beta/news/downloadFile/Boys+Hostel+No_15883183080.xlsx,https://www.smbbmu.edu.pk/beta/announcements/details/list-of-boys-hostel-allotments-of-chandka-medical-college-04-30-2020
pdfs/boys-hostel-no-15883182341.pdf,https://www.smbbmu.edu.pk/beta/news/downloadFile/Boys+Hostel+No_15883182341.xlsx,https://www.smbbmu.edu.pk/beta/announcements/details/list-of-boys-hostel-allotments-of-chandka-medical-college-04-30-2020
pdfs/boys-hostel-no-15883182340.pdf,https://www.smbbmu.edu.pk/beta/news/downloadFile/Boys+Hostel+No_15883182340.xlsx,https://www.smbbmu.edu.pk/beta/announcements/details/list-of-boys-hostel-allotments-of-chandka-medical-college-04-30-2020
pdfs/associateprofessors-15839433581.pdf,https://www.smbbmu.edu.pk/beta/news/downloadFile/associateProfessors_15839433581.pdf,https://www.smbbmu.edu.pk/beta/announcements/details/preliminary-voter-list-for-election-to-the-authorities-to-university-03-11-2020
pdfs/assistantprofessors-15839433580.pdf,https://www.smbbmu.edu.pk/beta/news/downloadFile/assistantProfessors_15839433580.pdf,https://www.smbbmu.edu.pk/beta/announcements/details/preliminary-voter-list-for-election-to-the-authorities-to-university-03-11-2020
pdfs/seniorregistrars-15839432753.pdf,https://www.smbbmu.edu.pk/beta/news/downloadFile/seniorRegistrars_15839432753.pdf,https://www.smbbmu.edu.pk/beta/announcements/details/preliminary-voter-list-for-election-to-the-authorities-to-university-03-11-2020
pdfs/seniorlecturers-15839432752.pdf,https://www.smbbmu.edu.pk/beta/news/downloadFile/seniorLecturers_15839432752.pdf,https://www.smbbmu.edu.pk/beta/announcements/details/preliminary-voter-list-for-election-to-the-authorities-to-university-03-11-2020
pdfs/officers-15839432751.pdf,https://www.smbbmu.edu.pk/beta/news/downloadFile/officers_15839432751.pdf,https://www.smbbmu.edu.pk/beta/announcements/details/preliminary-voter-list-for-election-to-the-authorities-to-university-03-11-2020
pdfs/nonvoters-15839432750.pdf,https://www.smbbmu.edu.pk/beta/news/downloadFile/nonVoters_15839432750.pdf,https://www.smbbmu.edu.pk/beta/announcements/details/preliminary-voter-list-for-election-to-the-authorities-to-university-03-11-2020
pdfs/result-of-final-examination-15839423500.pdf,https://www.smbbmu.edu.pk/beta/news/downloadFile/Result-of-Final-Examination_15839423500.pdf,https://www.smbbmu.edu.pk/beta/announcements/details/result-of-final-professional-mbbs-final-year-annual-examination-session-2014-15-03-07-2020
pdfs/firstyearresult-15826940680.pdf,https://www.smbbmu.edu.pk/beta/news/downloadFile/firstYearResult_15826940680.pdf,https://www.smbbmu.edu.pk/beta/announcements/details/result-of-first-professional-mbbs-first-year-annual-examination-session-2018-19-02-25-2020
pdfs/secondyearresult-15826942800.pdf,https://www.smbbmu.edu.pk/beta/news/downloadFile/secondYearResult_15826942800.pdf,https://www.smbbmu.edu.pk/beta/announcements/details/result-of-second-professional-mbbs-second-year-annual-examination-session-2017-18-02-25-2020
pdfs/list-of-ineligible-candidates-15822966580.pdf,https://www.smbbmu.edu.pk/beta/news/downloadFile/List+of+ineligible+candidates_15822966580.pdf,https://www.smbbmu.edu.pk/beta/announcements/details/interview-schedule-for-ehsaas-undergraduate-scholarship-02-21-2020
pdfs/list-of-eligible-candidates-15822966050.pdf,https://www.smbbmu.edu.pk/beta/news/downloadFile/List+of+eligible+candidates_15822966050.pdf,https://www.smbbmu.edu.pk/beta/announcements/details/interview-schedule-for-ehsaas-undergraduate-scholarship-02-21-2020
pdfs/13th-nov-15774620131.pdf,https://www.smbbmu.edu.pk/beta/news/downloadFile/13th+nov_15774620131.pdf,https://www.smbbmu.edu.pk/beta/announcements/details/result-of-31st-selection-board-held-on-12th-and-13th-november-2019-12-26-2019
pdfs/12th-nov-15774620130.pdf,https://www.smbbmu.edu.pk/beta/news/downloadFile/12th+nov_15774620130.pdf,https://www.smbbmu.edu.pk/beta/announcements/details/result-of-31st-selection-board-held-on-12th-and-13th-november-2019-12-26-2019
pdfs/24-nov-15774621641.pdf,https://www.smbbmu.edu.pk/beta/news/downloadFile/24+nov_15774621641.pdf,https://www.smbbmu.edu.pk/beta/announcements/details/result-of-32nd-selection-board-held-on-23rd-and-24th-november-2019-12-26-2019
pdfs/23-nov-15774621640.pdf,https://www.smbbmu.edu.pk/beta/news/downloadFile/23+nov_15774621640.pdf,https://www.smbbmu.edu.pk/beta/announcements/details/result-of-32nd-selection-board-held-on-23rd-and-24th-november-2019-12-26-2019
pdfs/8thdec-15774622991.pdf,https://www.smbbmu.edu.pk/beta/news/downloadFile/8thdec_15774622991.pdf,https://www.smbbmu.edu.pk/beta/announcements/details/result-of-33rd-selection-board-held-on-7th-and-8th-december-2019-12-26-2019
pdfs/7thdec-15774622990.pdf,https://www.smbbmu.edu.pk/beta/news/downloadFile/7thdec_15774622990.pdf,https://www.smbbmu.edu.pk/beta/announcements/details/result-of-33rd-selection-board-held-on-7th-and-8th-december-2019-12-26-2019
pdfs/23rddec-15774624030.pdf,https://www.smbbmu.edu.pk/beta/news/downloadFile/23rdDec_15774624030.pdf,https://www.smbbmu.edu.pk/beta/announcements/details/result-of-34th-selection-board-held-on-23rd-december-2019-12-26-2019
pdfs/convert-jpg-to-pdf-15766515070.pdf,https://www.smbbmu.edu.pk/beta/news/downloadFile/convert-jpg-to-pdf_15766515070.pdf,https://www.smbbmu.edu.pk/beta/announcements/details/result-of-entry-test-of-diploma-fcps-ii-training-mdms-part-i-examination-for-session-january-2019-12-17-2019
pdfs/convert-jpg-to-pdf-15766514210.pdf,https://www.smbbmu.edu.pk/beta/news/downloadFile/convert-jpg-to-pdf_15766514210.pdf,https://www.smbbmu.edu.pk/beta/announcements/details/result-of-entry-test-of-diploma-fcps-ii-training-mdms-part-i-examination-for-session-january-2019-12-17-2019
pdfs/overseas-form-15751077180.pdf,https://www.smbbmu.edu.pk/beta/news/downloadFile/overseas-form_15751077180.pdf,https://www.smbbmu.edu.pk/beta/announcements/details/admissions-to-1st-year-mbbsbds-on-reserved-seats-of-overseas-pakistanis-11-29-2019
pdfs/local-form-15751077400.pdf,https://www.smbbmu.edu.pk/beta/news/downloadFile/local-form_15751077400.pdf,https://www.smbbmu.edu.pk/beta/announcements/details/admissions-to-1st-year-mbbsbds-on-ueap-local-basis-11-29-2019
pdfs/gmmmc-not-eligible-candidates-15750160450.pdf,https://www.smbbmu.edu.pk/beta/news/downloadFile/gmmmc-not-eligible-candidates_15750160450.pdf,https://www.smbbmu.edu.pk/beta/announcements/details/provisional-merit-list-of-candidates-who-have-applied-for-admission-into-1st-year-mbbsbds-courses-for-session-2019-20-at-shaheed-mohtarma-benazir-bhutto-medical-university-larkana-11-27-2019
pdfs/not-eligible-candidates-cmc-15750160160.pdf,https://www.smbbmu.edu.pk/beta/news/downloadFile/not-eligible-candidates-cmc_15750160160.pdf,https://www.smbbmu.edu.pk/beta/announcements/details/provisional-merit-list-of-candidates-who-have-applied-for-admission-into-1st-year-mbbsbds-courses-for-session-2019-20-at-shaheed-mohtarma-benazir-bhutto-medical-university-larkana-11-27-2019
pdfs/dist-dadu.pdf,https://www.smbbmu.edu.pk/beta/news/downloadFile/dist-dadu.pdf,https://www.smbbmu.edu.pk/beta/announcements/details/provisional-merit-list-of-candidates-who-have-applied-for-admission-into-1st-year-mbbsbds-courses-for-session-2019-20-at-shaheed-mohtarma-benazir-bhutto-medical-university-larkana-11-27-2019
pdfs/dist-jcd.pdf,https://www.smbbmu.edu.pk/beta/news/downloadFile/dist-jcd.pdf,https://www.smbbmu.edu.pk/beta/announcements/details/provisional-merit-list-of-candidates-who-have-applied-for-admission-into-1st-year-mbbsbds-courses-for-session-2019-20-at-shaheed-mohtarma-benazir-bhutto-medical-university-larkana-11-27-2019
pdfs/dist-k-shd.pdf,https://www.smbbmu.edu.pk/beta/news/downloadFile/dist-k-shd.pdf,https://www.smbbmu.edu.pk/beta/announcements/details/provisional-merit-list-of-candidates-who-have-applied-for-admission-into-1st-year-mbbsbds-courses-for-session-2019-20-at-shaheed-mohtarma-benazir-bhutto-medical-university-larkana-11-27-2019
pdfs/dist-kshm.pdf,https://www.smbbmu.edu.pk/beta/news/downloadFile/dist-kshm.pdf,https://www.smbbmu.edu.pk/beta/announcements/details/provisional-merit-list-of-candidates-who-have-applied-for-admission-into-1st-year-mbbsbds-courses-for-session-2019-20-at-shaheed-mohtarma-benazir-bhutto-medical-university-larkana-11-27-2019
pdfs/dist-lrk.pdf,https://www.smbbmu.edu.pk/beta/news/downloadFile/dist-lrk.pdf,https://www.smbbmu.edu.pk/beta/announcements/details/provisional-merit-list-of-candidates-who-have-applied-for-admission-into-1st-year-mbbsbds-courses-for-session-2019-20-at-shaheed-mohtarma-benazir-bhutto-medical-university-larkana-11-27-2019
pdfs/dist-nfz.pdf,https://www.smbbmu.edu.pk/beta/news/downloadFile/dist-nfz.pdf,https://www.smbbmu.edu.pk/beta/announcements/details/provisional-merit-list-of-candidates-who-have-applied-for-admission-into-1st-year-mbbsbds-courses-for-session-2019-20-at-shaheed-mohtarma-benazir-bhutto-medical-university-larkana-11-27-2019
pdfs/dist-shp.pdf,https://www.smbbmu.edu.pk/beta/news/downloadFile/dist-shp.pdf,https://www.smbbmu.edu.pk/beta/announcements/details/provisional-merit-list-of-candidates-who-have-applied-for-admission-into-1st-year-mbbsbds-courses-for-session-2019-20-at-shaheed-mohtarma-benazir-bhutto-medical-university-larkana-11-27-2019
pdfs/dist-sukk.pdf,https://www.smbbmu.edu.pk/beta/news/downloadFile/dist-sukk.pdf,https://www.smbbmu.edu.pk/beta/announcements/details/provisional-merit-list-of-candidates-who-have-applied-for-admission-into-1st-year-mbbsbds-courses-for-session-2019-20-at-shaheed-mohtarma-benazir-bhutto-medical-university-larkana-11-27-2019
pdfs/dist-ghotki.pdf,https://www.smbbmu.edu.pk/beta/news/downloadFile/dist-ghotki.pdf,https://www.smbbmu.edu.pk/beta/announcements/details/provisional-merit-list-of-candidates-who-have-applied-for-admission-into-1st-year-mbbsbds-courses-for-session-2019-20-at-shaheed-mohtarma-benazir-bhutto-medical-university-larkana-11-27-2019
pdfs/dist-khp.pdf,https://www.smbbmu.edu.pk/beta/news/downloadFile/dist-khp.pdf,https://www.smbbmu.edu.pk/beta/announcements/details/provisional-merit-list-of-candidates-who-have-applied-for-admission-into-1st-year-mbbsbds-courses-for-session-2019-20-at-shaheed-mohtarma-benazir-bhutto-medical-university-larkana-11-27-2019
pdfs/list-of-candidates-15620634170.pdf,https://www.smbbmu.edu.pk/beta/news/downloadFile/list-of-candidates_15620634170.pdf,https://www.smbbmu.edu.pk/beta/announcements/details/pre-interview-written-test-for-the-post-of-physiotherapistbps-17-07-02-2019
pdfs/result-fcps-15609279790.pdf,https://www.smbbmu.edu.pk/beta/news/downloadFile/result-fcps_15609279790.pdf,https://www.smbbmu.edu.pk/beta/announcements/details/result-of-entry-test-of-diploma-fcps-ii-training-mdms-part-i-examination-for-session-july-2019-06-18-2019
pdfs/3rdyear-result-15536099730.pdf,https://www.smbbmu.edu.pk/beta/news/downloadFile/3rdyear-result_15536099730.pdf,https://www.smbbmu.edu.pk/beta/announcements/details/result-of-third-professional-mbbs-examination-session-2015-16-held-in-the-month-of-november-2018-03-20-2019
pdfs/4thyear-15529037710.pdf,https://www.smbbmu.edu.pk/beta/news/downloadFile/4thyear_15529037710.pdf,https://www.smbbmu.edu.pk/beta/announcements/details/result-of-fourth-professional-mbbs-session-2014-15-held-in-the-month-of-november-2018-03-18-2019
pdfs/2ndyear-15529036320.pdf,https://www.smbbmu.edu.pk/beta/news/downloadFile/2ndYear_15529036320.pdf,https://www.smbbmu.edu.pk/beta/announcements/details/result-of-second-professional-mbbs-session-2016-17-held-in-the-month-of-november-2018-03-12-2019
pdfs/mar-11-doc-1-15523738600.pdf,"https://www.smbbmu.edu.pk/beta/news/downloadFile/Mar+11,+Doc+1_15523738600.pdf",https://www.smbbmu.edu.pk/beta/announcements/details/result-of-first-professional-mbbs-session-2017-18-held-in-the-month-of-november-2018-03-11-2019
pdfs/entry-test-fcps-15451262050.pdf,https://www.smbbmu.edu.pk/beta/news/downloadFile/entry-test-fcps_15451262050.pdf,https://www.smbbmu.edu.pk/beta/announcements/details/entry-test-result-of-fcps-ii-mphil-diploma-courses-for-session-january-2019-12-17-2018
pdfs/entry-test-diploma-15451261470.pdf,https://www.smbbmu.edu.pk/beta/news/downloadFile/entry-test-diploma_15451261470.pdf,https://www.smbbmu.edu.pk/beta/announcements/details/entry-test-result-of-fcps-ii-mphil-diploma-courses-for-session-january-2019-12-17-2018
pdfs/nts-15403000290.pdf,https://www.smbbmu.edu.pk/beta/news/downloadFile/NTS_15403000290.pdf,https://www.smbbmu.edu.pk/beta/announcements/details/notice-for-hafiz-e-quran-disabled-candidates-10-27-2018
pdfs/gmmmcsukkur-15403853730.pdf,https://www.smbbmu.edu.pk/beta/news/downloadFile/GMMMCSUKKUR_15403853730.pdf,https://www.smbbmu.edu.pk/beta/announcements/details/provisional-eligibility-list-of-candidates-gmmmc-sukkur-who-have-applied-for-admission-into-1st-year-mbbs-bds-courses-for-session-2018-19-10-24-2018
pdfs/preliminary-non-voters-list-15396991741.pdf,https://www.smbbmu.edu.pk/beta/news/downloadFile/Preliminary++Non+Voters+List_15396991741.pdf,https://www.smbbmu.edu.pk/beta/announcements/details/preliminary-list-of-voters-and-non-voters-for-election-of-syndicate-10-16-2018
pdfs/preliminary-voters-list-15396991740.pdf,https://www.smbbmu.edu.pk/beta/news/downloadFile/Preliminary+Voters+List_15396991740.pdf,https://www.smbbmu.edu.pk/beta/announcements/details/preliminary-list-of-voters-and-non-voters-for-election-of-syndicate-10-16-2018
