file,original_url,source_page
images/slider/7th-convocation.jpeg,https://www.smbbmu.edu.pk/beta/images/7th-convocation.jpeg,https://www.smbbmu.edu.pk/beta/
images/slider/flag-hoisting.jpeg,https://www.smbbmu.edu.pk/beta/images/flag-hoisting.jpeg,https://www.smbbmu.edu.pk/beta/
images/slider/warah-camp.jpeg,https://www.smbbmu.edu.pk/beta/images/warah-camp.jpeg,https://www.smbbmu.edu.pk/beta/
images/slider/smbbmu-ranked.jpeg,https://www.smbbmu.edu.pk/beta/images/smbbmu-ranked.jpeg,https://www.smbbmu.edu.pk/beta/
images/slider/kashmir-day-2024.jpeg,https://www.smbbmu.edu.pk/beta/images/kashmir-day-2024.jpeg,https://www.smbbmu.edu.pk/beta/
images/slider/golden-jubilee-cmc.jpeg,https://www.smbbmu.edu.pk/beta/images/golden-jubilee-cmc.jpeg,https://www.smbbmu.edu.pk/beta/
images/slider/first-international-conference.jpeg,https://www.smbbmu.edu.pk/beta/images/first-international-conference.jpeg,https://www.smbbmu.edu.pk/beta/
images/slider/convocation-2024.jpeg,https://www.smbbmu.edu.pk/beta/images/convocation-2024.jpeg,https://www.smbbmu.edu.pk/beta/
images/slider/laptop-distribution.jpeg,https://www.smbbmu.edu.pk/beta/images/laptop-distribution.jpeg,https://www.smbbmu.edu.pk/beta/
images/logos/logo.png,https://www.smbbmu.edu.pk/beta/images/logo.png,https://www.smbbmu.edu.pk/beta/
images/logos/chandka-medical-college-larkana.jpg,https://www.smbbmu.edu.pk/beta/images/cmclogo.jpg,https://www.smbbmu.edu.pk/beta/
images/logos/ghulam-muhammad-mahar-medical-college-sukkur.gif,https://www.smbbmu.edu.pk/beta/images/gmc-logo.gif,https://www.smbbmu.edu.pk/beta/
images/logos/bibi-aseefa-dental-college-larkana.jpg,https://www.smbbmu.edu.pk/beta/images/badclogo.jpg,https://www.smbbmu.edu.pk/beta/
images/logos/benazir-college-of-nursing.jpg,https://www.smbbmu.edu.pk/beta/images/binachs.jpg,https://www.smbbmu.edu.pk/beta/
images/logos/institute-of-pharmacy.jpeg,https://www.smbbmu.edu.pk/beta/images/pharmacyLogo.jpeg,https://www.smbbmu.edu.pk/beta/
images/logos/institute-of-physiotherapy-rehabilitation-sciences.jpg,https://www.smbbmu.edu.pk/beta/images/physiotherapylogo.jpg,https://www.smbbmu.edu.pk/beta/
images/attachments/advertisement-jobs-17803125750.jpg,https://www.smbbmu.edu.pk/beta/news/downloadFile/advertisement-jobs_17803125750.jpg,https://www.smbbmu.edu.pk/beta/jobs
images/attachments/8-notification-1492067968.jpg,https://www.smbbmu.edu.pk/beta/news/downloadFile/8-Notification_1492067968.jpg,https://www.smbbmu.edu.pk/beta/qec
images/attachments/8-notification-1492067964.jpg,https://www.smbbmu.edu.pk/beta/news/downloadFile/8-Notification_1492067964.jpg,https://www.smbbmu.edu.pk/beta/qec
images/attachments/doc-20250606-wa0019-250606-172809-page-0001-17496365390.jpg,https://www.smbbmu.edu.pk/beta/news/downloadFile/DOC-20250606-WA0019_250606_172809_page-0001_17496365390.jpg,https://www.smbbmu.edu.pk/beta/policies
images/attachments/8-notification-1492067968.jpg,https://www.smbbmu.edu.pk/beta/news/downloadFile/8-Notification_1492067968.jpg,https://www.smbbmu.edu.pk/beta/downloads
images/attachments/8-notification-1492067964.jpg,https://www.smbbmu.edu.pk/beta/news/downloadFile/8-Notification_1492067964.jpg,https://www.smbbmu.edu.pk/beta/downloads
images/faculty/dr-syed-yousif-ali-shah.jpg,https://www.smbbmu.edu.pk/beta/uploads/employees/images/1490774862.jpg,https://www.smbbmu.edu.pk/beta/campuses/bibi-aseefa-dental-college-larkana
images/faculty/dr-muhammad-rafique-tagar.jpg,https://www.smbbmu.edu.pk/beta/uploads/employees/images/1490773022.jpg,https://www.smbbmu.edu.pk/beta/campuses/bibi-aseefa-dental-college-larkana
images/faculty/dr-saira-baby.jpg,https://www.smbbmu.edu.pk/beta/uploads/employees/images/1490773441.jpg,https://www.smbbmu.edu.pk/beta/campuses/bibi-aseefa-dental-college-larkana
images/faculty/prof-dr-qaimuddin-shaikh.jpeg,https://www.smbbmu.edu.pk/beta/uploads/employees/images/1782282938.jpeg,https://www.smbbmu.edu.pk/beta/campuses/bibi-aseefa-dental-college-larkana
images/faculty/dr-aswad-ahmed.jpeg,https://www.smbbmu.edu.pk/beta/uploads/employees/images/1782283811.jpeg,https://www.smbbmu.edu.pk/beta/campuses/bibi-aseefa-dental-college-larkana
images/faculty/dr-asfar-hussain.jpeg,https://www.smbbmu.edu.pk/beta/uploads/employees/images/1782283826.jpeg,https://www.smbbmu.edu.pk/beta/campuses/bibi-aseefa-dental-college-larkana
images/faculty/dr-kinza-fatima.jpeg,https://www.smbbmu.edu.pk/beta/uploads/employees/images/1782283989.jpeg,https://www.smbbmu.edu.pk/beta/campuses/bibi-aseefa-dental-college-larkana
images/faculty/dr-naeem-mustafa.jpeg,https://www.smbbmu.edu.pk/beta/uploads/employees/images/1782283864.jpeg,https://www.smbbmu.edu.pk/beta/campuses/bibi-aseefa-dental-college-larkana
images/faculty/dr-bharti-kumari.jpeg,https://www.smbbmu.edu.pk/beta/uploads/employees/images/1782283845.jpeg,https://www.smbbmu.edu.pk/beta/campuses/bibi-aseefa-dental-college-larkana
images/faculty/dr-priya-kumari.jpeg,https://www.smbbmu.edu.pk/beta/uploads/employees/images/1782283887.jpeg,https://www.smbbmu.edu.pk/beta/campuses/bibi-aseefa-dental-college-larkana
images/faculty/dr-almas-rahoojo.jpg,https://www.smbbmu.edu.pk/beta/uploads/employees/images/1490772576.jpg,https://www.smbbmu.edu.pk/beta/campuses/bibi-aseefa-dental-college-larkana
images/faculty/dr-ali-gul-tunio.jpg,https://www.smbbmu.edu.pk/beta/uploads/employees/images/1490772537.jpg,https://www.smbbmu.edu.pk/beta/campuses/bibi-aseefa-dental-college-larkana
images/faculty/dr-asif-ali.jpg,https://www.smbbmu.edu.pk/beta/uploads/employees/images/1490772733.jpg,https://www.smbbmu.edu.pk/beta/campuses/bibi-aseefa-dental-college-larkana
images/faculty/prof-amar-lal-gurbakhshani.jpg,https://www.smbbmu.edu.pk/beta/uploads/employees/images/1490774989.jpg,https://www.smbbmu.edu.pk/beta/campuses/bibi-aseefa-dental-college-larkana
images/faculty/dr-amit-kumar.jpg,https://www.smbbmu.edu.pk/beta/uploads/employees/images/1490772611.jpg,https://www.smbbmu.edu.pk/beta/campuses/bibi-aseefa-dental-college-larkana
images/faculty/dr-shahid-ali-mirani.jpg,https://www.smbbmu.edu.pk/beta/uploads/employees/images/1488798764.jpg,https://www.smbbmu.edu.pk/beta/campuses/bibi-aseefa-dental-college-larkana
images/faculty/dr-sandeep-kumar.jpg,https://www.smbbmu.edu.pk/beta/uploads/employees/images/1490773475.jpg,https://www.smbbmu.edu.pk/beta/campuses/bibi-aseefa-dental-college-larkana
images/faculty/mr-nazeer-ali.jpeg,https://www.smbbmu.edu.pk/beta/uploads/employees/images/1768935130.jpeg,https://www.smbbmu.edu.pk/beta/campuses/benazir-college-of-nursing-larkana
images/faculty/mr-ghulam-abbas-panhwar.jpeg,https://www.smbbmu.edu.pk/beta/uploads/employees/images/1719214805.jpeg,https://www.smbbmu.edu.pk/beta/campuses/benazir-college-of-nursing-larkana
images/faculty/ms-sara-chandio.jpg,https://www.smbbmu.edu.pk/beta/uploads/employees/images/1480664528.jpg,https://www.smbbmu.edu.pk/beta/campuses/benazir-college-of-nursing-larkana
images/faculty/ms-humera-wagan.jpg,https://www.smbbmu.edu.pk/beta/uploads/employees/images/1480664449.jpg,https://www.smbbmu.edu.pk/beta/campuses/benazir-college-of-nursing-larkana
images/faculty/mr-aftab-ghouri.jpeg,https://www.smbbmu.edu.pk/beta/uploads/employees/images/1770015628.jpeg,https://www.smbbmu.edu.pk/beta/campuses/benazir-college-of-nursing-larkana
images/faculty/mr-abdul-wahid-bhayo.png,https://www.smbbmu.edu.pk/beta/uploads/employees/images/1480663449.png,https://www.smbbmu.edu.pk/beta/campuses/benazir-college-of-nursing-larkana
images/faculty/ms-faiza-jokhio.jpg,https://www.smbbmu.edu.pk/beta/uploads/employees/images/1480664493.jpg,https://www.smbbmu.edu.pk/beta/campuses/benazir-college-of-nursing-larkana
images/faculty/mr-saifullah-soomro.jpg,https://www.smbbmu.edu.pk/beta/uploads/employees/images/1480663314.jpg,https://www.smbbmu.edu.pk/beta/campuses/benazir-college-of-nursing-larkana
images/faculty/mr-ali-asghar.jpg,https://www.smbbmu.edu.pk/beta/uploads/employees/images/1480664404.jpg,https://www.smbbmu.edu.pk/beta/campuses/benazir-college-of-nursing-larkana
images/faculty/mr-asif-ali-magsi.jpg,https://www.smbbmu.edu.pk/beta/uploads/employees/images/1480664309.jpg,https://www.smbbmu.edu.pk/beta/campuses/benazir-college-of-nursing-larkana
images/faculty/ms-kaneez-fiza.jpg,https://www.smbbmu.edu.pk/beta/uploads/employees/images/1480664191.jpg,https://www.smbbmu.edu.pk/beta/campuses/benazir-college-of-nursing-larkana
images/faculty/mr-asif-jamali.jpg,https://www.smbbmu.edu.pk/beta/uploads/employees/images/1480664117.jpg,https://www.smbbmu.edu.pk/beta/campuses/benazir-college-of-nursing-larkana
images/faculty/dr-waseem-abbas-malhani.jpeg,https://www.smbbmu.edu.pk/beta/uploads/employees/images/1744965081.jpeg,https://www.smbbmu.edu.pk/beta/campuses/department-of-pharmacy
images/faculty/dr-abdul-rauf-khaskheli.jpeg,https://www.smbbmu.edu.pk/beta/uploads/employees/images/1560969347.jpeg,https://www.smbbmu.edu.pk/beta/campuses/department-of-pharmacy
images/faculty/prof-dr-nadeem-baloch.png,https://www.smbbmu.edu.pk/beta/uploads/employees/images/1435217543.png,https://www.smbbmu.edu.pk/beta/campuses/department-of-pharmacy
images/faculty/mr-ayaz-ali-unar.png,https://www.smbbmu.edu.pk/beta/uploads/employees/images/1435218025.png,https://www.smbbmu.edu.pk/beta/campuses/department-of-pharmacy
images/faculty/dr-athar-ali.jpeg,https://www.smbbmu.edu.pk/beta/uploads/employees/images/1698817417.jpeg,https://www.smbbmu.edu.pk/beta/campuses/department-of-pharmacy
images/faculty/dr-mukesh-kumar.jpeg,https://www.smbbmu.edu.pk/beta/uploads/employees/images/1688546645.jpeg,https://www.smbbmu.edu.pk/beta/campuses/institute-of-physiotherapy
images/faculty/dr-vikash.jpeg,https://www.smbbmu.edu.pk/beta/uploads/employees/images/1688541965.jpeg,https://www.smbbmu.edu.pk/beta/campuses/institute-of-physiotherapy
images/faculty/dr-naseebullah.jpeg,https://www.smbbmu.edu.pk/beta/uploads/employees/images/1688541876.jpeg,https://www.smbbmu.edu.pk/beta/campuses/institute-of-physiotherapy
images/faculty/dr-adil-ameer-ali.jpeg,https://www.smbbmu.edu.pk/beta/uploads/employees/images/1688541822.jpeg,https://www.smbbmu.edu.pk/beta/campuses/institute-of-physiotherapy
images/faculty/dr-natasha-bhutto.jpeg,https://www.smbbmu.edu.pk/beta/uploads/employees/images/1688541983.jpeg,https://www.smbbmu.edu.pk/beta/campuses/institute-of-physiotherapy
images/faculty/dr-shobha.jpeg,https://www.smbbmu.edu.pk/beta/uploads/employees/images/1688542006.jpeg,https://www.smbbmu.edu.pk/beta/campuses/institute-of-physiotherapy
images/faculty/dr-sunny-kumar.jpeg,https://www.smbbmu.edu.pk/beta/uploads/employees/images/1688541720.jpeg,https://www.smbbmu.edu.pk/beta/campuses/institute-of-physiotherapy
images/faculty/dr-komal.jpeg,https://www.smbbmu.edu.pk/beta/uploads/employees/images/1688541785.jpeg,https://www.smbbmu.edu.pk/beta/campuses/institute-of-physiotherapy
images/faculty/dr-sonam.jpeg,https://www.smbbmu.edu.pk/beta/uploads/employees/images/1688541935.jpeg,https://www.smbbmu.edu.pk/beta/campuses/institute-of-physiotherapy
images/faculty/dr-shahmeer-khan.jpeg,https://www.smbbmu.edu.pk/beta/uploads/employees/images/1688541907.jpeg,https://www.smbbmu.edu.pk/beta/campuses/institute-of-physiotherapy
images/faculty/dr-fayaz-hussain.jpeg,https://www.smbbmu.edu.pk/beta/uploads/employees/images/1688541760.jpeg,https://www.smbbmu.edu.pk/beta/campuses/institute-of-physiotherapy
images/faculty/introduction-hod.png,https://www.smbbmu.edu.pk/beta/uploads/employees/images/1766837440.png,https://www.smbbmu.edu.pk/beta/campuses/college-of-medical-technology
images/news/1755755246533165260-731608203209229-7036468186271868761-n-thumb.jpg,https://www.smbbmu.edu.pk/beta/uploads/gallery/events/1755755246533165260_731608203209229_7036468186271868761_n_thumb.jpg,https://www.smbbmu.edu.pk/beta/news/details/flag-hositing-and-plantation-drive-mark-youm-e-azadi-celebrations-at-smbbmu-08-14-2025
images/news/1755755246533421358-731608136542569-552492457768752228-n-thumb.jpg,https://www.smbbmu.edu.pk/beta/uploads/gallery/events/1755755246533421358_731608136542569_552492457768752228_n_thumb.jpg,https://www.smbbmu.edu.pk/beta/news/details/flag-hositing-and-plantation-drive-mark-youm-e-azadi-celebrations-at-smbbmu-08-14-2025
images/news/1755755246533165260-731608203209229-7036468186271868761-n-thumb-589f41ae.jpg,https://www.smbbmu.edu.pk/beta/uploads/gallery/events/thumbs/1755755246533165260_731608203209229_7036468186271868761_n_thumb.jpg,https://www.smbbmu.edu.pk/beta/news/details/flag-hositing-and-plantation-drive-mark-youm-e-azadi-celebrations-at-smbbmu-08-14-2025
images/news/1755755246533421358-731608136542569-552492457768752228-n-thumb-268aefbd.jpg,https://www.smbbmu.edu.pk/beta/uploads/gallery/events/thumbs/1755755246533421358_731608136542569_552492457768752228_n_thumb.jpg,https://www.smbbmu.edu.pk/beta/news/details/flag-hositing-and-plantation-drive-mark-youm-e-azadi-celebrations-at-smbbmu-08-14-2025
images/news/17561076221-thumb.png,https://www.smbbmu.edu.pk/beta/uploads/gallery/events/17561076221_thumb.png,https://www.smbbmu.edu.pk/beta/news/details/free-mega-medical-camp-in-celebration-of-jashn-e-azadi-08-07-2025
images/news/17561076152-thumb.png,https://www.smbbmu.edu.pk/beta/uploads/gallery/events/17561076152_thumb.png,https://www.smbbmu.edu.pk/beta/news/details/free-mega-medical-camp-in-celebration-of-jashn-e-azadi-08-07-2025
images/news/17561075857-thumb.png,https://www.smbbmu.edu.pk/beta/uploads/gallery/events/17561075857_thumb.png,https://www.smbbmu.edu.pk/beta/news/details/free-mega-medical-camp-in-celebration-of-jashn-e-azadi-08-07-2025
images/news/17561075843-thumb.png,https://www.smbbmu.edu.pk/beta/uploads/gallery/events/17561075843_thumb.png,https://www.smbbmu.edu.pk/beta/news/details/free-mega-medical-camp-in-celebration-of-jashn-e-azadi-08-07-2025
images/news/175610757114-thumb.png,https://www.smbbmu.edu.pk/beta/uploads/gallery/events/175610757114_thumb.png,https://www.smbbmu.edu.pk/beta/news/details/free-mega-medical-camp-in-celebration-of-jashn-e-azadi-08-07-2025
images/news/175610757019-thumb.png,https://www.smbbmu.edu.pk/beta/uploads/gallery/events/175610757019_thumb.png,https://www.smbbmu.edu.pk/beta/news/details/free-mega-medical-camp-in-celebration-of-jashn-e-azadi-08-07-2025
images/news/17561075486-thumb.png,https://www.smbbmu.edu.pk/beta/uploads/gallery/events/17561075486_thumb.png,https://www.smbbmu.edu.pk/beta/news/details/free-mega-medical-camp-in-celebration-of-jashn-e-azadi-08-07-2025
images/news/175610754715-thumb.png,https://www.smbbmu.edu.pk/beta/uploads/gallery/events/175610754715_thumb.png,https://www.smbbmu.edu.pk/beta/news/details/free-mega-medical-camp-in-celebration-of-jashn-e-azadi-08-07-2025
images/news/17561076221-thumb-d876a7c4.png,https://www.smbbmu.edu.pk/beta/uploads/gallery/events/thumbs/17561076221_thumb.png,https://www.smbbmu.edu.pk/beta/news/details/free-mega-medical-camp-in-celebration-of-jashn-e-azadi-08-07-2025
images/news/17561076152-thumb-ec4d241b.png,https://www.smbbmu.edu.pk/beta/uploads/gallery/events/thumbs/17561076152_thumb.png,https://www.smbbmu.edu.pk/beta/news/details/free-mega-medical-camp-in-celebration-of-jashn-e-azadi-08-07-2025
images/news/17561075857-thumb-2af07805.png,https://www.smbbmu.edu.pk/beta/uploads/gallery/events/thumbs/17561075857_thumb.png,https://www.smbbmu.edu.pk/beta/news/details/free-mega-medical-camp-in-celebration-of-jashn-e-azadi-08-07-2025
images/news/17561075843-thumb-647344a4.png,https://www.smbbmu.edu.pk/beta/uploads/gallery/events/thumbs/17561075843_thumb.png,https://www.smbbmu.edu.pk/beta/news/details/free-mega-medical-camp-in-celebration-of-jashn-e-azadi-08-07-2025
images/news/175610757114-thumb-7e9d838b.png,https://www.smbbmu.edu.pk/beta/uploads/gallery/events/thumbs/175610757114_thumb.png,https://www.smbbmu.edu.pk/beta/news/details/free-mega-medical-camp-in-celebration-of-jashn-e-azadi-08-07-2025
images/news/175610757019-thumb-66f5f760.png,https://www.smbbmu.edu.pk/beta/uploads/gallery/events/thumbs/175610757019_thumb.png,https://www.smbbmu.edu.pk/beta/news/details/free-mega-medical-camp-in-celebration-of-jashn-e-azadi-08-07-2025
images/news/17561075486-thumb-7b299d36.png,https://www.smbbmu.edu.pk/beta/uploads/gallery/events/thumbs/17561075486_thumb.png,https://www.smbbmu.edu.pk/beta/news/details/free-mega-medical-camp-in-celebration-of-jashn-e-azadi-08-07-2025
images/news/175610754715-thumb-4cc9086f.png,https://www.smbbmu.edu.pk/beta/uploads/gallery/events/thumbs/175610754715_thumb.png,https://www.smbbmu.edu.pk/beta/news/details/free-mega-medical-camp-in-celebration-of-jashn-e-azadi-08-07-2025
images/news/1722932204event10-thumb.jpeg,https://www.smbbmu.edu.pk/beta/uploads/gallery/events/1722932204event10_thumb.jpeg,https://www.smbbmu.edu.pk/beta/news/details/smbbmu-observed-youm-e-istehsal-e-kashmir-08-05-2024
images/news/1722932186event8-thumb.jpeg,https://www.smbbmu.edu.pk/beta/uploads/gallery/events/1722932186event8_thumb.jpeg,https://www.smbbmu.edu.pk/beta/news/details/smbbmu-observed-youm-e-istehsal-e-kashmir-08-05-2024
images/news/1722932134event9-thumb.jpeg,https://www.smbbmu.edu.pk/beta/uploads/gallery/events/1722932134event9_thumb.jpeg,https://www.smbbmu.edu.pk/beta/news/details/smbbmu-observed-youm-e-istehsal-e-kashmir-08-05-2024
images/news/1722932070event7-thumb.jpeg,https://www.smbbmu.edu.pk/beta/uploads/gallery/events/1722932070event7_thumb.jpeg,https://www.smbbmu.edu.pk/beta/news/details/smbbmu-observed-youm-e-istehsal-e-kashmir-08-05-2024
images/news/1722932066event6-thumb.jpeg,https://www.smbbmu.edu.pk/beta/uploads/gallery/events/1722932066event6_thumb.jpeg,https://www.smbbmu.edu.pk/beta/news/details/smbbmu-observed-youm-e-istehsal-e-kashmir-08-05-2024
images/news/1722931964event5-thumb.jpeg,https://www.smbbmu.edu.pk/beta/uploads/gallery/events/1722931964event5_thumb.jpeg,https://www.smbbmu.edu.pk/beta/news/details/smbbmu-observed-youm-e-istehsal-e-kashmir-08-05-2024
images/news/1722931825event4-thumb.jpeg,https://www.smbbmu.edu.pk/beta/uploads/gallery/events/1722931825event4_thumb.jpeg,https://www.smbbmu.edu.pk/beta/news/details/smbbmu-observed-youm-e-istehsal-e-kashmir-08-05-2024
images/news/1722931790event3-thumb.jpeg,https://www.smbbmu.edu.pk/beta/uploads/gallery/events/1722931790event3_thumb.jpeg,https://www.smbbmu.edu.pk/beta/news/details/smbbmu-observed-youm-e-istehsal-e-kashmir-08-05-2024
images/news/1722931622event1-thumb.jpeg,https://www.smbbmu.edu.pk/beta/uploads/gallery/events/1722931622event1_thumb.jpeg,https://www.smbbmu.edu.pk/beta/news/details/smbbmu-observed-youm-e-istehsal-e-kashmir-08-05-2024
images/news/1722931612event2-thumb.jpeg,https://www.smbbmu.edu.pk/beta/uploads/gallery/events/1722931612event2_thumb.jpeg,https://www.smbbmu.edu.pk/beta/news/details/smbbmu-observed-youm-e-istehsal-e-kashmir-08-05-2024
images/news/1722932204event10-thumb-3cc447a6.jpeg,https://www.smbbmu.edu.pk/beta/uploads/gallery/events/thumbs/1722932204event10_thumb.jpeg,https://www.smbbmu.edu.pk/beta/news/details/smbbmu-observed-youm-e-istehsal-e-kashmir-08-05-2024
images/news/1722932186event8-thumb-353f0e00.jpeg,https://www.smbbmu.edu.pk/beta/uploads/gallery/events/thumbs/1722932186event8_thumb.jpeg,https://www.smbbmu.edu.pk/beta/news/details/smbbmu-observed-youm-e-istehsal-e-kashmir-08-05-2024
images/news/1722932134event9-thumb-eb2e32a4.jpeg,https://www.smbbmu.edu.pk/beta/uploads/gallery/events/thumbs/1722932134event9_thumb.jpeg,https://www.smbbmu.edu.pk/beta/news/details/smbbmu-observed-youm-e-istehsal-e-kashmir-08-05-2024
images/news/1722932070event7-thumb-566d130a.jpeg,https://www.smbbmu.edu.pk/beta/uploads/gallery/events/thumbs/1722932070event7_thumb.jpeg,https://www.smbbmu.edu.pk/beta/news/details/smbbmu-observed-youm-e-istehsal-e-kashmir-08-05-2024
images/news/1722932066event6-thumb-a9d93667.jpeg,https://www.smbbmu.edu.pk/beta/uploads/gallery/events/thumbs/1722932066event6_thumb.jpeg,https://www.smbbmu.edu.pk/beta/news/details/smbbmu-observed-youm-e-istehsal-e-kashmir-08-05-2024
images/news/1722931964event5-thumb-154bad1d.jpeg,https://www.smbbmu.edu.pk/beta/uploads/gallery/events/thumbs/1722931964event5_thumb.jpeg,https://www.smbbmu.edu.pk/beta/news/details/smbbmu-observed-youm-e-istehsal-e-kashmir-08-05-2024
images/news/1722931825event4-thumb-73231c56.jpeg,https://www.smbbmu.edu.pk/beta/uploads/gallery/events/thumbs/1722931825event4_thumb.jpeg,https://www.smbbmu.edu.pk/beta/news/details/smbbmu-observed-youm-e-istehsal-e-kashmir-08-05-2024
images/news/1722931790event3-thumb-ad58723a.jpeg,https://www.smbbmu.edu.pk/beta/uploads/gallery/events/thumbs/1722931790event3_thumb.jpeg,https://www.smbbmu.edu.pk/beta/news/details/smbbmu-observed-youm-e-istehsal-e-kashmir-08-05-2024
images/news/1722931622event1-thumb-a3ffc599.jpeg,https://www.smbbmu.edu.pk/beta/uploads/gallery/events/thumbs/1722931622event1_thumb.jpeg,https://www.smbbmu.edu.pk/beta/news/details/smbbmu-observed-youm-e-istehsal-e-kashmir-08-05-2024
images/news/1722931612event2-thumb-fd687fb8.jpeg,https://www.smbbmu.edu.pk/beta/uploads/gallery/events/thumbs/1722931612event2_thumb.jpeg,https://www.smbbmu.edu.pk/beta/news/details/smbbmu-observed-youm-e-istehsal-e-kashmir-08-05-2024
images/news/1711088006photo-2024-03-04-20-45-34-10-thumb.jpg,https://www.smbbmu.edu.pk/beta/uploads/gallery/events/1711088006PHOTO-2024-03-04-20-45-34 10_thumb.jpg,https://www.smbbmu.edu.pk/beta/news/details/the-50th-golden-jubilee-ceremony-of-chandka-medical-college-02-24-2024
images/news/1711087992photo-2024-03-04-20-45-34-thumb.jpg,https://www.smbbmu.edu.pk/beta/uploads/gallery/events/1711087992PHOTO-2024-03-04-20-45-34_thumb.jpg,https://www.smbbmu.edu.pk/beta/news/details/the-50th-golden-jubilee-ceremony-of-chandka-medical-college-02-24-2024
images/news/1711087993photo-2024-03-04-20-45-35-2-thumb.jpg,https://www.smbbmu.edu.pk/beta/uploads/gallery/events/1711087993PHOTO-2024-03-04-20-45-35 2_thumb.jpg,https://www.smbbmu.edu.pk/beta/news/details/the-50th-golden-jubilee-ceremony-of-chandka-medical-college-02-24-2024
images/news/1711087746photo-2024-03-04-20-45-33-3-thumb.jpg,https://www.smbbmu.edu.pk/beta/uploads/gallery/events/1711087746PHOTO-2024-03-04-20-45-33 3_thumb.jpg,https://www.smbbmu.edu.pk/beta/news/details/the-50th-golden-jubilee-ceremony-of-chandka-medical-college-02-24-2024
images/news/1711087745photo-2024-03-04-20-45-33-2-thumb.jpg,https://www.smbbmu.edu.pk/beta/uploads/gallery/events/1711087745PHOTO-2024-03-04-20-45-33 2_thumb.jpg,https://www.smbbmu.edu.pk/beta/news/details/the-50th-golden-jubilee-ceremony-of-chandka-medical-college-02-24-2024
images/news/1711087711photo-2024-03-04-20-45-31-2-thumb.jpg,https://www.smbbmu.edu.pk/beta/uploads/gallery/events/1711087711PHOTO-2024-03-04-20-45-31 2_thumb.jpg,https://www.smbbmu.edu.pk/beta/news/details/the-50th-golden-jubilee-ceremony-of-chandka-medical-college-02-24-2024
images/news/1711087700photo-2024-03-04-20-45-30-2-thumb.jpg,https://www.smbbmu.edu.pk/beta/uploads/gallery/events/1711087700PHOTO-2024-03-04-20-45-30 2_thumb.jpg,https://www.smbbmu.edu.pk/beta/news/details/the-50th-golden-jubilee-ceremony-of-chandka-medical-college-02-24-2024
images/news/1711087700photo-2024-03-04-20-45-33-4-thumb.jpg,https://www.smbbmu.edu.pk/beta/uploads/gallery/events/1711087700PHOTO-2024-03-04-20-45-33 4_thumb.jpg,https://www.smbbmu.edu.pk/beta/news/details/the-50th-golden-jubilee-ceremony-of-chandka-medical-college-02-24-2024
images/news/1711087688photo-2024-03-04-20-45-30-4-thumb.jpg,https://www.smbbmu.edu.pk/beta/uploads/gallery/events/1711087688PHOTO-2024-03-04-20-45-30 4_thumb.jpg,https://www.smbbmu.edu.pk/beta/news/details/the-50th-golden-jubilee-ceremony-of-chandka-medical-college-02-24-2024
images/news/1711087680photo-2024-03-04-20-45-30-5-thumb.jpg,https://www.smbbmu.edu.pk/beta/uploads/gallery/events/1711087680PHOTO-2024-03-04-20-45-30 5_thumb.jpg,https://www.smbbmu.edu.pk/beta/news/details/the-50th-golden-jubilee-ceremony-of-chandka-medical-college-02-24-2024
images/news/1711088006photo-2024-03-04-20-45-34-10-thumb-e4949eea.jpg,https://www.smbbmu.edu.pk/beta/uploads/gallery/events/thumbs/1711088006PHOTO-2024-03-04-20-45-34 10_thumb.jpg,https://www.smbbmu.edu.pk/beta/news/details/the-50th-golden-jubilee-ceremony-of-chandka-medical-college-02-24-2024
images/news/1711087992photo-2024-03-04-20-45-34-thumb-107d825f.jpg,https://www.smbbmu.edu.pk/beta/uploads/gallery/events/thumbs/1711087992PHOTO-2024-03-04-20-45-34_thumb.jpg,https://www.smbbmu.edu.pk/beta/news/details/the-50th-golden-jubilee-ceremony-of-chandka-medical-college-02-24-2024
images/news/1711087993photo-2024-03-04-20-45-35-2-thumb-675cca97.jpg,https://www.smbbmu.edu.pk/beta/uploads/gallery/events/thumbs/1711087993PHOTO-2024-03-04-20-45-35 2_thumb.jpg,https://www.smbbmu.edu.pk/beta/news/details/the-50th-golden-jubilee-ceremony-of-chandka-medical-college-02-24-2024
images/news/1711087746photo-2024-03-04-20-45-33-3-thumb-600cf36c.jpg,https://www.smbbmu.edu.pk/beta/uploads/gallery/events/thumbs/1711087746PHOTO-2024-03-04-20-45-33 3_thumb.jpg,https://www.smbbmu.edu.pk/beta/news/details/the-50th-golden-jubilee-ceremony-of-chandka-medical-college-02-24-2024
images/news/1711087745photo-2024-03-04-20-45-33-2-thumb-c85311c1.jpg,https://www.smbbmu.edu.pk/beta/uploads/gallery/events/thumbs/1711087745PHOTO-2024-03-04-20-45-33 2_thumb.jpg,https://www.smbbmu.edu.pk/beta/news/details/the-50th-golden-jubilee-ceremony-of-chandka-medical-college-02-24-2024
images/news/1711087711photo-2024-03-04-20-45-31-2-thumb-4b9b5e20.jpg,https://www.smbbmu.edu.pk/beta/uploads/gallery/events/thumbs/1711087711PHOTO-2024-03-04-20-45-31 2_thumb.jpg,https://www.smbbmu.edu.pk/beta/news/details/the-50th-golden-jubilee-ceremony-of-chandka-medical-college-02-24-2024
images/news/1711087700photo-2024-03-04-20-45-30-2-thumb-c841081a.jpg,https://www.smbbmu.edu.pk/beta/uploads/gallery/events/thumbs/1711087700PHOTO-2024-03-04-20-45-30 2_thumb.jpg,https://www.smbbmu.edu.pk/beta/news/details/the-50th-golden-jubilee-ceremony-of-chandka-medical-college-02-24-2024
images/news/1711087700photo-2024-03-04-20-45-33-4-thumb-4586242b.jpg,https://www.smbbmu.edu.pk/beta/uploads/gallery/events/thumbs/1711087700PHOTO-2024-03-04-20-45-33 4_thumb.jpg,https://www.smbbmu.edu.pk/beta/news/details/the-50th-golden-jubilee-ceremony-of-chandka-medical-college-02-24-2024
images/news/1711087688photo-2024-03-04-20-45-30-4-thumb-960d3916.jpg,https://www.smbbmu.edu.pk/beta/uploads/gallery/events/thumbs/1711087688PHOTO-2024-03-04-20-45-30 4_thumb.jpg,https://www.smbbmu.edu.pk/beta/news/details/the-50th-golden-jubilee-ceremony-of-chandka-medical-college-02-24-2024
images/news/1711087680photo-2024-03-04-20-45-30-5-thumb-8826f315.jpg,https://www.smbbmu.edu.pk/beta/uploads/gallery/events/thumbs/1711087680PHOTO-2024-03-04-20-45-30 5_thumb.jpg,https://www.smbbmu.edu.pk/beta/news/details/the-50th-golden-jubilee-ceremony-of-chandka-medical-college-02-24-2024
images/news/1712300340426626805-336038369432883-8718383016331860125-n-thumb.jpg,https://www.smbbmu.edu.pk/beta/uploads/gallery/events/1712300340426626805_336038369432883_8718383016331860125_n_thumb.jpg,https://www.smbbmu.edu.pk/beta/news/details/the-first-international-conference-on-emerging-trends-in-basic-medical-sciences-02-12-2024
images/news/1712300339427711508-336038382766215-9064867939534359668-n-thumb.jpg,https://www.smbbmu.edu.pk/beta/uploads/gallery/events/1712300339427711508_336038382766215_9064867939534359668_n_thumb.jpg,https://www.smbbmu.edu.pk/beta/news/details/the-first-international-conference-on-emerging-trends-in-basic-medical-sciences-02-12-2024
images/news/1712300331426613716-336038989432821-8038061667718307401-n-thumb.jpg,https://www.smbbmu.edu.pk/beta/uploads/gallery/events/1712300331426613716_336038989432821_8038061667718307401_n_thumb.jpg,https://www.smbbmu.edu.pk/beta/news/details/the-first-international-conference-on-emerging-trends-in-basic-medical-sciences-02-12-2024
images/news/1712300328427695986-336039069432813-8305553569599280446-n-thumb.jpg,https://www.smbbmu.edu.pk/beta/uploads/gallery/events/1712300328427695986_336039069432813_8305553569599280446_n_thumb.jpg,https://www.smbbmu.edu.pk/beta/news/details/the-first-international-conference-on-emerging-trends-in-basic-medical-sciences-02-12-2024
images/news/1712300327426612896-336038869432833-5698749327570411095-n-1-thumb.jpg,https://www.smbbmu.edu.pk/beta/uploads/gallery/events/1712300327426612896_336038869432833_5698749327570411095_n (1)_thumb.jpg,https://www.smbbmu.edu.pk/beta/news/details/the-first-international-conference-on-emerging-trends-in-basic-medical-sciences-02-12-2024
images/news/1712300340426626805-336038369432883-8718383016331860125-n-thumb-e03cbb72.jpg,https://www.smbbmu.edu.pk/beta/uploads/gallery/events/thumbs/1712300340426626805_336038369432883_8718383016331860125_n_thumb.jpg,https://www.smbbmu.edu.pk/beta/news/details/the-first-international-conference-on-emerging-trends-in-basic-medical-sciences-02-12-2024
images/news/1712300339427711508-336038382766215-9064867939534359668-n-thumb-c56bea39.jpg,https://www.smbbmu.edu.pk/beta/uploads/gallery/events/thumbs/1712300339427711508_336038382766215_9064867939534359668_n_thumb.jpg,https://www.smbbmu.edu.pk/beta/news/details/the-first-international-conference-on-emerging-trends-in-basic-medical-sciences-02-12-2024
images/news/1712300331426613716-336038989432821-8038061667718307401-n-thumb-20737374.jpg,https://www.smbbmu.edu.pk/beta/uploads/gallery/events/thumbs/1712300331426613716_336038989432821_8038061667718307401_n_thumb.jpg,https://www.smbbmu.edu.pk/beta/news/details/the-first-international-conference-on-emerging-trends-in-basic-medical-sciences-02-12-2024
images/news/1712300328427695986-336039069432813-8305553569599280446-n-thumb-a0a50477.jpg,https://www.smbbmu.edu.pk/beta/uploads/gallery/events/thumbs/1712300328427695986_336039069432813_8305553569599280446_n_thumb.jpg,https://www.smbbmu.edu.pk/beta/news/details/the-first-international-conference-on-emerging-trends-in-basic-medical-sciences-02-12-2024
images/news/1712300327426612896-336038869432833-5698749327570411095-n-1-thumb-2ca42093.jpg,https://www.smbbmu.edu.pk/beta/uploads/gallery/events/thumbs/1712300327426612896_336038869432833_5698749327570411095_n (1)_thumb.jpg,https://www.smbbmu.edu.pk/beta/news/details/the-first-international-conference-on-emerging-trends-in-basic-medical-sciences-02-12-2024
images/news/1706460819c14-thumb.jpeg,https://www.smbbmu.edu.pk/beta/uploads/gallery/events/1706460819c14_thumb.jpeg,https://www.smbbmu.edu.pk/beta/news/details/the-5th-smbbmu-convocation-01-08-2024
images/news/1706460818c15-thumb.jpeg,https://www.smbbmu.edu.pk/beta/uploads/gallery/events/1706460818c15_thumb.jpeg,https://www.smbbmu.edu.pk/beta/news/details/the-5th-smbbmu-convocation-01-08-2024
images/news/1706460814c5-thumb.jpeg,https://www.smbbmu.edu.pk/beta/uploads/gallery/events/1706460814c5_thumb.jpeg,https://www.smbbmu.edu.pk/beta/news/details/the-5th-smbbmu-convocation-01-08-2024
images/news/1706460811c6-thumb.jpeg,https://www.smbbmu.edu.pk/beta/uploads/gallery/events/1706460811c6_thumb.jpeg,https://www.smbbmu.edu.pk/beta/news/details/the-5th-smbbmu-convocation-01-08-2024
images/news/1706460807c7-thumb.jpeg,https://www.smbbmu.edu.pk/beta/uploads/gallery/events/1706460807c7_thumb.jpeg,https://www.smbbmu.edu.pk/beta/news/details/the-5th-smbbmu-convocation-01-08-2024
images/news/1706460803c8-thumb.jpeg,https://www.smbbmu.edu.pk/beta/uploads/gallery/events/1706460803c8_thumb.jpeg,https://www.smbbmu.edu.pk/beta/news/details/the-5th-smbbmu-convocation-01-08-2024
images/news/1706460801c4-thumb.jpeg,https://www.smbbmu.edu.pk/beta/uploads/gallery/events/1706460801c4_thumb.jpeg,https://www.smbbmu.edu.pk/beta/news/details/the-5th-smbbmu-convocation-01-08-2024
images/news/1706460798c13-thumb.jpeg,https://www.smbbmu.edu.pk/beta/uploads/gallery/events/1706460798c13_thumb.jpeg,https://www.smbbmu.edu.pk/beta/news/details/the-5th-smbbmu-convocation-01-08-2024
images/news/1706460790c3-thumb.jpeg,https://www.smbbmu.edu.pk/beta/uploads/gallery/events/1706460790c3_thumb.jpeg,https://www.smbbmu.edu.pk/beta/news/details/the-5th-smbbmu-convocation-01-08-2024
images/news/1706460788c12-thumb.jpeg,https://www.smbbmu.edu.pk/beta/uploads/gallery/events/1706460788c12_thumb.jpeg,https://www.smbbmu.edu.pk/beta/news/details/the-5th-smbbmu-convocation-01-08-2024
images/news/1706460783c2-thumb.jpeg,https://www.smbbmu.edu.pk/beta/uploads/gallery/events/1706460783c2_thumb.jpeg,https://www.smbbmu.edu.pk/beta/news/details/the-5th-smbbmu-convocation-01-08-2024
images/news/1706460782c11-thumb.jpeg,https://www.smbbmu.edu.pk/beta/uploads/gallery/events/1706460782c11_thumb.jpeg,https://www.smbbmu.edu.pk/beta/news/details/the-5th-smbbmu-convocation-01-08-2024
images/news/1706460774c1-thumb.jpeg,https://www.smbbmu.edu.pk/beta/uploads/gallery/events/1706460774c1_thumb.jpeg,https://www.smbbmu.edu.pk/beta/news/details/the-5th-smbbmu-convocation-01-08-2024
images/news/1706460819c14-thumb-eebb9a49.jpeg,https://www.smbbmu.edu.pk/beta/uploads/gallery/events/thumbs/1706460819c14_thumb.jpeg,https://www.smbbmu.edu.pk/beta/news/details/the-5th-smbbmu-convocation-01-08-2024
images/news/1706460818c15-thumb-82b46035.jpeg,https://www.smbbmu.edu.pk/beta/uploads/gallery/events/thumbs/1706460818c15_thumb.jpeg,https://www.smbbmu.edu.pk/beta/news/details/the-5th-smbbmu-convocation-01-08-2024
images/news/1706460814c5-thumb-e8fae400.jpeg,https://www.smbbmu.edu.pk/beta/uploads/gallery/events/thumbs/1706460814c5_thumb.jpeg,https://www.smbbmu.edu.pk/beta/news/details/the-5th-smbbmu-convocation-01-08-2024
images/news/1706460811c6-thumb-256b2351.jpeg,https://www.smbbmu.edu.pk/beta/uploads/gallery/events/thumbs/1706460811c6_thumb.jpeg,https://www.smbbmu.edu.pk/beta/news/details/the-5th-smbbmu-convocation-01-08-2024
images/news/1706460807c7-thumb-e369b698.jpeg,https://www.smbbmu.edu.pk/beta/uploads/gallery/events/thumbs/1706460807c7_thumb.jpeg,https://www.smbbmu.edu.pk/beta/news/details/the-5th-smbbmu-convocation-01-08-2024
images/news/1706460803c8-thumb-39262fd1.jpeg,https://www.smbbmu.edu.pk/beta/uploads/gallery/events/thumbs/1706460803c8_thumb.jpeg,https://www.smbbmu.edu.pk/beta/news/details/the-5th-smbbmu-convocation-01-08-2024
images/news/1706460801c4-thumb-ffd01e88.jpeg,https://www.smbbmu.edu.pk/beta/uploads/gallery/events/thumbs/1706460801c4_thumb.jpeg,https://www.smbbmu.edu.pk/beta/news/details/the-5th-smbbmu-convocation-01-08-2024
images/news/1706460798c13-thumb-155d43b0.jpeg,https://www.smbbmu.edu.pk/beta/uploads/gallery/events/thumbs/1706460798c13_thumb.jpeg,https://www.smbbmu.edu.pk/beta/news/details/the-5th-smbbmu-convocation-01-08-2024
images/news/1706460790c3-thumb-2492e733.jpeg,https://www.smbbmu.edu.pk/beta/uploads/gallery/events/thumbs/1706460790c3_thumb.jpeg,https://www.smbbmu.edu.pk/beta/news/details/the-5th-smbbmu-convocation-01-08-2024
images/news/1706460788c12-thumb-5ce8cc13.jpeg,https://www.smbbmu.edu.pk/beta/uploads/gallery/events/thumbs/1706460788c12_thumb.jpeg,https://www.smbbmu.edu.pk/beta/news/details/the-5th-smbbmu-convocation-01-08-2024
images/news/1706460783c2-thumb-e814f6a4.jpeg,https://www.smbbmu.edu.pk/beta/uploads/gallery/events/thumbs/1706460783c2_thumb.jpeg,https://www.smbbmu.edu.pk/beta/news/details/the-5th-smbbmu-convocation-01-08-2024
images/news/1706460782c11-thumb-e0e10060.jpeg,https://www.smbbmu.edu.pk/beta/uploads/gallery/events/thumbs/1706460782c11_thumb.jpeg,https://www.smbbmu.edu.pk/beta/news/details/the-5th-smbbmu-convocation-01-08-2024
images/news/1706460774c1-thumb-6cf79e84.jpeg,https://www.smbbmu.edu.pk/beta/uploads/gallery/events/thumbs/1706460774c1_thumb.jpeg,https://www.smbbmu.edu.pk/beta/news/details/the-5th-smbbmu-convocation-01-08-2024
images/news/17064606298-thumb.jpeg,https://www.smbbmu.edu.pk/beta/uploads/gallery/events/17064606298_thumb.jpeg,https://www.smbbmu.edu.pk/beta/news/details/laptop-distribution-ceremony-at-smbbmu-01-10-2024
images/news/17064606297-thumb.jpeg,https://www.smbbmu.edu.pk/beta/uploads/gallery/events/17064606297_thumb.jpeg,https://www.smbbmu.edu.pk/beta/news/details/laptop-distribution-ceremony-at-smbbmu-01-10-2024
images/news/17064606276-thumb.jpeg,https://www.smbbmu.edu.pk/beta/uploads/gallery/events/17064606276_thumb.jpeg,https://www.smbbmu.edu.pk/beta/news/details/laptop-distribution-ceremony-at-smbbmu-01-10-2024
images/news/17064606265-thumb.jpeg,https://www.smbbmu.edu.pk/beta/uploads/gallery/events/17064606265_thumb.jpeg,https://www.smbbmu.edu.pk/beta/news/details/laptop-distribution-ceremony-at-smbbmu-01-10-2024
images/news/17064606234-thumb.jpeg,https://www.smbbmu.edu.pk/beta/uploads/gallery/events/17064606234_thumb.jpeg,https://www.smbbmu.edu.pk/beta/news/details/laptop-distribution-ceremony-at-smbbmu-01-10-2024
images/news/17064606233-thumb.jpeg,https://www.smbbmu.edu.pk/beta/uploads/gallery/events/17064606233_thumb.jpeg,https://www.smbbmu.edu.pk/beta/news/details/laptop-distribution-ceremony-at-smbbmu-01-10-2024
images/news/17064606212-thumb.jpeg,https://www.smbbmu.edu.pk/beta/uploads/gallery/events/17064606212_thumb.jpeg,https://www.smbbmu.edu.pk/beta/news/details/laptop-distribution-ceremony-at-smbbmu-01-10-2024
images/news/17064606211-thumb.jpeg,https://www.smbbmu.edu.pk/beta/uploads/gallery/events/17064606211_thumb.jpeg,https://www.smbbmu.edu.pk/beta/news/details/laptop-distribution-ceremony-at-smbbmu-01-10-2024
images/news/17064606298-thumb-2f3e1b40.jpeg,https://www.smbbmu.edu.pk/beta/uploads/gallery/events/thumbs/17064606298_thumb.jpeg,https://www.smbbmu.edu.pk/beta/news/details/laptop-distribution-ceremony-at-smbbmu-01-10-2024
images/news/17064606297-thumb-6a072350.jpeg,https://www.smbbmu.edu.pk/beta/uploads/gallery/events/thumbs/17064606297_thumb.jpeg,https://www.smbbmu.edu.pk/beta/news/details/laptop-distribution-ceremony-at-smbbmu-01-10-2024
images/news/17064606276-thumb-cfc576af.jpeg,https://www.smbbmu.edu.pk/beta/uploads/gallery/events/thumbs/17064606276_thumb.jpeg,https://www.smbbmu.edu.pk/beta/news/details/laptop-distribution-ceremony-at-smbbmu-01-10-2024
images/news/17064606265-thumb-e244e1e3.jpeg,https://www.smbbmu.edu.pk/beta/uploads/gallery/events/thumbs/17064606265_thumb.jpeg,https://www.smbbmu.edu.pk/beta/news/details/laptop-distribution-ceremony-at-smbbmu-01-10-2024
images/news/17064606234-thumb-ae0704b0.jpeg,https://www.smbbmu.edu.pk/beta/uploads/gallery/events/thumbs/17064606234_thumb.jpeg,https://www.smbbmu.edu.pk/beta/news/details/laptop-distribution-ceremony-at-smbbmu-01-10-2024
images/news/17064606233-thumb-dd7b5dd5.jpeg,https://www.smbbmu.edu.pk/beta/uploads/gallery/events/thumbs/17064606233_thumb.jpeg,https://www.smbbmu.edu.pk/beta/news/details/laptop-distribution-ceremony-at-smbbmu-01-10-2024
images/news/17064606212-thumb-6da04a1f.jpeg,https://www.smbbmu.edu.pk/beta/uploads/gallery/events/thumbs/17064606212_thumb.jpeg,https://www.smbbmu.edu.pk/beta/news/details/laptop-distribution-ceremony-at-smbbmu-01-10-2024
images/news/17064606211-thumb-516b0a42.jpeg,https://www.smbbmu.edu.pk/beta/uploads/gallery/events/thumbs/17064606211_thumb.jpeg,https://www.smbbmu.edu.pk/beta/news/details/laptop-distribution-ceremony-at-smbbmu-01-10-2024
images/news/1749545401img-0181-thumb.jpg,https://www.smbbmu.edu.pk/beta/uploads/gallery/events/1749545401IMG_0181_thumb.JPG,https://www.smbbmu.edu.pk/beta/news/details/photos-and-highlights-of-nahe-trainings-06-10-2025
images/news/1749545395img-0546-thumb.jpg,https://www.smbbmu.edu.pk/beta/uploads/gallery/events/1749545395IMG_0546_thumb.JPG,https://www.smbbmu.edu.pk/beta/news/details/photos-and-highlights-of-nahe-trainings-06-10-2025
images/news/1749545394img-0410-thumb.jpg,https://www.smbbmu.edu.pk/beta/uploads/gallery/events/1749545394IMG_0410_thumb.JPG,https://www.smbbmu.edu.pk/beta/news/details/photos-and-highlights-of-nahe-trainings-06-10-2025
images/news/1749545383img-0317-thumb.jpg,https://www.smbbmu.edu.pk/beta/uploads/gallery/events/1749545383IMG_0317_thumb.JPG,https://www.smbbmu.edu.pk/beta/news/details/photos-and-highlights-of-nahe-trainings-06-10-2025
images/news/1749545381img-0306-thumb.jpg,https://www.smbbmu.edu.pk/beta/uploads/gallery/events/1749545381IMG_0306_thumb.JPG,https://www.smbbmu.edu.pk/beta/news/details/photos-and-highlights-of-nahe-trainings-06-10-2025
images/news/1749545364img-1761-thumb.jpg,https://www.smbbmu.edu.pk/beta/uploads/gallery/events/1749545364IMG_1761_thumb.JPG,https://www.smbbmu.edu.pk/beta/news/details/photos-and-highlights-of-nahe-trainings-06-10-2025
images/news/1749545362img-1760-thumb.jpg,https://www.smbbmu.edu.pk/beta/uploads/gallery/events/1749545362IMG_1760_thumb.JPG,https://www.smbbmu.edu.pk/beta/news/details/photos-and-highlights-of-nahe-trainings-06-10-2025
images/news/1749545297img-0181-1-thumb.jpg,https://www.smbbmu.edu.pk/beta/uploads/gallery/events/1749545297IMG_0181 (1)_thumb.JPG,https://www.smbbmu.edu.pk/beta/news/details/photos-and-highlights-of-nahe-trainings-06-10-2025
images/news/1749545297img-1363-thumb.jpg,https://www.smbbmu.edu.pk/beta/uploads/gallery/events/1749545297IMG_1363_thumb.JPG,https://www.smbbmu.edu.pk/beta/news/details/photos-and-highlights-of-nahe-trainings-06-10-2025
images/news/1749545401img-0181-thumb-66a10e1f.jpg,https://www.smbbmu.edu.pk/beta/uploads/gallery/events/thumbs/1749545401IMG_0181_thumb.JPG,https://www.smbbmu.edu.pk/beta/news/details/photos-and-highlights-of-nahe-trainings-06-10-2025
images/news/1749545395img-0546-thumb-3760c154.jpg,https://www.smbbmu.edu.pk/beta/uploads/gallery/events/thumbs/1749545395IMG_0546_thumb.JPG,https://www.smbbmu.edu.pk/beta/news/details/photos-and-highlights-of-nahe-trainings-06-10-2025
images/news/1749545394img-0410-thumb-ae4d7c09.jpg,https://www.smbbmu.edu.pk/beta/uploads/gallery/events/thumbs/1749545394IMG_0410_thumb.JPG,https://www.smbbmu.edu.pk/beta/news/details/photos-and-highlights-of-nahe-trainings-06-10-2025
images/news/1749545383img-0317-thumb-69529262.jpg,https://www.smbbmu.edu.pk/beta/uploads/gallery/events/thumbs/1749545383IMG_0317_thumb.JPG,https://www.smbbmu.edu.pk/beta/news/details/photos-and-highlights-of-nahe-trainings-06-10-2025
images/news/1749545381img-0306-thumb-ff80b994.jpg,https://www.smbbmu.edu.pk/beta/uploads/gallery/events/thumbs/1749545381IMG_0306_thumb.JPG,https://www.smbbmu.edu.pk/beta/news/details/photos-and-highlights-of-nahe-trainings-06-10-2025
images/news/1749545364img-1761-thumb-b2cfdf4b.jpg,https://www.smbbmu.edu.pk/beta/uploads/gallery/events/thumbs/1749545364IMG_1761_thumb.JPG,https://www.smbbmu.edu.pk/beta/news/details/photos-and-highlights-of-nahe-trainings-06-10-2025
images/news/1749545362img-1760-thumb-b7c1797f.jpg,https://www.smbbmu.edu.pk/beta/uploads/gallery/events/thumbs/1749545362IMG_1760_thumb.JPG,https://www.smbbmu.edu.pk/beta/news/details/photos-and-highlights-of-nahe-trainings-06-10-2025
images/news/1749545297img-0181-1-thumb-85fae9e0.jpg,https://www.smbbmu.edu.pk/beta/uploads/gallery/events/thumbs/1749545297IMG_0181 (1)_thumb.JPG,https://www.smbbmu.edu.pk/beta/news/details/photos-and-highlights-of-nahe-trainings-06-10-2025
images/news/1749545297img-1363-thumb-c55a796e.jpg,https://www.smbbmu.edu.pk/beta/uploads/gallery/events/thumbs/1749545297IMG_1363_thumb.JPG,https://www.smbbmu.edu.pk/beta/news/details/photos-and-highlights-of-nahe-trainings-06-10-2025
images/news/1749551968img-2087-thumb.jpg,https://www.smbbmu.edu.pk/beta/uploads/gallery/events/1749551968IMG_2087_thumb.JPG,https://www.smbbmu.edu.pk/beta/news/details/review-of-institutional-performance-and-enhancement-ripe-psg-2023-orientation-05-27-2025
images/news/1749551956img-0519-thumb.jpg,https://www.smbbmu.edu.pk/beta/uploads/gallery/events/1749551956IMG_0519_thumb.JPG,https://www.smbbmu.edu.pk/beta/news/details/review-of-institutional-performance-and-enhancement-ripe-psg-2023-orientation-05-27-2025
images/news/1749551956img-0533-thumb.jpg,https://www.smbbmu.edu.pk/beta/uploads/gallery/events/1749551956IMG_0533_thumb.JPG,https://www.smbbmu.edu.pk/beta/news/details/review-of-institutional-performance-and-enhancement-ripe-psg-2023-orientation-05-27-2025
images/news/1749551968img-2087-thumb-956f4f47.jpg,https://www.smbbmu.edu.pk/beta/uploads/gallery/events/thumbs/1749551968IMG_2087_thumb.JPG,https://www.smbbmu.edu.pk/beta/news/details/review-of-institutional-performance-and-enhancement-ripe-psg-2023-orientation-05-27-2025
images/news/1749551956img-0519-thumb-af77e0a6.jpg,https://www.smbbmu.edu.pk/beta/uploads/gallery/events/thumbs/1749551956IMG_0519_thumb.JPG,https://www.smbbmu.edu.pk/beta/news/details/review-of-institutional-performance-and-enhancement-ripe-psg-2023-orientation-05-27-2025
images/news/1749551956img-0533-thumb-724d03d7.jpg,https://www.smbbmu.edu.pk/beta/uploads/gallery/events/thumbs/1749551956IMG_0533_thumb.JPG,https://www.smbbmu.edu.pk/beta/news/details/review-of-institutional-performance-and-enhancement-ripe-psg-2023-orientation-05-27-2025
images/news/1749551861img-2065-thumb.jpg,https://www.smbbmu.edu.pk/beta/uploads/gallery/events/1749551861IMG_2065_thumb.JPG,https://www.smbbmu.edu.pk/beta/news/details/program-review-for-effectiveness-enhancement-pree-05-26-2025
images/news/1749551854img-2074-thumb.jpg,https://www.smbbmu.edu.pk/beta/uploads/gallery/events/1749551854IMG_2074_thumb.JPG,https://www.smbbmu.edu.pk/beta/news/details/program-review-for-effectiveness-enhancement-pree-05-26-2025
images/news/1749551853img-2067-thumb.jpg,https://www.smbbmu.edu.pk/beta/uploads/gallery/events/1749551853IMG_2067_thumb.JPG,https://www.smbbmu.edu.pk/beta/news/details/program-review-for-effectiveness-enhancement-pree-05-26-2025
images/news/1749551861img-2065-thumb-476011f0.jpg,https://www.smbbmu.edu.pk/beta/uploads/gallery/events/thumbs/1749551861IMG_2065_thumb.JPG,https://www.smbbmu.edu.pk/beta/news/details/program-review-for-effectiveness-enhancement-pree-05-26-2025
images/news/1749551854img-2074-thumb-c3a4349f.jpg,https://www.smbbmu.edu.pk/beta/uploads/gallery/events/thumbs/1749551854IMG_2074_thumb.JPG,https://www.smbbmu.edu.pk/beta/news/details/program-review-for-effectiveness-enhancement-pree-05-26-2025
images/news/1749551853img-2067-thumb-12bdf3c2.jpg,https://www.smbbmu.edu.pk/beta/uploads/gallery/events/thumbs/1749551853IMG_2067_thumb.JPG,https://www.smbbmu.edu.pk/beta/news/details/program-review-for-effectiveness-enhancement-pree-05-26-2025
images/news/1735618465470664283-548026091567442-9002771475376985990-n-thumb.jpg,https://www.smbbmu.edu.pk/beta/uploads/gallery/events/1735618465470664283_548026091567442_9002771475376985990_n_thumb.jpg,https://www.smbbmu.edu.pk/beta/news/details/shaheed-mohtarma-benazir-bhutto-medical-university-signs-mou-with-begum-nusrat-bhutto-women-university-sukkur-12-24-2024
images/news/1735618463471187952-548025234900861-3074029321368068217-n-thumb.jpg,https://www.smbbmu.edu.pk/beta/uploads/gallery/events/1735618463471187952_548025234900861_3074029321368068217_n_thumb.jpg,https://www.smbbmu.edu.pk/beta/news/details/shaheed-mohtarma-benazir-bhutto-medical-university-signs-mou-with-begum-nusrat-bhutto-women-university-sukkur-12-24-2024
images/news/1735618463471396470-548025364900848-9147773758143450056-n-thumb.jpg,https://www.smbbmu.edu.pk/beta/uploads/gallery/events/1735618463471396470_548025364900848_9147773758143450056_n_thumb.jpg,https://www.smbbmu.edu.pk/beta/news/details/shaheed-mohtarma-benazir-bhutto-medical-university-signs-mou-with-begum-nusrat-bhutto-women-university-sukkur-12-24-2024
images/news/1735618460471215098-548025254900859-2051627538207337797-n-thumb.jpg,https://www.smbbmu.edu.pk/beta/uploads/gallery/events/1735618460471215098_548025254900859_2051627538207337797_n_thumb.jpg,https://www.smbbmu.edu.pk/beta/news/details/shaheed-mohtarma-benazir-bhutto-medical-university-signs-mou-with-begum-nusrat-bhutto-women-university-sukkur-12-24-2024
images/news/1735618465470664283-548026091567442-9002771475376985990-n-thumb-0996ecee.jpg,https://www.smbbmu.edu.pk/beta/uploads/gallery/events/thumbs/1735618465470664283_548026091567442_9002771475376985990_n_thumb.jpg,https://www.smbbmu.edu.pk/beta/news/details/shaheed-mohtarma-benazir-bhutto-medical-university-signs-mou-with-begum-nusrat-bhutto-women-university-sukkur-12-24-2024
images/news/1735618463471187952-548025234900861-3074029321368068217-n-thumb-baf15db4.jpg,https://www.smbbmu.edu.pk/beta/uploads/gallery/events/thumbs/1735618463471187952_548025234900861_3074029321368068217_n_thumb.jpg,https://www.smbbmu.edu.pk/beta/news/details/shaheed-mohtarma-benazir-bhutto-medical-university-signs-mou-with-begum-nusrat-bhutto-women-university-sukkur-12-24-2024
images/news/1735618463471396470-548025364900848-9147773758143450056-n-thumb-9ac3e5c1.jpg,https://www.smbbmu.edu.pk/beta/uploads/gallery/events/thumbs/1735618463471396470_548025364900848_9147773758143450056_n_thumb.jpg,https://www.smbbmu.edu.pk/beta/news/details/shaheed-mohtarma-benazir-bhutto-medical-university-signs-mou-with-begum-nusrat-bhutto-women-university-sukkur-12-24-2024
images/news/1735618460471215098-548025254900859-2051627538207337797-n-thumb-980f4866.jpg,https://www.smbbmu.edu.pk/beta/uploads/gallery/events/thumbs/1735618460471215098_548025254900859_2051627538207337797_n_thumb.jpg,https://www.smbbmu.edu.pk/beta/news/details/shaheed-mohtarma-benazir-bhutto-medical-university-signs-mou-with-begum-nusrat-bhutto-women-university-sukkur-12-24-2024
images/news/1735618719470575923-546983461671705-5901678991507561728-n-thumb.jpg,https://www.smbbmu.edu.pk/beta/uploads/gallery/events/1735618719470575923_546983461671705_5901678991507561728_n_thumb.jpg,https://www.smbbmu.edu.pk/beta/news/details/smbbmu-organized-a-two-day-stem-teacher-training-workshop-12-21-2024
images/news/1735618719471174722-546982455005139-937878254017248693-n-thumb.jpg,https://www.smbbmu.edu.pk/beta/uploads/gallery/events/1735618719471174722_546982455005139_937878254017248693_n_thumb.jpg,https://www.smbbmu.edu.pk/beta/news/details/smbbmu-organized-a-two-day-stem-teacher-training-workshop-12-21-2024
images/news/1735618718471198267-546982838338434-1955692717659401157-n-thumb.jpg,https://www.smbbmu.edu.pk/beta/uploads/gallery/events/1735618718471198267_546982838338434_1955692717659401157_n_thumb.jpg,https://www.smbbmu.edu.pk/beta/news/details/smbbmu-organized-a-two-day-stem-teacher-training-workshop-12-21-2024
images/news/1735618717470542565-546982825005102-6335860702960129790-n-thumb.jpg,https://www.smbbmu.edu.pk/beta/uploads/gallery/events/1735618717470542565_546982825005102_6335860702960129790_n_thumb.jpg,https://www.smbbmu.edu.pk/beta/news/details/smbbmu-organized-a-two-day-stem-teacher-training-workshop-12-21-2024
images/news/1735618717471155855-546982878338430-7966779698761056928-n-thumb.jpg,https://www.smbbmu.edu.pk/beta/uploads/gallery/events/1735618717471155855_546982878338430_7966779698761056928_n_thumb.jpg,https://www.smbbmu.edu.pk/beta/news/details/smbbmu-organized-a-two-day-stem-teacher-training-workshop-12-21-2024
images/news/1735618716471049448-546982921671759-503999558972621463-n-thumb.jpg,https://www.smbbmu.edu.pk/beta/uploads/gallery/events/1735618716471049448_546982921671759_503999558972621463_n_thumb.jpg,https://www.smbbmu.edu.pk/beta/news/details/smbbmu-organized-a-two-day-stem-teacher-training-workshop-12-21-2024
images/news/1735618719470575923-546983461671705-5901678991507561728-n-thumb-42250782.jpg,https://www.smbbmu.edu.pk/beta/uploads/gallery/events/thumbs/1735618719470575923_546983461671705_5901678991507561728_n_thumb.jpg,https://www.smbbmu.edu.pk/beta/news/details/smbbmu-organized-a-two-day-stem-teacher-training-workshop-12-21-2024
images/news/1735618719471174722-546982455005139-937878254017248693-n-thumb-b38db4a9.jpg,https://www.smbbmu.edu.pk/beta/uploads/gallery/events/thumbs/1735618719471174722_546982455005139_937878254017248693_n_thumb.jpg,https://www.smbbmu.edu.pk/beta/news/details/smbbmu-organized-a-two-day-stem-teacher-training-workshop-12-21-2024
images/news/1735618718471198267-546982838338434-1955692717659401157-n-thumb-53efa16f.jpg,https://www.smbbmu.edu.pk/beta/uploads/gallery/events/thumbs/1735618718471198267_546982838338434_1955692717659401157_n_thumb.jpg,https://www.smbbmu.edu.pk/beta/news/details/smbbmu-organized-a-two-day-stem-teacher-training-workshop-12-21-2024
images/news/1735618717470542565-546982825005102-6335860702960129790-n-thumb-eb003477.jpg,https://www.smbbmu.edu.pk/beta/uploads/gallery/events/thumbs/1735618717470542565_546982825005102_6335860702960129790_n_thumb.jpg,https://www.smbbmu.edu.pk/beta/news/details/smbbmu-organized-a-two-day-stem-teacher-training-workshop-12-21-2024
images/news/1735618717471155855-546982878338430-7966779698761056928-n-thumb-d9a7e467.jpg,https://www.smbbmu.edu.pk/beta/uploads/gallery/events/thumbs/1735618717471155855_546982878338430_7966779698761056928_n_thumb.jpg,https://www.smbbmu.edu.pk/beta/news/details/smbbmu-organized-a-two-day-stem-teacher-training-workshop-12-21-2024
images/news/1735618716471049448-546982921671759-503999558972621463-n-thumb-b0cabcd7.jpg,https://www.smbbmu.edu.pk/beta/uploads/gallery/events/thumbs/1735618716471049448_546982921671759_503999558972621463_n_thumb.jpg,https://www.smbbmu.edu.pk/beta/news/details/smbbmu-organized-a-two-day-stem-teacher-training-workshop-12-21-2024
images/news/17339883580-thumb.jpeg,https://www.smbbmu.edu.pk/beta/uploads/gallery/events/17339883580_thumb.jpeg,https://www.smbbmu.edu.pk/beta/news/details/vice-chancellor-of-smbbmu-participated-as-guest-of-honour-at-the-opening-ceremony-of-the-21st-international-conference-on-statistical-sciences-by-islamic-countries-society-of-statistical-sciences-isoss-12-09-2024
images/news/17339883571-thumb.jpeg,https://www.smbbmu.edu.pk/beta/uploads/gallery/events/17339883571_thumb.jpeg,https://www.smbbmu.edu.pk/beta/news/details/vice-chancellor-of-smbbmu-participated-as-guest-of-honour-at-the-opening-ceremony-of-the-21st-international-conference-on-statistical-sciences-by-islamic-countries-society-of-statistical-sciences-isoss-12-09-2024
images/news/17339883564-thumb.jpeg,https://www.smbbmu.edu.pk/beta/uploads/gallery/events/17339883564_thumb.jpeg,https://www.smbbmu.edu.pk/beta/news/details/vice-chancellor-of-smbbmu-participated-as-guest-of-honour-at-the-opening-ceremony-of-the-21st-international-conference-on-statistical-sciences-by-islamic-countries-society-of-statistical-sciences-isoss-12-09-2024
images/news/17339883556-thumb.jpeg,https://www.smbbmu.edu.pk/beta/uploads/gallery/events/17339883556_thumb.jpeg,https://www.smbbmu.edu.pk/beta/news/details/vice-chancellor-of-smbbmu-participated-as-guest-of-honour-at-the-opening-ceremony-of-the-21st-international-conference-on-statistical-sciences-by-islamic-countries-society-of-statistical-sciences-isoss-12-09-2024
images/news/17339883555-thumb.jpeg,https://www.smbbmu.edu.pk/beta/uploads/gallery/events/17339883555_thumb.jpeg,https://www.smbbmu.edu.pk/beta/news/details/vice-chancellor-of-smbbmu-participated-as-guest-of-honour-at-the-opening-ceremony-of-the-21st-international-conference-on-statistical-sciences-by-islamic-countries-society-of-statistical-sciences-isoss-12-09-2024
images/news/17339883580-thumb-eea77322.jpeg,https://www.smbbmu.edu.pk/beta/uploads/gallery/events/thumbs/17339883580_thumb.jpeg,https://www.smbbmu.edu.pk/beta/news/details/vice-chancellor-of-smbbmu-participated-as-guest-of-honour-at-the-opening-ceremony-of-the-21st-international-conference-on-statistical-sciences-by-islamic-countries-society-of-statistical-sciences-isoss-12-09-2024
images/news/17339883571-thumb-17e50ec7.jpeg,https://www.smbbmu.edu.pk/beta/uploads/gallery/events/thumbs/17339883571_thumb.jpeg,https://www.smbbmu.edu.pk/beta/news/details/vice-chancellor-of-smbbmu-participated-as-guest-of-honour-at-the-opening-ceremony-of-the-21st-international-conference-on-statistical-sciences-by-islamic-countries-society-of-statistical-sciences-isoss-12-09-2024
images/news/17339883564-thumb-56befe4b.jpeg,https://www.smbbmu.edu.pk/beta/uploads/gallery/events/thumbs/17339883564_thumb.jpeg,https://www.smbbmu.edu.pk/beta/news/details/vice-chancellor-of-smbbmu-participated-as-guest-of-honour-at-the-opening-ceremony-of-the-21st-international-conference-on-statistical-sciences-by-islamic-countries-society-of-statistical-sciences-isoss-12-09-2024
images/news/17339883556-thumb-6656949d.jpeg,https://www.smbbmu.edu.pk/beta/uploads/gallery/events/thumbs/17339883556_thumb.jpeg,https://www.smbbmu.edu.pk/beta/news/details/vice-chancellor-of-smbbmu-participated-as-guest-of-honour-at-the-opening-ceremony-of-the-21st-international-conference-on-statistical-sciences-by-islamic-countries-society-of-statistical-sciences-isoss-12-09-2024
images/news/17339883555-thumb-9574858e.jpeg,https://www.smbbmu.edu.pk/beta/uploads/gallery/events/thumbs/17339883555_thumb.jpeg,https://www.smbbmu.edu.pk/beta/news/details/vice-chancellor-of-smbbmu-participated-as-guest-of-honour-at-the-opening-ceremony-of-the-21st-international-conference-on-statistical-sciences-by-islamic-countries-society-of-statistical-sciences-isoss-12-09-2024
images/attachments/transcript-certificate-17555917310.jpg,https://www.smbbmu.edu.pk/beta/news/downloadFile/transcript-certificate_17555917310.jpg,https://www.smbbmu.edu.pk/beta/news/details/examination-certificate-fees-challan-07-01-2026
images/attachments/degree-certificate-17555916620.jpg,https://www.smbbmu.edu.pk/beta/news/downloadFile/degree-certificate_17555916620.jpg,https://www.smbbmu.edu.pk/beta/news/details/examination-certificate-fees-challan-07-01-2026
images/attachments/verification-form-17555916050.jpg,https://www.smbbmu.edu.pk/beta/news/downloadFile/VERIFICATION+FORM_17555916050.jpg,https://www.smbbmu.edu.pk/beta/news/details/examination-certificate-fees-challan-07-01-2026
images/attachments/examination-fees-challan-17103531280-17103538380.jpg,https://www.smbbmu.edu.pk/beta/news/downloadFile/examination-fees-challan_17103531280_17103538380.jpg,https://www.smbbmu.edu.pk/beta/news/details/examination-certificate-fees-challan-07-01-2026
images/news/1782983041.jpeg,https://www.smbbmu.edu.pk/beta/uploads/news/images/1782983041.jpeg,https://www.smbbmu.edu.pk/beta/news/details/examination-certificate-fees-challan-07-01-2026
images/news/1782132758.jpeg,https://www.smbbmu.edu.pk/beta/uploads/news/images/1782132758.jpeg,https://www.smbbmu.edu.pk/beta/news/details/rescheduling-of-interviews-for-various-positions-in-the-colleges-institutes-and-departments-of-shaheed-mohtarma-benazir-bhutto-medical-university-06-22-2026
images/news/1781854616.jpeg,https://www.smbbmu.edu.pk/beta/uploads/news/images/1781854616.jpeg,https://www.smbbmu.edu.pk/beta/news/details/revised-time-table-of-3rd-professional-mbbs-supplementary-ospe-examination-session-2022-23-of-smbb-medical-university-larakana-06-18-2026
images/news/1781702550.jpeg,https://www.smbbmu.edu.pk/beta/uploads/news/images/1781702550.jpeg,https://www.smbbmu.edu.pk/beta/news/details/time-table-for-supplementary-examination-for-1st-2nd-and-3rd-year-mbbs-examinations-06-17-2026
images/news/1781702710.jpg,https://www.smbbmu.edu.pk/beta/uploads/news/images/1781702710.jpg,https://www.smbbmu.edu.pk/beta/news/details/rescheduling-of-interviews-for-admission-to-postgraduate-courses-session-july-2026-06-17-2026
images/news/1781702811.jpeg,https://www.smbbmu.edu.pk/beta/uploads/news/images/1781702811.jpeg,https://www.smbbmu.edu.pk/beta/news/details/time-table-for-the-supplementary-examination-of-1st-year-mbbs-term-back-06-17-2026
images/news/1781681054.jpeg,https://www.smbbmu.edu.pk/beta/uploads/news/images/1781681054.jpeg,https://www.smbbmu.edu.pk/beta/news/details/postgraduate-entry-test-for-session-july-2026-06-15-2026
images/news/1781251435.jpeg,https://www.smbbmu.edu.pk/beta/uploads/news/images/1781251435.jpeg,https://www.smbbmu.edu.pk/beta/news/details/result-of-final-professional-mbbs-final-year-supplementary-examination-session-2020-2021-06-11-2026
images/attachments/transcript-certificate-17555917310.jpg,https://www.smbbmu.edu.pk/beta/news/downloadFile/transcript-certificate_17555917310.jpg,https://www.smbbmu.edu.pk/beta/announcements/details/examination-certificate-fees-challan-07-01-2026
images/attachments/degree-certificate-17555916620.jpg,https://www.smbbmu.edu.pk/beta/news/downloadFile/degree-certificate_17555916620.jpg,https://www.smbbmu.edu.pk/beta/announcements/details/examination-certificate-fees-challan-07-01-2026
images/attachments/verification-form-17555916050.jpg,https://www.smbbmu.edu.pk/beta/news/downloadFile/VERIFICATION+FORM_17555916050.jpg,https://www.smbbmu.edu.pk/beta/announcements/details/examination-certificate-fees-challan-07-01-2026
images/attachments/examination-fees-challan-17103531280-17103538380.jpg,https://www.smbbmu.edu.pk/beta/news/downloadFile/examination-fees-challan_17103531280_17103538380.jpg,https://www.smbbmu.edu.pk/beta/announcements/details/examination-certificate-fees-challan-07-01-2026
images/news/1782983041.jpeg,https://www.smbbmu.edu.pk/beta/uploads/news/images/1782983041.jpeg,https://www.smbbmu.edu.pk/beta/announcements/details/examination-certificate-fees-challan-07-01-2026
images/news/1782132758.jpeg,https://www.smbbmu.edu.pk/beta/uploads/news/images/1782132758.jpeg,https://www.smbbmu.edu.pk/beta/announcements/details/rescheduling-of-interviews-for-various-positions-in-the-colleges-institutes-and-departments-of-shaheed-mohtarma-benazir-bhutto-medical-university-06-22-2026
images/news/1781854616.jpeg,https://www.smbbmu.edu.pk/beta/uploads/news/images/1781854616.jpeg,https://www.smbbmu.edu.pk/beta/announcements/details/revised-time-table-of-3rd-professional-mbbs-supplementary-ospe-examination-session-2022-23-of-smbb-medical-university-larakana-06-18-2026
images/news/1781702550.jpeg,https://www.smbbmu.edu.pk/beta/uploads/news/images/1781702550.jpeg,https://www.smbbmu.edu.pk/beta/announcements/details/time-table-for-supplementary-examination-for-1st-2nd-and-3rd-year-mbbs-examinations-06-17-2026
images/news/1781702710.jpg,https://www.smbbmu.edu.pk/beta/uploads/news/images/1781702710.jpg,https://www.smbbmu.edu.pk/beta/announcements/details/rescheduling-of-interviews-for-admission-to-postgraduate-courses-session-july-2026-06-17-2026
images/news/1781702811.jpeg,https://www.smbbmu.edu.pk/beta/uploads/news/images/1781702811.jpeg,https://www.smbbmu.edu.pk/beta/announcements/details/time-table-for-the-supplementary-examination-of-1st-year-mbbs-term-back-06-17-2026
images/news/1781681054.jpeg,https://www.smbbmu.edu.pk/beta/uploads/news/images/1781681054.jpeg,https://www.smbbmu.edu.pk/beta/announcements/details/postgraduate-entry-test-for-session-july-2026-06-15-2026
images/news/1781251435.jpeg,https://www.smbbmu.edu.pk/beta/uploads/news/images/1781251435.jpeg,https://www.smbbmu.edu.pk/beta/announcements/details/result-of-final-professional-mbbs-final-year-supplementary-examination-session-2020-2021-06-11-2026
images/news/1781251332.jpeg,https://www.smbbmu.edu.pk/beta/uploads/news/images/1781251332.jpeg,https://www.smbbmu.edu.pk/beta/announcements/details/result-of-fourth-professional-dpt-eighth-semester-regular-examination-session-2020-2021-06-10-2026
images/news/1779427799.jpg,https://www.smbbmu.edu.pk/beta/uploads/news/images/1779427799.jpg,https://www.smbbmu.edu.pk/beta/announcements/details/admission-for-certificate-in-health-professions-education-c-hpe-session-2026-batch-09-05-21-2026
images/news/1779428381.jpeg,https://www.smbbmu.edu.pk/beta/uploads/news/images/1779428381.jpeg,https://www.smbbmu.edu.pk/beta/announcements/details/result-of-bs-post-rn-year-ll-semester-ili-regular-examination-session-2023-24-05-21-2026
images/news/1779428543.jpeg,https://www.smbbmu.edu.pk/beta/uploads/news/images/1779428543.jpeg,https://www.smbbmu.edu.pk/beta/announcements/details/time-table-of-2nd-professional-dpt-4th-semester-regular-examination-session2023-24-05-21-2026
images/news/1779428668.jpeg,https://www.smbbmu.edu.pk/beta/uploads/news/images/1779428668.jpeg,https://www.smbbmu.edu.pk/beta/announcements/details/time-table-theory-bsn-generic-post-rn-year-i-semester-ii-regular-examination-session-2024-25-05-21-2026
images/news/1779428787.jpeg,https://www.smbbmu.edu.pk/beta/uploads/news/images/1779428787.jpeg,https://www.smbbmu.edu.pk/beta/announcements/details/time-table-1st-2nd-and-3rd-professional-mbbssupplementary-theory-examination-of-cmc-larkana-gmmmc-sukkur-05-21-2026
images/news/1779428306.jpeg,https://www.smbbmu.edu.pk/beta/uploads/news/images/1779428306.jpeg,https://www.smbbmu.edu.pk/beta/announcements/details/result-of-final-professional-pharm-d-final-year-annual-examination-session-2019-2020-of-institute-of-pharmacy-smbbmu-larkana-held-in-the-month-of-february-2026-05-19-2026
images/news/1778770587.jpeg,https://www.smbbmu.edu.pk/beta/uploads/news/images/1778770587.jpeg,https://www.smbbmu.edu.pk/beta/announcements/details/result-of-fourth-professional-mbbs-fourth-year-supplementary-examination-session-2021-2022-of-chandka-medical-college-larkana-and-gulam-muhammad-mahar-medical-college-sukkur-held-in-the-month-of-april-2026-05-14-2026
images/news/1778770722.jpeg,https://www.smbbmu.edu.pk/beta/uploads/news/images/1778770722.jpeg,https://www.smbbmu.edu.pk/beta/announcements/details/admissions-for-postgraduate-studies-session-2025-26-05-14-2026
images/news/1778135211.jpeg,https://www.smbbmu.edu.pk/beta/uploads/news/images/1778135211.jpeg,https://www.smbbmu.edu.pk/beta/announcements/details/notice-of-final-year-supplementary-viva-examination-scheduled-to-be-held-on-08-05-2026-05-07-2026
images/news/1778044158.jpeg,https://www.smbbmu.edu.pk/beta/uploads/news/images/1778044158.jpeg,https://www.smbbmu.edu.pk/beta/announcements/details/declaration-of-withheld-result-of-third-year-mbbs-annual-examination-session-2022-23-05-05-2026
images/news/1778044168.jpeg,https://www.smbbmu.edu.pk/beta/uploads/news/images/1778044168.jpeg,https://www.smbbmu.edu.pk/beta/announcements/details/declaration-of-withheld-result-of-second-year-mbbs-annual-examination-session-2023-24-05-05-2026
images/news/1778042868.jpeg,https://www.smbbmu.edu.pk/beta/uploads/news/images/1778042868.jpeg,https://www.smbbmu.edu.pk/beta/announcements/details/notice-for-examiners-for-viva-voce-examination-of-medicine-for-supplementary-examination-05-04-2026
images/news/1778042849.jpeg,https://www.smbbmu.edu.pk/beta/uploads/news/images/1778042849.jpeg,https://www.smbbmu.edu.pk/beta/announcements/details/result-of-bsn-generic-year-iii-semester-vi-re-sit-examination-202122-05-04-2026
images/news/1778215257.jpeg,https://www.smbbmu.edu.pk/beta/uploads/news/images/1778215257.jpeg,https://www.smbbmu.edu.pk/beta/announcements/details/notice-for-examiner-for-conducting-viva-voce-examinations-for-5th-year-supplementary-examination-05-04-2026
images/news/1778043694.jpeg,https://www.smbbmu.edu.pk/beta/uploads/news/images/1778043694.jpeg,https://www.smbbmu.edu.pk/beta/announcements/details/timetable-of-5th-professional-mbbs-supplementary-viva-voce-examinations-session-202021-04-27-2026
images/news/1778043108.jpeg,https://www.smbbmu.edu.pk/beta/uploads/news/images/1778043108.jpeg,https://www.smbbmu.edu.pk/beta/announcements/details/result-of-mphil-physiology-thesis-defense-examination-session-march-2026-04-27-2026
images/news/1622101553.jpg,https://www.smbbmu.edu.pk/beta/uploads/news/images/1622101553.jpg,https://www.smbbmu.edu.pk/beta/announcements/details/notice-for-modification-of-date-of-entry-test-for-admission-for-postgraduate-courses-for-session-july-2021-05-26-2021
images/news/1619001965.jpg,https://www.smbbmu.edu.pk/beta/uploads/news/images/1619001965.jpg,https://www.smbbmu.edu.pk/beta/announcements/details/admissions-for-postgraduate-courses-for-the-session-july-2021-04-20-2021
images/news/1611068165.jpg,https://www.smbbmu.edu.pk/beta/uploads/news/images/1611068165.jpg,https://www.smbbmu.edu.pk/beta/announcements/details/admissions-for-dptpharm-d-course-for-session-2020-21-01-19-2021
images/news/1610797097.jpg,https://www.smbbmu.edu.pk/beta/uploads/news/images/1610797097.jpg,https://www.smbbmu.edu.pk/beta/announcements/details/advertisement-for-admission-into-1st-year-mbbsbds-on-ueap-local-basis-for-session-2020-21-01-16-2021
images/news/1605848829.jpg,https://www.smbbmu.edu.pk/beta/uploads/news/images/1605848829.jpg,https://www.smbbmu.edu.pk/beta/announcements/details/corrigendum-for-admission-in-postgraduate-programs-for-session-january-2020-11-19-2020
images/news/1604311530.jpg,https://www.smbbmu.edu.pk/beta/uploads/news/images/1604311530.jpg,https://www.smbbmu.edu.pk/beta/announcements/details/admissions-for-postgraduate-courses-for-the-session-january-2021-11-02-2020
images/news/1600434862.jpg,https://www.smbbmu.edu.pk/beta/uploads/news/images/1600434862.jpg,https://www.smbbmu.edu.pk/beta/announcements/details/admission-in-public-and-private-sector-medical-and-dental-universitiescolleges-of-sindh-province-for-session-2020-21-09-18-2020
images/news/1595496184.jpg,https://www.smbbmu.edu.pk/beta/uploads/news/images/1595496184.jpg,https://www.smbbmu.edu.pk/beta/announcements/details/addendum-for-admissions-of-post-graduate-courses-for-the-session-july-2020-07-23-2020
images/news/1594100898.jpg,https://www.smbbmu.edu.pk/beta/uploads/news/images/1594100898.jpg,https://www.smbbmu.edu.pk/beta/announcements/details/admissions-for-postgraduate-courses-for-the-session-july-2020-07-06-2020
images/news/1778043179.jpeg,https://www.smbbmu.edu.pk/beta/uploads/news/images/1778043179.jpeg,https://www.smbbmu.edu.pk/beta/announcements/details/timetable-of-4th-professional-mbbs-supplementary-viva-voce-examinations-session-202122-04-24-2026
images/news/1778043303.jpeg,https://www.smbbmu.edu.pk/beta/uploads/news/images/1778043303.jpeg,https://www.smbbmu.edu.pk/beta/announcements/details/result-of-bs-generic-year-iv-semester-vili-re-sit-examination-session-2020-21-04-23-2026
images/news/1778043439.jpeg,https://www.smbbmu.edu.pk/beta/uploads/news/images/1778043439.jpeg,https://www.smbbmu.edu.pk/beta/announcements/details/time-table-theory-bsn-generic-year-iv-semester-vii-regular-examination-session-2021-22-04-20-2026
images/attachments/mbbs-second-year-2-17760702681.jpeg,https://www.smbbmu.edu.pk/beta/news/downloadFile/mbbs-second-year-2_17760702681.jpeg,https://www.smbbmu.edu.pk/beta/announcements/details/result-of-2nd-professional-mbbs-examination-04-13-2026
images/attachments/mbbs-second-year-1-17760702680.jpeg,https://www.smbbmu.edu.pk/beta/news/downloadFile/mbbs-second-year-1_17760702680.jpeg,https://www.smbbmu.edu.pk/beta/announcements/details/result-of-2nd-professional-mbbs-examination-04-13-2026
images/news/1774591716.jpeg,https://www.smbbmu.edu.pk/beta/uploads/news/images/1774591716.jpeg,https://www.smbbmu.edu.pk/beta/announcements/details/result-of-diploma-of-dermatology-clinical-examination-session-september-2025-held-in-the-month-of-march-2026-03-26-2026
images/news/1774591797.jpeg,https://www.smbbmu.edu.pk/beta/uploads/news/images/1774591797.jpeg,https://www.smbbmu.edu.pk/beta/announcements/details/timetable-of-ms-surgery-mid-term-part-ii-clinical-examinations-session-september-2025-03-26-2026
images/news/1774500747.jpeg,https://www.smbbmu.edu.pk/beta/uploads/news/images/1774500747.jpeg,https://www.smbbmu.edu.pk/beta/announcements/details/timetable-of-1st-professional-dpt-2nd-semester-examination-session-2024-25-of-smbbmu-larkana-03-25-2026
images/news/1774500918.jpeg,https://www.smbbmu.edu.pk/beta/uploads/news/images/1774500918.jpeg,https://www.smbbmu.edu.pk/beta/announcements/details/result-of-postgraduate-diploma-anasthesia-viva-voce-examination-session-of-september-2025-held-in-the-month-of-march-2026-03-24-2026
images/news/1774501128.jpeg,https://www.smbbmu.edu.pk/beta/uploads/news/images/1774501128.jpeg,https://www.smbbmu.edu.pk/beta/announcements/details/circular-for-postgraduate-examinations-of-session-march-2026-in-all-degree-and-diploma-courses-03-16-2026
images/news/1772531646.jpeg,https://www.smbbmu.edu.pk/beta/uploads/news/images/1772531646.jpeg,https://www.smbbmu.edu.pk/beta/announcements/details/time-table-of-3rd-professional-pharm-d-annual-theory-ospe-examinations-session-2022-23-of-smbbmu-larkana-03-03-2026
images/news/1772531682.jpeg,https://www.smbbmu.edu.pk/beta/uploads/news/images/1772531682.jpeg,https://www.smbbmu.edu.pk/beta/announcements/details/time-table-of-3rd-professional-pharm-d-supplementary-theory-examination-session-2021-22-of-smbbmu-larkana-03-03-2026
images/news/1772531409.jpeg,https://www.smbbmu.edu.pk/beta/uploads/news/images/1772531409.jpeg,https://www.smbbmu.edu.pk/beta/announcements/details/postgraduate-degree-theory-clinical-examination-september-2025-held-in-the-month-of-january-2026-03-02-2026
images/news/1772531495.jpeg,https://www.smbbmu.edu.pk/beta/uploads/news/images/1772531495.jpeg,https://www.smbbmu.edu.pk/beta/announcements/details/postgraduate-degree-diploma-theory-viva-voce-examination-session-september-2025-held-in-the-month-of-january-february-2026-03-02-2026
images/news/1769667953.jpeg,https://www.smbbmu.edu.pk/beta/uploads/news/images/1769667953.jpeg,https://www.smbbmu.edu.pk/beta/announcements/details/time-table-of-1st-2nd-professional-pharm-d-annual-theory-ospe-examinations-session-2024-25-2023-24-of-smbbmu-larkana-01-28-2026
images/news/1768934294.jpeg,https://www.smbbmu.edu.pk/beta/uploads/news/images/1768934294.jpeg,https://www.smbbmu.edu.pk/beta/announcements/details/result-of-bsn-generic-year-iv-semester-vii-re-sit-examination-session-of-affliated-colleges-01-19-2026
images/news/1768934384.jpeg,https://www.smbbmu.edu.pk/beta/uploads/news/images/1768934384.jpeg,https://www.smbbmu.edu.pk/beta/announcements/details/notice-for-postgraduate-theory-examinations-session-september-2025-01-12-2026
images/news/1768934461.jpeg,https://www.smbbmu.edu.pk/beta/uploads/news/images/1768934461.jpeg,https://www.smbbmu.edu.pk/beta/announcements/details/result-of-third-professional-pharm-d-third-year-annual-examination-session-2021-2022-of-institute-of-pharmacy-smbbmu-larkana-held-in-the-month-of-september-2025-01-12-2026
images/news/1768934532.jpeg,https://www.smbbmu.edu.pk/beta/uploads/news/images/1768934532.jpeg,https://www.smbbmu.edu.pk/beta/announcements/details/result-of-first-professional-dpt-first-semester-regular-examination-session-2024-2025-01-12-2026
images/news/1768934594.jpeg,https://www.smbbmu.edu.pk/beta/uploads/news/images/1768934594.jpeg,https://www.smbbmu.edu.pk/beta/announcements/details/revised-timetable-of-bsn-generic-year-iii-semester-v-regular-examination-session-2022-23-01-12-2026
images/news/1768934795.jpeg,https://www.smbbmu.edu.pk/beta/uploads/news/images/1768934795.jpeg,https://www.smbbmu.edu.pk/beta/announcements/details/time-table-of-1st-2nd-and-3rd-professional-mbbs-annual-examination-01-12-2026
images/news/1765778887.jpeg,https://www.smbbmu.edu.pk/beta/uploads/news/images/1765778887.jpeg,https://www.smbbmu.edu.pk/beta/announcements/details/time-table-of-2nd-professional-dpt-3rd-semester-regular-examination-12-13-2025
images/news/1765779388.jpeg,https://www.smbbmu.edu.pk/beta/uploads/news/images/1765779388.jpeg,https://www.smbbmu.edu.pk/beta/announcements/details/time-table-of-3rd-professional-dpt-6th-semester-regular-examination-12-13-2025
images/news/1765780264.jpeg,https://www.smbbmu.edu.pk/beta/uploads/news/images/1765780264.jpeg,https://www.smbbmu.edu.pk/beta/announcements/details/time-table-of-3rd-professional-dpt-5th-semester-regular-examination-12-13-2025
images/news/1765778756.jpeg,https://www.smbbmu.edu.pk/beta/uploads/news/images/1765778756.jpeg,https://www.smbbmu.edu.pk/beta/announcements/details/timet-table-of-1st-2nd-and-3rd-professional-mbbs-examination-12-11-2025
images/news/1764841011.jpeg,https://www.smbbmu.edu.pk/beta/uploads/news/images/1764841011.jpeg,https://www.smbbmu.edu.pk/beta/announcements/details/result-of-second-professional-dpt-fourth-semester-re-sit-examination-session-2022-2023-12-04-2025
images/news/1764841061.jpeg,https://www.smbbmu.edu.pk/beta/uploads/news/images/1764841061.jpeg,https://www.smbbmu.edu.pk/beta/announcements/details/result-of-bsn-generic-year-i-semster-i-re-sit-examinaion-session-2023-24-12-04-2025
images/news/1764841240.jpeg,https://www.smbbmu.edu.pk/beta/uploads/news/images/1764841240.jpeg,https://www.smbbmu.edu.pk/beta/announcements/details/result-of-bsn-post-rn-year-i-semester-ll-re-sit-examination-session-2023-24-12-04-2025
images/news/1764051762.jpeg,https://www.smbbmu.edu.pk/beta/uploads/news/images/1764051762.jpeg,https://www.smbbmu.edu.pk/beta/announcements/details/timetable-theory-bsngeneric-postrn-year-ii-semester-iii-regular-examination-session-2023-24-11-24-2025
images/news/1762932291.jpeg,https://www.smbbmu.edu.pk/beta/uploads/news/images/1762932291.jpeg,https://www.smbbmu.edu.pk/beta/announcements/details/result-of-postgraduate-diploma-examinationtheory-clinical-march-2025-held-in-the-month-of-november-2025-11-12-2025
images/news/1762932461.jpeg,https://www.smbbmu.edu.pk/beta/uploads/news/images/1762932461.jpeg,https://www.smbbmu.edu.pk/beta/announcements/details/result-of-postgraduate-mphil-programthesis-defense-examination-september-2025-held-in-the-month-of-november-2025-11-12-2025
images/news/1762772384.jpeg,https://www.smbbmu.edu.pk/beta/uploads/news/images/1762772384.jpeg,https://www.smbbmu.edu.pk/beta/announcements/details/result-of-5th-professional-dpt-tenth-semester-regular-examination-session-2019-20-11-10-2025
images/news/1764055613.jpeg,https://www.smbbmu.edu.pk/beta/uploads/news/images/1764055613.jpeg,https://www.smbbmu.edu.pk/beta/announcements/details/timetable-of-4th-5th-professional-mbbs-regular-examination-11-06-2025
images/news/1757406206.jpeg,https://www.smbbmu.edu.pk/beta/uploads/news/images/1757406206.jpeg,https://www.smbbmu.edu.pk/beta/announcements/details/timetable-for-1st-professional-dpt-2nd-semester-re-sit-examination-09-09-2025
images/news/1757406268.jpeg,https://www.smbbmu.edu.pk/beta/uploads/news/images/1757406268.jpeg,https://www.smbbmu.edu.pk/beta/announcements/details/timetable-for-5th-professional-dpt-9th-semester-re-sit-examination-09-09-2025
images/attachments/timetable-bsn-year-iii-semester-v-17574065501.jpeg,https://www.smbbmu.edu.pk/beta/news/downloadFile/timetable-bsn-year-III-semester-V_17574065501.jpeg,https://www.smbbmu.edu.pk/beta/announcements/details/timetable-for-bsn-year-iii-semester-v-re-sit-examination-09-09-2025
images/attachments/time-table-bsn-year-iii-semester-v-17574065500.jpeg,https://www.smbbmu.edu.pk/beta/news/downloadFile/time-table-bsn-year-III-semester-v_17574065500.jpeg,https://www.smbbmu.edu.pk/beta/announcements/details/timetable-for-bsn-year-iii-semester-v-re-sit-examination-09-09-2025
images/news/1757407008.jpeg,https://www.smbbmu.edu.pk/beta/uploads/news/images/1757407008.jpeg,https://www.smbbmu.edu.pk/beta/announcements/details/result-of-bsnpost-rn-year-ii-semester-iv-regular-examination-session-2022-23-09-04-2025
images/news/1757407144.jpeg,https://www.smbbmu.edu.pk/beta/uploads/news/images/1757407144.jpeg,https://www.smbbmu.edu.pk/beta/announcements/details/timetable-of-1st-2nd-3rd-4th-professional-bds-supplementary-theory-ospe-osce-examination-09-03-2025
images/news/1754475126.jpeg,https://www.smbbmu.edu.pk/beta/uploads/news/images/1754475126.jpeg,https://www.smbbmu.edu.pk/beta/announcements/details/result-of-third-professional-examination-supplementary-session-2021-22-08-06-2025
images/news/1754475138.jpeg,https://www.smbbmu.edu.pk/beta/uploads/news/images/1754475138.jpeg,https://www.smbbmu.edu.pk/beta/announcements/details/result-of-fourth-professional-examination-supplementary-session-2020-21-08-06-2025
images/news/1754475095.jpeg,https://www.smbbmu.edu.pk/beta/uploads/news/images/1754475095.jpeg,https://www.smbbmu.edu.pk/beta/announcements/details/result-of-1st-year-bds-annual-examination-session-2023-24-08-05-2025
images/news/1754475111.jpeg,https://www.smbbmu.edu.pk/beta/uploads/news/images/1754475111.jpeg,https://www.smbbmu.edu.pk/beta/announcements/details/result-of-second-professional-bds-examination-session-2022-23-08-05-2025
images/news/1751444133.jpeg,https://www.smbbmu.edu.pk/beta/uploads/news/images/1751444133.jpeg,https://www.smbbmu.edu.pk/beta/announcements/details/result-of-third-professional-bds-annual-examination-session-2021-22-07-02-2025
images/news/1751444224.jpeg,https://www.smbbmu.edu.pk/beta/uploads/news/images/1751444224.jpeg,https://www.smbbmu.edu.pk/beta/announcements/details/result-of-bsn-post-rn-year-ii-semester-ii-re-sit-examination-session-2022-23-07-02-2025
images/news/1751013773.jpeg,https://www.smbbmu.edu.pk/beta/uploads/news/images/1751013773.jpeg,https://www.smbbmu.edu.pk/beta/announcements/details/timetable-of-postgraduate-entry-test-part-i-examination-session-july-2025-06-26-2025
images/news/1749729519.jpeg,https://www.smbbmu.edu.pk/beta/uploads/news/images/1749729519.jpeg,https://www.smbbmu.edu.pk/beta/announcements/details/result-of-first-professional-pharm-d-annual-examination-session-2023-24-06-11-2025
images/news/1749729737.jpeg,https://www.smbbmu.edu.pk/beta/uploads/news/images/1749729737.jpeg,https://www.smbbmu.edu.pk/beta/announcements/details/result-of-bsngeneric-year-iii-semester-vi-re-sit-examination-session-2020-21-06-11-2025
images/news/1764051115.jpeg,https://www.smbbmu.edu.pk/beta/uploads/news/images/1764051115.jpeg,https://www.smbbmu.edu.pk/beta/announcements/details/timetable-of-1st-professional-mbbssupplementary-theory-ospe-examiation-06-02-2025
images/news/1747898322.jpeg,https://www.smbbmu.edu.pk/beta/uploads/news/images/1747898322.jpeg,https://www.smbbmu.edu.pk/beta/announcements/details/result-of-postgraduate-degree-diploma-theory-viva-voce-examinations-session-september-2024-held-in-the-month-of-may-2025-05-22-2025
images/news/1747733690.jpeg,https://www.smbbmu.edu.pk/beta/uploads/news/images/1747733690.jpeg,https://www.smbbmu.edu.pk/beta/announcements/details/notice-for-postponement-of-supplementary-examination-of-2nd-4th-year-of-mbbs-05-19-2025
images/news/1747733746.jpeg,https://www.smbbmu.edu.pk/beta/uploads/news/images/1747733746.jpeg,https://www.smbbmu.edu.pk/beta/announcements/details/re-totaling-of-marks-on-applications-forwarded-by-students-of-cmc-gmmmc-05-19-2025
images/news/1747545726.jpeg,https://www.smbbmu.edu.pk/beta/uploads/news/images/1747545726.jpeg,https://www.smbbmu.edu.pk/beta/announcements/details/result-of-final-professional-pharm-d-examination-for-session-2018-19-05-16-2025
images/news/1747545672.jpeg,https://www.smbbmu.edu.pk/beta/uploads/news/images/1747545672.jpeg,https://www.smbbmu.edu.pk/beta/announcements/details/result-of-second-professional-dpt-third-semester-re-sit-examination-session-2022-23-05-15-2025
images/news/1747545705.jpeg,https://www.smbbmu.edu.pk/beta/uploads/news/images/1747545705.jpeg,https://www.smbbmu.edu.pk/beta/announcements/details/result-of-second-professional-dpt-fourth-semester-re-sit-examination-session-2023-24-05-14-2025
images/news/1747545924.jpeg,https://www.smbbmu.edu.pk/beta/uploads/news/images/1747545924.jpeg,https://www.smbbmu.edu.pk/beta/announcements/details/postgraduate-theory-examination-session-march-2025-05-14-2025
images/news/1747632044.jpeg,https://www.smbbmu.edu.pk/beta/uploads/news/images/1747632044.jpeg,https://www.smbbmu.edu.pk/beta/announcements/details/result-of-postgraduate-theory-diploma-examination-session-sept-2024-05-13-2025
images/news/1747632235.jpeg,https://www.smbbmu.edu.pk/beta/uploads/news/images/1747632235.jpeg,https://www.smbbmu.edu.pk/beta/announcements/details/result-of-third-professional-dpt-sixth-semester-re-sit-examination-session-2020-21-05-09-2025
images/news/1747632336.jpeg,https://www.smbbmu.edu.pk/beta/uploads/news/images/1747632336.jpeg,https://www.smbbmu.edu.pk/beta/announcements/details/result-of-fourth-professional-dpt-eighth-semester-re-sit-examination-session-2019-20-05-09-2025
images/news/1745669534.jpeg,https://www.smbbmu.edu.pk/beta/uploads/news/images/1745669534.jpeg,https://www.smbbmu.edu.pk/beta/announcements/details/withheld-result-of-the-candidates-of-4th-year-04-25-2025
images/attachments/whatsapp-image-2025-04-24-at-1-17456693031.jpeg,https://www.smbbmu.edu.pk/beta/news/downloadFile/WhatsApp+Image+2025-04-24+at+1_17456693031.jpeg,https://www.smbbmu.edu.pk/beta/announcements/details/result-of-fourth-professional-mbbs-fourth-year-annual-examination-session-2020-2021-04-24-2025
images/attachments/whatsapp-image-2025-04-24-at-1-17456693030.jpeg,https://www.smbbmu.edu.pk/beta/news/downloadFile/WhatsApp+Image+2025-04-24+at+1_17456693030.jpeg,https://www.smbbmu.edu.pk/beta/announcements/details/result-of-fourth-professional-mbbs-fourth-year-annual-examination-session-2020-2021-04-24-2025
images/news/1745669401.jpeg,https://www.smbbmu.edu.pk/beta/uploads/news/images/1745669401.jpeg,https://www.smbbmu.edu.pk/beta/announcements/details/result-of-md-internal-medicine-part-ll-04-24-2025
images/attachments/bsn-3rdyear-page-2-17456689371.jpeg,https://www.smbbmu.edu.pk/beta/news/downloadFile/bsn-3rdyear-page-2_17456689371.jpeg,https://www.smbbmu.edu.pk/beta/announcements/details/result-of-bsn-generic-year-iii-semester-vi-regular-examination-session-2020-21-04-22-2025
images/attachments/bsn-3rdyear-page-1-17456689370.jpeg,https://www.smbbmu.edu.pk/beta/news/downloadFile/bsn-3rdyear-page-1_17456689370.jpeg,https://www.smbbmu.edu.pk/beta/announcements/details/result-of-bsn-generic-year-iii-semester-vi-regular-examination-session-2020-21-04-22-2025
images/attachments/mbbs-3rd-year-page-2-17456687561.jpeg,https://www.smbbmu.edu.pk/beta/news/downloadFile/mbbs-3rd-year-page-2_17456687561.jpeg,https://www.smbbmu.edu.pk/beta/announcements/details/result-of-third-professional-mbbs-third-year-annual-examination-session-2021-2022-of-chandka-medical-college-larkana-ghulam-muhammad-mahar-medical-college-sukkur-and-gambat-medical-college-gambat-held-in-the-month-of-january-2025-04-18-2025
images/attachments/mbbs-3rd-year-page-1-17456687370.jpeg,https://www.smbbmu.edu.pk/beta/news/downloadFile/mbbs-3rd-year-page-1_17456687370.jpeg,https://www.smbbmu.edu.pk/beta/announcements/details/result-of-third-professional-mbbs-third-year-annual-examination-session-2021-2022-of-chandka-medical-college-larkana-ghulam-muhammad-mahar-medical-college-sukkur-and-gambat-medical-college-gambat-held-in-the-month-of-january-2025-04-18-2025
images/attachments/bsn-2-17456685611.jpeg,https://www.smbbmu.edu.pk/beta/news/downloadFile/bsn-2_17456685611.jpeg,https://www.smbbmu.edu.pk/beta/announcements/details/result-of-bsn-generic-year-ii-semester-iii-regular-examination-session-2022-23-04-17-2025
images/attachments/whatsapp-image-2025-04-17-at-1-17456685610.jpeg,https://www.smbbmu.edu.pk/beta/news/downloadFile/WhatsApp+Image+2025-04-17+at+1_17456685610.jpeg,https://www.smbbmu.edu.pk/beta/announcements/details/result-of-bsn-generic-year-ii-semester-iii-regular-examination-session-2022-23-04-17-2025
images/news/1745666430.jpeg,https://www.smbbmu.edu.pk/beta/uploads/news/images/1745666430.jpeg,https://www.smbbmu.edu.pk/beta/announcements/details/result-of-postgraduate-degree-and-diploma-theory-examinations-session-september-2024-held-in-the-month-of-march-2024-04-16-2025
images/news/1744778542.jpeg,https://www.smbbmu.edu.pk/beta/uploads/news/images/1744778542.jpeg,https://www.smbbmu.edu.pk/beta/announcements/details/result-of-bsngeneric-year-ii-semester-iv-re-sit-examination-session-2021-22-04-15-2025
images/news/1744778938.jpeg,https://www.smbbmu.edu.pk/beta/uploads/news/images/1744778938.jpeg,https://www.smbbmu.edu.pk/beta/announcements/details/time-table-for-1st-professional-bds-annualtheory-ospe-examination-session-2023-24-04-15-2025
images/attachments/whatsapp-image-2025-04-14-at-2-17447800402.jpeg,https://www.smbbmu.edu.pk/beta/news/downloadFile/WhatsApp+Image+2025-04-14+at+2_17447800402.jpeg,https://www.smbbmu.edu.pk/beta/announcements/details/time-table-for-bsn-generic-year-iii-semester-v-examination-04-15-2025
images/attachments/whatsapp-image-2025-04-14-at-2-17447800401.jpeg,https://www.smbbmu.edu.pk/beta/news/downloadFile/WhatsApp+Image+2025-04-14+at+2_17447800401.jpeg,https://www.smbbmu.edu.pk/beta/announcements/details/time-table-for-bsn-generic-year-iii-semester-v-examination-04-15-2025
images/attachments/whatsapp-image-2025-04-14-at-2-17447800400.jpeg,https://www.smbbmu.edu.pk/beta/news/downloadFile/WhatsApp+Image+2025-04-14+at+2_17447800400.jpeg,https://www.smbbmu.edu.pk/beta/announcements/details/time-table-for-bsn-generic-year-iii-semester-v-examination-04-15-2025
images/attachments/whatsapp-image-2025-04-14-at-2-17447799171.jpeg,https://www.smbbmu.edu.pk/beta/news/downloadFile/WhatsApp+Image+2025-04-14+at+2_17447799171.jpeg,https://www.smbbmu.edu.pk/beta/announcements/details/time-table-for-bsn-generic-year-iii-semester-v-examination-04-15-2025
images/attachments/whatsapp-image-2025-04-14-at-2-17447799170.jpeg,https://www.smbbmu.edu.pk/beta/news/downloadFile/WhatsApp+Image+2025-04-14+at+2_17447799170.jpeg,https://www.smbbmu.edu.pk/beta/announcements/details/time-table-for-bsn-generic-year-iii-semester-v-examination-04-15-2025
images/news/1744612436.jpg,https://www.smbbmu.edu.pk/beta/uploads/news/images/1744612436.jpg,https://www.smbbmu.edu.pk/beta/announcements/details/declaration-of-withheld-result-of-final-professional-mbbs-final-year-annual-examination-session-2019-2020-04-14-2025
images/news/1744778783.jpg,https://www.smbbmu.edu.pk/beta/uploads/news/images/1744778783.jpg,https://www.smbbmu.edu.pk/beta/announcements/details/time-table-for-mphil-microbiology-thesis-defence-examination-session-september-2024-04-14-2025
images/news/1744612411.jpg,https://www.smbbmu.edu.pk/beta/uploads/news/images/1744612411.jpg,https://www.smbbmu.edu.pk/beta/announcements/details/declaration-of-withheld-result-of-final-professional-mbbs-final-year-annual-examination-session-2019-2020-04-10-2025
images/news/1744612478.jpg,https://www.smbbmu.edu.pk/beta/uploads/news/images/1744612478.jpg,https://www.smbbmu.edu.pk/beta/announcements/details/declaration-of-withheld-result-of-final-professional-mbbs-final-year-annual-examination-session-2019-2020-04-09-2025
images/news/1743058340.jpeg,https://www.smbbmu.edu.pk/beta/uploads/news/images/1743058340.jpeg,https://www.smbbmu.edu.pk/beta/announcements/details/result-of-bsn-generic-year-iv-semester-viii-regular-examination-session-2019-20-of-benazir-college-of-nursing-smbbmu-larkana-held-in-the-month-of-february-2025-03-26-2025
images/news/1742630218.jpeg,https://www.smbbmu.edu.pk/beta/uploads/news/images/1742630218.jpeg,https://www.smbbmu.edu.pk/beta/announcements/details/notice-for-postgraduate-theory-examination-03-21-2025
images/news/1742325654.jpeg,https://www.smbbmu.edu.pk/beta/uploads/news/images/1742325654.jpeg,https://www.smbbmu.edu.pk/beta/announcements/details/time-table-of-diploma-in-medical-jurisprudence-dmj-part-ii-03-18-2025
images/news/1741802836.jpeg,https://www.smbbmu.edu.pk/beta/uploads/news/images/1741802836.jpeg,https://www.smbbmu.edu.pk/beta/announcements/details/result-of-third-professional-dpt-sixth-semester-regular-examination-session-2020-21-03-06-2025
images/news/1741802685.jpeg,https://www.smbbmu.edu.pk/beta/uploads/news/images/1741802685.jpeg,https://www.smbbmu.edu.pk/beta/announcements/details/result-of-fourth-professional-dpt-eighth-semester-regular-examination-session-2019-220-02-27-2025
images/news/1741802749.jpeg,https://www.smbbmu.edu.pk/beta/uploads/news/images/1741802749.jpeg,https://www.smbbmu.edu.pk/beta/announcements/details/result-of-second-professional-dpt-third-semester-regular-examination-session-2022-23-02-27-2025
images/attachments/bsn-result-page-2-17404641711.jpeg,https://www.smbbmu.edu.pk/beta/news/downloadFile/bsn-result-page-2_17404641711.jpeg,https://www.smbbmu.edu.pk/beta/announcements/details/result-of-bsngeneric-year-i-semester-i-regular-examination-session-2023-24-02-24-2025
images/attachments/bsn-result-page-i-17404641710.jpeg,https://www.smbbmu.edu.pk/beta/news/downloadFile/bsn-result-page-I_17404641710.jpeg,https://www.smbbmu.edu.pk/beta/announcements/details/result-of-bsngeneric-year-i-semester-i-regular-examination-session-2023-24-02-24-2025
images/news/1737097294.jpeg,https://www.smbbmu.edu.pk/beta/uploads/news/images/1737097294.jpeg,https://www.smbbmu.edu.pk/beta/announcements/details/circular-for-postgraduate-theory-examinations-of-session-september-2024-01-16-2025
images/news/1736501926.jpeg,https://www.smbbmu.edu.pk/beta/uploads/news/images/1736501926.jpeg,https://www.smbbmu.edu.pk/beta/announcements/details/result-of-first-professional-dpt-first-semester-regular-examination-session-2023-2024-01-09-2025
images/news/1736159019.jpeg,https://www.smbbmu.edu.pk/beta/uploads/news/images/1736159019.jpeg,https://www.smbbmu.edu.pk/beta/announcements/details/result-of-ms-gynaecology-obsterics-part-ii-session-march-2024-held-in-the-month-of-january-01-06-2025
images/news/1736159161.jpeg,https://www.smbbmu.edu.pk/beta/uploads/news/images/1736159161.jpeg,https://www.smbbmu.edu.pk/beta/announcements/details/result-of-diploma-in-dermatology-examinations-session-march-2024-held-in-the-month-of-october-2024-01-06-2025
images/news/1736159211.jpeg,https://www.smbbmu.edu.pk/beta/uploads/news/images/1736159211.jpeg,https://www.smbbmu.edu.pk/beta/announcements/details/result-of-md-internal-medicine-part-ll-examinations-session-march-2024-held-in-the-month-of-october-2024-01-06-2025
images/news/1735573217.jpeg,https://www.smbbmu.edu.pk/beta/uploads/news/images/1735573217.jpeg,https://www.smbbmu.edu.pk/beta/announcements/details/result-of-ms-general-surgery-part-i-examinations-session-march-2024-held-in-the-month-of-october-2024-12-26-2024
images/news/1733993754.jpg,https://www.smbbmu.edu.pk/beta/uploads/news/images/1733993754.jpg,https://www.smbbmu.edu.pk/beta/announcements/details/result-of-bsn-post-rn-year-ii-semester-iv-regular-examination-session-2021-22-12-11-2024
images/news/1732004538.jpg,https://www.smbbmu.edu.pk/beta/uploads/news/images/1732004538.jpg,https://www.smbbmu.edu.pk/beta/announcements/details/result-of-postgraduate-degree-diplomatheory-examinations-session-march-2024-held-in-the-month-of-september-2024-11-18-2024
images/news/1730224912.jpeg,https://www.smbbmu.edu.pk/beta/uploads/news/images/1730224912.jpeg,https://www.smbbmu.edu.pk/beta/announcements/details/result-of-fourth-professional-dpt-seventh-semester-re-sit-examination-session-2019-2020-of-institute-of-physiotherapy-rehabilitation-sciences-iprs-smbbmu-larkana-held-in-the-month-of-october-2024-10-29-2024
images/news/1730225148.jpeg,https://www.smbbmu.edu.pk/beta/uploads/news/images/1730225148.jpeg,https://www.smbbmu.edu.pk/beta/announcements/details/date-extended-notification-of-postgraduate-examination-10-28-2024
images/news/1729232101.jpg,https://www.smbbmu.edu.pk/beta/uploads/news/images/1729232101.jpg,https://www.smbbmu.edu.pk/beta/announcements/details/result-of-bsngeneric-year-iv-semester-vii-regular-examination-session-2019-of-benazir-college-of-nursing-larkana-10-17-2024
images/news/1727709509.jpg,https://www.smbbmu.edu.pk/beta/uploads/news/images/1727709509.jpg,https://www.smbbmu.edu.pk/beta/announcements/details/result-of-ms-general-surgery-mid-term-postgraduate-degree-clinical-examination-session-september-2023-held-in-september-2024-09-30-2024
images/attachments/result-bsn-2-17277095981.jpg,https://www.smbbmu.edu.pk/beta/news/downloadFile/result-bsn-2_17277095981.jpg,https://www.smbbmu.edu.pk/beta/announcements/details/result-of-bsn-generic-year-i-semester-ii-regular-examination-session-2022-23-09-30-2024
images/attachments/result-bsn-1-17277095980.jpg,https://www.smbbmu.edu.pk/beta/news/downloadFile/result-bsn-1_17277095980.jpg,https://www.smbbmu.edu.pk/beta/announcements/details/result-of-bsn-generic-year-i-semester-ii-regular-examination-session-2022-23-09-30-2024
images/news/1727413764.jpg,https://www.smbbmu.edu.pk/beta/uploads/news/images/1727413764.jpg,https://www.smbbmu.edu.pk/beta/announcements/details/result-of-postgraduate-mphil-programs-theory-and-practical-examinations-march-2024-held-in-the-month-of-july-2024-09-27-2024
images/news/1726760097.jpg,https://www.smbbmu.edu.pk/beta/uploads/news/images/1726760097.jpg,https://www.smbbmu.edu.pk/beta/announcements/details/time-table-for-mphil-microbiology-part-i-and-mphil-physiology-viva-examination-09-19-2024
images/news/1726760139.jpg,https://www.smbbmu.edu.pk/beta/uploads/news/images/1726760139.jpg,https://www.smbbmu.edu.pk/beta/announcements/details/circular-for-postgraduate-examinations-of-mphil-programs-in-biochemistry-physiology-pharmacology-for-the-session-september-2024-09-19-2024
images/news/1726137327.jpeg,https://www.smbbmu.edu.pk/beta/uploads/news/images/1726137327.jpeg,https://www.smbbmu.edu.pk/beta/announcements/details/result-of-second-professional-bds-second-year-supplementary-examination-session-2021-2022-of-bibi-aseefa-dental-college-larkana-held-in-the-month-of-august-2024-09-12-2024
images/news/1725992121.jpeg,https://www.smbbmu.edu.pk/beta/uploads/news/images/1725992121.jpeg,https://www.smbbmu.edu.pk/beta/announcements/details/result-of-first-professional-dpt-second-semester-regular-examination-session-2022-2023-09-10-2024
images/news/1725992030.jpeg,https://www.smbbmu.edu.pk/beta/uploads/news/images/1725992030.jpeg,https://www.smbbmu.edu.pk/beta/announcements/details/result-of-fourth-professional-pharm-d-fourth-year-supplementary-examination-session-2018-2019-of-institute-of-pharmacy-smbbmu-larkana-held-in-the-month-of-august-2024-09-05-2024
images/news/1725992067.jpeg,https://www.smbbmu.edu.pk/beta/uploads/news/images/1725992067.jpeg,https://www.smbbmu.edu.pk/beta/announcements/details/result-of-third-professional-pharm-d-third-year-supplementary-examination-session-2019-2020-of-institute-of-pharmacy-smbbmu-larkana-held-in-the-month-of-august-2024-09-05-2024
images/news/1725255801.jpeg,https://www.smbbmu.edu.pk/beta/uploads/news/images/1725255801.jpeg,https://www.smbbmu.edu.pk/beta/announcements/details/result-of-third-professional-dpt-fifth-semester-regular-examination-session-2020-2021-09-02-2024
images/news/1724745696.jpg,https://www.smbbmu.edu.pk/beta/uploads/news/images/1724745696.jpg,https://www.smbbmu.edu.pk/beta/announcements/details/result-of-ms-ophthalmology-part-ii-and-diploma-in-ophthalmology-08-26-2024
images/news/1724481430.jpeg,https://www.smbbmu.edu.pk/beta/uploads/news/images/1724481430.jpeg,https://www.smbbmu.edu.pk/beta/announcements/details/result-of-first-professional-bds-first-year-supplementary-examination-session-2022-2023-of-bibi-aseefa-dental-college-larkana-held-in-the-month-of-july-2024-08-23-2024
images/news/1724480719.jpeg,https://www.smbbmu.edu.pk/beta/uploads/news/images/1724480719.jpeg,https://www.smbbmu.edu.pk/beta/announcements/details/result-of-diploma-in-medical-radio-diagnosis-part-i-and-part-ii-practical-viva-held-in-the-month-of-august-2024-08-22-2024
images/news/1724664839.jpg,https://www.smbbmu.edu.pk/beta/uploads/news/images/1724664839.jpg,https://www.smbbmu.edu.pk/beta/announcements/details/date-extended-notification-of-postgraduate-examination-08-22-2024
images/news/1724056449.jpeg,https://www.smbbmu.edu.pk/beta/uploads/news/images/1724056449.jpeg,https://www.smbbmu.edu.pk/beta/announcements/details/result-of-postgraduate-diploma-theory-examination-september-2023-held-in-the-month-of-may-2024-08-17-2024
images/news/1722336315.jpeg,https://www.smbbmu.edu.pk/beta/uploads/news/images/1722336315.jpeg,https://www.smbbmu.edu.pk/beta/announcements/details/result-of-first-professional-pharm-d-annual-examination-session-2022-2023-of-institute-of-pharmacy-smbbmu-larkana-held-in-the-month-of-june-2024-07-30-2024
images/news/1722410219.jpg,https://www.smbbmu.edu.pk/beta/uploads/news/images/1722410219.jpg,https://www.smbbmu.edu.pk/beta/announcements/details/result-of-postgraduate-degree-clinical-examinations-september-2023-held-in-the-month-of-july-2024-07-29-2024
images/attachments/final-professional-17218134784.jpeg,https://www.smbbmu.edu.pk/beta/news/downloadFile/final-professional_17218134784.jpeg,https://www.smbbmu.edu.pk/beta/announcements/details/results-of-supplementary-examination-of-first-second-third-fourth-and-final-year-of-mbbs-07-22-2024
images/attachments/fourth-professional-17218134783.jpeg,https://www.smbbmu.edu.pk/beta/news/downloadFile/fourth-professional_17218134783.jpeg,https://www.smbbmu.edu.pk/beta/announcements/details/results-of-supplementary-examination-of-first-second-third-fourth-and-final-year-of-mbbs-07-22-2024
images/attachments/third-professional-17218134782.jpeg,https://www.smbbmu.edu.pk/beta/news/downloadFile/third-professional_17218134782.jpeg,https://www.smbbmu.edu.pk/beta/announcements/details/results-of-supplementary-examination-of-first-second-third-fourth-and-final-year-of-mbbs-07-22-2024
images/attachments/second-professional-17218134781.jpeg,https://www.smbbmu.edu.pk/beta/news/downloadFile/second-professional_17218134781.jpeg,https://www.smbbmu.edu.pk/beta/announcements/details/results-of-supplementary-examination-of-first-second-third-fourth-and-final-year-of-mbbs-07-22-2024
images/attachments/first-professional-17218134780.jpeg,https://www.smbbmu.edu.pk/beta/news/downloadFile/first-professional_17218134780.jpeg,https://www.smbbmu.edu.pk/beta/announcements/details/results-of-supplementary-examination-of-first-second-third-fourth-and-final-year-of-mbbs-07-22-2024
images/news/1718189744.jpg,https://www.smbbmu.edu.pk/beta/uploads/news/images/1718189744.jpg,https://www.smbbmu.edu.pk/beta/announcements/details/result-of-postgraduate-degree-theory-examinations-september-2023-held-in-the-month-of-may-2024-06-11-2024
images/news/1718189949.jpg,https://www.smbbmu.edu.pk/beta/uploads/news/images/1718189949.jpg,https://www.smbbmu.edu.pk/beta/announcements/details/timetable-for-postgraduate-entry-tests-for-fcps-ii-programs-session-july-2024-06-11-2024
images/news/1717391484.jpeg,https://www.smbbmu.edu.pk/beta/uploads/news/images/1717391484.jpeg,https://www.smbbmu.edu.pk/beta/announcements/details/4h-professional-mbbs-supplementary-theory-spe-osce-examinations-05-30-2024
images/news/1716544744.jpg,https://www.smbbmu.edu.pk/beta/uploads/news/images/1716544744.jpg,https://www.smbbmu.edu.pk/beta/announcements/details/result-of-first-professional-bds-first-year-annual-examination-session-2022-2023-of-bibi-aseofa-dental-college-larkana-held-in-the-month-of-march-2024-05-24-2024
images/news/1715924303.jpg,https://www.smbbmu.edu.pk/beta/uploads/news/images/1715924303.jpg,https://www.smbbmu.edu.pk/beta/announcements/details/postgraduate-examinations-of-session-march-2024-for-mphil-biochemistry-and-mphil-pharmacology-programs-05-16-2024
images/attachments/fourth-professional-2-17159247301.jpeg,https://www.smbbmu.edu.pk/beta/news/downloadFile/fourth-professional-2_17159247301.jpeg,https://www.smbbmu.edu.pk/beta/announcements/details/result-of-fourth-professional-mbbs-fourth-year-annual-examination-session-2019-2020-05-16-2024
images/attachments/fourh-professional-1-17159247300.jpeg,https://www.smbbmu.edu.pk/beta/news/downloadFile/fourh-professional-1_17159247300.jpeg,https://www.smbbmu.edu.pk/beta/announcements/details/result-of-fourth-professional-mbbs-fourth-year-annual-examination-session-2019-2020-05-16-2024
images/news/1715924655.jpeg,https://www.smbbmu.edu.pk/beta/uploads/news/images/1715924655.jpeg,https://www.smbbmu.edu.pk/beta/announcements/details/result-of-first-professional-dpt-second-semester-re-sit-examination-session-2021-2022-05-11-2024
images/news/1715454079.jpeg,https://www.smbbmu.edu.pk/beta/uploads/news/images/1715454079.jpeg,https://www.smbbmu.edu.pk/beta/announcements/details/result-of-fourth-professional-pharm-d-fourth-year-annual-examination-session-2018-2019-of-institute-of-pharmacy-smbbmu-larkana-held-in-the-month-of-march-2024-05-10-2024
images/attachments/page-2-17154542501.jpeg,https://www.smbbmu.edu.pk/beta/news/downloadFile/page-2_17154542501.jpeg,https://www.smbbmu.edu.pk/beta/announcements/details/result-of-first-professional-mbbs-first-year-annual-examination-session-2022-2023-of-chandka-medical-college-larkana-ghulam-muhammad-mahar-medical-college-sukkur-held-in-the-month-of-december-2023-05-10-2024
images/attachments/pag-1-17154542500.jpeg,https://www.smbbmu.edu.pk/beta/news/downloadFile/pag-1_17154542500.jpeg,https://www.smbbmu.edu.pk/beta/announcements/details/result-of-first-professional-mbbs-first-year-annual-examination-session-2022-2023-of-chandka-medical-college-larkana-ghulam-muhammad-mahar-medical-college-sukkur-held-in-the-month-of-december-2023-05-10-2024
images/news/1713939547.jpg,https://www.smbbmu.edu.pk/beta/uploads/news/images/1713939547.jpg,https://www.smbbmu.edu.pk/beta/announcements/details/result-of-final-professional-mbbs-final-year-annual-examination-session-2018-2019-of-gambat-medical-college-gambat-held-in-the-month-of-january-2024-04-23-2024
images/news/1713592668.jpeg,https://www.smbbmu.edu.pk/beta/uploads/news/images/1713592668.jpeg,https://www.smbbmu.edu.pk/beta/announcements/details/result-of-bs-generic-year-iv-semester-viii-regular-examination-session-2018-19-of-benazir-college-of-nursing-smbbmu-larkana-held-in-the-month-of-march-2024-04-20-2024
images/news/1713592620.jpeg,https://www.smbbmu.edu.pk/beta/uploads/news/images/1713592620.jpeg,https://www.smbbmu.edu.pk/beta/announcements/details/result-of-final-professional-pharm-d-final-year-annual-examination-session-2017-2018-of-institute-of-pharmacy-smbbmu-larkana-held-in-the-month-of-march-2024-04-19-2024
images/news/1712643869.jpg,https://www.smbbmu.edu.pk/beta/uploads/news/images/1712643869.jpg,https://www.smbbmu.edu.pk/beta/announcements/details/schedule-of-postgraduate-theory-examinations-of-session-september-2023-04-05-2024
images/news/1672820470.jpeg,https://www.smbbmu.edu.pk/beta/uploads/news/images/1672820470.jpeg,https://www.smbbmu.edu.pk/beta/announcements/details/schedule-of-examination-for-1st-2nd-and-3rd-mbbs-professional-session-2021-22-2020-21-2019-20-enrolled-at-smbb-medical-university-larkana-and-its-constituent-collages-01-04-2023
images/news/1765689183.jpg,https://www.smbbmu.edu.pk/beta/uploads/news/images/1765689183.jpg,https://www.smbbmu.edu.pk/beta/announcements/details/notice-for-quotations-for-demolition-and-debris-removal-works-at-chandka-medical-college-larkana-12-12-2025
images/news/1761288506.jpeg,https://www.smbbmu.edu.pk/beta/uploads/news/images/1761288506.jpeg,https://www.smbbmu.edu.pk/beta/announcements/details/notice-inviting-tender-for-remaining-work-central-masjid-at-arija-10-22-2025
images/news/1748257573.jpg,https://www.smbbmu.edu.pk/beta/uploads/news/images/1748257573.jpg,https://www.smbbmu.edu.pk/beta/announcements/details/quotation-for-supply-of-medical-books-for-the-fy-2024-25-05-21-2025
images/news/1735572943.jpeg,https://www.smbbmu.edu.pk/beta/uploads/news/images/1735572943.jpeg,https://www.smbbmu.edu.pk/beta/announcements/details/corrigendum-for-expression-of-interest-for-hiring-of-an-individual-consultant-on-short-term-basis-as-finance-consultant-12-24-2024
images/news/1715764681.jpg,https://www.smbbmu.edu.pk/beta/uploads/news/images/1715764681.jpg,https://www.smbbmu.edu.pk/beta/announcements/details/call-of-quotations-for-supply-of-medical-books-for-financial-year-2023-24-01-26-2024
images/news/1705666090.jpg,https://www.smbbmu.edu.pk/beta/uploads/news/images/1705666090.jpg,https://www.smbbmu.edu.pk/beta/announcements/details/date-extension-for-notice-for-expression-of-interest-for-cafeteria-mess-services-on-rental-basis-01-19-2024
images/news/1704394188.jpg,https://www.smbbmu.edu.pk/beta/uploads/news/images/1704394188.jpg,https://www.smbbmu.edu.pk/beta/announcements/details/notice-for-expression-of-interest-for-cafeteria-mess-services-on-rental-basis-01-04-2024
images/news/1701932264.jpg,https://www.smbbmu.edu.pk/beta/uploads/news/images/1701932264.jpg,https://www.smbbmu.edu.pk/beta/announcements/details/addendum-date-extension-for-services-for-convocation-2023-venue-setup-catering-12-06-2023
images/news/1701238746.jpg,https://www.smbbmu.edu.pk/beta/uploads/news/images/1701238746.jpg,https://www.smbbmu.edu.pk/beta/announcements/details/notice-inviting-tender-for-services-for-convocation-11-21-2023
images/news/1697018415.png,https://www.smbbmu.edu.pk/beta/uploads/news/images/1697018415.png,https://www.smbbmu.edu.pk/beta/announcements/details/corrigendum-for-notice-inviting-tender-for-construction-of-open-drain-including-pumping-station-with-pumping-room-drain-from-cmc-campus-to-rice-canal-at-cmc-of-smbb-medical-university-larkana-10-02-2023
images/news/1727938815img15-thumb.jpg,https://www.smbbmu.edu.pk/beta/uploads/gallery/events/1727938815img15_thumb.jpg,https://www.smbbmu.edu.pk/beta/news/details/first-smbbmu-international-conference-on-family-planning-09-26-2024
images/news/1727938815img14-thumb.jpg,https://www.smbbmu.edu.pk/beta/uploads/gallery/events/1727938815img14_thumb.jpg,https://www.smbbmu.edu.pk/beta/news/details/first-smbbmu-international-conference-on-family-planning-09-26-2024
images/news/1727938801img13-thumb.jpg,https://www.smbbmu.edu.pk/beta/uploads/gallery/events/1727938801img13_thumb.jpg,https://www.smbbmu.edu.pk/beta/news/details/first-smbbmu-international-conference-on-family-planning-09-26-2024
images/news/1727938801img12-thumb.jpg,https://www.smbbmu.edu.pk/beta/uploads/gallery/events/1727938801img12_thumb.jpg,https://www.smbbmu.edu.pk/beta/news/details/first-smbbmu-international-conference-on-family-planning-09-26-2024
images/news/1727938788img11-thumb.jpg,https://www.smbbmu.edu.pk/beta/uploads/gallery/events/1727938788img11_thumb.jpg,https://www.smbbmu.edu.pk/beta/news/details/first-smbbmu-international-conference-on-family-planning-09-26-2024
images/news/1727938787img10-thumb.jpg,https://www.smbbmu.edu.pk/beta/uploads/gallery/events/1727938787img10_thumb.jpg,https://www.smbbmu.edu.pk/beta/news/details/first-smbbmu-international-conference-on-family-planning-09-26-2024
images/news/1727938785img9-thumb.jpg,https://www.smbbmu.edu.pk/beta/uploads/gallery/events/1727938785img9_thumb.jpg,https://www.smbbmu.edu.pk/beta/news/details/first-smbbmu-international-conference-on-family-planning-09-26-2024
images/news/1727938785img7-thumb.jpg,https://www.smbbmu.edu.pk/beta/uploads/gallery/events/1727938785img7_thumb.jpg,https://www.smbbmu.edu.pk/beta/news/details/first-smbbmu-international-conference-on-family-planning-09-26-2024
images/news/1727938783img8-thumb.jpg,https://www.smbbmu.edu.pk/beta/uploads/gallery/events/1727938783img8_thumb.jpg,https://www.smbbmu.edu.pk/beta/news/details/first-smbbmu-international-conference-on-family-planning-09-26-2024
images/news/1727938780img5-thumb.jpg,https://www.smbbmu.edu.pk/beta/uploads/gallery/events/1727938780img5_thumb.jpg,https://www.smbbmu.edu.pk/beta/news/details/first-smbbmu-international-conference-on-family-planning-09-26-2024
images/news/1727938780img6-thumb.jpg,https://www.smbbmu.edu.pk/beta/uploads/gallery/events/1727938780img6_thumb.jpg,https://www.smbbmu.edu.pk/beta/news/details/first-smbbmu-international-conference-on-family-planning-09-26-2024
images/news/1727938693img4-thumb.jpg,https://www.smbbmu.edu.pk/beta/uploads/gallery/events/1727938693img4_thumb.jpg,https://www.smbbmu.edu.pk/beta/news/details/first-smbbmu-international-conference-on-family-planning-09-26-2024
images/news/1727938693img3-thumb.jpg,https://www.smbbmu.edu.pk/beta/uploads/gallery/events/1727938693img3_thumb.jpg,https://www.smbbmu.edu.pk/beta/news/details/first-smbbmu-international-conference-on-family-planning-09-26-2024
images/news/1727938682img2-thumb.jpg,https://www.smbbmu.edu.pk/beta/uploads/gallery/events/1727938682img2_thumb.jpg,https://www.smbbmu.edu.pk/beta/news/details/first-smbbmu-international-conference-on-family-planning-09-26-2024
images/news/1727938681img1-thumb.jpg,https://www.smbbmu.edu.pk/beta/uploads/gallery/events/1727938681img1_thumb.jpg,https://www.smbbmu.edu.pk/beta/news/details/first-smbbmu-international-conference-on-family-planning-09-26-2024
images/news/1727938815img15-thumb-40896fa3.jpg,https://www.smbbmu.edu.pk/beta/uploads/gallery/events/thumbs/1727938815img15_thumb.jpg,https://www.smbbmu.edu.pk/beta/news/details/first-smbbmu-international-conference-on-family-planning-09-26-2024
images/news/1727938815img14-thumb-967236de.jpg,https://www.smbbmu.edu.pk/beta/uploads/gallery/events/thumbs/1727938815img14_thumb.jpg,https://www.smbbmu.edu.pk/beta/news/details/first-smbbmu-international-conference-on-family-planning-09-26-2024
images/news/1727938801img13-thumb-87d65b2d.jpg,https://www.smbbmu.edu.pk/beta/uploads/gallery/events/thumbs/1727938801img13_thumb.jpg,https://www.smbbmu.edu.pk/beta/news/details/first-smbbmu-international-conference-on-family-planning-09-26-2024
images/news/1727938801img12-thumb-01ea8d5b.jpg,https://www.smbbmu.edu.pk/beta/uploads/gallery/events/thumbs/1727938801img12_thumb.jpg,https://www.smbbmu.edu.pk/beta/news/details/first-smbbmu-international-conference-on-family-planning-09-26-2024
images/news/1727938788img11-thumb-6c1e5918.jpg,https://www.smbbmu.edu.pk/beta/uploads/gallery/events/thumbs/1727938788img11_thumb.jpg,https://www.smbbmu.edu.pk/beta/news/details/first-smbbmu-international-conference-on-family-planning-09-26-2024
images/news/1727938787img10-thumb-768b46d8.jpg,https://www.smbbmu.edu.pk/beta/uploads/gallery/events/thumbs/1727938787img10_thumb.jpg,https://www.smbbmu.edu.pk/beta/news/details/first-smbbmu-international-conference-on-family-planning-09-26-2024
images/news/1727938785img9-thumb-2ec39c31.jpg,https://www.smbbmu.edu.pk/beta/uploads/gallery/events/thumbs/1727938785img9_thumb.jpg,https://www.smbbmu.edu.pk/beta/news/details/first-smbbmu-international-conference-on-family-planning-09-26-2024
images/news/1727938785img7-thumb-552bdea9.jpg,https://www.smbbmu.edu.pk/beta/uploads/gallery/events/thumbs/1727938785img7_thumb.jpg,https://www.smbbmu.edu.pk/beta/news/details/first-smbbmu-international-conference-on-family-planning-09-26-2024
images/news/1727938783img8-thumb-45e405dc.jpg,https://www.smbbmu.edu.pk/beta/uploads/gallery/events/thumbs/1727938783img8_thumb.jpg,https://www.smbbmu.edu.pk/beta/news/details/first-smbbmu-international-conference-on-family-planning-09-26-2024
images/news/1727938780img5-thumb-98de7a74.jpg,https://www.smbbmu.edu.pk/beta/uploads/gallery/events/thumbs/1727938780img5_thumb.jpg,https://www.smbbmu.edu.pk/beta/news/details/first-smbbmu-international-conference-on-family-planning-09-26-2024
images/news/1727938780img6-thumb-f519c321.jpg,https://www.smbbmu.edu.pk/beta/uploads/gallery/events/thumbs/1727938780img6_thumb.jpg,https://www.smbbmu.edu.pk/beta/news/details/first-smbbmu-international-conference-on-family-planning-09-26-2024
images/news/1727938693img4-thumb-aff5a13c.jpg,https://www.smbbmu.edu.pk/beta/uploads/gallery/events/thumbs/1727938693img4_thumb.jpg,https://www.smbbmu.edu.pk/beta/news/details/first-smbbmu-international-conference-on-family-planning-09-26-2024
images/news/1727938693img3-thumb-af7a8123.jpg,https://www.smbbmu.edu.pk/beta/uploads/gallery/events/thumbs/1727938693img3_thumb.jpg,https://www.smbbmu.edu.pk/beta/news/details/first-smbbmu-international-conference-on-family-planning-09-26-2024
images/news/1727938682img2-thumb-66d46f94.jpg,https://www.smbbmu.edu.pk/beta/uploads/gallery/events/thumbs/1727938682img2_thumb.jpg,https://www.smbbmu.edu.pk/beta/news/details/first-smbbmu-international-conference-on-family-planning-09-26-2024
images/news/1727938681img1-thumb-5286f33c.jpg,https://www.smbbmu.edu.pk/beta/uploads/gallery/events/thumbs/1727938681img1_thumb.jpg,https://www.smbbmu.edu.pk/beta/news/details/first-smbbmu-international-conference-on-family-planning-09-26-2024
images/news/1723712644indp4-thumb.jpeg,https://www.smbbmu.edu.pk/beta/uploads/gallery/events/1723712644indp4_thumb.jpeg,https://www.smbbmu.edu.pk/beta/news/details/smbbmu-celebrated-77th-independence-day-08-14-2024
images/news/1723712644indp5-thumb.jpeg,https://www.smbbmu.edu.pk/beta/uploads/gallery/events/1723712644indp5_thumb.jpeg,https://www.smbbmu.edu.pk/beta/news/details/smbbmu-celebrated-77th-independence-day-08-14-2024
images/news/1723712643indp8-thumb.jpeg,https://www.smbbmu.edu.pk/beta/uploads/gallery/events/1723712643indp8_thumb.jpeg,https://www.smbbmu.edu.pk/beta/news/details/smbbmu-celebrated-77th-independence-day-08-14-2024
images/news/1723712643indp9-thumb.jpeg,https://www.smbbmu.edu.pk/beta/uploads/gallery/events/1723712643indp9_thumb.jpeg,https://www.smbbmu.edu.pk/beta/news/details/smbbmu-celebrated-77th-independence-day-08-14-2024
images/news/1723712642indp11-thumb.jpeg,https://www.smbbmu.edu.pk/beta/uploads/gallery/events/1723712642indp11_thumb.jpeg,https://www.smbbmu.edu.pk/beta/news/details/smbbmu-celebrated-77th-independence-day-08-14-2024
images/news/1723712642indp10-thumb.jpeg,https://www.smbbmu.edu.pk/beta/uploads/gallery/events/1723712642indp10_thumb.jpeg,https://www.smbbmu.edu.pk/beta/news/details/smbbmu-celebrated-77th-independence-day-08-14-2024
images/news/1723712641indp12-thumb.jpeg,https://www.smbbmu.edu.pk/beta/uploads/gallery/events/1723712641indp12_thumb.jpeg,https://www.smbbmu.edu.pk/beta/news/details/smbbmu-celebrated-77th-independence-day-08-14-2024
images/news/1723712641indp13-thumb.jpeg,https://www.smbbmu.edu.pk/beta/uploads/gallery/events/1723712641indp13_thumb.jpeg,https://www.smbbmu.edu.pk/beta/news/details/smbbmu-celebrated-77th-independence-day-08-14-2024
images/news/1723712644indp4-thumb-9502ea4c.jpeg,https://www.smbbmu.edu.pk/beta/uploads/gallery/events/thumbs/1723712644indp4_thumb.jpeg,https://www.smbbmu.edu.pk/beta/news/details/smbbmu-celebrated-77th-independence-day-08-14-2024
images/news/1723712644indp5-thumb-a4daa8a2.jpeg,https://www.smbbmu.edu.pk/beta/uploads/gallery/events/thumbs/1723712644indp5_thumb.jpeg,https://www.smbbmu.edu.pk/beta/news/details/smbbmu-celebrated-77th-independence-day-08-14-2024
images/news/1723712643indp8-thumb-32d4e56f.jpeg,https://www.smbbmu.edu.pk/beta/uploads/gallery/events/thumbs/1723712643indp8_thumb.jpeg,https://www.smbbmu.edu.pk/beta/news/details/smbbmu-celebrated-77th-independence-day-08-14-2024
images/news/1723712643indp9-thumb-4b1a0f2b.jpeg,https://www.smbbmu.edu.pk/beta/uploads/gallery/events/thumbs/1723712643indp9_thumb.jpeg,https://www.smbbmu.edu.pk/beta/news/details/smbbmu-celebrated-77th-independence-day-08-14-2024
images/news/1723712642indp11-thumb-fd2fe9e4.jpeg,https://www.smbbmu.edu.pk/beta/uploads/gallery/events/thumbs/1723712642indp11_thumb.jpeg,https://www.smbbmu.edu.pk/beta/news/details/smbbmu-celebrated-77th-independence-day-08-14-2024
images/news/1723712642indp10-thumb-bd8bbe23.jpeg,https://www.smbbmu.edu.pk/beta/uploads/gallery/events/thumbs/1723712642indp10_thumb.jpeg,https://www.smbbmu.edu.pk/beta/news/details/smbbmu-celebrated-77th-independence-day-08-14-2024
images/news/1723712641indp12-thumb-464d12a6.jpeg,https://www.smbbmu.edu.pk/beta/uploads/gallery/events/thumbs/1723712641indp12_thumb.jpeg,https://www.smbbmu.edu.pk/beta/news/details/smbbmu-celebrated-77th-independence-day-08-14-2024
images/news/1723712641indp13-thumb-cbaf4df3.jpeg,https://www.smbbmu.edu.pk/beta/uploads/gallery/events/thumbs/1723712641indp13_thumb.jpeg,https://www.smbbmu.edu.pk/beta/news/details/smbbmu-celebrated-77th-independence-day-08-14-2024
images/news/1723712934453998782-443897868646932-6784718268037419888-n-thumb.jpg,https://www.smbbmu.edu.pk/beta/uploads/gallery/events/1723712934453998782_443897868646932_6784718268037419888_n_thumb.jpg,https://www.smbbmu.edu.pk/beta/news/details/workshop-on-reference-management-using-mendeley-software-08-06-2024
images/news/1723712934454403297-443897758646943-4211918349980300106-n-thumb.jpg,https://www.smbbmu.edu.pk/beta/uploads/gallery/events/1723712934454403297_443897758646943_4211918349980300106_n_thumb.jpg,https://www.smbbmu.edu.pk/beta/news/details/workshop-on-reference-management-using-mendeley-software-08-06-2024
images/news/1723712933454198752-443897915313594-2310225363161765671-n-thumb.jpg,https://www.smbbmu.edu.pk/beta/uploads/gallery/events/1723712933454198752_443897915313594_2310225363161765671_n_thumb.jpg,https://www.smbbmu.edu.pk/beta/news/details/workshop-on-reference-management-using-mendeley-software-08-06-2024
images/news/1723712932454403674-443897775313608-8555598441506134092-n-thumb.jpg,https://www.smbbmu.edu.pk/beta/uploads/gallery/events/1723712932454403674_443897775313608_8555598441506134092_n_thumb.jpg,https://www.smbbmu.edu.pk/beta/news/details/workshop-on-reference-management-using-mendeley-software-08-06-2024
images/news/1723712931453983492-443897808646938-8695590236942547179-n-thumb.jpg,https://www.smbbmu.edu.pk/beta/uploads/gallery/events/1723712931453983492_443897808646938_8695590236942547179_n_thumb.jpg,https://www.smbbmu.edu.pk/beta/news/details/workshop-on-reference-management-using-mendeley-software-08-06-2024
images/news/1723712931454349587-443897991980253-362478837436039436-n-thumb.jpg,https://www.smbbmu.edu.pk/beta/uploads/gallery/events/1723712931454349587_443897991980253_362478837436039436_n_thumb.jpg,https://www.smbbmu.edu.pk/beta/news/details/workshop-on-reference-management-using-mendeley-software-08-06-2024
images/news/1723712929454422224-443897941980258-620310252594951810-n-thumb.jpg,https://www.smbbmu.edu.pk/beta/uploads/gallery/events/1723712929454422224_443897941980258_620310252594951810_n_thumb.jpg,https://www.smbbmu.edu.pk/beta/news/details/workshop-on-reference-management-using-mendeley-software-08-06-2024
images/news/1723712934453998782-443897868646932-6784718268037419888-n-thumb-bdafb06e.jpg,https://www.smbbmu.edu.pk/beta/uploads/gallery/events/thumbs/1723712934453998782_443897868646932_6784718268037419888_n_thumb.jpg,https://www.smbbmu.edu.pk/beta/news/details/workshop-on-reference-management-using-mendeley-software-08-06-2024
images/news/1723712934454403297-443897758646943-4211918349980300106-n-thumb-b28baa54.jpg,https://www.smbbmu.edu.pk/beta/uploads/gallery/events/thumbs/1723712934454403297_443897758646943_4211918349980300106_n_thumb.jpg,https://www.smbbmu.edu.pk/beta/news/details/workshop-on-reference-management-using-mendeley-software-08-06-2024
images/news/1723712933454198752-443897915313594-2310225363161765671-n-thumb-211de0f1.jpg,https://www.smbbmu.edu.pk/beta/uploads/gallery/events/thumbs/1723712933454198752_443897915313594_2310225363161765671_n_thumb.jpg,https://www.smbbmu.edu.pk/beta/news/details/workshop-on-reference-management-using-mendeley-software-08-06-2024
images/news/1723712932454403674-443897775313608-8555598441506134092-n-thumb-7297047c.jpg,https://www.smbbmu.edu.pk/beta/uploads/gallery/events/thumbs/1723712932454403674_443897775313608_8555598441506134092_n_thumb.jpg,https://www.smbbmu.edu.pk/beta/news/details/workshop-on-reference-management-using-mendeley-software-08-06-2024
images/news/1723712931453983492-443897808646938-8695590236942547179-n-thumb-23c5e623.jpg,https://www.smbbmu.edu.pk/beta/uploads/gallery/events/thumbs/1723712931453983492_443897808646938_8695590236942547179_n_thumb.jpg,https://www.smbbmu.edu.pk/beta/news/details/workshop-on-reference-management-using-mendeley-software-08-06-2024
images/news/1723712931454349587-443897991980253-362478837436039436-n-thumb-d130ba03.jpg,https://www.smbbmu.edu.pk/beta/uploads/gallery/events/thumbs/1723712931454349587_443897991980253_362478837436039436_n_thumb.jpg,https://www.smbbmu.edu.pk/beta/news/details/workshop-on-reference-management-using-mendeley-software-08-06-2024
images/news/1723712929454422224-443897941980258-620310252594951810-n-thumb-e208b10d.jpg,https://www.smbbmu.edu.pk/beta/uploads/gallery/events/thumbs/1723712929454422224_443897941980258_620310252594951810_n_thumb.jpg,https://www.smbbmu.edu.pk/beta/news/details/workshop-on-reference-management-using-mendeley-software-08-06-2024
images/news/1722191367452881432-436916239345095-6281011613946109147-n-thumb.jpg,https://www.smbbmu.edu.pk/beta/uploads/gallery/events/1722191367452881432_436916239345095_6281011613946109147_n_thumb.jpg,https://www.smbbmu.edu.pk/beta/news/details/memorandum-of-understanding-mou-signed-between-smbbmu-and-the-university-of-alberta-canada-07-26-2024
images/news/1722191365452750616-436916199345099-6319017277586938178-n-thumb.jpg,https://www.smbbmu.edu.pk/beta/uploads/gallery/events/1722191365452750616_436916199345099_6319017277586938178_n_thumb.jpg,https://www.smbbmu.edu.pk/beta/news/details/memorandum-of-understanding-mou-signed-between-smbbmu-and-the-university-of-alberta-canada-07-26-2024
images/news/1722191364452845780-436916082678444-2428908610536391806-n-thumb.jpg,https://www.smbbmu.edu.pk/beta/uploads/gallery/events/1722191364452845780_436916082678444_2428908610536391806_n_thumb.jpg,https://www.smbbmu.edu.pk/beta/news/details/memorandum-of-understanding-mou-signed-between-smbbmu-and-the-university-of-alberta-canada-07-26-2024
images/news/1722191362452917106-436915922678460-7145264606158798083-n-thumb.jpg,https://www.smbbmu.edu.pk/beta/uploads/gallery/events/1722191362452917106_436915922678460_7145264606158798083_n_thumb.jpg,https://www.smbbmu.edu.pk/beta/news/details/memorandum-of-understanding-mou-signed-between-smbbmu-and-the-university-of-alberta-canada-07-26-2024
images/news/1722191361452853950-436916009345118-781242739716386802-n-thumb.jpg,https://www.smbbmu.edu.pk/beta/uploads/gallery/events/1722191361452853950_436916009345118_781242739716386802_n_thumb.jpg,https://www.smbbmu.edu.pk/beta/news/details/memorandum-of-understanding-mou-signed-between-smbbmu-and-the-university-of-alberta-canada-07-26-2024
images/news/1722191367452881432-436916239345095-6281011613946109147-n-thumb-be207e38.jpg,https://www.smbbmu.edu.pk/beta/uploads/gallery/events/thumbs/1722191367452881432_436916239345095_6281011613946109147_n_thumb.jpg,https://www.smbbmu.edu.pk/beta/news/details/memorandum-of-understanding-mou-signed-between-smbbmu-and-the-university-of-alberta-canada-07-26-2024
images/news/1722191365452750616-436916199345099-6319017277586938178-n-thumb-62cd0166.jpg,https://www.smbbmu.edu.pk/beta/uploads/gallery/events/thumbs/1722191365452750616_436916199345099_6319017277586938178_n_thumb.jpg,https://www.smbbmu.edu.pk/beta/news/details/memorandum-of-understanding-mou-signed-between-smbbmu-and-the-university-of-alberta-canada-07-26-2024
images/news/1722191364452845780-436916082678444-2428908610536391806-n-thumb-d077a7b3.jpg,https://www.smbbmu.edu.pk/beta/uploads/gallery/events/thumbs/1722191364452845780_436916082678444_2428908610536391806_n_thumb.jpg,https://www.smbbmu.edu.pk/beta/news/details/memorandum-of-understanding-mou-signed-between-smbbmu-and-the-university-of-alberta-canada-07-26-2024
images/news/1722191362452917106-436915922678460-7145264606158798083-n-thumb-243fb6b1.jpg,https://www.smbbmu.edu.pk/beta/uploads/gallery/events/thumbs/1722191362452917106_436915922678460_7145264606158798083_n_thumb.jpg,https://www.smbbmu.edu.pk/beta/news/details/memorandum-of-understanding-mou-signed-between-smbbmu-and-the-university-of-alberta-canada-07-26-2024
images/news/1722191361452853950-436916009345118-781242739716386802-n-thumb-8d93b5c9.jpg,https://www.smbbmu.edu.pk/beta/uploads/gallery/events/thumbs/1722191361452853950_436916009345118_781242739716386802_n_thumb.jpg,https://www.smbbmu.edu.pk/beta/news/details/memorandum-of-understanding-mou-signed-between-smbbmu-and-the-university-of-alberta-canada-07-26-2024
images/news/1632415876picture3-thumb.png,https://www.smbbmu.edu.pk/beta/uploads/gallery/events/1632415876Picture3_thumb.png,https://www.smbbmu.edu.pk/beta/news/details/quality-assurance-internal-external-mechanism-self-assessment-report-sar-06-29-2021
images/news/1632415865picture2-thumb.png,https://www.smbbmu.edu.pk/beta/uploads/gallery/events/1632415865Picture2_thumb.png,https://www.smbbmu.edu.pk/beta/news/details/quality-assurance-internal-external-mechanism-self-assessment-report-sar-06-29-2021
images/news/1632415848picture6-thumb.png,https://www.smbbmu.edu.pk/beta/uploads/gallery/events/1632415848Picture6_thumb.png,https://www.smbbmu.edu.pk/beta/news/details/quality-assurance-internal-external-mechanism-self-assessment-report-sar-06-29-2021
images/news/1632415846picture5-thumb.png,https://www.smbbmu.edu.pk/beta/uploads/gallery/events/1632415846Picture5_thumb.png,https://www.smbbmu.edu.pk/beta/news/details/quality-assurance-internal-external-mechanism-self-assessment-report-sar-06-29-2021
images/news/1632415825picture7-thumb.png,https://www.smbbmu.edu.pk/beta/uploads/gallery/events/1632415825Picture7_thumb.png,https://www.smbbmu.edu.pk/beta/news/details/quality-assurance-internal-external-mechanism-self-assessment-report-sar-06-29-2021
images/news/1632415822picture8-thumb.png,https://www.smbbmu.edu.pk/beta/uploads/gallery/events/1632415822Picture8_thumb.png,https://www.smbbmu.edu.pk/beta/news/details/quality-assurance-internal-external-mechanism-self-assessment-report-sar-06-29-2021
images/news/1632415876picture3-thumb-6de9375f.png,https://www.smbbmu.edu.pk/beta/uploads/gallery/events/thumbs/1632415876Picture3_thumb.png,https://www.smbbmu.edu.pk/beta/news/details/quality-assurance-internal-external-mechanism-self-assessment-report-sar-06-29-2021
images/news/1632415865picture2-thumb-d8f321ae.png,https://www.smbbmu.edu.pk/beta/uploads/gallery/events/thumbs/1632415865Picture2_thumb.png,https://www.smbbmu.edu.pk/beta/news/details/quality-assurance-internal-external-mechanism-self-assessment-report-sar-06-29-2021
images/news/1632415848picture6-thumb-a69e4dc4.png,https://www.smbbmu.edu.pk/beta/uploads/gallery/events/thumbs/1632415848Picture6_thumb.png,https://www.smbbmu.edu.pk/beta/news/details/quality-assurance-internal-external-mechanism-self-assessment-report-sar-06-29-2021
images/news/1632415846picture5-thumb-4eb249dd.png,https://www.smbbmu.edu.pk/beta/uploads/gallery/events/thumbs/1632415846Picture5_thumb.png,https://www.smbbmu.edu.pk/beta/news/details/quality-assurance-internal-external-mechanism-self-assessment-report-sar-06-29-2021
images/news/1632415825picture7-thumb-e19c95dc.png,https://www.smbbmu.edu.pk/beta/uploads/gallery/events/thumbs/1632415825Picture7_thumb.png,https://www.smbbmu.edu.pk/beta/news/details/quality-assurance-internal-external-mechanism-self-assessment-report-sar-06-29-2021
images/news/1632415822picture8-thumb-48b50605.png,https://www.smbbmu.edu.pk/beta/uploads/gallery/events/thumbs/1632415822Picture8_thumb.png,https://www.smbbmu.edu.pk/beta/news/details/quality-assurance-internal-external-mechanism-self-assessment-report-sar-06-29-2021
images/news/1628666667picture5-thumb.png,https://www.smbbmu.edu.pk/beta/uploads/gallery/events/1628666667Picture5_thumb.png,https://www.smbbmu.edu.pk/beta/news/details/quality-enhancement-cell-represented-smbbmu-in-the-annual-progress-review-meeting-2019-20-arranged-by-hec-at-sukkur-iba-03-09-2021
images/news/1628666666picture4-thumb.png,https://www.smbbmu.edu.pk/beta/uploads/gallery/events/1628666666Picture4_thumb.png,https://www.smbbmu.edu.pk/beta/news/details/quality-enhancement-cell-represented-smbbmu-in-the-annual-progress-review-meeting-2019-20-arranged-by-hec-at-sukkur-iba-03-09-2021
images/news/1628666662picture1-thumb.png,https://www.smbbmu.edu.pk/beta/uploads/gallery/events/1628666662Picture1_thumb.png,https://www.smbbmu.edu.pk/beta/news/details/quality-enhancement-cell-represented-smbbmu-in-the-annual-progress-review-meeting-2019-20-arranged-by-hec-at-sukkur-iba-03-09-2021
images/news/1628666660picture3-thumb.png,https://www.smbbmu.edu.pk/beta/uploads/gallery/events/1628666660Picture3_thumb.png,https://www.smbbmu.edu.pk/beta/news/details/quality-enhancement-cell-represented-smbbmu-in-the-annual-progress-review-meeting-2019-20-arranged-by-hec-at-sukkur-iba-03-09-2021
images/news/1628666667picture5-thumb-f542df49.png,https://www.smbbmu.edu.pk/beta/uploads/gallery/events/thumbs/1628666667Picture5_thumb.png,https://www.smbbmu.edu.pk/beta/news/details/quality-enhancement-cell-represented-smbbmu-in-the-annual-progress-review-meeting-2019-20-arranged-by-hec-at-sukkur-iba-03-09-2021
images/news/1628666666picture4-thumb-624ed545.png,https://www.smbbmu.edu.pk/beta/uploads/gallery/events/thumbs/1628666666Picture4_thumb.png,https://www.smbbmu.edu.pk/beta/news/details/quality-enhancement-cell-represented-smbbmu-in-the-annual-progress-review-meeting-2019-20-arranged-by-hec-at-sukkur-iba-03-09-2021
images/news/1628666662picture1-thumb-631a6120.png,https://www.smbbmu.edu.pk/beta/uploads/gallery/events/thumbs/1628666662Picture1_thumb.png,https://www.smbbmu.edu.pk/beta/news/details/quality-enhancement-cell-represented-smbbmu-in-the-annual-progress-review-meeting-2019-20-arranged-by-hec-at-sukkur-iba-03-09-2021
images/news/1628666660picture3-thumb-b17cba13.png,https://www.smbbmu.edu.pk/beta/uploads/gallery/events/thumbs/1628666660Picture3_thumb.png,https://www.smbbmu.edu.pk/beta/news/details/quality-enhancement-cell-represented-smbbmu-in-the-annual-progress-review-meeting-2019-20-arranged-by-hec-at-sukkur-iba-03-09-2021
images/news/1605853014photo-2020-11-19-13-08-01-thumb.jpg,https://www.smbbmu.edu.pk/beta/uploads/gallery/events/1605853014PHOTO-2020-11-19-13-08-01_thumb.jpg,https://www.smbbmu.edu.pk/beta/news/details/meeting-about-self-institutional-performance-evaluation-11-19-2020
images/news/1605852995photo-2020-11-19-13-08-47-thumb.jpg,https://www.smbbmu.edu.pk/beta/uploads/gallery/events/1605852995PHOTO-2020-11-19-13-08-47_thumb.jpg,https://www.smbbmu.edu.pk/beta/news/details/meeting-about-self-institutional-performance-evaluation-11-19-2020
images/news/1605852995photo-2020-11-19-13-08-46-thumb.jpg,https://www.smbbmu.edu.pk/beta/uploads/gallery/events/1605852995PHOTO-2020-11-19-13-08-46_thumb.jpg,https://www.smbbmu.edu.pk/beta/news/details/meeting-about-self-institutional-performance-evaluation-11-19-2020
images/news/1605853014photo-2020-11-19-13-08-01-thumb-eae33393.jpg,https://www.smbbmu.edu.pk/beta/uploads/gallery/events/thumbs/1605853014PHOTO-2020-11-19-13-08-01_thumb.jpg,https://www.smbbmu.edu.pk/beta/news/details/meeting-about-self-institutional-performance-evaluation-11-19-2020
images/news/1605852995photo-2020-11-19-13-08-47-thumb-6325f470.jpg,https://www.smbbmu.edu.pk/beta/uploads/gallery/events/thumbs/1605852995PHOTO-2020-11-19-13-08-47_thumb.jpg,https://www.smbbmu.edu.pk/beta/news/details/meeting-about-self-institutional-performance-evaluation-11-19-2020
images/news/1605852995photo-2020-11-19-13-08-46-thumb-385965d4.jpg,https://www.smbbmu.edu.pk/beta/uploads/gallery/events/thumbs/1605852995PHOTO-2020-11-19-13-08-46_thumb.jpg,https://www.smbbmu.edu.pk/beta/news/details/meeting-about-self-institutional-performance-evaluation-11-19-2020
images/news/1570085513picture1-thumb.png,https://www.smbbmu.edu.pk/beta/uploads/gallery/events/1570085513Picture1_thumb.png,https://www.smbbmu.edu.pk/beta/news/details/workshop-on-role-of-quality-enhancement-cell-qec-in-university-and-its-constituents-affiliated-college-06-25-2019
images/news/1570085451picture5-thumb.png,https://www.smbbmu.edu.pk/beta/uploads/gallery/events/1570085451Picture5_thumb.png,https://www.smbbmu.edu.pk/beta/news/details/workshop-on-role-of-quality-enhancement-cell-qec-in-university-and-its-constituents-affiliated-college-06-25-2019
images/news/1570085402picture4-thumb.png,https://www.smbbmu.edu.pk/beta/uploads/gallery/events/1570085402Picture4_thumb.png,https://www.smbbmu.edu.pk/beta/news/details/workshop-on-role-of-quality-enhancement-cell-qec-in-university-and-its-constituents-affiliated-college-06-25-2019
images/news/1570084250picture3-thumb.png,https://www.smbbmu.edu.pk/beta/uploads/gallery/events/1570084250Picture3_thumb.png,https://www.smbbmu.edu.pk/beta/news/details/workshop-on-role-of-quality-enhancement-cell-qec-in-university-and-its-constituents-affiliated-college-06-25-2019
images/news/1570085513picture1-thumb-78c095ff.png,https://www.smbbmu.edu.pk/beta/uploads/gallery/events/thumbs/1570085513Picture1_thumb.png,https://www.smbbmu.edu.pk/beta/news/details/workshop-on-role-of-quality-enhancement-cell-qec-in-university-and-its-constituents-affiliated-college-06-25-2019
images/news/1570085451picture5-thumb-826a93b9.png,https://www.smbbmu.edu.pk/beta/uploads/gallery/events/thumbs/1570085451Picture5_thumb.png,https://www.smbbmu.edu.pk/beta/news/details/workshop-on-role-of-quality-enhancement-cell-qec-in-university-and-its-constituents-affiliated-college-06-25-2019
images/news/1570085402picture4-thumb-bc2a76b6.png,https://www.smbbmu.edu.pk/beta/uploads/gallery/events/thumbs/1570085402Picture4_thumb.png,https://www.smbbmu.edu.pk/beta/news/details/workshop-on-role-of-quality-enhancement-cell-qec-in-university-and-its-constituents-affiliated-college-06-25-2019
images/news/1570084250picture3-thumb-31b9cdd0.png,https://www.smbbmu.edu.pk/beta/uploads/gallery/events/thumbs/1570084250Picture3_thumb.png,https://www.smbbmu.edu.pk/beta/news/details/workshop-on-role-of-quality-enhancement-cell-qec-in-university-and-its-constituents-affiliated-college-06-25-2019
images/news/1570086229picture3-thumb.png,https://www.smbbmu.edu.pk/beta/uploads/gallery/events/1570086229Picture3_thumb.png,https://www.smbbmu.edu.pk/beta/news/details/self-internal-evaluation-of-smbbmu-by-institutional-performance-evaluation-ipe-panel-06-25-2019
images/news/1570086143picture4-thumb.png,https://www.smbbmu.edu.pk/beta/uploads/gallery/events/1570086143Picture4_thumb.png,https://www.smbbmu.edu.pk/beta/news/details/self-internal-evaluation-of-smbbmu-by-institutional-performance-evaluation-ipe-panel-06-25-2019
images/news/1570086092picture6-thumb.png,https://www.smbbmu.edu.pk/beta/uploads/gallery/events/1570086092Picture6_thumb.png,https://www.smbbmu.edu.pk/beta/news/details/self-internal-evaluation-of-smbbmu-by-institutional-performance-evaluation-ipe-panel-06-25-2019
images/news/1570086229picture3-thumb-adf8c379.png,https://www.smbbmu.edu.pk/beta/uploads/gallery/events/thumbs/1570086229Picture3_thumb.png,https://www.smbbmu.edu.pk/beta/news/details/self-internal-evaluation-of-smbbmu-by-institutional-performance-evaluation-ipe-panel-06-25-2019
images/news/1570086143picture4-thumb-9b64f359.png,https://www.smbbmu.edu.pk/beta/uploads/gallery/events/thumbs/1570086143Picture4_thumb.png,https://www.smbbmu.edu.pk/beta/news/details/self-internal-evaluation-of-smbbmu-by-institutional-performance-evaluation-ipe-panel-06-25-2019
images/news/1570086092picture6-thumb-a4e6e9c1.png,https://www.smbbmu.edu.pk/beta/uploads/gallery/events/thumbs/1570086092Picture6_thumb.png,https://www.smbbmu.edu.pk/beta/news/details/self-internal-evaluation-of-smbbmu-by-institutional-performance-evaluation-ipe-panel-06-25-2019
images/news/1510163309-thumb.png,https://www.smbbmu.edu.pk/beta/uploads/gallery/events/1510163309_thumb.png,https://www.smbbmu.edu.pk/beta/news/details/workshop-on-plagiarism-how-to-avoid-it-11-02-2017
images/news/1510163307-thumb.png,https://www.smbbmu.edu.pk/beta/uploads/gallery/events/1510163307_thumb.png,https://www.smbbmu.edu.pk/beta/news/details/workshop-on-plagiarism-how-to-avoid-it-11-02-2017
images/news/1510163305-thumb.png,https://www.smbbmu.edu.pk/beta/uploads/gallery/events/1510163305_thumb.png,https://www.smbbmu.edu.pk/beta/news/details/workshop-on-plagiarism-how-to-avoid-it-11-02-2017
images/news/1510163301-thumb.png,https://www.smbbmu.edu.pk/beta/uploads/gallery/events/1510163301_thumb.png,https://www.smbbmu.edu.pk/beta/news/details/workshop-on-plagiarism-how-to-avoid-it-11-02-2017
images/news/1510163296-thumb.png,https://www.smbbmu.edu.pk/beta/uploads/gallery/events/1510163296_thumb.png,https://www.smbbmu.edu.pk/beta/news/details/workshop-on-plagiarism-how-to-avoid-it-11-02-2017
images/news/1510163295-thumb.png,https://www.smbbmu.edu.pk/beta/uploads/gallery/events/1510163295_thumb.png,https://www.smbbmu.edu.pk/beta/news/details/workshop-on-plagiarism-how-to-avoid-it-11-02-2017
images/news/1510163290-thumb.png,https://www.smbbmu.edu.pk/beta/uploads/gallery/events/1510163290_thumb.png,https://www.smbbmu.edu.pk/beta/news/details/workshop-on-plagiarism-how-to-avoid-it-11-02-2017
images/news/1510163287-thumb.png,https://www.smbbmu.edu.pk/beta/uploads/gallery/events/1510163287_thumb.png,https://www.smbbmu.edu.pk/beta/news/details/workshop-on-plagiarism-how-to-avoid-it-11-02-2017
images/news/1510163285-thumb.png,https://www.smbbmu.edu.pk/beta/uploads/gallery/events/1510163285_thumb.png,https://www.smbbmu.edu.pk/beta/news/details/workshop-on-plagiarism-how-to-avoid-it-11-02-2017
images/news/1510163281-thumb.png,https://www.smbbmu.edu.pk/beta/uploads/gallery/events/1510163281_thumb.png,https://www.smbbmu.edu.pk/beta/news/details/workshop-on-plagiarism-how-to-avoid-it-11-02-2017
images/news/1510163280-thumb.png,https://www.smbbmu.edu.pk/beta/uploads/gallery/events/1510163280_thumb.png,https://www.smbbmu.edu.pk/beta/news/details/workshop-on-plagiarism-how-to-avoid-it-11-02-2017
images/news/1510163274-thumb.png,https://www.smbbmu.edu.pk/beta/uploads/gallery/events/1510163274_thumb.png,https://www.smbbmu.edu.pk/beta/news/details/workshop-on-plagiarism-how-to-avoid-it-11-02-2017
images/news/1510163273-thumb.png,https://www.smbbmu.edu.pk/beta/uploads/gallery/events/1510163273_thumb.png,https://www.smbbmu.edu.pk/beta/news/details/workshop-on-plagiarism-how-to-avoid-it-11-02-2017
images/news/1510163271-thumb.png,https://www.smbbmu.edu.pk/beta/uploads/gallery/events/1510163271_thumb.png,https://www.smbbmu.edu.pk/beta/news/details/workshop-on-plagiarism-how-to-avoid-it-11-02-2017
images/news/1510163270-thumb.png,https://www.smbbmu.edu.pk/beta/uploads/gallery/events/1510163270_thumb.png,https://www.smbbmu.edu.pk/beta/news/details/workshop-on-plagiarism-how-to-avoid-it-11-02-2017
images/news/1510163268-thumb.png,https://www.smbbmu.edu.pk/beta/uploads/gallery/events/1510163268_thumb.png,https://www.smbbmu.edu.pk/beta/news/details/workshop-on-plagiarism-how-to-avoid-it-11-02-2017
images/news/1510163263-thumb.png,https://www.smbbmu.edu.pk/beta/uploads/gallery/events/1510163263_thumb.png,https://www.smbbmu.edu.pk/beta/news/details/workshop-on-plagiarism-how-to-avoid-it-11-02-2017
images/news/1510163262-thumb.png,https://www.smbbmu.edu.pk/beta/uploads/gallery/events/1510163262_thumb.png,https://www.smbbmu.edu.pk/beta/news/details/workshop-on-plagiarism-how-to-avoid-it-11-02-2017
images/news/1510163260-thumb.png,https://www.smbbmu.edu.pk/beta/uploads/gallery/events/1510163260_thumb.png,https://www.smbbmu.edu.pk/beta/news/details/workshop-on-plagiarism-how-to-avoid-it-11-02-2017
images/news/1510163256-thumb.png,https://www.smbbmu.edu.pk/beta/uploads/gallery/events/1510163256_thumb.png,https://www.smbbmu.edu.pk/beta/news/details/workshop-on-plagiarism-how-to-avoid-it-11-02-2017
images/news/1510163241-thumb.png,https://www.smbbmu.edu.pk/beta/uploads/gallery/events/1510163241_thumb.png,https://www.smbbmu.edu.pk/beta/news/details/workshop-on-plagiarism-how-to-avoid-it-11-02-2017
images/news/1510163234-thumb.png,https://www.smbbmu.edu.pk/beta/uploads/gallery/events/1510163234_thumb.png,https://www.smbbmu.edu.pk/beta/news/details/workshop-on-plagiarism-how-to-avoid-it-11-02-2017
images/news/1510163230-thumb.png,https://www.smbbmu.edu.pk/beta/uploads/gallery/events/1510163230_thumb.png,https://www.smbbmu.edu.pk/beta/news/details/workshop-on-plagiarism-how-to-avoid-it-11-02-2017
images/news/1510163209-thumb.png,https://www.smbbmu.edu.pk/beta/uploads/gallery/events/1510163209_thumb.png,https://www.smbbmu.edu.pk/beta/news/details/workshop-on-plagiarism-how-to-avoid-it-11-02-2017
images/news/1510163205-thumb.png,https://www.smbbmu.edu.pk/beta/uploads/gallery/events/1510163205_thumb.png,https://www.smbbmu.edu.pk/beta/news/details/workshop-on-plagiarism-how-to-avoid-it-11-02-2017
images/news/1510163309-thumb-7a3775ac.png,https://www.smbbmu.edu.pk/beta/uploads/gallery/events/thumbs/1510163309_thumb.png,https://www.smbbmu.edu.pk/beta/news/details/workshop-on-plagiarism-how-to-avoid-it-11-02-2017
images/news/1510163307-thumb-af298468.png,https://www.smbbmu.edu.pk/beta/uploads/gallery/events/thumbs/1510163307_thumb.png,https://www.smbbmu.edu.pk/beta/news/details/workshop-on-plagiarism-how-to-avoid-it-11-02-2017
images/news/1510163305-thumb-b95db0bf.png,https://www.smbbmu.edu.pk/beta/uploads/gallery/events/thumbs/1510163305_thumb.png,https://www.smbbmu.edu.pk/beta/news/details/workshop-on-plagiarism-how-to-avoid-it-11-02-2017
images/news/1510163301-thumb-1e573426.png,https://www.smbbmu.edu.pk/beta/uploads/gallery/events/thumbs/1510163301_thumb.png,https://www.smbbmu.edu.pk/beta/news/details/workshop-on-plagiarism-how-to-avoid-it-11-02-2017
images/news/1510163296-thumb-aba62bd5.png,https://www.smbbmu.edu.pk/beta/uploads/gallery/events/thumbs/1510163296_thumb.png,https://www.smbbmu.edu.pk/beta/news/details/workshop-on-plagiarism-how-to-avoid-it-11-02-2017
images/news/1510163295-thumb-a7d56436.png,https://www.smbbmu.edu.pk/beta/uploads/gallery/events/thumbs/1510163295_thumb.png,https://www.smbbmu.edu.pk/beta/news/details/workshop-on-plagiarism-how-to-avoid-it-11-02-2017
images/news/1510163290-thumb-d3f5e0a6.png,https://www.smbbmu.edu.pk/beta/uploads/gallery/events/thumbs/1510163290_thumb.png,https://www.smbbmu.edu.pk/beta/news/details/workshop-on-plagiarism-how-to-avoid-it-11-02-2017
images/news/1510163287-thumb-247f8d5d.png,https://www.smbbmu.edu.pk/beta/uploads/gallery/events/thumbs/1510163287_thumb.png,https://www.smbbmu.edu.pk/beta/news/details/workshop-on-plagiarism-how-to-avoid-it-11-02-2017
images/news/1510163285-thumb-8a0be18d.png,https://www.smbbmu.edu.pk/beta/uploads/gallery/events/thumbs/1510163285_thumb.png,https://www.smbbmu.edu.pk/beta/news/details/workshop-on-plagiarism-how-to-avoid-it-11-02-2017
images/news/1510163281-thumb-a3b53a83.png,https://www.smbbmu.edu.pk/beta/uploads/gallery/events/thumbs/1510163281_thumb.png,https://www.smbbmu.edu.pk/beta/news/details/workshop-on-plagiarism-how-to-avoid-it-11-02-2017
images/news/1510163280-thumb-bb24ae06.png,https://www.smbbmu.edu.pk/beta/uploads/gallery/events/thumbs/1510163280_thumb.png,https://www.smbbmu.edu.pk/beta/news/details/workshop-on-plagiarism-how-to-avoid-it-11-02-2017
images/news/1510163274-thumb-617ef85b.png,https://www.smbbmu.edu.pk/beta/uploads/gallery/events/thumbs/1510163274_thumb.png,https://www.smbbmu.edu.pk/beta/news/details/workshop-on-plagiarism-how-to-avoid-it-11-02-2017
images/news/1510163273-thumb-0217ff22.png,https://www.smbbmu.edu.pk/beta/uploads/gallery/events/thumbs/1510163273_thumb.png,https://www.smbbmu.edu.pk/beta/news/details/workshop-on-plagiarism-how-to-avoid-it-11-02-2017
images/news/1510163271-thumb-1c798adc.png,https://www.smbbmu.edu.pk/beta/uploads/gallery/events/thumbs/1510163271_thumb.png,https://www.smbbmu.edu.pk/beta/news/details/workshop-on-plagiarism-how-to-avoid-it-11-02-2017
images/news/1510163270-thumb-b6f33952.png,https://www.smbbmu.edu.pk/beta/uploads/gallery/events/thumbs/1510163270_thumb.png,https://www.smbbmu.edu.pk/beta/news/details/workshop-on-plagiarism-how-to-avoid-it-11-02-2017
images/news/1510163268-thumb-ba2e7fca.png,https://www.smbbmu.edu.pk/beta/uploads/gallery/events/thumbs/1510163268_thumb.png,https://www.smbbmu.edu.pk/beta/news/details/workshop-on-plagiarism-how-to-avoid-it-11-02-2017
images/news/1510163263-thumb-76dac6a5.png,https://www.smbbmu.edu.pk/beta/uploads/gallery/events/thumbs/1510163263_thumb.png,https://www.smbbmu.edu.pk/beta/news/details/workshop-on-plagiarism-how-to-avoid-it-11-02-2017
images/news/1510163262-thumb-ec556cc3.png,https://www.smbbmu.edu.pk/beta/uploads/gallery/events/thumbs/1510163262_thumb.png,https://www.smbbmu.edu.pk/beta/news/details/workshop-on-plagiarism-how-to-avoid-it-11-02-2017
images/news/1510163260-thumb-01dae3d6.png,https://www.smbbmu.edu.pk/beta/uploads/gallery/events/thumbs/1510163260_thumb.png,https://www.smbbmu.edu.pk/beta/news/details/workshop-on-plagiarism-how-to-avoid-it-11-02-2017
images/news/1510163256-thumb-93ba8a14.png,https://www.smbbmu.edu.pk/beta/uploads/gallery/events/thumbs/1510163256_thumb.png,https://www.smbbmu.edu.pk/beta/news/details/workshop-on-plagiarism-how-to-avoid-it-11-02-2017
images/news/1510163241-thumb-a6840221.png,https://www.smbbmu.edu.pk/beta/uploads/gallery/events/thumbs/1510163241_thumb.png,https://www.smbbmu.edu.pk/beta/news/details/workshop-on-plagiarism-how-to-avoid-it-11-02-2017
images/news/1510163234-thumb-cf4ea825.png,https://www.smbbmu.edu.pk/beta/uploads/gallery/events/thumbs/1510163234_thumb.png,https://www.smbbmu.edu.pk/beta/news/details/workshop-on-plagiarism-how-to-avoid-it-11-02-2017
images/news/1510163230-thumb-80426f9e.png,https://www.smbbmu.edu.pk/beta/uploads/gallery/events/thumbs/1510163230_thumb.png,https://www.smbbmu.edu.pk/beta/news/details/workshop-on-plagiarism-how-to-avoid-it-11-02-2017
images/news/1510163209-thumb-7ac1415a.png,https://www.smbbmu.edu.pk/beta/uploads/gallery/events/thumbs/1510163209_thumb.png,https://www.smbbmu.edu.pk/beta/news/details/workshop-on-plagiarism-how-to-avoid-it-11-02-2017
images/news/1510163205-thumb-8efded3d.png,https://www.smbbmu.edu.pk/beta/uploads/gallery/events/thumbs/1510163205_thumb.png,https://www.smbbmu.edu.pk/beta/news/details/workshop-on-plagiarism-how-to-avoid-it-11-02-2017
images/news/14939730939-thumb.png,https://www.smbbmu.edu.pk/beta/uploads/gallery/events/14939730939_thumb.png,https://www.smbbmu.edu.pk/beta/news/details/qec-conduct-seminar-workshop-on-self-assessment-report-sar-for-faculty-members-of-cmc-badc-binachs-and-pharmacy-05-03-2017
images/news/14939730388-thumb.png,https://www.smbbmu.edu.pk/beta/uploads/gallery/events/14939730388_thumb.png,https://www.smbbmu.edu.pk/beta/news/details/qec-conduct-seminar-workshop-on-self-assessment-report-sar-for-faculty-members-of-cmc-badc-binachs-and-pharmacy-05-03-2017
images/news/14939730217-thumb.png,https://www.smbbmu.edu.pk/beta/uploads/gallery/events/14939730217_thumb.png,https://www.smbbmu.edu.pk/beta/news/details/qec-conduct-seminar-workshop-on-self-assessment-report-sar-for-faculty-members-of-cmc-badc-binachs-and-pharmacy-05-03-2017
images/news/14939729626-thumb.png,https://www.smbbmu.edu.pk/beta/uploads/gallery/events/14939729626_thumb.png,https://www.smbbmu.edu.pk/beta/news/details/qec-conduct-seminar-workshop-on-self-assessment-report-sar-for-faculty-members-of-cmc-badc-binachs-and-pharmacy-05-03-2017
images/news/14939729425-thumb.png,https://www.smbbmu.edu.pk/beta/uploads/gallery/events/14939729425_thumb.png,https://www.smbbmu.edu.pk/beta/news/details/qec-conduct-seminar-workshop-on-self-assessment-report-sar-for-faculty-members-of-cmc-badc-binachs-and-pharmacy-05-03-2017
images/news/14939729053-thumb.png,https://www.smbbmu.edu.pk/beta/uploads/gallery/events/14939729053_thumb.png,https://www.smbbmu.edu.pk/beta/news/details/qec-conduct-seminar-workshop-on-self-assessment-report-sar-for-faculty-members-of-cmc-badc-binachs-and-pharmacy-05-03-2017
images/news/14939728834-thumb.png,https://www.smbbmu.edu.pk/beta/uploads/gallery/events/14939728834_thumb.png,https://www.smbbmu.edu.pk/beta/news/details/qec-conduct-seminar-workshop-on-self-assessment-report-sar-for-faculty-members-of-cmc-badc-binachs-and-pharmacy-05-03-2017
images/news/14939728031-thumb.png,https://www.smbbmu.edu.pk/beta/uploads/gallery/events/14939728031_thumb.png,https://www.smbbmu.edu.pk/beta/news/details/qec-conduct-seminar-workshop-on-self-assessment-report-sar-for-faculty-members-of-cmc-badc-binachs-and-pharmacy-05-03-2017
images/news/14939727862-thumb.png,https://www.smbbmu.edu.pk/beta/uploads/gallery/events/14939727862_thumb.png,https://www.smbbmu.edu.pk/beta/news/details/qec-conduct-seminar-workshop-on-self-assessment-report-sar-for-faculty-members-of-cmc-badc-binachs-and-pharmacy-05-03-2017
images/news/14939730939-thumb-dea9b05b.png,https://www.smbbmu.edu.pk/beta/uploads/gallery/events/thumbs/14939730939_thumb.png,https://www.smbbmu.edu.pk/beta/news/details/qec-conduct-seminar-workshop-on-self-assessment-report-sar-for-faculty-members-of-cmc-badc-binachs-and-pharmacy-05-03-2017
images/news/14939730388-thumb-781d56e1.png,https://www.smbbmu.edu.pk/beta/uploads/gallery/events/thumbs/14939730388_thumb.png,https://www.smbbmu.edu.pk/beta/news/details/qec-conduct-seminar-workshop-on-self-assessment-report-sar-for-faculty-members-of-cmc-badc-binachs-and-pharmacy-05-03-2017
images/news/14939730217-thumb-2689b8e4.png,https://www.smbbmu.edu.pk/beta/uploads/gallery/events/thumbs/14939730217_thumb.png,https://www.smbbmu.edu.pk/beta/news/details/qec-conduct-seminar-workshop-on-self-assessment-report-sar-for-faculty-members-of-cmc-badc-binachs-and-pharmacy-05-03-2017
images/news/14939729626-thumb-f9510d8f.png,https://www.smbbmu.edu.pk/beta/uploads/gallery/events/thumbs/14939729626_thumb.png,https://www.smbbmu.edu.pk/beta/news/details/qec-conduct-seminar-workshop-on-self-assessment-report-sar-for-faculty-members-of-cmc-badc-binachs-and-pharmacy-05-03-2017
images/news/14939729425-thumb-ff455990.png,https://www.smbbmu.edu.pk/beta/uploads/gallery/events/thumbs/14939729425_thumb.png,https://www.smbbmu.edu.pk/beta/news/details/qec-conduct-seminar-workshop-on-self-assessment-report-sar-for-faculty-members-of-cmc-badc-binachs-and-pharmacy-05-03-2017
images/news/14939729053-thumb-9f8b7aa8.png,https://www.smbbmu.edu.pk/beta/uploads/gallery/events/thumbs/14939729053_thumb.png,https://www.smbbmu.edu.pk/beta/news/details/qec-conduct-seminar-workshop-on-self-assessment-report-sar-for-faculty-members-of-cmc-badc-binachs-and-pharmacy-05-03-2017
images/news/14939728834-thumb-409632a7.png,https://www.smbbmu.edu.pk/beta/uploads/gallery/events/thumbs/14939728834_thumb.png,https://www.smbbmu.edu.pk/beta/news/details/qec-conduct-seminar-workshop-on-self-assessment-report-sar-for-faculty-members-of-cmc-badc-binachs-and-pharmacy-05-03-2017
images/news/14939728031-thumb-82b7767f.png,https://www.smbbmu.edu.pk/beta/uploads/gallery/events/thumbs/14939728031_thumb.png,https://www.smbbmu.edu.pk/beta/news/details/qec-conduct-seminar-workshop-on-self-assessment-report-sar-for-faculty-members-of-cmc-badc-binachs-and-pharmacy-05-03-2017
images/news/14939727862-thumb-81ca25e4.png,https://www.smbbmu.edu.pk/beta/uploads/gallery/events/thumbs/14939727862_thumb.png,https://www.smbbmu.edu.pk/beta/news/details/qec-conduct-seminar-workshop-on-self-assessment-report-sar-for-faculty-members-of-cmc-badc-binachs-and-pharmacy-05-03-2017
images/news/14895608955-thumb.png,https://www.smbbmu.edu.pk/beta/uploads/gallery/events/14895608955_thumb.png,https://www.smbbmu.edu.pk/beta/news/details/survey-for-course--evaluation-of--physiology-02-23-2017
images/news/14895608824-thumb.png,https://www.smbbmu.edu.pk/beta/uploads/gallery/events/14895608824_thumb.png,https://www.smbbmu.edu.pk/beta/news/details/survey-for-course--evaluation-of--physiology-02-23-2017
images/news/14895608793-thumb.png,https://www.smbbmu.edu.pk/beta/uploads/gallery/events/14895608793_thumb.png,https://www.smbbmu.edu.pk/beta/news/details/survey-for-course--evaluation-of--physiology-02-23-2017
images/news/14895608672-thumb.png,https://www.smbbmu.edu.pk/beta/uploads/gallery/events/14895608672_thumb.png,https://www.smbbmu.edu.pk/beta/news/details/survey-for-course--evaluation-of--physiology-02-23-2017
images/news/14895608661-thumb.png,https://www.smbbmu.edu.pk/beta/uploads/gallery/events/14895608661_thumb.png,https://www.smbbmu.edu.pk/beta/news/details/survey-for-course--evaluation-of--physiology-02-23-2017
images/news/14895608955-thumb-3c21d754.png,https://www.smbbmu.edu.pk/beta/uploads/gallery/events/thumbs/14895608955_thumb.png,https://www.smbbmu.edu.pk/beta/news/details/survey-for-course--evaluation-of--physiology-02-23-2017
images/news/14895608824-thumb-7fec8c40.png,https://www.smbbmu.edu.pk/beta/uploads/gallery/events/thumbs/14895608824_thumb.png,https://www.smbbmu.edu.pk/beta/news/details/survey-for-course--evaluation-of--physiology-02-23-2017
images/news/14895608793-thumb-6178a9ee.png,https://www.smbbmu.edu.pk/beta/uploads/gallery/events/thumbs/14895608793_thumb.png,https://www.smbbmu.edu.pk/beta/news/details/survey-for-course--evaluation-of--physiology-02-23-2017
images/news/14895608672-thumb-c1267a46.png,https://www.smbbmu.edu.pk/beta/uploads/gallery/events/thumbs/14895608672_thumb.png,https://www.smbbmu.edu.pk/beta/news/details/survey-for-course--evaluation-of--physiology-02-23-2017
images/news/14895608661-thumb-d7d25324.png,https://www.smbbmu.edu.pk/beta/uploads/gallery/events/thumbs/14895608661_thumb.png,https://www.smbbmu.edu.pk/beta/news/details/survey-for-course--evaluation-of--physiology-02-23-2017
images/news/14895604917-thumb.png,https://www.smbbmu.edu.pk/beta/uploads/gallery/events/14895604917_thumb.png,https://www.smbbmu.edu.pk/beta/news/details/survey-for-course--evaluation-of-pharmacology-02-22-2017
images/news/14895604756-thumb.png,https://www.smbbmu.edu.pk/beta/uploads/gallery/events/14895604756_thumb.png,https://www.smbbmu.edu.pk/beta/news/details/survey-for-course--evaluation-of-pharmacology-02-22-2017
images/news/14895604745-thumb.png,https://www.smbbmu.edu.pk/beta/uploads/gallery/events/14895604745_thumb.png,https://www.smbbmu.edu.pk/beta/news/details/survey-for-course--evaluation-of-pharmacology-02-22-2017
images/news/14895604594-thumb.png,https://www.smbbmu.edu.pk/beta/uploads/gallery/events/14895604594_thumb.png,https://www.smbbmu.edu.pk/beta/news/details/survey-for-course--evaluation-of-pharmacology-02-22-2017
images/news/14895604583-thumb.png,https://www.smbbmu.edu.pk/beta/uploads/gallery/events/14895604583_thumb.png,https://www.smbbmu.edu.pk/beta/news/details/survey-for-course--evaluation-of-pharmacology-02-22-2017
images/news/14895604452-thumb.png,https://www.smbbmu.edu.pk/beta/uploads/gallery/events/14895604452_thumb.png,https://www.smbbmu.edu.pk/beta/news/details/survey-for-course--evaluation-of-pharmacology-02-22-2017
images/news/14895604421-thumb.png,https://www.smbbmu.edu.pk/beta/uploads/gallery/events/14895604421_thumb.png,https://www.smbbmu.edu.pk/beta/news/details/survey-for-course--evaluation-of-pharmacology-02-22-2017
images/news/14895604917-thumb-4484a290.png,https://www.smbbmu.edu.pk/beta/uploads/gallery/events/thumbs/14895604917_thumb.png,https://www.smbbmu.edu.pk/beta/news/details/survey-for-course--evaluation-of-pharmacology-02-22-2017
images/news/14895604756-thumb-0c2993ba.png,https://www.smbbmu.edu.pk/beta/uploads/gallery/events/thumbs/14895604756_thumb.png,https://www.smbbmu.edu.pk/beta/news/details/survey-for-course--evaluation-of-pharmacology-02-22-2017
images/news/14895604745-thumb-36847686.png,https://www.smbbmu.edu.pk/beta/uploads/gallery/events/thumbs/14895604745_thumb.png,https://www.smbbmu.edu.pk/beta/news/details/survey-for-course--evaluation-of-pharmacology-02-22-2017
images/news/14895604594-thumb-9740175e.png,https://www.smbbmu.edu.pk/beta/uploads/gallery/events/thumbs/14895604594_thumb.png,https://www.smbbmu.edu.pk/beta/news/details/survey-for-course--evaluation-of-pharmacology-02-22-2017
images/news/14895604583-thumb-f2fe7eed.png,https://www.smbbmu.edu.pk/beta/uploads/gallery/events/thumbs/14895604583_thumb.png,https://www.smbbmu.edu.pk/beta/news/details/survey-for-course--evaluation-of-pharmacology-02-22-2017
images/news/14895604452-thumb-6f56257e.png,https://www.smbbmu.edu.pk/beta/uploads/gallery/events/thumbs/14895604452_thumb.png,https://www.smbbmu.edu.pk/beta/news/details/survey-for-course--evaluation-of-pharmacology-02-22-2017
images/news/14895604421-thumb-6af00422.png,https://www.smbbmu.edu.pk/beta/uploads/gallery/events/thumbs/14895604421_thumb.png,https://www.smbbmu.edu.pk/beta/news/details/survey-for-course--evaluation-of-pharmacology-02-22-2017
images/news/1489559548image8-thumb.png,https://www.smbbmu.edu.pk/beta/uploads/gallery/events/1489559548image8_thumb.png,https://www.smbbmu.edu.pk/beta/news/details/survey-for--course-evaluation-of-anatomy--02-15-2017
images/news/1489559329img1ana-thumb.png,https://www.smbbmu.edu.pk/beta/uploads/gallery/events/1489559329img1Ana_thumb.png,https://www.smbbmu.edu.pk/beta/news/details/survey-for--course-evaluation-of-anatomy--02-15-2017
images/news/1489559315image9-thumb.png,https://www.smbbmu.edu.pk/beta/uploads/gallery/events/1489559315image9_thumb.png,https://www.smbbmu.edu.pk/beta/news/details/survey-for--course-evaluation-of-anatomy--02-15-2017
images/news/1489559303image8-thumb.png,https://www.smbbmu.edu.pk/beta/uploads/gallery/events/1489559303image8_thumb.png,https://www.smbbmu.edu.pk/beta/news/details/survey-for--course-evaluation-of-anatomy--02-15-2017
images/news/1489559253image5-thumb.png,https://www.smbbmu.edu.pk/beta/uploads/gallery/events/1489559253image5_thumb.png,https://www.smbbmu.edu.pk/beta/news/details/survey-for--course-evaluation-of-anatomy--02-15-2017
images/news/1489559251image4-thumb.png,https://www.smbbmu.edu.pk/beta/uploads/gallery/events/1489559251image4_thumb.png,https://www.smbbmu.edu.pk/beta/news/details/survey-for--course-evaluation-of-anatomy--02-15-2017
images/news/1489559237image2-thumb.png,https://www.smbbmu.edu.pk/beta/uploads/gallery/events/1489559237image2_thumb.png,https://www.smbbmu.edu.pk/beta/news/details/survey-for--course-evaluation-of-anatomy--02-15-2017
images/news/1489559235image3-thumb.png,https://www.smbbmu.edu.pk/beta/uploads/gallery/events/1489559235image3_thumb.png,https://www.smbbmu.edu.pk/beta/news/details/survey-for--course-evaluation-of-anatomy--02-15-2017
images/news/1489559548image8-thumb-56b1c7fe.png,https://www.smbbmu.edu.pk/beta/uploads/gallery/events/thumbs/1489559548image8_thumb.png,https://www.smbbmu.edu.pk/beta/news/details/survey-for--course-evaluation-of-anatomy--02-15-2017
images/news/1489559329img1ana-thumb-398b0dbd.png,https://www.smbbmu.edu.pk/beta/uploads/gallery/events/thumbs/1489559329img1Ana_thumb.png,https://www.smbbmu.edu.pk/beta/news/details/survey-for--course-evaluation-of-anatomy--02-15-2017
images/news/1489559315image9-thumb-c55cf409.png,https://www.smbbmu.edu.pk/beta/uploads/gallery/events/thumbs/1489559315image9_thumb.png,https://www.smbbmu.edu.pk/beta/news/details/survey-for--course-evaluation-of-anatomy--02-15-2017
images/news/1489559303image8-thumb-f057d6e2.png,https://www.smbbmu.edu.pk/beta/uploads/gallery/events/thumbs/1489559303image8_thumb.png,https://www.smbbmu.edu.pk/beta/news/details/survey-for--course-evaluation-of-anatomy--02-15-2017
images/news/1489559253image5-thumb-7147c4f2.png,https://www.smbbmu.edu.pk/beta/uploads/gallery/events/thumbs/1489559253image5_thumb.png,https://www.smbbmu.edu.pk/beta/news/details/survey-for--course-evaluation-of-anatomy--02-15-2017
images/news/1489559251image4-thumb-87a2a73d.png,https://www.smbbmu.edu.pk/beta/uploads/gallery/events/thumbs/1489559251image4_thumb.png,https://www.smbbmu.edu.pk/beta/news/details/survey-for--course-evaluation-of-anatomy--02-15-2017
images/news/1489559237image2-thumb-6e2fb65c.png,https://www.smbbmu.edu.pk/beta/uploads/gallery/events/thumbs/1489559237image2_thumb.png,https://www.smbbmu.edu.pk/beta/news/details/survey-for--course-evaluation-of-anatomy--02-15-2017
images/news/1489559235image3-thumb-91c02c77.png,https://www.smbbmu.edu.pk/beta/uploads/gallery/events/thumbs/1489559235image3_thumb.png,https://www.smbbmu.edu.pk/beta/news/details/survey-for--course-evaluation-of-anatomy--02-15-2017
images/news/1488183649pic1-thumb.jpg,https://www.smbbmu.edu.pk/beta/uploads/gallery/events/1488183649pic1_thumb.jpg,"https://www.smbbmu.edu.pk/beta/news/details/workshop-on-how-to-write-criteria-no.-3,-4-and-5-of-sar-02-11-2017"
images/news/1488183643pic7-thumb.jpg,https://www.smbbmu.edu.pk/beta/uploads/gallery/events/1488183643pic7_thumb.jpg,"https://www.smbbmu.edu.pk/beta/news/details/workshop-on-how-to-write-criteria-no.-3,-4-and-5-of-sar-02-11-2017"
images/news/1488183641pic6-thumb.jpg,https://www.smbbmu.edu.pk/beta/uploads/gallery/events/1488183641pic6_thumb.jpg,"https://www.smbbmu.edu.pk/beta/news/details/workshop-on-how-to-write-criteria-no.-3,-4-and-5-of-sar-02-11-2017"
images/news/1488183632pic4-thumb.jpg,https://www.smbbmu.edu.pk/beta/uploads/gallery/events/1488183632pic4_thumb.jpg,"https://www.smbbmu.edu.pk/beta/news/details/workshop-on-how-to-write-criteria-no.-3,-4-and-5-of-sar-02-11-2017"
images/news/1488183632pic5-thumb.jpg,https://www.smbbmu.edu.pk/beta/uploads/gallery/events/1488183632pic5_thumb.jpg,"https://www.smbbmu.edu.pk/beta/news/details/workshop-on-how-to-write-criteria-no.-3,-4-and-5-of-sar-02-11-2017"
images/news/1488183623pic2-thumb.jpg,https://www.smbbmu.edu.pk/beta/uploads/gallery/events/1488183623pic2_thumb.jpg,"https://www.smbbmu.edu.pk/beta/news/details/workshop-on-how-to-write-criteria-no.-3,-4-and-5-of-sar-02-11-2017"
images/news/1488183622pic3-thumb.jpg,https://www.smbbmu.edu.pk/beta/uploads/gallery/events/1488183622pic3_thumb.jpg,"https://www.smbbmu.edu.pk/beta/news/details/workshop-on-how-to-write-criteria-no.-3,-4-and-5-of-sar-02-11-2017"
images/news/1488183649pic1-thumb-c5de3c32.jpg,https://www.smbbmu.edu.pk/beta/uploads/gallery/events/thumbs/1488183649pic1_thumb.jpg,"https://www.smbbmu.edu.pk/beta/news/details/workshop-on-how-to-write-criteria-no.-3,-4-and-5-of-sar-02-11-2017"
images/news/1488183643pic7-thumb-1236e641.jpg,https://www.smbbmu.edu.pk/beta/uploads/gallery/events/thumbs/1488183643pic7_thumb.jpg,"https://www.smbbmu.edu.pk/beta/news/details/workshop-on-how-to-write-criteria-no.-3,-4-and-5-of-sar-02-11-2017"
images/news/1488183641pic6-thumb-3ba528b0.jpg,https://www.smbbmu.edu.pk/beta/uploads/gallery/events/thumbs/1488183641pic6_thumb.jpg,"https://www.smbbmu.edu.pk/beta/news/details/workshop-on-how-to-write-criteria-no.-3,-4-and-5-of-sar-02-11-2017"
images/news/1488183632pic4-thumb-6d779082.jpg,https://www.smbbmu.edu.pk/beta/uploads/gallery/events/thumbs/1488183632pic4_thumb.jpg,"https://www.smbbmu.edu.pk/beta/news/details/workshop-on-how-to-write-criteria-no.-3,-4-and-5-of-sar-02-11-2017"
images/news/1488183632pic5-thumb-118e896c.jpg,https://www.smbbmu.edu.pk/beta/uploads/gallery/events/thumbs/1488183632pic5_thumb.jpg,"https://www.smbbmu.edu.pk/beta/news/details/workshop-on-how-to-write-criteria-no.-3,-4-and-5-of-sar-02-11-2017"
images/news/1488183623pic2-thumb-3880b93e.jpg,https://www.smbbmu.edu.pk/beta/uploads/gallery/events/thumbs/1488183623pic2_thumb.jpg,"https://www.smbbmu.edu.pk/beta/news/details/workshop-on-how-to-write-criteria-no.-3,-4-and-5-of-sar-02-11-2017"
images/news/1488183622pic3-thumb-a53bb579.jpg,https://www.smbbmu.edu.pk/beta/uploads/gallery/events/thumbs/1488183622pic3_thumb.jpg,"https://www.smbbmu.edu.pk/beta/news/details/workshop-on-how-to-write-criteria-no.-3,-4-and-5-of-sar-02-11-2017"
images/news/1464853230img-0396-thumb.jpg,https://www.smbbmu.edu.pk/beta/uploads/gallery/events/1464853230IMG_0396_thumb.JPG,https://www.smbbmu.edu.pk/beta/news/details/workshop-on-how-to-write-criteria-no-1-and-2-of-sar
images/news/1464853228img-0394-thumb.jpg,https://www.smbbmu.edu.pk/beta/uploads/gallery/events/1464853228IMG_0394_thumb.JPG,https://www.smbbmu.edu.pk/beta/news/details/workshop-on-how-to-write-criteria-no-1-and-2-of-sar
images/news/1464852961img-0391-thumb.jpg,https://www.smbbmu.edu.pk/beta/uploads/gallery/events/1464852961IMG_0391_thumb.JPG,https://www.smbbmu.edu.pk/beta/news/details/workshop-on-how-to-write-criteria-no-1-and-2-of-sar
images/news/1464852958img-0390-thumb.jpg,https://www.smbbmu.edu.pk/beta/uploads/gallery/events/1464852958IMG_0390_thumb.JPG,https://www.smbbmu.edu.pk/beta/news/details/workshop-on-how-to-write-criteria-no-1-and-2-of-sar
images/news/1464852836img-0385-thumb.jpg,https://www.smbbmu.edu.pk/beta/uploads/gallery/events/1464852836IMG_0385_thumb.JPG,https://www.smbbmu.edu.pk/beta/news/details/workshop-on-how-to-write-criteria-no-1-and-2-of-sar
images/news/1464852392img-0384-thumb.jpg,https://www.smbbmu.edu.pk/beta/uploads/gallery/events/1464852392IMG_0384_thumb.JPG,https://www.smbbmu.edu.pk/beta/news/details/workshop-on-how-to-write-criteria-no-1-and-2-of-sar
images/news/1464852364img-0381-thumb.jpg,https://www.smbbmu.edu.pk/beta/uploads/gallery/events/1464852364IMG_0381_thumb.JPG,https://www.smbbmu.edu.pk/beta/news/details/workshop-on-how-to-write-criteria-no-1-and-2-of-sar
images/news/1464852262img-0377-thumb.jpg,https://www.smbbmu.edu.pk/beta/uploads/gallery/events/1464852262IMG_0377_thumb.JPG,https://www.smbbmu.edu.pk/beta/news/details/workshop-on-how-to-write-criteria-no-1-and-2-of-sar
images/news/1464852148img-0375-thumb.jpg,https://www.smbbmu.edu.pk/beta/uploads/gallery/events/1464852148IMG_0375_thumb.JPG,https://www.smbbmu.edu.pk/beta/news/details/workshop-on-how-to-write-criteria-no-1-and-2-of-sar
images/news/1464852101img-0373-thumb.jpg,https://www.smbbmu.edu.pk/beta/uploads/gallery/events/1464852101IMG_0373_thumb.JPG,https://www.smbbmu.edu.pk/beta/news/details/workshop-on-how-to-write-criteria-no-1-and-2-of-sar
images/news/1464853230img-0396-thumb-02859d93.jpg,https://www.smbbmu.edu.pk/beta/uploads/gallery/events/thumbs/1464853230IMG_0396_thumb.JPG,https://www.smbbmu.edu.pk/beta/news/details/workshop-on-how-to-write-criteria-no-1-and-2-of-sar
images/news/1464853228img-0394-thumb-997d369c.jpg,https://www.smbbmu.edu.pk/beta/uploads/gallery/events/thumbs/1464853228IMG_0394_thumb.JPG,https://www.smbbmu.edu.pk/beta/news/details/workshop-on-how-to-write-criteria-no-1-and-2-of-sar
images/news/1464852961img-0391-thumb-d30d6438.jpg,https://www.smbbmu.edu.pk/beta/uploads/gallery/events/thumbs/1464852961IMG_0391_thumb.JPG,https://www.smbbmu.edu.pk/beta/news/details/workshop-on-how-to-write-criteria-no-1-and-2-of-sar
images/news/1464852958img-0390-thumb-0820f665.jpg,https://www.smbbmu.edu.pk/beta/uploads/gallery/events/thumbs/1464852958IMG_0390_thumb.JPG,https://www.smbbmu.edu.pk/beta/news/details/workshop-on-how-to-write-criteria-no-1-and-2-of-sar
images/news/1464852836img-0385-thumb-368fc1fb.jpg,https://www.smbbmu.edu.pk/beta/uploads/gallery/events/thumbs/1464852836IMG_0385_thumb.JPG,https://www.smbbmu.edu.pk/beta/news/details/workshop-on-how-to-write-criteria-no-1-and-2-of-sar
images/news/1464852392img-0384-thumb-6f35eef9.jpg,https://www.smbbmu.edu.pk/beta/uploads/gallery/events/thumbs/1464852392IMG_0384_thumb.JPG,https://www.smbbmu.edu.pk/beta/news/details/workshop-on-how-to-write-criteria-no-1-and-2-of-sar
images/news/1464852364img-0381-thumb-3a08fac0.jpg,https://www.smbbmu.edu.pk/beta/uploads/gallery/events/thumbs/1464852364IMG_0381_thumb.JPG,https://www.smbbmu.edu.pk/beta/news/details/workshop-on-how-to-write-criteria-no-1-and-2-of-sar
images/news/1464852262img-0377-thumb-13431bf9.jpg,https://www.smbbmu.edu.pk/beta/uploads/gallery/events/thumbs/1464852262IMG_0377_thumb.JPG,https://www.smbbmu.edu.pk/beta/news/details/workshop-on-how-to-write-criteria-no-1-and-2-of-sar
images/news/1464852148img-0375-thumb-e853f80d.jpg,https://www.smbbmu.edu.pk/beta/uploads/gallery/events/thumbs/1464852148IMG_0375_thumb.JPG,https://www.smbbmu.edu.pk/beta/news/details/workshop-on-how-to-write-criteria-no-1-and-2-of-sar
images/news/1464852101img-0373-thumb-144017ac.jpg,https://www.smbbmu.edu.pk/beta/uploads/gallery/events/thumbs/1464852101IMG_0373_thumb.JPG,https://www.smbbmu.edu.pk/beta/news/details/workshop-on-how-to-write-criteria-no-1-and-2-of-sar
images/news/1464853954img-0042-thumb.jpg,https://www.smbbmu.edu.pk/beta/uploads/gallery/events/1464853954IMG_0042_thumb.JPG,https://www.smbbmu.edu.pk/beta/news/details/workshop-on-how-to-write-criteria-no-1-2-of-sar-19-march-2016
images/news/1464853905img-0045-thumb.jpg,https://www.smbbmu.edu.pk/beta/uploads/gallery/events/1464853905IMG_0045_thumb.JPG,https://www.smbbmu.edu.pk/beta/news/details/workshop-on-how-to-write-criteria-no-1-2-of-sar-19-march-2016
images/news/1464853731img-0052-thumb.jpg,https://www.smbbmu.edu.pk/beta/uploads/gallery/events/1464853731IMG_0052_thumb.JPG,https://www.smbbmu.edu.pk/beta/news/details/workshop-on-how-to-write-criteria-no-1-2-of-sar-19-march-2016
images/news/1464853954img-0042-thumb-4ff3793f.jpg,https://www.smbbmu.edu.pk/beta/uploads/gallery/events/thumbs/1464853954IMG_0042_thumb.JPG,https://www.smbbmu.edu.pk/beta/news/details/workshop-on-how-to-write-criteria-no-1-2-of-sar-19-march-2016
images/news/1464853905img-0045-thumb-7fc6d0e0.jpg,https://www.smbbmu.edu.pk/beta/uploads/gallery/events/thumbs/1464853905IMG_0045_thumb.JPG,https://www.smbbmu.edu.pk/beta/news/details/workshop-on-how-to-write-criteria-no-1-2-of-sar-19-march-2016
images/news/1464853731img-0052-thumb-1127b469.jpg,https://www.smbbmu.edu.pk/beta/uploads/gallery/events/thumbs/1464853731IMG_0052_thumb.JPG,https://www.smbbmu.edu.pk/beta/news/details/workshop-on-how-to-write-criteria-no-1-2-of-sar-19-march-2016
images/news/1450162619dsc03496-thumb.jpg,https://www.smbbmu.edu.pk/beta/uploads/gallery/events/1450162619DSC03496_thumb.JPG,https://www.smbbmu.edu.pk/beta/news/details/workshop-on-dimensions-of-quality-assurance-and-self-assessment-28-11-2015
images/news/1450162615dsc03495-thumb.jpg,https://www.smbbmu.edu.pk/beta/uploads/gallery/events/1450162615DSC03495_thumb.JPG,https://www.smbbmu.edu.pk/beta/news/details/workshop-on-dimensions-of-quality-assurance-and-self-assessment-28-11-2015
images/news/1450162605dsc03522-thumb.jpg,https://www.smbbmu.edu.pk/beta/uploads/gallery/events/1450162605DSC03522_thumb.JPG,https://www.smbbmu.edu.pk/beta/news/details/workshop-on-dimensions-of-quality-assurance-and-self-assessment-28-11-2015
images/news/1450162605dsc03521-thumb.jpg,https://www.smbbmu.edu.pk/beta/uploads/gallery/events/1450162605DSC03521_thumb.JPG,https://www.smbbmu.edu.pk/beta/news/details/workshop-on-dimensions-of-quality-assurance-and-self-assessment-28-11-2015
images/news/1450162603dsc03520-thumb.jpg,https://www.smbbmu.edu.pk/beta/uploads/gallery/events/1450162603DSC03520_thumb.JPG,https://www.smbbmu.edu.pk/beta/news/details/workshop-on-dimensions-of-quality-assurance-and-self-assessment-28-11-2015
images/news/1450162603dsc03515-thumb.jpg,https://www.smbbmu.edu.pk/beta/uploads/gallery/events/1450162603DSC03515_thumb.JPG,https://www.smbbmu.edu.pk/beta/news/details/workshop-on-dimensions-of-quality-assurance-and-self-assessment-28-11-2015
images/news/1450162602dsc03514-thumb.jpg,https://www.smbbmu.edu.pk/beta/uploads/gallery/events/1450162602DSC03514_thumb.JPG,https://www.smbbmu.edu.pk/beta/news/details/workshop-on-dimensions-of-quality-assurance-and-self-assessment-28-11-2015
images/news/1450162601dsc03513-thumb.jpg,https://www.smbbmu.edu.pk/beta/uploads/gallery/events/1450162601DSC03513_thumb.JPG,https://www.smbbmu.edu.pk/beta/news/details/workshop-on-dimensions-of-quality-assurance-and-self-assessment-28-11-2015
images/news/1450162600dsc03512-thumb.jpg,https://www.smbbmu.edu.pk/beta/uploads/gallery/events/1450162600DSC03512_thumb.JPG,https://www.smbbmu.edu.pk/beta/news/details/workshop-on-dimensions-of-quality-assurance-and-self-assessment-28-11-2015
images/news/1450162599dsc03509-thumb.jpg,https://www.smbbmu.edu.pk/beta/uploads/gallery/events/1450162599DSC03509_thumb.JPG,https://www.smbbmu.edu.pk/beta/news/details/workshop-on-dimensions-of-quality-assurance-and-self-assessment-28-11-2015
images/news/1450162598dsc03508-thumb.jpg,https://www.smbbmu.edu.pk/beta/uploads/gallery/events/1450162598DSC03508_thumb.JPG,https://www.smbbmu.edu.pk/beta/news/details/workshop-on-dimensions-of-quality-assurance-and-self-assessment-28-11-2015
images/news/1450162598dsc03506-thumb.jpg,https://www.smbbmu.edu.pk/beta/uploads/gallery/events/1450162598DSC03506_thumb.JPG,https://www.smbbmu.edu.pk/beta/news/details/workshop-on-dimensions-of-quality-assurance-and-self-assessment-28-11-2015
images/news/1450162595dsc03505-thumb.jpg,https://www.smbbmu.edu.pk/beta/uploads/gallery/events/1450162595DSC03505_thumb.JPG,https://www.smbbmu.edu.pk/beta/news/details/workshop-on-dimensions-of-quality-assurance-and-self-assessment-28-11-2015
images/news/1450162595dsc03504-thumb.jpg,https://www.smbbmu.edu.pk/beta/uploads/gallery/events/1450162595DSC03504_thumb.JPG,https://www.smbbmu.edu.pk/beta/news/details/workshop-on-dimensions-of-quality-assurance-and-self-assessment-28-11-2015
images/news/1450162594dsc03503-thumb.jpg,https://www.smbbmu.edu.pk/beta/uploads/gallery/events/1450162594DSC03503_thumb.JPG,https://www.smbbmu.edu.pk/beta/news/details/workshop-on-dimensions-of-quality-assurance-and-self-assessment-28-11-2015
images/news/1450162594dsc03502-thumb.jpg,https://www.smbbmu.edu.pk/beta/uploads/gallery/events/1450162594DSC03502_thumb.JPG,https://www.smbbmu.edu.pk/beta/news/details/workshop-on-dimensions-of-quality-assurance-and-self-assessment-28-11-2015
images/news/1450162592dsc03501-thumb.jpg,https://www.smbbmu.edu.pk/beta/uploads/gallery/events/1450162592DSC03501_thumb.JPG,https://www.smbbmu.edu.pk/beta/news/details/workshop-on-dimensions-of-quality-assurance-and-self-assessment-28-11-2015
images/news/1450162588dsc03499-thumb.jpg,https://www.smbbmu.edu.pk/beta/uploads/gallery/events/1450162588DSC03499_thumb.JPG,https://www.smbbmu.edu.pk/beta/news/details/workshop-on-dimensions-of-quality-assurance-and-self-assessment-28-11-2015
images/news/1450162588dsc03497-thumb.jpg,https://www.smbbmu.edu.pk/beta/uploads/gallery/events/1450162588DSC03497_thumb.JPG,https://www.smbbmu.edu.pk/beta/news/details/workshop-on-dimensions-of-quality-assurance-and-self-assessment-28-11-2015
images/news/1450162551dsc03495-thumb.jpg,https://www.smbbmu.edu.pk/beta/uploads/gallery/events/1450162551DSC03495_thumb.JPG,https://www.smbbmu.edu.pk/beta/news/details/workshop-on-dimensions-of-quality-assurance-and-self-assessment-28-11-2015
images/news/1450162551dsc03493-thumb.jpg,https://www.smbbmu.edu.pk/beta/uploads/gallery/events/1450162551DSC03493_thumb.JPG,https://www.smbbmu.edu.pk/beta/news/details/workshop-on-dimensions-of-quality-assurance-and-self-assessment-28-11-2015
images/news/1450162549dsc03492-thumb.jpg,https://www.smbbmu.edu.pk/beta/uploads/gallery/events/1450162549DSC03492_thumb.JPG,https://www.smbbmu.edu.pk/beta/news/details/workshop-on-dimensions-of-quality-assurance-and-self-assessment-28-11-2015
images/news/1450162549dsc03490-thumb.jpg,https://www.smbbmu.edu.pk/beta/uploads/gallery/events/1450162549DSC03490_thumb.JPG,https://www.smbbmu.edu.pk/beta/news/details/workshop-on-dimensions-of-quality-assurance-and-self-assessment-28-11-2015
images/news/1450162547dsc03486-thumb.jpg,https://www.smbbmu.edu.pk/beta/uploads/gallery/events/1450162547DSC03486_thumb.JPG,https://www.smbbmu.edu.pk/beta/news/details/workshop-on-dimensions-of-quality-assurance-and-self-assessment-28-11-2015
images/news/1450162547dsc03487-thumb.jpg,https://www.smbbmu.edu.pk/beta/uploads/gallery/events/1450162547DSC03487_thumb.JPG,https://www.smbbmu.edu.pk/beta/news/details/workshop-on-dimensions-of-quality-assurance-and-self-assessment-28-11-2015
images/news/1450162545dsc03485-thumb.jpg,https://www.smbbmu.edu.pk/beta/uploads/gallery/events/1450162545DSC03485_thumb.JPG,https://www.smbbmu.edu.pk/beta/news/details/workshop-on-dimensions-of-quality-assurance-and-self-assessment-28-11-2015
images/news/1450162545dsc03484-thumb.jpg,https://www.smbbmu.edu.pk/beta/uploads/gallery/events/1450162545DSC03484_thumb.JPG,https://www.smbbmu.edu.pk/beta/news/details/workshop-on-dimensions-of-quality-assurance-and-self-assessment-28-11-2015
images/news/1450162497dsc03531-thumb.jpg,https://www.smbbmu.edu.pk/beta/uploads/gallery/events/1450162497DSC03531_thumb.JPG,https://www.smbbmu.edu.pk/beta/news/details/workshop-on-dimensions-of-quality-assurance-and-self-assessment-28-11-2015
images/news/1450162497dsc03530-thumb.jpg,https://www.smbbmu.edu.pk/beta/uploads/gallery/events/1450162497DSC03530_thumb.JPG,https://www.smbbmu.edu.pk/beta/news/details/workshop-on-dimensions-of-quality-assurance-and-self-assessment-28-11-2015
images/news/1450162495dsc03528-thumb.jpg,https://www.smbbmu.edu.pk/beta/uploads/gallery/events/1450162495DSC03528_thumb.JPG,https://www.smbbmu.edu.pk/beta/news/details/workshop-on-dimensions-of-quality-assurance-and-self-assessment-28-11-2015
images/news/1450162495dsc03529-thumb.jpg,https://www.smbbmu.edu.pk/beta/uploads/gallery/events/1450162495DSC03529_thumb.JPG,https://www.smbbmu.edu.pk/beta/news/details/workshop-on-dimensions-of-quality-assurance-and-self-assessment-28-11-2015
images/news/1450162492dsc03526-thumb.jpg,https://www.smbbmu.edu.pk/beta/uploads/gallery/events/1450162492DSC03526_thumb.JPG,https://www.smbbmu.edu.pk/beta/news/details/workshop-on-dimensions-of-quality-assurance-and-self-assessment-28-11-2015
images/news/1450162492dsc03527-thumb.jpg,https://www.smbbmu.edu.pk/beta/uploads/gallery/events/1450162492DSC03527_thumb.JPG,https://www.smbbmu.edu.pk/beta/news/details/workshop-on-dimensions-of-quality-assurance-and-self-assessment-28-11-2015
images/news/1450162619dsc03496-thumb-6af625bd.jpg,https://www.smbbmu.edu.pk/beta/uploads/gallery/events/thumbs/1450162619DSC03496_thumb.JPG,https://www.smbbmu.edu.pk/beta/news/details/workshop-on-dimensions-of-quality-assurance-and-self-assessment-28-11-2015
images/news/1450162615dsc03495-thumb-566d36b8.jpg,https://www.smbbmu.edu.pk/beta/uploads/gallery/events/thumbs/1450162615DSC03495_thumb.JPG,https://www.smbbmu.edu.pk/beta/news/details/workshop-on-dimensions-of-quality-assurance-and-self-assessment-28-11-2015
images/news/1450162605dsc03522-thumb-c9c193e5.jpg,https://www.smbbmu.edu.pk/beta/uploads/gallery/events/thumbs/1450162605DSC03522_thumb.JPG,https://www.smbbmu.edu.pk/beta/news/details/workshop-on-dimensions-of-quality-assurance-and-self-assessment-28-11-2015
images/news/1450162605dsc03521-thumb-e0891a4a.jpg,https://www.smbbmu.edu.pk/beta/uploads/gallery/events/thumbs/1450162605DSC03521_thumb.JPG,https://www.smbbmu.edu.pk/beta/news/details/workshop-on-dimensions-of-quality-assurance-and-self-assessment-28-11-2015
images/news/1450162603dsc03520-thumb-e331bfaf.jpg,https://www.smbbmu.edu.pk/beta/uploads/gallery/events/thumbs/1450162603DSC03520_thumb.JPG,https://www.smbbmu.edu.pk/beta/news/details/workshop-on-dimensions-of-quality-assurance-and-self-assessment-28-11-2015
images/news/1450162603dsc03515-thumb-12af6efd.jpg,https://www.smbbmu.edu.pk/beta/uploads/gallery/events/thumbs/1450162603DSC03515_thumb.JPG,https://www.smbbmu.edu.pk/beta/news/details/workshop-on-dimensions-of-quality-assurance-and-self-assessment-28-11-2015
images/news/1450162602dsc03514-thumb-140facc6.jpg,https://www.smbbmu.edu.pk/beta/uploads/gallery/events/thumbs/1450162602DSC03514_thumb.JPG,https://www.smbbmu.edu.pk/beta/news/details/workshop-on-dimensions-of-quality-assurance-and-self-assessment-28-11-2015
images/news/1450162601dsc03513-thumb-96764be0.jpg,https://www.smbbmu.edu.pk/beta/uploads/gallery/events/thumbs/1450162601DSC03513_thumb.JPG,https://www.smbbmu.edu.pk/beta/news/details/workshop-on-dimensions-of-quality-assurance-and-self-assessment-28-11-2015
images/news/1450162600dsc03512-thumb-34595eb4.jpg,https://www.smbbmu.edu.pk/beta/uploads/gallery/events/thumbs/1450162600DSC03512_thumb.JPG,https://www.smbbmu.edu.pk/beta/news/details/workshop-on-dimensions-of-quality-assurance-and-self-assessment-28-11-2015
images/news/1450162599dsc03509-thumb-528fdb80.jpg,https://www.smbbmu.edu.pk/beta/uploads/gallery/events/thumbs/1450162599DSC03509_thumb.JPG,https://www.smbbmu.edu.pk/beta/news/details/workshop-on-dimensions-of-quality-assurance-and-self-assessment-28-11-2015
images/news/1450162598dsc03508-thumb-dd830b85.jpg,https://www.smbbmu.edu.pk/beta/uploads/gallery/events/thumbs/1450162598DSC03508_thumb.JPG,https://www.smbbmu.edu.pk/beta/news/details/workshop-on-dimensions-of-quality-assurance-and-self-assessment-28-11-2015
images/news/1450162598dsc03506-thumb-8008691b.jpg,https://www.smbbmu.edu.pk/beta/uploads/gallery/events/thumbs/1450162598DSC03506_thumb.JPG,https://www.smbbmu.edu.pk/beta/news/details/workshop-on-dimensions-of-quality-assurance-and-self-assessment-28-11-2015
images/news/1450162595dsc03505-thumb-e05c6cae.jpg,https://www.smbbmu.edu.pk/beta/uploads/gallery/events/thumbs/1450162595DSC03505_thumb.JPG,https://www.smbbmu.edu.pk/beta/news/details/workshop-on-dimensions-of-quality-assurance-and-self-assessment-28-11-2015
images/news/1450162595dsc03504-thumb-a69945b3.jpg,https://www.smbbmu.edu.pk/beta/uploads/gallery/events/thumbs/1450162595DSC03504_thumb.JPG,https://www.smbbmu.edu.pk/beta/news/details/workshop-on-dimensions-of-quality-assurance-and-self-assessment-28-11-2015
images/news/1450162594dsc03503-thumb-58b1ff9d.jpg,https://www.smbbmu.edu.pk/beta/uploads/gallery/events/thumbs/1450162594DSC03503_thumb.JPG,https://www.smbbmu.edu.pk/beta/news/details/workshop-on-dimensions-of-quality-assurance-and-self-assessment-28-11-2015
images/news/1450162594dsc03502-thumb-c35fc043.jpg,https://www.smbbmu.edu.pk/beta/uploads/gallery/events/thumbs/1450162594DSC03502_thumb.JPG,https://www.smbbmu.edu.pk/beta/news/details/workshop-on-dimensions-of-quality-assurance-and-self-assessment-28-11-2015
images/news/1450162592dsc03501-thumb-7ee5ac3b.jpg,https://www.smbbmu.edu.pk/beta/uploads/gallery/events/thumbs/1450162592DSC03501_thumb.JPG,https://www.smbbmu.edu.pk/beta/news/details/workshop-on-dimensions-of-quality-assurance-and-self-assessment-28-11-2015
images/news/1450162592dsc03500-thumb.jpg,https://www.smbbmu.edu.pk/beta/uploads/gallery/events/thumbs/1450162592DSC03500_thumb.JPG,https://www.smbbmu.edu.pk/beta/news/details/workshop-on-dimensions-of-quality-assurance-and-self-assessment-28-11-2015
images/news/1450162588dsc03499-thumb-d9665c5f.jpg,https://www.smbbmu.edu.pk/beta/uploads/gallery/events/thumbs/1450162588DSC03499_thumb.JPG,https://www.smbbmu.edu.pk/beta/news/details/workshop-on-dimensions-of-quality-assurance-and-self-assessment-28-11-2015
images/news/1450162588dsc03497-thumb-7e0894c2.jpg,https://www.smbbmu.edu.pk/beta/uploads/gallery/events/thumbs/1450162588DSC03497_thumb.JPG,https://www.smbbmu.edu.pk/beta/news/details/workshop-on-dimensions-of-quality-assurance-and-self-assessment-28-11-2015
images/news/1450162551dsc03495-thumb-883d6b75.jpg,https://www.smbbmu.edu.pk/beta/uploads/gallery/events/thumbs/1450162551DSC03495_thumb.JPG,https://www.smbbmu.edu.pk/beta/news/details/workshop-on-dimensions-of-quality-assurance-and-self-assessment-28-11-2015
images/news/1450162551dsc03493-thumb-9d744fe8.jpg,https://www.smbbmu.edu.pk/beta/uploads/gallery/events/thumbs/1450162551DSC03493_thumb.JPG,https://www.smbbmu.edu.pk/beta/news/details/workshop-on-dimensions-of-quality-assurance-and-self-assessment-28-11-2015
images/news/1450162549dsc03492-thumb-d60f922a.jpg,https://www.smbbmu.edu.pk/beta/uploads/gallery/events/thumbs/1450162549DSC03492_thumb.JPG,https://www.smbbmu.edu.pk/beta/news/details/workshop-on-dimensions-of-quality-assurance-and-self-assessment-28-11-2015
images/news/1450162549dsc03490-thumb-a37b6ff8.jpg,https://www.smbbmu.edu.pk/beta/uploads/gallery/events/thumbs/1450162549DSC03490_thumb.JPG,https://www.smbbmu.edu.pk/beta/news/details/workshop-on-dimensions-of-quality-assurance-and-self-assessment-28-11-2015
images/news/1450162547dsc03486-thumb-9672d757.jpg,https://www.smbbmu.edu.pk/beta/uploads/gallery/events/thumbs/1450162547DSC03486_thumb.JPG,https://www.smbbmu.edu.pk/beta/news/details/workshop-on-dimensions-of-quality-assurance-and-self-assessment-28-11-2015
images/news/1450162547dsc03487-thumb-1d68d7a9.jpg,https://www.smbbmu.edu.pk/beta/uploads/gallery/events/thumbs/1450162547DSC03487_thumb.JPG,https://www.smbbmu.edu.pk/beta/news/details/workshop-on-dimensions-of-quality-assurance-and-self-assessment-28-11-2015
images/news/1450162545dsc03485-thumb-b1190bc8.jpg,https://www.smbbmu.edu.pk/beta/uploads/gallery/events/thumbs/1450162545DSC03485_thumb.JPG,https://www.smbbmu.edu.pk/beta/news/details/workshop-on-dimensions-of-quality-assurance-and-self-assessment-28-11-2015
images/news/1450162545dsc03484-thumb-0597081c.jpg,https://www.smbbmu.edu.pk/beta/uploads/gallery/events/thumbs/1450162545DSC03484_thumb.JPG,https://www.smbbmu.edu.pk/beta/news/details/workshop-on-dimensions-of-quality-assurance-and-self-assessment-28-11-2015
images/news/1450162497dsc03531-thumb-eb936b10.jpg,https://www.smbbmu.edu.pk/beta/uploads/gallery/events/thumbs/1450162497DSC03531_thumb.JPG,https://www.smbbmu.edu.pk/beta/news/details/workshop-on-dimensions-of-quality-assurance-and-self-assessment-28-11-2015
images/news/1450162497dsc03530-thumb-ae4d66ff.jpg,https://www.smbbmu.edu.pk/beta/uploads/gallery/events/thumbs/1450162497DSC03530_thumb.JPG,https://www.smbbmu.edu.pk/beta/news/details/workshop-on-dimensions-of-quality-assurance-and-self-assessment-28-11-2015
images/news/1450162495dsc03528-thumb-649ad350.jpg,https://www.smbbmu.edu.pk/beta/uploads/gallery/events/thumbs/1450162495DSC03528_thumb.JPG,https://www.smbbmu.edu.pk/beta/news/details/workshop-on-dimensions-of-quality-assurance-and-self-assessment-28-11-2015
images/news/1450162495dsc03529-thumb-8d39f626.jpg,https://www.smbbmu.edu.pk/beta/uploads/gallery/events/thumbs/1450162495DSC03529_thumb.JPG,https://www.smbbmu.edu.pk/beta/news/details/workshop-on-dimensions-of-quality-assurance-and-self-assessment-28-11-2015
images/news/1450162492dsc03526-thumb-66323081.jpg,https://www.smbbmu.edu.pk/beta/uploads/gallery/events/thumbs/1450162492DSC03526_thumb.JPG,https://www.smbbmu.edu.pk/beta/news/details/workshop-on-dimensions-of-quality-assurance-and-self-assessment-28-11-2015
images/news/1450162492dsc03527-thumb-6682069f.jpg,https://www.smbbmu.edu.pk/beta/uploads/gallery/events/thumbs/1450162492DSC03527_thumb.JPG,https://www.smbbmu.edu.pk/beta/news/details/workshop-on-dimensions-of-quality-assurance-and-self-assessment-28-11-2015
images/news/1422485999img-20141208-123645.jpg,https://www.smbbmu.edu.pk/beta/uploads/gallery/events/1422485999IMG_20141208_123645.jpg,https://www.smbbmu.edu.pk/beta/news/details/workshop-on-important-of-quality-assurance-in-higher-education-institutes-self-assessment-report-dec-08-2014
images/news/1422485998img-20141208-123636.jpg,https://www.smbbmu.edu.pk/beta/uploads/gallery/events/1422485998IMG_20141208_123636.jpg,https://www.smbbmu.edu.pk/beta/news/details/workshop-on-important-of-quality-assurance-in-higher-education-institutes-self-assessment-report-dec-08-2014
images/news/1422485998img-20141208-123628.jpg,https://www.smbbmu.edu.pk/beta/uploads/gallery/events/1422485998IMG_20141208_123628.jpg,https://www.smbbmu.edu.pk/beta/news/details/workshop-on-important-of-quality-assurance-in-higher-education-institutes-self-assessment-report-dec-08-2014
images/news/1422485998img-20141208-123621.jpg,https://www.smbbmu.edu.pk/beta/uploads/gallery/events/1422485998IMG_20141208_123621.jpg,https://www.smbbmu.edu.pk/beta/news/details/workshop-on-important-of-quality-assurance-in-higher-education-institutes-self-assessment-report-dec-08-2014
images/news/1422485997img-20141208-123236.jpg,https://www.smbbmu.edu.pk/beta/uploads/gallery/events/1422485997IMG_20141208_123236.jpg,https://www.smbbmu.edu.pk/beta/news/details/workshop-on-important-of-quality-assurance-in-higher-education-institutes-self-assessment-report-dec-08-2014
images/news/1422485997img-20141208-123234.jpg,https://www.smbbmu.edu.pk/beta/uploads/gallery/events/1422485997IMG_20141208_123234.jpg,https://www.smbbmu.edu.pk/beta/news/details/workshop-on-important-of-quality-assurance-in-higher-education-institutes-self-assessment-report-dec-08-2014
images/news/1422485997img-20141208-123217.jpg,https://www.smbbmu.edu.pk/beta/uploads/gallery/events/1422485997IMG_20141208_123217.jpg,https://www.smbbmu.edu.pk/beta/news/details/workshop-on-important-of-quality-assurance-in-higher-education-institutes-self-assessment-report-dec-08-2014
images/news/1422485997img-20141208-123214.jpg,https://www.smbbmu.edu.pk/beta/uploads/gallery/events/1422485997IMG_20141208_123214.jpg,https://www.smbbmu.edu.pk/beta/news/details/workshop-on-important-of-quality-assurance-in-higher-education-institutes-self-assessment-report-dec-08-2014
images/news/1422485996img-20141208-101914.jpg,https://www.smbbmu.edu.pk/beta/uploads/gallery/events/1422485996IMG_20141208_101914.jpg,https://www.smbbmu.edu.pk/beta/news/details/workshop-on-important-of-quality-assurance-in-higher-education-institutes-self-assessment-report-dec-08-2014
images/news/1422485996img-20141208-101903.jpg,https://www.smbbmu.edu.pk/beta/uploads/gallery/events/1422485996IMG_20141208_101903.jpg,https://www.smbbmu.edu.pk/beta/news/details/workshop-on-important-of-quality-assurance-in-higher-education-institutes-self-assessment-report-dec-08-2014
images/news/1422485991img-20141208-101842.jpg,https://www.smbbmu.edu.pk/beta/uploads/gallery/events/1422485991IMG_20141208_101842.jpg,https://www.smbbmu.edu.pk/beta/news/details/workshop-on-important-of-quality-assurance-in-higher-education-institutes-self-assessment-report-dec-08-2014
images/news/1422485991img-20141208-101855.jpg,https://www.smbbmu.edu.pk/beta/uploads/gallery/events/1422485991IMG_20141208_101855.jpg,https://www.smbbmu.edu.pk/beta/news/details/workshop-on-important-of-quality-assurance-in-higher-education-institutes-self-assessment-report-dec-08-2014
images/news/1422485999img-20141208-123645-c58c56f1.jpg,https://www.smbbmu.edu.pk/beta/uploads/gallery/events/thumbs/1422485999IMG_20141208_123645.jpg,https://www.smbbmu.edu.pk/beta/news/details/workshop-on-important-of-quality-assurance-in-higher-education-institutes-self-assessment-report-dec-08-2014
images/news/1422485998img-20141208-123636-90260904.jpg,https://www.smbbmu.edu.pk/beta/uploads/gallery/events/thumbs/1422485998IMG_20141208_123636.jpg,https://www.smbbmu.edu.pk/beta/news/details/workshop-on-important-of-quality-assurance-in-higher-education-institutes-self-assessment-report-dec-08-2014
images/news/1422485998img-20141208-123628-65d7570d.jpg,https://www.smbbmu.edu.pk/beta/uploads/gallery/events/thumbs/1422485998IMG_20141208_123628.jpg,https://www.smbbmu.edu.pk/beta/news/details/workshop-on-important-of-quality-assurance-in-higher-education-institutes-self-assessment-report-dec-08-2014
images/news/1422485998img-20141208-123621-71b2a731.jpg,https://www.smbbmu.edu.pk/beta/uploads/gallery/events/thumbs/1422485998IMG_20141208_123621.jpg,https://www.smbbmu.edu.pk/beta/news/details/workshop-on-important-of-quality-assurance-in-higher-education-institutes-self-assessment-report-dec-08-2014
images/news/1422485997img-20141208-123236-3f2c5f36.jpg,https://www.smbbmu.edu.pk/beta/uploads/gallery/events/thumbs/1422485997IMG_20141208_123236.jpg,https://www.smbbmu.edu.pk/beta/news/details/workshop-on-important-of-quality-assurance-in-higher-education-institutes-self-assessment-report-dec-08-2014
images/news/1422485997img-20141208-123234-d873671d.jpg,https://www.smbbmu.edu.pk/beta/uploads/gallery/events/thumbs/1422485997IMG_20141208_123234.jpg,https://www.smbbmu.edu.pk/beta/news/details/workshop-on-important-of-quality-assurance-in-higher-education-institutes-self-assessment-report-dec-08-2014
images/news/1422485997img-20141208-123217-d73b72ae.jpg,https://www.smbbmu.edu.pk/beta/uploads/gallery/events/thumbs/1422485997IMG_20141208_123217.jpg,https://www.smbbmu.edu.pk/beta/news/details/workshop-on-important-of-quality-assurance-in-higher-education-institutes-self-assessment-report-dec-08-2014
images/news/1422485997img-20141208-123214-34aa03af.jpg,https://www.smbbmu.edu.pk/beta/uploads/gallery/events/thumbs/1422485997IMG_20141208_123214.jpg,https://www.smbbmu.edu.pk/beta/news/details/workshop-on-important-of-quality-assurance-in-higher-education-institutes-self-assessment-report-dec-08-2014
images/news/1422485996img-20141208-101914-c04e1616.jpg,https://www.smbbmu.edu.pk/beta/uploads/gallery/events/thumbs/1422485996IMG_20141208_101914.jpg,https://www.smbbmu.edu.pk/beta/news/details/workshop-on-important-of-quality-assurance-in-higher-education-institutes-self-assessment-report-dec-08-2014
images/news/1422485996img-20141208-101903-bece4ece.jpg,https://www.smbbmu.edu.pk/beta/uploads/gallery/events/thumbs/1422485996IMG_20141208_101903.jpg,https://www.smbbmu.edu.pk/beta/news/details/workshop-on-important-of-quality-assurance-in-higher-education-institutes-self-assessment-report-dec-08-2014
images/news/1422485991img-20141208-101842-6f741159.jpg,https://www.smbbmu.edu.pk/beta/uploads/gallery/events/thumbs/1422485991IMG_20141208_101842.jpg,https://www.smbbmu.edu.pk/beta/news/details/workshop-on-important-of-quality-assurance-in-higher-education-institutes-self-assessment-report-dec-08-2014
images/news/1422485991img-20141208-101855-daa5105e.jpg,https://www.smbbmu.edu.pk/beta/uploads/gallery/events/thumbs/1422485991IMG_20141208_101855.jpg,https://www.smbbmu.edu.pk/beta/news/details/workshop-on-important-of-quality-assurance-in-higher-education-institutes-self-assessment-report-dec-08-2014
images/news/1422556630img-8872.jpg,https://www.smbbmu.edu.pk/beta/uploads/gallery/events/1422556630IMG_8872.JPG,https://www.smbbmu.edu.pk/beta/news/details/how-to-write-criteria-No-6-7-and-8-of-SAR
images/news/1422556630img-8871.jpg,https://www.smbbmu.edu.pk/beta/uploads/gallery/events/1422556630IMG_8871.JPG,https://www.smbbmu.edu.pk/beta/news/details/how-to-write-criteria-No-6-7-and-8-of-SAR
images/news/1422556630img-8870.jpg,https://www.smbbmu.edu.pk/beta/uploads/gallery/events/1422556630IMG_8870.JPG,https://www.smbbmu.edu.pk/beta/news/details/how-to-write-criteria-No-6-7-and-8-of-SAR
images/news/1422556629img-8869.jpg,https://www.smbbmu.edu.pk/beta/uploads/gallery/events/1422556629IMG_8869.JPG,https://www.smbbmu.edu.pk/beta/news/details/how-to-write-criteria-No-6-7-and-8-of-SAR
images/news/1422556629img-8868.jpg,https://www.smbbmu.edu.pk/beta/uploads/gallery/events/1422556629IMG_8868.JPG,https://www.smbbmu.edu.pk/beta/news/details/how-to-write-criteria-No-6-7-and-8-of-SAR
images/news/1422556630img-8872-239aedee.jpg,https://www.smbbmu.edu.pk/beta/uploads/gallery/events/thumbs/1422556630IMG_8872.JPG,https://www.smbbmu.edu.pk/beta/news/details/how-to-write-criteria-No-6-7-and-8-of-SAR
images/news/1422556630img-8871-248614c0.jpg,https://www.smbbmu.edu.pk/beta/uploads/gallery/events/thumbs/1422556630IMG_8871.JPG,https://www.smbbmu.edu.pk/beta/news/details/how-to-write-criteria-No-6-7-and-8-of-SAR
images/news/1422556630img-8870-48b4f316.jpg,https://www.smbbmu.edu.pk/beta/uploads/gallery/events/thumbs/1422556630IMG_8870.JPG,https://www.smbbmu.edu.pk/beta/news/details/how-to-write-criteria-No-6-7-and-8-of-SAR
images/news/1422556629img-8869-1eb8d472.jpg,https://www.smbbmu.edu.pk/beta/uploads/gallery/events/thumbs/1422556629IMG_8869.JPG,https://www.smbbmu.edu.pk/beta/news/details/how-to-write-criteria-No-6-7-and-8-of-SAR
images/news/1422556629img-8868-85351c8b.jpg,https://www.smbbmu.edu.pk/beta/uploads/gallery/events/thumbs/1422556629IMG_8868.JPG,https://www.smbbmu.edu.pk/beta/news/details/how-to-write-criteria-No-6-7-and-8-of-SAR
images/news/1422556314img-8525.jpg,https://www.smbbmu.edu.pk/beta/uploads/gallery/events/1422556314IMG_8525.JPG,https://www.smbbmu.edu.pk/beta/news/details/how-to-write-criteria-no-3-4-and-5-of-SAR-jun-27-2014
images/news/1422556314img-8526.jpg,https://www.smbbmu.edu.pk/beta/uploads/gallery/events/1422556314IMG_8526.JPG,https://www.smbbmu.edu.pk/beta/news/details/how-to-write-criteria-no-3-4-and-5-of-SAR-jun-27-2014
images/news/1422556313img-8524.jpg,https://www.smbbmu.edu.pk/beta/uploads/gallery/events/1422556313IMG_8524.JPG,https://www.smbbmu.edu.pk/beta/news/details/how-to-write-criteria-no-3-4-and-5-of-SAR-jun-27-2014
images/news/1422556313img-8523.jpg,https://www.smbbmu.edu.pk/beta/uploads/gallery/events/1422556313IMG_8523.JPG,https://www.smbbmu.edu.pk/beta/news/details/how-to-write-criteria-no-3-4-and-5-of-SAR-jun-27-2014
images/news/1422556312img-8522.jpg,https://www.smbbmu.edu.pk/beta/uploads/gallery/events/1422556312IMG_8522.JPG,https://www.smbbmu.edu.pk/beta/news/details/how-to-write-criteria-no-3-4-and-5-of-SAR-jun-27-2014
images/news/1422556312img-8521.jpg,https://www.smbbmu.edu.pk/beta/uploads/gallery/events/1422556312IMG_8521.JPG,https://www.smbbmu.edu.pk/beta/news/details/how-to-write-criteria-no-3-4-and-5-of-SAR-jun-27-2014
images/news/1422556314img-8525-28a2be9d.jpg,https://www.smbbmu.edu.pk/beta/uploads/gallery/events/thumbs/1422556314IMG_8525.JPG,https://www.smbbmu.edu.pk/beta/news/details/how-to-write-criteria-no-3-4-and-5-of-SAR-jun-27-2014
images/news/1422556314img-8526-e866133d.jpg,https://www.smbbmu.edu.pk/beta/uploads/gallery/events/thumbs/1422556314IMG_8526.JPG,https://www.smbbmu.edu.pk/beta/news/details/how-to-write-criteria-no-3-4-and-5-of-SAR-jun-27-2014
images/news/1422556313img-8524-764de73b.jpg,https://www.smbbmu.edu.pk/beta/uploads/gallery/events/thumbs/1422556313IMG_8524.JPG,https://www.smbbmu.edu.pk/beta/news/details/how-to-write-criteria-no-3-4-and-5-of-SAR-jun-27-2014
images/news/1422556313img-8523-261f7b09.jpg,https://www.smbbmu.edu.pk/beta/uploads/gallery/events/thumbs/1422556313IMG_8523.JPG,https://www.smbbmu.edu.pk/beta/news/details/how-to-write-criteria-no-3-4-and-5-of-SAR-jun-27-2014
images/news/1422556312img-8522-58224071.jpg,https://www.smbbmu.edu.pk/beta/uploads/gallery/events/thumbs/1422556312IMG_8522.JPG,https://www.smbbmu.edu.pk/beta/news/details/how-to-write-criteria-no-3-4-and-5-of-SAR-jun-27-2014
images/news/1422556312img-8521-6b3b3042.jpg,https://www.smbbmu.edu.pk/beta/uploads/gallery/events/thumbs/1422556312IMG_8521.JPG,https://www.smbbmu.edu.pk/beta/news/details/how-to-write-criteria-no-3-4-and-5-of-SAR-jun-27-2014
images/news/1422556172photo-of-workshop.jpg,https://www.smbbmu.edu.pk/beta/uploads/gallery/events/1422556172photo of workshop.JPG,https://www.smbbmu.edu.pk/beta/news/details/how-to-write-criteria-no-01-2-SAR-jan-23-2014
images/news/1422556171photo-8.jpg,https://www.smbbmu.edu.pk/beta/uploads/gallery/events/1422556171photo 8.JPG,https://www.smbbmu.edu.pk/beta/news/details/how-to-write-criteria-no-01-2-SAR-jan-23-2014
images/news/1422556170photo-7.jpg,https://www.smbbmu.edu.pk/beta/uploads/gallery/events/1422556170photo 7.JPG,https://www.smbbmu.edu.pk/beta/news/details/how-to-write-criteria-no-01-2-SAR-jan-23-2014
images/news/1422556170photo-6.jpg,https://www.smbbmu.edu.pk/beta/uploads/gallery/events/1422556170photo 6.JPG,https://www.smbbmu.edu.pk/beta/news/details/how-to-write-criteria-no-01-2-SAR-jan-23-2014
images/news/1422556169photo-5.jpg,https://www.smbbmu.edu.pk/beta/uploads/gallery/events/1422556169photo 5.JPG,https://www.smbbmu.edu.pk/beta/news/details/how-to-write-criteria-no-01-2-SAR-jan-23-2014
images/news/1422556169photo-4.jpg,https://www.smbbmu.edu.pk/beta/uploads/gallery/events/1422556169photo 4.JPG,https://www.smbbmu.edu.pk/beta/news/details/how-to-write-criteria-no-01-2-SAR-jan-23-2014
images/news/1422556168photo-2.jpg,https://www.smbbmu.edu.pk/beta/uploads/gallery/events/1422556168photo 2.JPG,https://www.smbbmu.edu.pk/beta/news/details/how-to-write-criteria-no-01-2-SAR-jan-23-2014
images/news/1422556168photo-3.jpg,https://www.smbbmu.edu.pk/beta/uploads/gallery/events/1422556168photo 3.JPG,https://www.smbbmu.edu.pk/beta/news/details/how-to-write-criteria-no-01-2-SAR-jan-23-2014
images/news/1422556172photo-of-workshop-fac330f1.jpg,https://www.smbbmu.edu.pk/beta/uploads/gallery/events/thumbs/1422556172photo of workshop.JPG,https://www.smbbmu.edu.pk/beta/news/details/how-to-write-criteria-no-01-2-SAR-jan-23-2014
images/news/1422556171photo-8-59fcf0e9.jpg,https://www.smbbmu.edu.pk/beta/uploads/gallery/events/thumbs/1422556171photo 8.JPG,https://www.smbbmu.edu.pk/beta/news/details/how-to-write-criteria-no-01-2-SAR-jan-23-2014
images/news/1422556170photo-7-17c70309.jpg,https://www.smbbmu.edu.pk/beta/uploads/gallery/events/thumbs/1422556170photo 7.JPG,https://www.smbbmu.edu.pk/beta/news/details/how-to-write-criteria-no-01-2-SAR-jan-23-2014
images/news/1422556170photo-6-6c942055.jpg,https://www.smbbmu.edu.pk/beta/uploads/gallery/events/thumbs/1422556170photo 6.JPG,https://www.smbbmu.edu.pk/beta/news/details/how-to-write-criteria-no-01-2-SAR-jan-23-2014
images/news/1422556169photo-5-54deefb1.jpg,https://www.smbbmu.edu.pk/beta/uploads/gallery/events/thumbs/1422556169photo 5.JPG,https://www.smbbmu.edu.pk/beta/news/details/how-to-write-criteria-no-01-2-SAR-jan-23-2014
images/news/1422556169photo-4-9108cf95.jpg,https://www.smbbmu.edu.pk/beta/uploads/gallery/events/thumbs/1422556169photo 4.JPG,https://www.smbbmu.edu.pk/beta/news/details/how-to-write-criteria-no-01-2-SAR-jan-23-2014
images/news/1422556168photo-2-54be37c7.jpg,https://www.smbbmu.edu.pk/beta/uploads/gallery/events/thumbs/1422556168photo 2.JPG,https://www.smbbmu.edu.pk/beta/news/details/how-to-write-criteria-no-01-2-SAR-jan-23-2014
images/news/1422556168photo-3-5d232a9b.jpg,https://www.smbbmu.edu.pk/beta/uploads/gallery/events/thumbs/1422556168photo 3.JPG,https://www.smbbmu.edu.pk/beta/news/details/how-to-write-criteria-no-01-2-SAR-jan-23-2014
images/news/1422485414new9.jpg,https://www.smbbmu.edu.pk/beta/uploads/gallery/events/1422485414new9.jpg,https://www.smbbmu.edu.pk/beta/news/details/workshop-on-Quality-assurance-awareness-self-assessment-report-SAR-writing-nov-26-2013
images/news/1422485414new8.jpg,https://www.smbbmu.edu.pk/beta/uploads/gallery/events/1422485414new8.jpg,https://www.smbbmu.edu.pk/beta/news/details/workshop-on-Quality-assurance-awareness-self-assessment-report-SAR-writing-nov-26-2013
images/news/1422485411new3.jpg,https://www.smbbmu.edu.pk/beta/uploads/gallery/events/1422485411new3.jpg,https://www.smbbmu.edu.pk/beta/news/details/workshop-on-Quality-assurance-awareness-self-assessment-report-SAR-writing-nov-26-2013
images/news/1422485413new7.jpg,https://www.smbbmu.edu.pk/beta/uploads/gallery/events/1422485413new7.jpg,https://www.smbbmu.edu.pk/beta/news/details/workshop-on-Quality-assurance-awareness-self-assessment-report-SAR-writing-nov-26-2013
images/news/1422485413new6.jpg,https://www.smbbmu.edu.pk/beta/uploads/gallery/events/1422485413new6.jpg,https://www.smbbmu.edu.pk/beta/news/details/workshop-on-Quality-assurance-awareness-self-assessment-report-SAR-writing-nov-26-2013
images/news/1422485412new5.jpg,https://www.smbbmu.edu.pk/beta/uploads/gallery/events/1422485412new5.jpg,https://www.smbbmu.edu.pk/beta/news/details/workshop-on-Quality-assurance-awareness-self-assessment-report-SAR-writing-nov-26-2013
images/news/1422485411new4.jpg,https://www.smbbmu.edu.pk/beta/uploads/gallery/events/1422485411new4.jpg,https://www.smbbmu.edu.pk/beta/news/details/workshop-on-Quality-assurance-awareness-self-assessment-report-SAR-writing-nov-26-2013
images/news/1422485409new2.jpg,https://www.smbbmu.edu.pk/beta/uploads/gallery/events/1422485409new2.jpg,https://www.smbbmu.edu.pk/beta/news/details/workshop-on-Quality-assurance-awareness-self-assessment-report-SAR-writing-nov-26-2013
images/news/1422485409new10.jpg,https://www.smbbmu.edu.pk/beta/uploads/gallery/events/1422485409new10.jpg,https://www.smbbmu.edu.pk/beta/news/details/workshop-on-Quality-assurance-awareness-self-assessment-report-SAR-writing-nov-26-2013
images/news/1422483274new.jpg,https://www.smbbmu.edu.pk/beta/uploads/gallery/events/1422483274new.jpg,https://www.smbbmu.edu.pk/beta/news/details/workshop-on-Quality-assurance-awareness-self-assessment-report-SAR-writing-nov-26-2013
images/news/1422485414new9-e2eb26f7.jpg,https://www.smbbmu.edu.pk/beta/uploads/gallery/events/thumbs/1422485414new9.jpg,https://www.smbbmu.edu.pk/beta/news/details/workshop-on-Quality-assurance-awareness-self-assessment-report-SAR-writing-nov-26-2013
images/news/1422485414new8-27a99354.jpg,https://www.smbbmu.edu.pk/beta/uploads/gallery/events/thumbs/1422485414new8.jpg,https://www.smbbmu.edu.pk/beta/news/details/workshop-on-Quality-assurance-awareness-self-assessment-report-SAR-writing-nov-26-2013
images/news/1422485411new3-01f9fae3.jpg,https://www.smbbmu.edu.pk/beta/uploads/gallery/events/thumbs/1422485411new3.jpg,https://www.smbbmu.edu.pk/beta/news/details/workshop-on-Quality-assurance-awareness-self-assessment-report-SAR-writing-nov-26-2013
images/news/1422485413new7-8c1da7e9.jpg,https://www.smbbmu.edu.pk/beta/uploads/gallery/events/thumbs/1422485413new7.jpg,https://www.smbbmu.edu.pk/beta/news/details/workshop-on-Quality-assurance-awareness-self-assessment-report-SAR-writing-nov-26-2013
images/news/1422485413new6-c148662f.jpg,https://www.smbbmu.edu.pk/beta/uploads/gallery/events/thumbs/1422485413new6.jpg,https://www.smbbmu.edu.pk/beta/news/details/workshop-on-Quality-assurance-awareness-self-assessment-report-SAR-writing-nov-26-2013
images/news/1422485412new5-3f57588b.jpg,https://www.smbbmu.edu.pk/beta/uploads/gallery/events/thumbs/1422485412new5.jpg,https://www.smbbmu.edu.pk/beta/news/details/workshop-on-Quality-assurance-awareness-self-assessment-report-SAR-writing-nov-26-2013
images/news/1422485411new4-c308be8c.jpg,https://www.smbbmu.edu.pk/beta/uploads/gallery/events/thumbs/1422485411new4.jpg,https://www.smbbmu.edu.pk/beta/news/details/workshop-on-Quality-assurance-awareness-self-assessment-report-SAR-writing-nov-26-2013
images/news/1422485409new2-aa5b371b.jpg,https://www.smbbmu.edu.pk/beta/uploads/gallery/events/thumbs/1422485409new2.jpg,https://www.smbbmu.edu.pk/beta/news/details/workshop-on-Quality-assurance-awareness-self-assessment-report-SAR-writing-nov-26-2013
images/news/1422485409new10-ee0f59da.jpg,https://www.smbbmu.edu.pk/beta/uploads/gallery/events/thumbs/1422485409new10.jpg,https://www.smbbmu.edu.pk/beta/news/details/workshop-on-Quality-assurance-awareness-self-assessment-report-SAR-writing-nov-26-2013
images/news/1422483274new-b497d2af.jpg,https://www.smbbmu.edu.pk/beta/uploads/gallery/events/thumbs/1422483274new.jpg,https://www.smbbmu.edu.pk/beta/news/details/workshop-on-Quality-assurance-awareness-self-assessment-report-SAR-writing-nov-26-2013
images/news/1422556946dsc01776.jpg,https://www.smbbmu.edu.pk/beta/uploads/gallery/events/1422556946DSC01776.JPG,https://www.smbbmu.edu.pk/beta/news/details/how-to-write-criteria-no-6-7-and-8-of-SAR-sep-18-2013
images/news/1422556944dsc01775.jpg,https://www.smbbmu.edu.pk/beta/uploads/gallery/events/1422556944DSC01775.JPG,https://www.smbbmu.edu.pk/beta/news/details/how-to-write-criteria-no-6-7-and-8-of-SAR-sep-18-2013
images/news/1422556944dsc01773.jpg,https://www.smbbmu.edu.pk/beta/uploads/gallery/events/1422556944DSC01773.JPG,https://www.smbbmu.edu.pk/beta/news/details/how-to-write-criteria-no-6-7-and-8-of-SAR-sep-18-2013
images/news/1422556907dsc01776.jpg,https://www.smbbmu.edu.pk/beta/uploads/gallery/events/1422556907DSC01776.JPG,https://www.smbbmu.edu.pk/beta/news/details/how-to-write-criteria-no-6-7-and-8-of-SAR-sep-18-2013
images/news/1422556946dsc01776-abaf159f.jpg,https://www.smbbmu.edu.pk/beta/uploads/gallery/events/thumbs/1422556946DSC01776.JPG,https://www.smbbmu.edu.pk/beta/news/details/how-to-write-criteria-no-6-7-and-8-of-SAR-sep-18-2013
images/news/1422556944dsc01775-b3187ff3.jpg,https://www.smbbmu.edu.pk/beta/uploads/gallery/events/thumbs/1422556944DSC01775.JPG,https://www.smbbmu.edu.pk/beta/news/details/how-to-write-criteria-no-6-7-and-8-of-SAR-sep-18-2013
images/news/1422556944dsc01773-2cf88b63.jpg,https://www.smbbmu.edu.pk/beta/uploads/gallery/events/thumbs/1422556944DSC01773.JPG,https://www.smbbmu.edu.pk/beta/news/details/how-to-write-criteria-no-6-7-and-8-of-SAR-sep-18-2013
images/news/1422556907dsc01776-db914698.jpg,https://www.smbbmu.edu.pk/beta/uploads/gallery/events/thumbs/1422556907DSC01776.JPG,https://www.smbbmu.edu.pk/beta/news/details/how-to-write-criteria-no-6-7-and-8-of-SAR-sep-18-2013
images/news/1422556790dsc01643.jpg,https://www.smbbmu.edu.pk/beta/uploads/gallery/events/1422556790DSC01643.JPG,https://www.smbbmu.edu.pk/beta/news/details/how-to-write-criteria-no.-3-4-and-5-of-SAR-may-29-2013
images/news/1422556790dsc01644.jpg,https://www.smbbmu.edu.pk/beta/uploads/gallery/events/1422556790DSC01644.JPG,https://www.smbbmu.edu.pk/beta/news/details/how-to-write-criteria-no.-3-4-and-5-of-SAR-may-29-2013
images/news/1422556788dsc01641.jpg,https://www.smbbmu.edu.pk/beta/uploads/gallery/events/1422556788DSC01641.JPG,https://www.smbbmu.edu.pk/beta/news/details/how-to-write-criteria-no.-3-4-and-5-of-SAR-may-29-2013
images/news/1422556788dsc01642.jpg,https://www.smbbmu.edu.pk/beta/uploads/gallery/events/1422556788DSC01642.JPG,https://www.smbbmu.edu.pk/beta/news/details/how-to-write-criteria-no.-3-4-and-5-of-SAR-may-29-2013
images/news/1422556784dsc01640.jpg,https://www.smbbmu.edu.pk/beta/uploads/gallery/events/1422556784DSC01640.JPG,https://www.smbbmu.edu.pk/beta/news/details/how-to-write-criteria-no.-3-4-and-5-of-SAR-may-29-2013
images/news/1422556783dsc01638.jpg,https://www.smbbmu.edu.pk/beta/uploads/gallery/events/1422556783DSC01638.JPG,https://www.smbbmu.edu.pk/beta/news/details/how-to-write-criteria-no.-3-4-and-5-of-SAR-may-29-2013
images/news/1422556782dsc01637.jpg,https://www.smbbmu.edu.pk/beta/uploads/gallery/events/1422556782DSC01637.JPG,https://www.smbbmu.edu.pk/beta/news/details/how-to-write-criteria-no.-3-4-and-5-of-SAR-may-29-2013
images/news/1422556782dsc01634.jpg,https://www.smbbmu.edu.pk/beta/uploads/gallery/events/1422556782DSC01634.JPG,https://www.smbbmu.edu.pk/beta/news/details/how-to-write-criteria-no.-3-4-and-5-of-SAR-may-29-2013
images/news/1422556781dsc01631.jpg,https://www.smbbmu.edu.pk/beta/uploads/gallery/events/1422556781DSC01631.JPG,https://www.smbbmu.edu.pk/beta/news/details/how-to-write-criteria-no.-3-4-and-5-of-SAR-may-29-2013
images/news/1422556781dsc01633.jpg,https://www.smbbmu.edu.pk/beta/uploads/gallery/events/1422556781DSC01633.JPG,https://www.smbbmu.edu.pk/beta/news/details/how-to-write-criteria-no.-3-4-and-5-of-SAR-may-29-2013
images/news/1422556779dsc01630.jpg,https://www.smbbmu.edu.pk/beta/uploads/gallery/events/1422556779DSC01630.JPG,https://www.smbbmu.edu.pk/beta/news/details/how-to-write-criteria-no.-3-4-and-5-of-SAR-may-29-2013
images/news/1422556779dsc01629.jpg,https://www.smbbmu.edu.pk/beta/uploads/gallery/events/1422556779DSC01629.JPG,https://www.smbbmu.edu.pk/beta/news/details/how-to-write-criteria-no.-3-4-and-5-of-SAR-may-29-2013
images/news/1422556758dsc01628.jpg,https://www.smbbmu.edu.pk/beta/uploads/gallery/events/1422556758DSC01628.JPG,https://www.smbbmu.edu.pk/beta/news/details/how-to-write-criteria-no.-3-4-and-5-of-SAR-may-29-2013
images/news/1422556790dsc01643-c379d754.jpg,https://www.smbbmu.edu.pk/beta/uploads/gallery/events/thumbs/1422556790DSC01643.JPG,https://www.smbbmu.edu.pk/beta/news/details/how-to-write-criteria-no.-3-4-and-5-of-SAR-may-29-2013
images/news/1422556790dsc01644-df6a9145.jpg,https://www.smbbmu.edu.pk/beta/uploads/gallery/events/thumbs/1422556790DSC01644.JPG,https://www.smbbmu.edu.pk/beta/news/details/how-to-write-criteria-no.-3-4-and-5-of-SAR-may-29-2013
images/news/1422556788dsc01641-1386d2e4.jpg,https://www.smbbmu.edu.pk/beta/uploads/gallery/events/thumbs/1422556788DSC01641.JPG,https://www.smbbmu.edu.pk/beta/news/details/how-to-write-criteria-no.-3-4-and-5-of-SAR-may-29-2013
images/news/1422556788dsc01642-bf81a905.jpg,https://www.smbbmu.edu.pk/beta/uploads/gallery/events/thumbs/1422556788DSC01642.JPG,https://www.smbbmu.edu.pk/beta/news/details/how-to-write-criteria-no.-3-4-and-5-of-SAR-may-29-2013
images/news/1422556784dsc01640-16703f8a.jpg,https://www.smbbmu.edu.pk/beta/uploads/gallery/events/thumbs/1422556784DSC01640.JPG,https://www.smbbmu.edu.pk/beta/news/details/how-to-write-criteria-no.-3-4-and-5-of-SAR-may-29-2013
images/news/1422556783dsc01638-bf7aaa0b.jpg,https://www.smbbmu.edu.pk/beta/uploads/gallery/events/thumbs/1422556783DSC01638.JPG,https://www.smbbmu.edu.pk/beta/news/details/how-to-write-criteria-no.-3-4-and-5-of-SAR-may-29-2013
images/news/1422556782dsc01637-7c2f97a7.jpg,https://www.smbbmu.edu.pk/beta/uploads/gallery/events/thumbs/1422556782DSC01637.JPG,https://www.smbbmu.edu.pk/beta/news/details/how-to-write-criteria-no.-3-4-and-5-of-SAR-may-29-2013
images/news/1422556782dsc01634-ddc3d928.jpg,https://www.smbbmu.edu.pk/beta/uploads/gallery/events/thumbs/1422556782DSC01634.JPG,https://www.smbbmu.edu.pk/beta/news/details/how-to-write-criteria-no.-3-4-and-5-of-SAR-may-29-2013
images/news/1422556781dsc01631-900d85a6.jpg,https://www.smbbmu.edu.pk/beta/uploads/gallery/events/thumbs/1422556781DSC01631.JPG,https://www.smbbmu.edu.pk/beta/news/details/how-to-write-criteria-no.-3-4-and-5-of-SAR-may-29-2013
images/news/1422556781dsc01633-daef0ce0.jpg,https://www.smbbmu.edu.pk/beta/uploads/gallery/events/thumbs/1422556781DSC01633.JPG,https://www.smbbmu.edu.pk/beta/news/details/how-to-write-criteria-no.-3-4-and-5-of-SAR-may-29-2013
images/news/1422556779dsc01630-c449eec3.jpg,https://www.smbbmu.edu.pk/beta/uploads/gallery/events/thumbs/1422556779DSC01630.JPG,https://www.smbbmu.edu.pk/beta/news/details/how-to-write-criteria-no.-3-4-and-5-of-SAR-may-29-2013
images/news/1422556779dsc01629-6ea7eb94.jpg,https://www.smbbmu.edu.pk/beta/uploads/gallery/events/thumbs/1422556779DSC01629.JPG,https://www.smbbmu.edu.pk/beta/news/details/how-to-write-criteria-no.-3-4-and-5-of-SAR-may-29-2013
images/news/1422556758dsc01628-00a9691c.jpg,https://www.smbbmu.edu.pk/beta/uploads/gallery/events/thumbs/1422556758DSC01628.JPG,https://www.smbbmu.edu.pk/beta/news/details/how-to-write-criteria-no.-3-4-and-5-of-SAR-may-29-2013
images/news/1422558007new14.jpg,https://www.smbbmu.edu.pk/beta/uploads/gallery/events/1422558007new14.jpg,https://www.smbbmu.edu.pk/beta/news/details/how-to-write-criteria-no-1-and-2-of-SAR-dec-21-2012
images/news/1422558007new13.jpg,https://www.smbbmu.edu.pk/beta/uploads/gallery/events/1422558007new13.jpg,https://www.smbbmu.edu.pk/beta/news/details/how-to-write-criteria-no-1-and-2-of-SAR-dec-21-2012
images/news/1422558007new12.jpg,https://www.smbbmu.edu.pk/beta/uploads/gallery/events/1422558007new12.jpg,https://www.smbbmu.edu.pk/beta/news/details/how-to-write-criteria-no-1-and-2-of-SAR-dec-21-2012
images/news/1422558006new11.jpg,https://www.smbbmu.edu.pk/beta/uploads/gallery/events/1422558006new11.jpg,https://www.smbbmu.edu.pk/beta/news/details/how-to-write-criteria-no-1-and-2-of-SAR-dec-21-2012
images/news/1422558006new10.jpg,https://www.smbbmu.edu.pk/beta/uploads/gallery/events/1422558006new10.jpg,https://www.smbbmu.edu.pk/beta/news/details/how-to-write-criteria-no-1-and-2-of-SAR-dec-21-2012
images/news/1422558006new8.jpg,https://www.smbbmu.edu.pk/beta/uploads/gallery/events/1422558006new8.jpg,https://www.smbbmu.edu.pk/beta/news/details/how-to-write-criteria-no-1-and-2-of-SAR-dec-21-2012
images/news/1422558006new9.jpg,https://www.smbbmu.edu.pk/beta/uploads/gallery/events/1422558006new9.jpg,https://www.smbbmu.edu.pk/beta/news/details/how-to-write-criteria-no-1-and-2-of-SAR-dec-21-2012
images/news/1422558005new7.jpg,https://www.smbbmu.edu.pk/beta/uploads/gallery/events/1422558005new7.jpg,https://www.smbbmu.edu.pk/beta/news/details/how-to-write-criteria-no-1-and-2-of-SAR-dec-21-2012
images/news/1422558005new6.jpg,https://www.smbbmu.edu.pk/beta/uploads/gallery/events/1422558005new6.jpg,https://www.smbbmu.edu.pk/beta/news/details/how-to-write-criteria-no-1-and-2-of-SAR-dec-21-2012
images/news/1422558005new5.jpg,https://www.smbbmu.edu.pk/beta/uploads/gallery/events/1422558005new5.jpg,https://www.smbbmu.edu.pk/beta/news/details/how-to-write-criteria-no-1-and-2-of-SAR-dec-21-2012
images/news/1422558004new3.jpg,https://www.smbbmu.edu.pk/beta/uploads/gallery/events/1422558004new3.jpg,https://www.smbbmu.edu.pk/beta/news/details/how-to-write-criteria-no-1-and-2-of-SAR-dec-21-2012
images/news/1422558004new4.jpg,https://www.smbbmu.edu.pk/beta/uploads/gallery/events/1422558004new4.jpg,https://www.smbbmu.edu.pk/beta/news/details/how-to-write-criteria-no-1-and-2-of-SAR-dec-21-2012
images/news/1422558004new1.jpg,https://www.smbbmu.edu.pk/beta/uploads/gallery/events/1422558004new1.jpg,https://www.smbbmu.edu.pk/beta/news/details/how-to-write-criteria-no-1-and-2-of-SAR-dec-21-2012
images/news/1422558004new2.jpg,https://www.smbbmu.edu.pk/beta/uploads/gallery/events/1422558004new2.jpg,https://www.smbbmu.edu.pk/beta/news/details/how-to-write-criteria-no-1-and-2-of-SAR-dec-21-2012
images/news/1422557059dsc01323.jpg,https://www.smbbmu.edu.pk/beta/uploads/gallery/events/1422557059DSC01323.JPG,https://www.smbbmu.edu.pk/beta/news/details/how-to-write-criteria-no-1-and-2-of-SAR-dec-21-2012
images/news/1422557057dsc01318.jpg,https://www.smbbmu.edu.pk/beta/uploads/gallery/events/1422557057DSC01318.JPG,https://www.smbbmu.edu.pk/beta/news/details/how-to-write-criteria-no-1-and-2-of-SAR-dec-21-2012
images/news/1422557057dsc01317.jpg,https://www.smbbmu.edu.pk/beta/uploads/gallery/events/1422557057DSC01317.JPG,https://www.smbbmu.edu.pk/beta/news/details/how-to-write-criteria-no-1-and-2-of-SAR-dec-21-2012
images/news/1422557056dsc01315.jpg,https://www.smbbmu.edu.pk/beta/uploads/gallery/events/1422557056DSC01315.JPG,https://www.smbbmu.edu.pk/beta/news/details/how-to-write-criteria-no-1-and-2-of-SAR-dec-21-2012
images/news/1422557054dsc01313.jpg,https://www.smbbmu.edu.pk/beta/uploads/gallery/events/1422557054DSC01313.JPG,https://www.smbbmu.edu.pk/beta/news/details/how-to-write-criteria-no-1-and-2-of-SAR-dec-21-2012
images/news/1422557054dsc01314.jpg,https://www.smbbmu.edu.pk/beta/uploads/gallery/events/1422557054DSC01314.JPG,https://www.smbbmu.edu.pk/beta/news/details/how-to-write-criteria-no-1-and-2-of-SAR-dec-21-2012
images/news/1422558007new14-217e05bb.jpg,https://www.smbbmu.edu.pk/beta/uploads/gallery/events/thumbs/1422558007new14.jpg,https://www.smbbmu.edu.pk/beta/news/details/how-to-write-criteria-no-1-and-2-of-SAR-dec-21-2012
images/news/1422558007new13-e1972163.jpg,https://www.smbbmu.edu.pk/beta/uploads/gallery/events/thumbs/1422558007new13.jpg,https://www.smbbmu.edu.pk/beta/news/details/how-to-write-criteria-no-1-and-2-of-SAR-dec-21-2012
images/news/1422558007new12-a2778084.jpg,https://www.smbbmu.edu.pk/beta/uploads/gallery/events/thumbs/1422558007new12.jpg,https://www.smbbmu.edu.pk/beta/news/details/how-to-write-criteria-no-1-and-2-of-SAR-dec-21-2012
images/news/1422558006new11-09372c50.jpg,https://www.smbbmu.edu.pk/beta/uploads/gallery/events/thumbs/1422558006new11.jpg,https://www.smbbmu.edu.pk/beta/news/details/how-to-write-criteria-no-1-and-2-of-SAR-dec-21-2012
images/news/1422558006new10-34a40cf2.jpg,https://www.smbbmu.edu.pk/beta/uploads/gallery/events/thumbs/1422558006new10.jpg,https://www.smbbmu.edu.pk/beta/news/details/how-to-write-criteria-no-1-and-2-of-SAR-dec-21-2012
images/news/1422558006new8-06706534.jpg,https://www.smbbmu.edu.pk/beta/uploads/gallery/events/thumbs/1422558006new8.jpg,https://www.smbbmu.edu.pk/beta/news/details/how-to-write-criteria-no-1-and-2-of-SAR-dec-21-2012
images/news/1422558006new9-60367abb.jpg,https://www.smbbmu.edu.pk/beta/uploads/gallery/events/thumbs/1422558006new9.jpg,https://www.smbbmu.edu.pk/beta/news/details/how-to-write-criteria-no-1-and-2-of-SAR-dec-21-2012
images/news/1422558005new7-dbe0f720.jpg,https://www.smbbmu.edu.pk/beta/uploads/gallery/events/thumbs/1422558005new7.jpg,https://www.smbbmu.edu.pk/beta/news/details/how-to-write-criteria-no-1-and-2-of-SAR-dec-21-2012
images/news/1422558005new6-ba87fe06.jpg,https://www.smbbmu.edu.pk/beta/uploads/gallery/events/thumbs/1422558005new6.jpg,https://www.smbbmu.edu.pk/beta/news/details/how-to-write-criteria-no-1-and-2-of-SAR-dec-21-2012
images/news/1422558005new5-935685ad.jpg,https://www.smbbmu.edu.pk/beta/uploads/gallery/events/thumbs/1422558005new5.jpg,https://www.smbbmu.edu.pk/beta/news/details/how-to-write-criteria-no-1-and-2-of-SAR-dec-21-2012
images/news/1422558004new3-ab9f1a77.jpg,https://www.smbbmu.edu.pk/beta/uploads/gallery/events/thumbs/1422558004new3.jpg,https://www.smbbmu.edu.pk/beta/news/details/how-to-write-criteria-no-1-and-2-of-SAR-dec-21-2012
images/news/1422558004new4-e9f78213.jpg,https://www.smbbmu.edu.pk/beta/uploads/gallery/events/thumbs/1422558004new4.jpg,https://www.smbbmu.edu.pk/beta/news/details/how-to-write-criteria-no-1-and-2-of-SAR-dec-21-2012
images/news/1422558004new1-14522a93.jpg,https://www.smbbmu.edu.pk/beta/uploads/gallery/events/thumbs/1422558004new1.jpg,https://www.smbbmu.edu.pk/beta/news/details/how-to-write-criteria-no-1-and-2-of-SAR-dec-21-2012
images/news/1422558004new2-fee26c4a.jpg,https://www.smbbmu.edu.pk/beta/uploads/gallery/events/thumbs/1422558004new2.jpg,https://www.smbbmu.edu.pk/beta/news/details/how-to-write-criteria-no-1-and-2-of-SAR-dec-21-2012
images/news/1422557059dsc01323-7c5d5c33.jpg,https://www.smbbmu.edu.pk/beta/uploads/gallery/events/thumbs/1422557059DSC01323.JPG,https://www.smbbmu.edu.pk/beta/news/details/how-to-write-criteria-no-1-and-2-of-SAR-dec-21-2012
images/news/1422557057dsc01318-0856816f.jpg,https://www.smbbmu.edu.pk/beta/uploads/gallery/events/thumbs/1422557057DSC01318.JPG,https://www.smbbmu.edu.pk/beta/news/details/how-to-write-criteria-no-1-and-2-of-SAR-dec-21-2012
images/news/1422557057dsc01317-0fd81b4e.jpg,https://www.smbbmu.edu.pk/beta/uploads/gallery/events/thumbs/1422557057DSC01317.JPG,https://www.smbbmu.edu.pk/beta/news/details/how-to-write-criteria-no-1-and-2-of-SAR-dec-21-2012
images/news/1422557056dsc01315-53745b27.jpg,https://www.smbbmu.edu.pk/beta/uploads/gallery/events/thumbs/1422557056DSC01315.JPG,https://www.smbbmu.edu.pk/beta/news/details/how-to-write-criteria-no-1-and-2-of-SAR-dec-21-2012
images/news/1422557054dsc01313-b7fdb4dd.jpg,https://www.smbbmu.edu.pk/beta/uploads/gallery/events/thumbs/1422557054DSC01313.JPG,https://www.smbbmu.edu.pk/beta/news/details/how-to-write-criteria-no-1-and-2-of-SAR-dec-21-2012
images/news/1422557054dsc01314-17ac17e1.jpg,https://www.smbbmu.edu.pk/beta/uploads/gallery/events/thumbs/1422557054DSC01314.JPG,https://www.smbbmu.edu.pk/beta/news/details/how-to-write-criteria-no-1-and-2-of-SAR-dec-21-2012
images/news/1422559785img-1817.jpg,https://www.smbbmu.edu.pk/beta/uploads/gallery/events/1422559785IMG_1817.jpg,https://www.smbbmu.edu.pk/beta/news/details/how-to-write-criteria-no-5-6-7-and-8-of-SAR-sept-6-2012
images/news/1422559785img-1816.jpg,https://www.smbbmu.edu.pk/beta/uploads/gallery/events/1422559785IMG_1816.jpg,https://www.smbbmu.edu.pk/beta/news/details/how-to-write-criteria-no-5-6-7-and-8-of-SAR-sept-6-2012
images/news/1422559785img-1815.jpg,https://www.smbbmu.edu.pk/beta/uploads/gallery/events/1422559785IMG_1815.jpg,https://www.smbbmu.edu.pk/beta/news/details/how-to-write-criteria-no-5-6-7-and-8-of-SAR-sept-6-2012
images/news/1422559784img-1814.jpg,https://www.smbbmu.edu.pk/beta/uploads/gallery/events/1422559784IMG_1814.jpg,https://www.smbbmu.edu.pk/beta/news/details/how-to-write-criteria-no-5-6-7-and-8-of-SAR-sept-6-2012
images/news/1422559784img-1813.jpg,https://www.smbbmu.edu.pk/beta/uploads/gallery/events/1422559784IMG_1813.jpg,https://www.smbbmu.edu.pk/beta/news/details/how-to-write-criteria-no-5-6-7-and-8-of-SAR-sept-6-2012
images/news/1422559781img-1810.jpg,https://www.smbbmu.edu.pk/beta/uploads/gallery/events/1422559781IMG_1810.jpg,https://www.smbbmu.edu.pk/beta/news/details/how-to-write-criteria-no-5-6-7-and-8-of-SAR-sept-6-2012
images/news/1422559781img-1809.jpg,https://www.smbbmu.edu.pk/beta/uploads/gallery/events/1422559781IMG_1809.jpg,https://www.smbbmu.edu.pk/beta/news/details/how-to-write-criteria-no-5-6-7-and-8-of-SAR-sept-6-2012
images/news/1422559785img-1817-3f740222.jpg,https://www.smbbmu.edu.pk/beta/uploads/gallery/events/thumbs/1422559785IMG_1817.jpg,https://www.smbbmu.edu.pk/beta/news/details/how-to-write-criteria-no-5-6-7-and-8-of-SAR-sept-6-2012
images/news/1422559785img-1816-5252350b.jpg,https://www.smbbmu.edu.pk/beta/uploads/gallery/events/thumbs/1422559785IMG_1816.jpg,https://www.smbbmu.edu.pk/beta/news/details/how-to-write-criteria-no-5-6-7-and-8-of-SAR-sept-6-2012
images/news/1422559785img-1815-7b2785d9.jpg,https://www.smbbmu.edu.pk/beta/uploads/gallery/events/thumbs/1422559785IMG_1815.jpg,https://www.smbbmu.edu.pk/beta/news/details/how-to-write-criteria-no-5-6-7-and-8-of-SAR-sept-6-2012
images/news/1422559784img-1814-de1539d2.jpg,https://www.smbbmu.edu.pk/beta/uploads/gallery/events/thumbs/1422559784IMG_1814.jpg,https://www.smbbmu.edu.pk/beta/news/details/how-to-write-criteria-no-5-6-7-and-8-of-SAR-sept-6-2012
images/news/1422559784img-1813-c3336478.jpg,https://www.smbbmu.edu.pk/beta/uploads/gallery/events/thumbs/1422559784IMG_1813.jpg,https://www.smbbmu.edu.pk/beta/news/details/how-to-write-criteria-no-5-6-7-and-8-of-SAR-sept-6-2012
images/news/1422559781img-1810-98b63927.jpg,https://www.smbbmu.edu.pk/beta/uploads/gallery/events/thumbs/1422559781IMG_1810.jpg,https://www.smbbmu.edu.pk/beta/news/details/how-to-write-criteria-no-5-6-7-and-8-of-SAR-sept-6-2012
images/news/1422559781img-1809-bf4306bf.jpg,https://www.smbbmu.edu.pk/beta/uploads/gallery/events/thumbs/1422559781IMG_1809.jpg,https://www.smbbmu.edu.pk/beta/news/details/how-to-write-criteria-no-5-6-7-and-8-of-SAR-sept-6-2012
images/news/1422560484img-1793.jpg,https://www.smbbmu.edu.pk/beta/uploads/gallery/events/1422560484IMG_1793.jpg,https://www.smbbmu.edu.pk/beta/news/details/how-to-write-criteria-no-3-and-4-of-SAR-26-july-2012
images/news/1422560484img-1794.jpg,https://www.smbbmu.edu.pk/beta/uploads/gallery/events/1422560484IMG_1794.jpg,https://www.smbbmu.edu.pk/beta/news/details/how-to-write-criteria-no-3-and-4-of-SAR-26-july-2012
images/news/1422560484img-1792.jpg,https://www.smbbmu.edu.pk/beta/uploads/gallery/events/1422560484IMG_1792.jpg,https://www.smbbmu.edu.pk/beta/news/details/how-to-write-criteria-no-3-and-4-of-SAR-26-july-2012
images/news/1422560484img-1791.jpg,https://www.smbbmu.edu.pk/beta/uploads/gallery/events/1422560484IMG_1791.jpg,https://www.smbbmu.edu.pk/beta/news/details/how-to-write-criteria-no-3-and-4-of-SAR-26-july-2012
images/news/1422560481img-1789.jpg,https://www.smbbmu.edu.pk/beta/uploads/gallery/events/1422560481IMG_1789.jpg,https://www.smbbmu.edu.pk/beta/news/details/how-to-write-criteria-no-3-and-4-of-SAR-26-july-2012
images/news/1422560480img-1788.jpg,https://www.smbbmu.edu.pk/beta/uploads/gallery/events/1422560480IMG_1788.jpg,https://www.smbbmu.edu.pk/beta/news/details/how-to-write-criteria-no-3-and-4-of-SAR-26-july-2012
images/news/1422560480img-1787.jpg,https://www.smbbmu.edu.pk/beta/uploads/gallery/events/1422560480IMG_1787.jpg,https://www.smbbmu.edu.pk/beta/news/details/how-to-write-criteria-no-3-and-4-of-SAR-26-july-2012
images/news/1422560480img-1786.jpg,https://www.smbbmu.edu.pk/beta/uploads/gallery/events/1422560480IMG_1786.jpg,https://www.smbbmu.edu.pk/beta/news/details/how-to-write-criteria-no-3-and-4-of-SAR-26-july-2012
images/news/1422560473img-1778.jpg,https://www.smbbmu.edu.pk/beta/uploads/gallery/events/1422560473IMG_1778.jpg,https://www.smbbmu.edu.pk/beta/news/details/how-to-write-criteria-no-3-and-4-of-SAR-26-july-2012
images/news/1422560471img-1785.jpg,https://www.smbbmu.edu.pk/beta/uploads/gallery/events/1422560471IMG_1785.jpg,https://www.smbbmu.edu.pk/beta/news/details/how-to-write-criteria-no-3-and-4-of-SAR-26-july-2012
images/news/1422560484img-1793-dab4c89c.jpg,https://www.smbbmu.edu.pk/beta/uploads/gallery/events/thumbs/1422560484IMG_1793.jpg,https://www.smbbmu.edu.pk/beta/news/details/how-to-write-criteria-no-3-and-4-of-SAR-26-july-2012
images/news/1422560484img-1794-e33eda3f.jpg,https://www.smbbmu.edu.pk/beta/uploads/gallery/events/thumbs/1422560484IMG_1794.jpg,https://www.smbbmu.edu.pk/beta/news/details/how-to-write-criteria-no-3-and-4-of-SAR-26-july-2012
images/news/1422560484img-1792-f7eefcbf.jpg,https://www.smbbmu.edu.pk/beta/uploads/gallery/events/thumbs/1422560484IMG_1792.jpg,https://www.smbbmu.edu.pk/beta/news/details/how-to-write-criteria-no-3-and-4-of-SAR-26-july-2012
images/news/1422560484img-1791-16d28445.jpg,https://www.smbbmu.edu.pk/beta/uploads/gallery/events/thumbs/1422560484IMG_1791.jpg,https://www.smbbmu.edu.pk/beta/news/details/how-to-write-criteria-no-3-and-4-of-SAR-26-july-2012
images/news/1422560481img-1789-397eeeae.jpg,https://www.smbbmu.edu.pk/beta/uploads/gallery/events/thumbs/1422560481IMG_1789.jpg,https://www.smbbmu.edu.pk/beta/news/details/how-to-write-criteria-no-3-and-4-of-SAR-26-july-2012
images/news/1422560480img-1788-05a3a15d.jpg,https://www.smbbmu.edu.pk/beta/uploads/gallery/events/thumbs/1422560480IMG_1788.jpg,https://www.smbbmu.edu.pk/beta/news/details/how-to-write-criteria-no-3-and-4-of-SAR-26-july-2012
images/news/1422560480img-1787-939e62df.jpg,https://www.smbbmu.edu.pk/beta/uploads/gallery/events/thumbs/1422560480IMG_1787.jpg,https://www.smbbmu.edu.pk/beta/news/details/how-to-write-criteria-no-3-and-4-of-SAR-26-july-2012
images/news/1422560480img-1786-b7b81e2d.jpg,https://www.smbbmu.edu.pk/beta/uploads/gallery/events/thumbs/1422560480IMG_1786.jpg,https://www.smbbmu.edu.pk/beta/news/details/how-to-write-criteria-no-3-and-4-of-SAR-26-july-2012
images/news/1422560473img-1778-1260896e.jpg,https://www.smbbmu.edu.pk/beta/uploads/gallery/events/thumbs/1422560473IMG_1778.jpg,https://www.smbbmu.edu.pk/beta/news/details/how-to-write-criteria-no-3-and-4-of-SAR-26-july-2012
images/news/1422560471img-1785-618ca010.jpg,https://www.smbbmu.edu.pk/beta/uploads/gallery/events/thumbs/1422560471IMG_1785.jpg,https://www.smbbmu.edu.pk/beta/news/details/how-to-write-criteria-no-3-and-4-of-SAR-26-july-2012
images/news/14225609908.jpg,https://www.smbbmu.edu.pk/beta/uploads/gallery/events/14225609908.jpg,https://www.smbbmu.edu.pk/beta/news/details/training-of-program-teams-jan-14-2012
images/news/14225609907.jpg,https://www.smbbmu.edu.pk/beta/uploads/gallery/events/14225609907.jpg,https://www.smbbmu.edu.pk/beta/news/details/training-of-program-teams-jan-14-2012
images/news/14225609896.jpg,https://www.smbbmu.edu.pk/beta/uploads/gallery/events/14225609896.jpg,https://www.smbbmu.edu.pk/beta/news/details/training-of-program-teams-jan-14-2012
images/news/14225609895.jpg,https://www.smbbmu.edu.pk/beta/uploads/gallery/events/14225609895.jpg,https://www.smbbmu.edu.pk/beta/news/details/training-of-program-teams-jan-14-2012
images/news/14225609894.jpg,https://www.smbbmu.edu.pk/beta/uploads/gallery/events/14225609894.jpg,https://www.smbbmu.edu.pk/beta/news/details/training-of-program-teams-jan-14-2012
images/news/14225609871.jpg,https://www.smbbmu.edu.pk/beta/uploads/gallery/events/14225609871.jpg,https://www.smbbmu.edu.pk/beta/news/details/training-of-program-teams-jan-14-2012
images/news/14225609862.jpg,https://www.smbbmu.edu.pk/beta/uploads/gallery/events/14225609862.jpg,https://www.smbbmu.edu.pk/beta/news/details/training-of-program-teams-jan-14-2012
images/news/14225609908-24589730.jpg,https://www.smbbmu.edu.pk/beta/uploads/gallery/events/thumbs/14225609908.jpg,https://www.smbbmu.edu.pk/beta/news/details/training-of-program-teams-jan-14-2012
images/news/14225609907-b6a695af.jpg,https://www.smbbmu.edu.pk/beta/uploads/gallery/events/thumbs/14225609907.jpg,https://www.smbbmu.edu.pk/beta/news/details/training-of-program-teams-jan-14-2012
images/news/14225609896-30fd0ea0.jpg,https://www.smbbmu.edu.pk/beta/uploads/gallery/events/thumbs/14225609896.jpg,https://www.smbbmu.edu.pk/beta/news/details/training-of-program-teams-jan-14-2012
images/news/14225609895-071652d8.jpg,https://www.smbbmu.edu.pk/beta/uploads/gallery/events/thumbs/14225609895.jpg,https://www.smbbmu.edu.pk/beta/news/details/training-of-program-teams-jan-14-2012
images/news/14225609894-026b9967.jpg,https://www.smbbmu.edu.pk/beta/uploads/gallery/events/thumbs/14225609894.jpg,https://www.smbbmu.edu.pk/beta/news/details/training-of-program-teams-jan-14-2012
images/news/14225609871-ae2ddb4e.jpg,https://www.smbbmu.edu.pk/beta/uploads/gallery/events/thumbs/14225609871.jpg,https://www.smbbmu.edu.pk/beta/news/details/training-of-program-teams-jan-14-2012
images/news/14225609862-ae3f899c.jpg,https://www.smbbmu.edu.pk/beta/uploads/gallery/events/thumbs/14225609862.jpg,https://www.smbbmu.edu.pk/beta/news/details/training-of-program-teams-jan-14-2012
images/news/1422562841img-0292.jpg,https://www.smbbmu.edu.pk/beta/uploads/gallery/events/1422562841IMG_0292.jpg,https://www.smbbmu.edu.pk/beta/news/details/training-of-program-teams-july-27-2011
images/news/1422562841img-0291.jpg,https://www.smbbmu.edu.pk/beta/uploads/gallery/events/1422562841IMG_0291.jpg,https://www.smbbmu.edu.pk/beta/news/details/training-of-program-teams-july-27-2011
images/news/1422562841img-0230.jpg,https://www.smbbmu.edu.pk/beta/uploads/gallery/events/1422562841IMG_0230.jpg,https://www.smbbmu.edu.pk/beta/news/details/training-of-program-teams-july-27-2011
images/news/1422562841img-0202.jpg,https://www.smbbmu.edu.pk/beta/uploads/gallery/events/1422562841IMG_0202.jpg,https://www.smbbmu.edu.pk/beta/news/details/training-of-program-teams-july-27-2011
images/news/1422562840img-0200.jpg,https://www.smbbmu.edu.pk/beta/uploads/gallery/events/1422562840IMG_0200.jpg,https://www.smbbmu.edu.pk/beta/news/details/training-of-program-teams-july-27-2011
images/news/1422562840img-0201.jpg,https://www.smbbmu.edu.pk/beta/uploads/gallery/events/1422562840IMG_0201.jpg,https://www.smbbmu.edu.pk/beta/news/details/training-of-program-teams-july-27-2011
images/news/1422562840img-0199.jpg,https://www.smbbmu.edu.pk/beta/uploads/gallery/events/1422562840IMG_0199.jpg,https://www.smbbmu.edu.pk/beta/news/details/training-of-program-teams-july-27-2011
images/news/1422562839img-0132.jpg,https://www.smbbmu.edu.pk/beta/uploads/gallery/events/1422562839IMG_0132.jpg,https://www.smbbmu.edu.pk/beta/news/details/training-of-program-teams-july-27-2011
images/news/1422562839img-0122.jpg,https://www.smbbmu.edu.pk/beta/uploads/gallery/events/1422562839IMG_0122.jpg,https://www.smbbmu.edu.pk/beta/news/details/training-of-program-teams-july-27-2011
images/news/1422562839img-0131.jpg,https://www.smbbmu.edu.pk/beta/uploads/gallery/events/1422562839IMG_0131.jpg,https://www.smbbmu.edu.pk/beta/news/details/training-of-program-teams-july-27-2011
images/news/1422562839img-0119.jpg,https://www.smbbmu.edu.pk/beta/uploads/gallery/events/1422562839IMG_0119.jpg,https://www.smbbmu.edu.pk/beta/news/details/training-of-program-teams-july-27-2011
images/news/1422562838img-0113.jpg,https://www.smbbmu.edu.pk/beta/uploads/gallery/events/1422562838IMG_0113.jpg,https://www.smbbmu.edu.pk/beta/news/details/training-of-program-teams-july-27-2011
images/news/1422562838img-0112.jpg,https://www.smbbmu.edu.pk/beta/uploads/gallery/events/1422562838IMG_0112.jpg,https://www.smbbmu.edu.pk/beta/news/details/training-of-program-teams-july-27-2011
images/news/1422562838img-0111.jpg,https://www.smbbmu.edu.pk/beta/uploads/gallery/events/1422562838IMG_0111.jpg,https://www.smbbmu.edu.pk/beta/news/details/training-of-program-teams-july-27-2011
images/news/1422562838img-0110.jpg,https://www.smbbmu.edu.pk/beta/uploads/gallery/events/1422562838IMG_0110.jpg,https://www.smbbmu.edu.pk/beta/news/details/training-of-program-teams-july-27-2011
images/news/1422562838img-0109.jpg,https://www.smbbmu.edu.pk/beta/uploads/gallery/events/1422562838IMG_0109.jpg,https://www.smbbmu.edu.pk/beta/news/details/training-of-program-teams-july-27-2011
images/news/1422562837img-0095.jpg,https://www.smbbmu.edu.pk/beta/uploads/gallery/events/1422562837IMG_0095.jpg,https://www.smbbmu.edu.pk/beta/news/details/training-of-program-teams-july-27-2011
images/news/1422562836img-0055.jpg,https://www.smbbmu.edu.pk/beta/uploads/gallery/events/1422562836IMG_0055.jpg,https://www.smbbmu.edu.pk/beta/news/details/training-of-program-teams-july-27-2011
images/news/1422562836img-0057.jpg,https://www.smbbmu.edu.pk/beta/uploads/gallery/events/1422562836IMG_0057.jpg,https://www.smbbmu.edu.pk/beta/news/details/training-of-program-teams-july-27-2011
images/news/1422562841img-0292-70752f8e.jpg,https://www.smbbmu.edu.pk/beta/uploads/gallery/events/thumbs/1422562841IMG_0292.jpg,https://www.smbbmu.edu.pk/beta/news/details/training-of-program-teams-july-27-2011
images/news/1422562841img-0291-90f8ff7d.jpg,https://www.smbbmu.edu.pk/beta/uploads/gallery/events/thumbs/1422562841IMG_0291.jpg,https://www.smbbmu.edu.pk/beta/news/details/training-of-program-teams-july-27-2011
images/news/1422562841img-0230-048b2550.jpg,https://www.smbbmu.edu.pk/beta/uploads/gallery/events/thumbs/1422562841IMG_0230.jpg,https://www.smbbmu.edu.pk/beta/news/details/training-of-program-teams-july-27-2011
images/news/1422562841img-0202-5226fbb4.jpg,https://www.smbbmu.edu.pk/beta/uploads/gallery/events/thumbs/1422562841IMG_0202.jpg,https://www.smbbmu.edu.pk/beta/news/details/training-of-program-teams-july-27-2011
images/news/1422562840img-0200-133f7142.jpg,https://www.smbbmu.edu.pk/beta/uploads/gallery/events/thumbs/1422562840IMG_0200.jpg,https://www.smbbmu.edu.pk/beta/news/details/training-of-program-teams-july-27-2011
images/news/1422562840img-0201-11e8997e.jpg,https://www.smbbmu.edu.pk/beta/uploads/gallery/events/thumbs/1422562840IMG_0201.jpg,https://www.smbbmu.edu.pk/beta/news/details/training-of-program-teams-july-27-2011
images/news/1422562840img-0199-6403ac5e.jpg,https://www.smbbmu.edu.pk/beta/uploads/gallery/events/thumbs/1422562840IMG_0199.jpg,https://www.smbbmu.edu.pk/beta/news/details/training-of-program-teams-july-27-2011
images/news/1422562839img-0132-2e8ddd0c.jpg,https://www.smbbmu.edu.pk/beta/uploads/gallery/events/thumbs/1422562839IMG_0132.jpg,https://www.smbbmu.edu.pk/beta/news/details/training-of-program-teams-july-27-2011
images/news/1422562839img-0122-3cead28b.jpg,https://www.smbbmu.edu.pk/beta/uploads/gallery/events/thumbs/1422562839IMG_0122.jpg,https://www.smbbmu.edu.pk/beta/news/details/training-of-program-teams-july-27-2011
images/news/1422562839img-0131-4947016c.jpg,https://www.smbbmu.edu.pk/beta/uploads/gallery/events/thumbs/1422562839IMG_0131.jpg,https://www.smbbmu.edu.pk/beta/news/details/training-of-program-teams-july-27-2011
images/news/1422562839img-0119-fe5f1a08.jpg,https://www.smbbmu.edu.pk/beta/uploads/gallery/events/thumbs/1422562839IMG_0119.jpg,https://www.smbbmu.edu.pk/beta/news/details/training-of-program-teams-july-27-2011
images/news/1422562838img-0113-a973c265.jpg,https://www.smbbmu.edu.pk/beta/uploads/gallery/events/thumbs/1422562838IMG_0113.jpg,https://www.smbbmu.edu.pk/beta/news/details/training-of-program-teams-july-27-2011
images/news/1422562838img-0112-390fc2ac.jpg,https://www.smbbmu.edu.pk/beta/uploads/gallery/events/thumbs/1422562838IMG_0112.jpg,https://www.smbbmu.edu.pk/beta/news/details/training-of-program-teams-july-27-2011
images/news/1422562838img-0111-def27d53.jpg,https://www.smbbmu.edu.pk/beta/uploads/gallery/events/thumbs/1422562838IMG_0111.jpg,https://www.smbbmu.edu.pk/beta/news/details/training-of-program-teams-july-27-2011
images/news/1422562838img-0110-34e97d96.jpg,https://www.smbbmu.edu.pk/beta/uploads/gallery/events/thumbs/1422562838IMG_0110.jpg,https://www.smbbmu.edu.pk/beta/news/details/training-of-program-teams-july-27-2011
images/news/1422562838img-0109-b8db00d8.jpg,https://www.smbbmu.edu.pk/beta/uploads/gallery/events/thumbs/1422562838IMG_0109.jpg,https://www.smbbmu.edu.pk/beta/news/details/training-of-program-teams-july-27-2011
images/news/1422562837img-0095-351489d9.jpg,https://www.smbbmu.edu.pk/beta/uploads/gallery/events/thumbs/1422562837IMG_0095.jpg,https://www.smbbmu.edu.pk/beta/news/details/training-of-program-teams-july-27-2011
images/news/1422562836img-0055-6caa5965.jpg,https://www.smbbmu.edu.pk/beta/uploads/gallery/events/thumbs/1422562836IMG_0055.jpg,https://www.smbbmu.edu.pk/beta/news/details/training-of-program-teams-july-27-2011
images/news/1422562836img-0057-f9fe193b.jpg,https://www.smbbmu.edu.pk/beta/uploads/gallery/events/thumbs/1422562836IMG_0057.jpg,https://www.smbbmu.edu.pk/beta/news/details/training-of-program-teams-july-27-2011
images/news/1613840676dsc-0051-thumb.jpg,https://www.smbbmu.edu.pk/beta/uploads/gallery/events/1613840676DSC_0051_thumb.JPG,https://www.smbbmu.edu.pk/beta/news/details/higher-education-team-visit-to-smbbmu-02-16-2021
images/news/1613840672dsc-0048-thumb.jpg,https://www.smbbmu.edu.pk/beta/uploads/gallery/events/1613840672DSC_0048_thumb.JPG,https://www.smbbmu.edu.pk/beta/news/details/higher-education-team-visit-to-smbbmu-02-16-2021
images/news/1613840664dsc-0046-thumb.jpg,https://www.smbbmu.edu.pk/beta/uploads/gallery/events/1613840664DSC_0046_thumb.JPG,https://www.smbbmu.edu.pk/beta/news/details/higher-education-team-visit-to-smbbmu-02-16-2021
images/news/1613840659dsc-0044-thumb.jpg,https://www.smbbmu.edu.pk/beta/uploads/gallery/events/1613840659DSC_0044_thumb.JPG,https://www.smbbmu.edu.pk/beta/news/details/higher-education-team-visit-to-smbbmu-02-16-2021
images/news/1613840643img-3703-thumb.jpg,https://www.smbbmu.edu.pk/beta/uploads/gallery/events/1613840643IMG_3703_thumb.JPG,https://www.smbbmu.edu.pk/beta/news/details/higher-education-team-visit-to-smbbmu-02-16-2021
images/news/1613840638img-3690-thumb.jpg,https://www.smbbmu.edu.pk/beta/uploads/gallery/events/1613840638IMG_3690_thumb.JPG,https://www.smbbmu.edu.pk/beta/news/details/higher-education-team-visit-to-smbbmu-02-16-2021
images/news/1613840630dsc-0040-thumb.jpg,https://www.smbbmu.edu.pk/beta/uploads/gallery/events/1613840630DSC_0040_thumb.JPG,https://www.smbbmu.edu.pk/beta/news/details/higher-education-team-visit-to-smbbmu-02-16-2021
images/news/1613840676dsc-0051-thumb-5f0a61f5.jpg,https://www.smbbmu.edu.pk/beta/uploads/gallery/events/thumbs/1613840676DSC_0051_thumb.JPG,https://www.smbbmu.edu.pk/beta/news/details/higher-education-team-visit-to-smbbmu-02-16-2021
images/news/1613840672dsc-0048-thumb-421415f2.jpg,https://www.smbbmu.edu.pk/beta/uploads/gallery/events/thumbs/1613840672DSC_0048_thumb.JPG,https://www.smbbmu.edu.pk/beta/news/details/higher-education-team-visit-to-smbbmu-02-16-2021
images/news/1613840664dsc-0046-thumb-18369f9c.jpg,https://www.smbbmu.edu.pk/beta/uploads/gallery/events/thumbs/1613840664DSC_0046_thumb.JPG,https://www.smbbmu.edu.pk/beta/news/details/higher-education-team-visit-to-smbbmu-02-16-2021
images/news/1613840659dsc-0044-thumb-d39f0d50.jpg,https://www.smbbmu.edu.pk/beta/uploads/gallery/events/thumbs/1613840659DSC_0044_thumb.JPG,https://www.smbbmu.edu.pk/beta/news/details/higher-education-team-visit-to-smbbmu-02-16-2021
images/news/1613840643img-3703-thumb-0e22d1d1.jpg,https://www.smbbmu.edu.pk/beta/uploads/gallery/events/thumbs/1613840643IMG_3703_thumb.JPG,https://www.smbbmu.edu.pk/beta/news/details/higher-education-team-visit-to-smbbmu-02-16-2021
images/news/1613840638img-3690-thumb-7e7ef69d.jpg,https://www.smbbmu.edu.pk/beta/uploads/gallery/events/thumbs/1613840638IMG_3690_thumb.JPG,https://www.smbbmu.edu.pk/beta/news/details/higher-education-team-visit-to-smbbmu-02-16-2021
images/news/1613840630dsc-0040-thumb-bdf89128.jpg,https://www.smbbmu.edu.pk/beta/uploads/gallery/events/thumbs/1613840630DSC_0040_thumb.JPG,https://www.smbbmu.edu.pk/beta/news/details/higher-education-team-visit-to-smbbmu-02-16-2021
images/news/1465453418img-0273-thumb.jpg,https://www.smbbmu.edu.pk/beta/uploads/gallery/events/1465453418IMG_0273_thumb.JPG,https://www.smbbmu.edu.pk/beta/news/details/assessment-team-visit-to-department-of-surgery-11-04-2016
images/news/1465453370img-0267-thumb.jpg,https://www.smbbmu.edu.pk/beta/uploads/gallery/events/1465453370IMG_0267_thumb.JPG,https://www.smbbmu.edu.pk/beta/news/details/assessment-team-visit-to-department-of-surgery-11-04-2016
images/news/1465452926img-0266-thumb.jpg,https://www.smbbmu.edu.pk/beta/uploads/gallery/events/1465452926IMG_0266_thumb.JPG,https://www.smbbmu.edu.pk/beta/news/details/assessment-team-visit-to-department-of-surgery-11-04-2016
images/news/1465452806img-0265-thumb.jpg,https://www.smbbmu.edu.pk/beta/uploads/gallery/events/1465452806IMG_0265_thumb.JPG,https://www.smbbmu.edu.pk/beta/news/details/assessment-team-visit-to-department-of-surgery-11-04-2016
images/news/1465452755img-0264-thumb.jpg,https://www.smbbmu.edu.pk/beta/uploads/gallery/events/1465452755IMG_0264_thumb.JPG,https://www.smbbmu.edu.pk/beta/news/details/assessment-team-visit-to-department-of-surgery-11-04-2016
images/news/1465452659img-0261-thumb.jpg,https://www.smbbmu.edu.pk/beta/uploads/gallery/events/1465452659IMG_0261_thumb.JPG,https://www.smbbmu.edu.pk/beta/news/details/assessment-team-visit-to-department-of-surgery-11-04-2016
images/news/1465453418img-0273-thumb-f45edba6.jpg,https://www.smbbmu.edu.pk/beta/uploads/gallery/events/thumbs/1465453418IMG_0273_thumb.JPG,https://www.smbbmu.edu.pk/beta/news/details/assessment-team-visit-to-department-of-surgery-11-04-2016
images/news/1465453370img-0267-thumb-348e44b9.jpg,https://www.smbbmu.edu.pk/beta/uploads/gallery/events/thumbs/1465453370IMG_0267_thumb.JPG,https://www.smbbmu.edu.pk/beta/news/details/assessment-team-visit-to-department-of-surgery-11-04-2016
images/news/1465452926img-0266-thumb-a37cd678.jpg,https://www.smbbmu.edu.pk/beta/uploads/gallery/events/thumbs/1465452926IMG_0266_thumb.JPG,https://www.smbbmu.edu.pk/beta/news/details/assessment-team-visit-to-department-of-surgery-11-04-2016
images/news/1465452806img-0265-thumb-b99c9d89.jpg,https://www.smbbmu.edu.pk/beta/uploads/gallery/events/thumbs/1465452806IMG_0265_thumb.JPG,https://www.smbbmu.edu.pk/beta/news/details/assessment-team-visit-to-department-of-surgery-11-04-2016
images/news/1465452755img-0264-thumb-b943cae5.jpg,https://www.smbbmu.edu.pk/beta/uploads/gallery/events/thumbs/1465452755IMG_0264_thumb.JPG,https://www.smbbmu.edu.pk/beta/news/details/assessment-team-visit-to-department-of-surgery-11-04-2016
images/news/1465452659img-0261-thumb-32c7fc8e.jpg,https://www.smbbmu.edu.pk/beta/uploads/gallery/events/thumbs/1465452659IMG_0261_thumb.JPG,https://www.smbbmu.edu.pk/beta/news/details/assessment-team-visit-to-department-of-surgery-11-04-2016
images/news/146545229312821628-997522823656199-2500863671717934999-n-thumb.jpg,https://www.smbbmu.edu.pk/beta/uploads/gallery/events/146545229312821628_997522823656199_2500863671717934999_n_thumb.jpg,https://www.smbbmu.edu.pk/beta/news/details/assessment-team-visit-to-department-of-gynae-02-03-2016
images/news/146545229212821587-997522060322942-3583044113017685638-n-thumb.jpg,https://www.smbbmu.edu.pk/beta/uploads/gallery/events/146545229212821587_997522060322942_3583044113017685638_n_thumb.jpg,https://www.smbbmu.edu.pk/beta/news/details/assessment-team-visit-to-department-of-gynae-02-03-2016
images/news/146545229012814555-997524933655988-4254304897352010788-n-thumb.jpg,https://www.smbbmu.edu.pk/beta/uploads/gallery/events/146545229012814555_997524933655988_4254304897352010788_n_thumb.jpg,https://www.smbbmu.edu.pk/beta/news/details/assessment-team-visit-to-department-of-gynae-02-03-2016
images/news/146545229012821360-997522936989521-7950254485007179540-n-thumb.jpg,https://www.smbbmu.edu.pk/beta/uploads/gallery/events/146545229012821360_997522936989521_7950254485007179540_n_thumb.jpg,https://www.smbbmu.edu.pk/beta/news/details/assessment-team-visit-to-department-of-gynae-02-03-2016
images/news/146545228912806205-997522470322901-3338664206867101630-n-thumb.jpg,https://www.smbbmu.edu.pk/beta/uploads/gallery/events/146545228912806205_997522470322901_3338664206867101630_n_thumb.jpg,https://www.smbbmu.edu.pk/beta/news/details/assessment-team-visit-to-department-of-gynae-02-03-2016
images/news/146545228812805693-997524333656048-5388428631484528986-n-thumb.jpg,https://www.smbbmu.edu.pk/beta/uploads/gallery/events/146545228812805693_997524333656048_5388428631484528986_n_thumb.jpg,https://www.smbbmu.edu.pk/beta/news/details/assessment-team-visit-to-department-of-gynae-02-03-2016
images/news/146545228812804726-997524730322675-4209571898843562017-n-thumb.jpg,https://www.smbbmu.edu.pk/beta/uploads/gallery/events/146545228812804726_997524730322675_4209571898843562017_n_thumb.jpg,https://www.smbbmu.edu.pk/beta/news/details/assessment-team-visit-to-department-of-gynae-02-03-2016
images/news/146545228612803282-997522006989614-7983033013069069467-n-thumb.jpg,https://www.smbbmu.edu.pk/beta/uploads/gallery/events/146545228612803282_997522006989614_7983033013069069467_n_thumb.jpg,https://www.smbbmu.edu.pk/beta/news/details/assessment-team-visit-to-department-of-gynae-02-03-2016
images/news/146545228612803141-997522866989528-3125593129801571900-n-1-thumb.jpg,https://www.smbbmu.edu.pk/beta/uploads/gallery/events/146545228612803141_997522866989528_3125593129801571900_n (1)_thumb.jpg,https://www.smbbmu.edu.pk/beta/news/details/assessment-team-visit-to-department-of-gynae-02-03-2016
images/news/146545228512803141-997522866989528-3125593129801571900-n-thumb.jpg,https://www.smbbmu.edu.pk/beta/uploads/gallery/events/146545228512803141_997522866989528_3125593129801571900_n_thumb.jpg,https://www.smbbmu.edu.pk/beta/news/details/assessment-team-visit-to-department-of-gynae-02-03-2016
images/news/146545228312803129-997523050322843-998057536682189787-n-thumb.jpg,https://www.smbbmu.edu.pk/beta/uploads/gallery/events/146545228312803129_997523050322843_998057536682189787_n_thumb.jpg,https://www.smbbmu.edu.pk/beta/news/details/assessment-team-visit-to-department-of-gynae-02-03-2016
images/news/146545228212801488-997524226989392-4852534458751149797-n-thumb.jpg,https://www.smbbmu.edu.pk/beta/uploads/gallery/events/146545228212801488_997524226989392_4852534458751149797_n_thumb.jpg,https://www.smbbmu.edu.pk/beta/news/details/assessment-team-visit-to-department-of-gynae-02-03-2016
images/news/146545228212802835-997524530322695-3804892070847971751-n-thumb.jpg,https://www.smbbmu.edu.pk/beta/uploads/gallery/events/146545228212802835_997524530322695_3804892070847971751_n_thumb.jpg,https://www.smbbmu.edu.pk/beta/news/details/assessment-team-visit-to-department-of-gynae-02-03-2016
images/news/146545228112801156-997522510322897-8024033917574805482-n-thumb.jpg,https://www.smbbmu.edu.pk/beta/uploads/gallery/events/146545228112801156_997522510322897_8024033917574805482_n_thumb.jpg,https://www.smbbmu.edu.pk/beta/news/details/assessment-team-visit-to-department-of-gynae-02-03-2016
images/news/146545227912800373-997522213656260-6707489043625384868-n-thumb.jpg,https://www.smbbmu.edu.pk/beta/uploads/gallery/events/146545227912800373_997522213656260_6707489043625384868_n_thumb.jpg,https://www.smbbmu.edu.pk/beta/news/details/assessment-team-visit-to-department-of-gynae-02-03-2016
images/news/146545227912800260-997524140322734-3284110775911343809-n-thumb.jpg,https://www.smbbmu.edu.pk/beta/uploads/gallery/events/146545227912800260_997524140322734_3284110775911343809_n_thumb.jpg,https://www.smbbmu.edu.pk/beta/news/details/assessment-team-visit-to-department-of-gynae-02-03-2016
images/news/146545227812800173-997522586989556-46451538457908918-n-thumb.jpg,https://www.smbbmu.edu.pk/beta/uploads/gallery/events/146545227812800173_997522586989556_46451538457908918_n_thumb.jpg,https://www.smbbmu.edu.pk/beta/news/details/assessment-team-visit-to-department-of-gynae-02-03-2016
images/news/146545227712799250-997524470322701-4566722622471114914-n-thumb.jpg,https://www.smbbmu.edu.pk/beta/uploads/gallery/events/146545227712799250_997524470322701_4566722622471114914_n_thumb.jpg,https://www.smbbmu.edu.pk/beta/news/details/assessment-team-visit-to-department-of-gynae-02-03-2016
images/news/146545227612799171-997522246989590-5185985526711583393-n-thumb.jpg,https://www.smbbmu.edu.pk/beta/uploads/gallery/events/146545227612799171_997522246989590_5185985526711583393_n_thumb.jpg,https://www.smbbmu.edu.pk/beta/news/details/assessment-team-visit-to-department-of-gynae-02-03-2016
images/news/146545227612799114-997522103656271-5788864743264118919-n-thumb.jpg,https://www.smbbmu.edu.pk/beta/uploads/gallery/events/146545227612799114_997522103656271_5788864743264118919_n_thumb.jpg,https://www.smbbmu.edu.pk/beta/news/details/assessment-team-visit-to-department-of-gynae-02-03-2016
images/news/146545227512799059-997522680322880-7974542873829809325-n-thumb.jpg,https://www.smbbmu.edu.pk/beta/uploads/gallery/events/146545227512799059_997522680322880_7974542873829809325_n_thumb.jpg,https://www.smbbmu.edu.pk/beta/news/details/assessment-team-visit-to-department-of-gynae-02-03-2016
images/news/146545227412795448-997524296989385-5958370596041628019-n-thumb.jpg,https://www.smbbmu.edu.pk/beta/uploads/gallery/events/146545227412795448_997524296989385_5958370596041628019_n_thumb.jpg,https://www.smbbmu.edu.pk/beta/news/details/assessment-team-visit-to-department-of-gynae-02-03-2016
images/news/146545227412795385-997524376989377-6952725723259431205-n-thumb.jpg,https://www.smbbmu.edu.pk/beta/uploads/gallery/events/146545227412795385_997524376989377_6952725723259431205_n_thumb.jpg,https://www.smbbmu.edu.pk/beta/news/details/assessment-team-visit-to-department-of-gynae-02-03-2016
images/news/146545227212794645-997521923656289-5023561827870900779-n-thumb.jpg,https://www.smbbmu.edu.pk/beta/uploads/gallery/events/146545227212794645_997521923656289_5023561827870900779_n_thumb.jpg,https://www.smbbmu.edu.pk/beta/news/details/assessment-team-visit-to-department-of-gynae-02-03-2016
images/news/146545227112794511-997522986989516-6803482958378917461-n-thumb.jpg,https://www.smbbmu.edu.pk/beta/uploads/gallery/events/146545227112794511_997522986989516_6803482958378917461_n_thumb.jpg,https://www.smbbmu.edu.pk/beta/news/details/assessment-team-visit-to-department-of-gynae-02-03-2016
images/news/146545226812718245-997525030322645-6149030064388502227-n-1-thumb.jpg,https://www.smbbmu.edu.pk/beta/uploads/gallery/events/146545226812718245_997525030322645_6149030064388502227_n(1)_thumb.jpg,https://www.smbbmu.edu.pk/beta/news/details/assessment-team-visit-to-department-of-gynae-02-03-2016
images/news/146545226710269643-997523136989501-5946810010469056172-n-thumb.jpg,https://www.smbbmu.edu.pk/beta/uploads/gallery/events/146545226710269643_997523136989501_5946810010469056172_n_thumb.jpg,https://www.smbbmu.edu.pk/beta/news/details/assessment-team-visit-to-department-of-gynae-02-03-2016
images/news/146545226710157191-997524416989373-8697510865621483119-n-thumb.jpg,https://www.smbbmu.edu.pk/beta/uploads/gallery/events/146545226710157191_997524416989373_8697510865621483119_n_thumb.jpg,https://www.smbbmu.edu.pk/beta/news/details/assessment-team-visit-to-department-of-gynae-02-03-2016
images/news/146545229312821628-997522823656199-2500863671717934999-n-thumb-cee13e10.jpg,https://www.smbbmu.edu.pk/beta/uploads/gallery/events/thumbs/146545229312821628_997522823656199_2500863671717934999_n_thumb.jpg,https://www.smbbmu.edu.pk/beta/news/details/assessment-team-visit-to-department-of-gynae-02-03-2016
images/news/146545229212821587-997522060322942-3583044113017685638-n-thumb-7d5a2d4d.jpg,https://www.smbbmu.edu.pk/beta/uploads/gallery/events/thumbs/146545229212821587_997522060322942_3583044113017685638_n_thumb.jpg,https://www.smbbmu.edu.pk/beta/news/details/assessment-team-visit-to-department-of-gynae-02-03-2016
images/news/146545229012814555-997524933655988-4254304897352010788-n-thumb-9e049d1f.jpg,https://www.smbbmu.edu.pk/beta/uploads/gallery/events/thumbs/146545229012814555_997524933655988_4254304897352010788_n_thumb.jpg,https://www.smbbmu.edu.pk/beta/news/details/assessment-team-visit-to-department-of-gynae-02-03-2016
images/news/146545229012821360-997522936989521-7950254485007179540-n-thumb-0cdc4fe9.jpg,https://www.smbbmu.edu.pk/beta/uploads/gallery/events/thumbs/146545229012821360_997522936989521_7950254485007179540_n_thumb.jpg,https://www.smbbmu.edu.pk/beta/news/details/assessment-team-visit-to-department-of-gynae-02-03-2016
images/news/146545228912806205-997522470322901-3338664206867101630-n-thumb-83a3f231.jpg,https://www.smbbmu.edu.pk/beta/uploads/gallery/events/thumbs/146545228912806205_997522470322901_3338664206867101630_n_thumb.jpg,https://www.smbbmu.edu.pk/beta/news/details/assessment-team-visit-to-department-of-gynae-02-03-2016
images/news/146545228812805693-997524333656048-5388428631484528986-n-thumb-c5fa7530.jpg,https://www.smbbmu.edu.pk/beta/uploads/gallery/events/thumbs/146545228812805693_997524333656048_5388428631484528986_n_thumb.jpg,https://www.smbbmu.edu.pk/beta/news/details/assessment-team-visit-to-department-of-gynae-02-03-2016
images/news/146545228812804726-997524730322675-4209571898843562017-n-thumb-d5d6f394.jpg,https://www.smbbmu.edu.pk/beta/uploads/gallery/events/thumbs/146545228812804726_997524730322675_4209571898843562017_n_thumb.jpg,https://www.smbbmu.edu.pk/beta/news/details/assessment-team-visit-to-department-of-gynae-02-03-2016
images/news/146545228612803282-997522006989614-7983033013069069467-n-thumb-742ee727.jpg,https://www.smbbmu.edu.pk/beta/uploads/gallery/events/thumbs/146545228612803282_997522006989614_7983033013069069467_n_thumb.jpg,https://www.smbbmu.edu.pk/beta/news/details/assessment-team-visit-to-department-of-gynae-02-03-2016
images/news/146545228612803141-997522866989528-3125593129801571900-n-1-thumb-fa0cfb0a.jpg,https://www.smbbmu.edu.pk/beta/uploads/gallery/events/thumbs/146545228612803141_997522866989528_3125593129801571900_n (1)_thumb.jpg,https://www.smbbmu.edu.pk/beta/news/details/assessment-team-visit-to-department-of-gynae-02-03-2016
images/news/146545228512803141-997522866989528-3125593129801571900-n-thumb-9dcfbeb7.jpg,https://www.smbbmu.edu.pk/beta/uploads/gallery/events/thumbs/146545228512803141_997522866989528_3125593129801571900_n_thumb.jpg,https://www.smbbmu.edu.pk/beta/news/details/assessment-team-visit-to-department-of-gynae-02-03-2016
images/news/146545228312803129-997523050322843-998057536682189787-n-thumb-5fed97f7.jpg,https://www.smbbmu.edu.pk/beta/uploads/gallery/events/thumbs/146545228312803129_997523050322843_998057536682189787_n_thumb.jpg,https://www.smbbmu.edu.pk/beta/news/details/assessment-team-visit-to-department-of-gynae-02-03-2016
images/news/146545228212801488-997524226989392-4852534458751149797-n-thumb-c05b43d9.jpg,https://www.smbbmu.edu.pk/beta/uploads/gallery/events/thumbs/146545228212801488_997524226989392_4852534458751149797_n_thumb.jpg,https://www.smbbmu.edu.pk/beta/news/details/assessment-team-visit-to-department-of-gynae-02-03-2016
images/news/146545228212802835-997524530322695-3804892070847971751-n-thumb-71eb3e46.jpg,https://www.smbbmu.edu.pk/beta/uploads/gallery/events/thumbs/146545228212802835_997524530322695_3804892070847971751_n_thumb.jpg,https://www.smbbmu.edu.pk/beta/news/details/assessment-team-visit-to-department-of-gynae-02-03-2016
images/news/146545228112801156-997522510322897-8024033917574805482-n-thumb-fc4bd9e9.jpg,https://www.smbbmu.edu.pk/beta/uploads/gallery/events/thumbs/146545228112801156_997522510322897_8024033917574805482_n_thumb.jpg,https://www.smbbmu.edu.pk/beta/news/details/assessment-team-visit-to-department-of-gynae-02-03-2016
images/news/146545227912800373-997522213656260-6707489043625384868-n-thumb-0f8fc46d.jpg,https://www.smbbmu.edu.pk/beta/uploads/gallery/events/thumbs/146545227912800373_997522213656260_6707489043625384868_n_thumb.jpg,https://www.smbbmu.edu.pk/beta/news/details/assessment-team-visit-to-department-of-gynae-02-03-2016
images/news/146545227912800260-997524140322734-3284110775911343809-n-thumb-3521204d.jpg,https://www.smbbmu.edu.pk/beta/uploads/gallery/events/thumbs/146545227912800260_997524140322734_3284110775911343809_n_thumb.jpg,https://www.smbbmu.edu.pk/beta/news/details/assessment-team-visit-to-department-of-gynae-02-03-2016
images/news/146545227812800173-997522586989556-46451538457908918-n-thumb-ba348e55.jpg,https://www.smbbmu.edu.pk/beta/uploads/gallery/events/thumbs/146545227812800173_997522586989556_46451538457908918_n_thumb.jpg,https://www.smbbmu.edu.pk/beta/news/details/assessment-team-visit-to-department-of-gynae-02-03-2016
images/news/146545227712799250-997524470322701-4566722622471114914-n-thumb-73a30fc6.jpg,https://www.smbbmu.edu.pk/beta/uploads/gallery/events/thumbs/146545227712799250_997524470322701_4566722622471114914_n_thumb.jpg,https://www.smbbmu.edu.pk/beta/news/details/assessment-team-visit-to-department-of-gynae-02-03-2016
images/news/146545227612799171-997522246989590-5185985526711583393-n-thumb-10d0e098.jpg,https://www.smbbmu.edu.pk/beta/uploads/gallery/events/thumbs/146545227612799171_997522246989590_5185985526711583393_n_thumb.jpg,https://www.smbbmu.edu.pk/beta/news/details/assessment-team-visit-to-department-of-gynae-02-03-2016
images/news/146545227612799114-997522103656271-5788864743264118919-n-thumb-409bb47e.jpg,https://www.smbbmu.edu.pk/beta/uploads/gallery/events/thumbs/146545227612799114_997522103656271_5788864743264118919_n_thumb.jpg,https://www.smbbmu.edu.pk/beta/news/details/assessment-team-visit-to-department-of-gynae-02-03-2016
images/news/146545227512799059-997522680322880-7974542873829809325-n-thumb-d3a144c7.jpg,https://www.smbbmu.edu.pk/beta/uploads/gallery/events/thumbs/146545227512799059_997522680322880_7974542873829809325_n_thumb.jpg,https://www.smbbmu.edu.pk/beta/news/details/assessment-team-visit-to-department-of-gynae-02-03-2016
images/news/146545227412795448-997524296989385-5958370596041628019-n-thumb-7a56cf9e.jpg,https://www.smbbmu.edu.pk/beta/uploads/gallery/events/thumbs/146545227412795448_997524296989385_5958370596041628019_n_thumb.jpg,https://www.smbbmu.edu.pk/beta/news/details/assessment-team-visit-to-department-of-gynae-02-03-2016
images/news/146545227412795385-997524376989377-6952725723259431205-n-thumb-b8971e96.jpg,https://www.smbbmu.edu.pk/beta/uploads/gallery/events/thumbs/146545227412795385_997524376989377_6952725723259431205_n_thumb.jpg,https://www.smbbmu.edu.pk/beta/news/details/assessment-team-visit-to-department-of-gynae-02-03-2016
images/news/146545227212794645-997521923656289-5023561827870900779-n-thumb-e1894e5e.jpg,https://www.smbbmu.edu.pk/beta/uploads/gallery/events/thumbs/146545227212794645_997521923656289_5023561827870900779_n_thumb.jpg,https://www.smbbmu.edu.pk/beta/news/details/assessment-team-visit-to-department-of-gynae-02-03-2016
images/news/146545227112794511-997522986989516-6803482958378917461-n-thumb-ba04168e.jpg,https://www.smbbmu.edu.pk/beta/uploads/gallery/events/thumbs/146545227112794511_997522986989516_6803482958378917461_n_thumb.jpg,https://www.smbbmu.edu.pk/beta/news/details/assessment-team-visit-to-department-of-gynae-02-03-2016
images/news/146545226812718245-997525030322645-6149030064388502227-n-1-thumb-89f31b29.jpg,https://www.smbbmu.edu.pk/beta/uploads/gallery/events/thumbs/146545226812718245_997525030322645_6149030064388502227_n(1)_thumb.jpg,https://www.smbbmu.edu.pk/beta/news/details/assessment-team-visit-to-department-of-gynae-02-03-2016
images/news/146545226710269643-997523136989501-5946810010469056172-n-thumb-da205f9f.jpg,https://www.smbbmu.edu.pk/beta/uploads/gallery/events/thumbs/146545226710269643_997523136989501_5946810010469056172_n_thumb.jpg,https://www.smbbmu.edu.pk/beta/news/details/assessment-team-visit-to-department-of-gynae-02-03-2016
images/news/146545226710157191-997524416989373-8697510865621483119-n-thumb-65ff0094.jpg,https://www.smbbmu.edu.pk/beta/uploads/gallery/events/thumbs/146545226710157191_997524416989373_8697510865621483119_n_thumb.jpg,https://www.smbbmu.edu.pk/beta/news/details/assessment-team-visit-to-department-of-gynae-02-03-2016
images/news/1465451893image10-thumb.jpeg,https://www.smbbmu.edu.pk/beta/uploads/gallery/events/1465451893image10_thumb.jpeg,https://www.smbbmu.edu.pk/beta/news/details/assessment-team-visit-to-department-of-paediatric-medicine-14-11-2015
images/news/1465451889image9-thumb.jpeg,https://www.smbbmu.edu.pk/beta/uploads/gallery/events/1465451889image9_thumb.jpeg,https://www.smbbmu.edu.pk/beta/news/details/assessment-team-visit-to-department-of-paediatric-medicine-14-11-2015
images/news/1465451888image8-thumb.jpeg,https://www.smbbmu.edu.pk/beta/uploads/gallery/events/1465451888image8_thumb.jpeg,https://www.smbbmu.edu.pk/beta/news/details/assessment-team-visit-to-department-of-paediatric-medicine-14-11-2015
images/news/1465451886image7-thumb.jpeg,https://www.smbbmu.edu.pk/beta/uploads/gallery/events/1465451886image7_thumb.jpeg,https://www.smbbmu.edu.pk/beta/news/details/assessment-team-visit-to-department-of-paediatric-medicine-14-11-2015
images/news/1465451883image6-thumb.jpeg,https://www.smbbmu.edu.pk/beta/uploads/gallery/events/1465451883image6_thumb.jpeg,https://www.smbbmu.edu.pk/beta/news/details/assessment-team-visit-to-department-of-paediatric-medicine-14-11-2015
images/news/1465451879image4-thumb.jpeg,https://www.smbbmu.edu.pk/beta/uploads/gallery/events/1465451879image4_thumb.jpeg,https://www.smbbmu.edu.pk/beta/news/details/assessment-team-visit-to-department-of-paediatric-medicine-14-11-2015
images/news/1465451878image5-thumb.jpeg,https://www.smbbmu.edu.pk/beta/uploads/gallery/events/1465451878image5_thumb.jpeg,https://www.smbbmu.edu.pk/beta/news/details/assessment-team-visit-to-department-of-paediatric-medicine-14-11-2015
images/news/1465451875image3-thumb.jpeg,https://www.smbbmu.edu.pk/beta/uploads/gallery/events/1465451875image3_thumb.jpeg,https://www.smbbmu.edu.pk/beta/news/details/assessment-team-visit-to-department-of-paediatric-medicine-14-11-2015
images/news/1465451873image2-thumb.jpeg,https://www.smbbmu.edu.pk/beta/uploads/gallery/events/1465451873image2_thumb.jpeg,https://www.smbbmu.edu.pk/beta/news/details/assessment-team-visit-to-department-of-paediatric-medicine-14-11-2015
images/news/1465451872image1-thumb.jpeg,https://www.smbbmu.edu.pk/beta/uploads/gallery/events/1465451872image1_thumb.jpeg,https://www.smbbmu.edu.pk/beta/news/details/assessment-team-visit-to-department-of-paediatric-medicine-14-11-2015
images/news/1465451821image14-thumb.jpeg,https://www.smbbmu.edu.pk/beta/uploads/gallery/events/1465451821image14_thumb.jpeg,https://www.smbbmu.edu.pk/beta/news/details/assessment-team-visit-to-department-of-paediatric-medicine-14-11-2015
images/news/1465451893image10-thumb-009659e6.jpeg,https://www.smbbmu.edu.pk/beta/uploads/gallery/events/thumbs/1465451893image10_thumb.jpeg,https://www.smbbmu.edu.pk/beta/news/details/assessment-team-visit-to-department-of-paediatric-medicine-14-11-2015
images/news/1465451889image9-thumb-b768082b.jpeg,https://www.smbbmu.edu.pk/beta/uploads/gallery/events/thumbs/1465451889image9_thumb.jpeg,https://www.smbbmu.edu.pk/beta/news/details/assessment-team-visit-to-department-of-paediatric-medicine-14-11-2015
images/news/1465451888image8-thumb-9f73a580.jpeg,https://www.smbbmu.edu.pk/beta/uploads/gallery/events/thumbs/1465451888image8_thumb.jpeg,https://www.smbbmu.edu.pk/beta/news/details/assessment-team-visit-to-department-of-paediatric-medicine-14-11-2015
images/news/1465451886image7-thumb-af753e91.jpeg,https://www.smbbmu.edu.pk/beta/uploads/gallery/events/thumbs/1465451886image7_thumb.jpeg,https://www.smbbmu.edu.pk/beta/news/details/assessment-team-visit-to-department-of-paediatric-medicine-14-11-2015
images/news/1465451883image6-thumb-8d12629c.jpeg,https://www.smbbmu.edu.pk/beta/uploads/gallery/events/thumbs/1465451883image6_thumb.jpeg,https://www.smbbmu.edu.pk/beta/news/details/assessment-team-visit-to-department-of-paediatric-medicine-14-11-2015
images/news/1465451879image4-thumb-aa167748.jpeg,https://www.smbbmu.edu.pk/beta/uploads/gallery/events/thumbs/1465451879image4_thumb.jpeg,https://www.smbbmu.edu.pk/beta/news/details/assessment-team-visit-to-department-of-paediatric-medicine-14-11-2015
images/news/1465451878image5-thumb-f35556ae.jpeg,https://www.smbbmu.edu.pk/beta/uploads/gallery/events/thumbs/1465451878image5_thumb.jpeg,https://www.smbbmu.edu.pk/beta/news/details/assessment-team-visit-to-department-of-paediatric-medicine-14-11-2015
images/news/1465451875image3-thumb-a5e5e44f.jpeg,https://www.smbbmu.edu.pk/beta/uploads/gallery/events/thumbs/1465451875image3_thumb.jpeg,https://www.smbbmu.edu.pk/beta/news/details/assessment-team-visit-to-department-of-paediatric-medicine-14-11-2015
images/news/1465451873image2-thumb-3b9bf9fb.jpeg,https://www.smbbmu.edu.pk/beta/uploads/gallery/events/thumbs/1465451873image2_thumb.jpeg,https://www.smbbmu.edu.pk/beta/news/details/assessment-team-visit-to-department-of-paediatric-medicine-14-11-2015
images/news/1465451872image1-thumb-61698532.jpeg,https://www.smbbmu.edu.pk/beta/uploads/gallery/events/thumbs/1465451872image1_thumb.jpeg,https://www.smbbmu.edu.pk/beta/news/details/assessment-team-visit-to-department-of-paediatric-medicine-14-11-2015
images/news/1465451821image14-thumb-7f0439d6.jpeg,https://www.smbbmu.edu.pk/beta/uploads/gallery/events/thumbs/1465451821image14_thumb.jpeg,https://www.smbbmu.edu.pk/beta/news/details/assessment-team-visit-to-department-of-paediatric-medicine-14-11-2015
images/news/1453357714img-8197-thumb.jpg,https://www.smbbmu.edu.pk/beta/uploads/gallery/events/1453357714IMG_8197_thumb.JPG,https://www.smbbmu.edu.pk/beta/news/details/assessment-team-visit-to-comunity-medicine-department-15-03-2014
images/news/1453357714img-8180-thumb.jpg,https://www.smbbmu.edu.pk/beta/uploads/gallery/events/1453357714IMG_8180_thumb.JPG,https://www.smbbmu.edu.pk/beta/news/details/assessment-team-visit-to-comunity-medicine-department-15-03-2014
images/news/1453357714img-8179-thumb.jpg,https://www.smbbmu.edu.pk/beta/uploads/gallery/events/1453357714IMG_8179_thumb.JPG,https://www.smbbmu.edu.pk/beta/news/details/assessment-team-visit-to-comunity-medicine-department-15-03-2014
images/news/1453357713img-8168-thumb.jpg,https://www.smbbmu.edu.pk/beta/uploads/gallery/events/1453357713IMG_8168_thumb.JPG,https://www.smbbmu.edu.pk/beta/news/details/assessment-team-visit-to-comunity-medicine-department-15-03-2014
images/news/1453357713img-8167-thumb.jpg,https://www.smbbmu.edu.pk/beta/uploads/gallery/events/1453357713IMG_8167_thumb.JPG,https://www.smbbmu.edu.pk/beta/news/details/assessment-team-visit-to-comunity-medicine-department-15-03-2014
images/news/1453357713img-8162-thumb.jpg,https://www.smbbmu.edu.pk/beta/uploads/gallery/events/1453357713IMG_8162_thumb.JPG,https://www.smbbmu.edu.pk/beta/news/details/assessment-team-visit-to-comunity-medicine-department-15-03-2014
images/news/1453357712img-8160-thumb.jpg,https://www.smbbmu.edu.pk/beta/uploads/gallery/events/1453357712IMG_8160_thumb.JPG,https://www.smbbmu.edu.pk/beta/news/details/assessment-team-visit-to-comunity-medicine-department-15-03-2014
images/news/1453357712img-8159-thumb.jpg,https://www.smbbmu.edu.pk/beta/uploads/gallery/events/1453357712IMG_8159_thumb.JPG,https://www.smbbmu.edu.pk/beta/news/details/assessment-team-visit-to-comunity-medicine-department-15-03-2014
images/news/1453357711img-8154-thumb.jpg,https://www.smbbmu.edu.pk/beta/uploads/gallery/events/1453357711IMG_8154_thumb.JPG,https://www.smbbmu.edu.pk/beta/news/details/assessment-team-visit-to-comunity-medicine-department-15-03-2014
images/news/1453357712img-8156-thumb.jpg,https://www.smbbmu.edu.pk/beta/uploads/gallery/events/1453357712IMG_8156_thumb.JPG,https://www.smbbmu.edu.pk/beta/news/details/assessment-team-visit-to-comunity-medicine-department-15-03-2014
images/news/1453357710img-8152-thumb.jpg,https://www.smbbmu.edu.pk/beta/uploads/gallery/events/1453357710IMG_8152_thumb.JPG,https://www.smbbmu.edu.pk/beta/news/details/assessment-team-visit-to-comunity-medicine-department-15-03-2014
images/news/1453357710img-8151-thumb.jpg,https://www.smbbmu.edu.pk/beta/uploads/gallery/events/1453357710IMG_8151_thumb.JPG,https://www.smbbmu.edu.pk/beta/news/details/assessment-team-visit-to-comunity-medicine-department-15-03-2014
images/news/1453357714img-8197-thumb-6206cbe7.jpg,https://www.smbbmu.edu.pk/beta/uploads/gallery/events/thumbs/1453357714IMG_8197_thumb.JPG,https://www.smbbmu.edu.pk/beta/news/details/assessment-team-visit-to-comunity-medicine-department-15-03-2014
images/news/1453357714img-8180-thumb-cc5aac3c.jpg,https://www.smbbmu.edu.pk/beta/uploads/gallery/events/thumbs/1453357714IMG_8180_thumb.JPG,https://www.smbbmu.edu.pk/beta/news/details/assessment-team-visit-to-comunity-medicine-department-15-03-2014
images/news/1453357714img-8179-thumb-784a0288.jpg,https://www.smbbmu.edu.pk/beta/uploads/gallery/events/thumbs/1453357714IMG_8179_thumb.JPG,https://www.smbbmu.edu.pk/beta/news/details/assessment-team-visit-to-comunity-medicine-department-15-03-2014
images/news/1453357713img-8168-thumb-3768de2e.jpg,https://www.smbbmu.edu.pk/beta/uploads/gallery/events/thumbs/1453357713IMG_8168_thumb.JPG,https://www.smbbmu.edu.pk/beta/news/details/assessment-team-visit-to-comunity-medicine-department-15-03-2014
images/news/1453357713img-8167-thumb-c5cf4ec9.jpg,https://www.smbbmu.edu.pk/beta/uploads/gallery/events/thumbs/1453357713IMG_8167_thumb.JPG,https://www.smbbmu.edu.pk/beta/news/details/assessment-team-visit-to-comunity-medicine-department-15-03-2014
images/news/1453357713img-8162-thumb-5bfe5e05.jpg,https://www.smbbmu.edu.pk/beta/uploads/gallery/events/thumbs/1453357713IMG_8162_thumb.JPG,https://www.smbbmu.edu.pk/beta/news/details/assessment-team-visit-to-comunity-medicine-department-15-03-2014
images/news/1453357712img-8160-thumb-10a81df7.jpg,https://www.smbbmu.edu.pk/beta/uploads/gallery/events/thumbs/1453357712IMG_8160_thumb.JPG,https://www.smbbmu.edu.pk/beta/news/details/assessment-team-visit-to-comunity-medicine-department-15-03-2014
images/news/1453357712img-8159-thumb-5b9d7621.jpg,https://www.smbbmu.edu.pk/beta/uploads/gallery/events/thumbs/1453357712IMG_8159_thumb.JPG,https://www.smbbmu.edu.pk/beta/news/details/assessment-team-visit-to-comunity-medicine-department-15-03-2014
images/news/1453357711img-8154-thumb-cd001afb.jpg,https://www.smbbmu.edu.pk/beta/uploads/gallery/events/thumbs/1453357711IMG_8154_thumb.JPG,https://www.smbbmu.edu.pk/beta/news/details/assessment-team-visit-to-comunity-medicine-department-15-03-2014
images/news/1453357712img-8156-thumb-6b5833fd.jpg,https://www.smbbmu.edu.pk/beta/uploads/gallery/events/thumbs/1453357712IMG_8156_thumb.JPG,https://www.smbbmu.edu.pk/beta/news/details/assessment-team-visit-to-comunity-medicine-department-15-03-2014
images/news/1453357710img-8152-thumb-314f21d1.jpg,https://www.smbbmu.edu.pk/beta/uploads/gallery/events/thumbs/1453357710IMG_8152_thumb.JPG,https://www.smbbmu.edu.pk/beta/news/details/assessment-team-visit-to-comunity-medicine-department-15-03-2014
images/news/1453357710img-8151-thumb-1c7bd5f3.jpg,https://www.smbbmu.edu.pk/beta/uploads/gallery/events/thumbs/1453357710IMG_8151_thumb.JPG,https://www.smbbmu.edu.pk/beta/news/details/assessment-team-visit-to-comunity-medicine-department-15-03-2014
images/news/1453358145dsc00994-thumb.jpg,https://www.smbbmu.edu.pk/beta/uploads/gallery/events/1453358145DSC00994_thumb.JPG,https://www.smbbmu.edu.pk/beta/news/details/assessment-team-visit-to-department-of-dermatology-28-02-2014
images/news/1453358145dsc00993-thumb.jpg,https://www.smbbmu.edu.pk/beta/uploads/gallery/events/1453358145DSC00993_thumb.JPG,https://www.smbbmu.edu.pk/beta/news/details/assessment-team-visit-to-department-of-dermatology-28-02-2014
images/news/1453358143dsc00992-thumb.jpg,https://www.smbbmu.edu.pk/beta/uploads/gallery/events/1453358143DSC00992_thumb.JPG,https://www.smbbmu.edu.pk/beta/news/details/assessment-team-visit-to-department-of-dermatology-28-02-2014
images/news/1453358143dsc00991-thumb.jpg,https://www.smbbmu.edu.pk/beta/uploads/gallery/events/1453358143DSC00991_thumb.JPG,https://www.smbbmu.edu.pk/beta/news/details/assessment-team-visit-to-department-of-dermatology-28-02-2014
images/news/1453358141dsc00990-thumb.jpg,https://www.smbbmu.edu.pk/beta/uploads/gallery/events/1453358141DSC00990_thumb.JPG,https://www.smbbmu.edu.pk/beta/news/details/assessment-team-visit-to-department-of-dermatology-28-02-2014
images/news/1453358141dsc00989-thumb.jpg,https://www.smbbmu.edu.pk/beta/uploads/gallery/events/1453358141DSC00989_thumb.JPG,https://www.smbbmu.edu.pk/beta/news/details/assessment-team-visit-to-department-of-dermatology-28-02-2014
images/news/1453358139dsc00988-thumb.jpg,https://www.smbbmu.edu.pk/beta/uploads/gallery/events/1453358139DSC00988_thumb.JPG,https://www.smbbmu.edu.pk/beta/news/details/assessment-team-visit-to-department-of-dermatology-28-02-2014
images/news/1453358139dsc00987-thumb.jpg,https://www.smbbmu.edu.pk/beta/uploads/gallery/events/1453358139DSC00987_thumb.JPG,https://www.smbbmu.edu.pk/beta/news/details/assessment-team-visit-to-department-of-dermatology-28-02-2014
images/news/1453358137dsc00985-thumb.jpg,https://www.smbbmu.edu.pk/beta/uploads/gallery/events/1453358137DSC00985_thumb.JPG,https://www.smbbmu.edu.pk/beta/news/details/assessment-team-visit-to-department-of-dermatology-28-02-2014
images/news/1453358137dsc00983-thumb.jpg,https://www.smbbmu.edu.pk/beta/uploads/gallery/events/1453358137DSC00983_thumb.JPG,https://www.smbbmu.edu.pk/beta/news/details/assessment-team-visit-to-department-of-dermatology-28-02-2014
images/news/1453358135dsc00980-thumb.jpg,https://www.smbbmu.edu.pk/beta/uploads/gallery/events/1453358135DSC00980_thumb.JPG,https://www.smbbmu.edu.pk/beta/news/details/assessment-team-visit-to-department-of-dermatology-28-02-2014
images/news/1453358134dsc00955-thumb.jpg,https://www.smbbmu.edu.pk/beta/uploads/gallery/events/1453358134DSC00955_thumb.JPG,https://www.smbbmu.edu.pk/beta/news/details/assessment-team-visit-to-department-of-dermatology-28-02-2014
images/news/1453358131dsc00954-thumb.jpg,https://www.smbbmu.edu.pk/beta/uploads/gallery/events/1453358131DSC00954_thumb.JPG,https://www.smbbmu.edu.pk/beta/news/details/assessment-team-visit-to-department-of-dermatology-28-02-2014
images/news/1453358131dsc00952-thumb.jpg,https://www.smbbmu.edu.pk/beta/uploads/gallery/events/1453358131DSC00952_thumb.JPG,https://www.smbbmu.edu.pk/beta/news/details/assessment-team-visit-to-department-of-dermatology-28-02-2014
images/news/1453358145dsc00994-thumb-b6cc47c0.jpg,https://www.smbbmu.edu.pk/beta/uploads/gallery/events/thumbs/1453358145DSC00994_thumb.JPG,https://www.smbbmu.edu.pk/beta/news/details/assessment-team-visit-to-department-of-dermatology-28-02-2014
images/news/1453358145dsc00993-thumb-980ab066.jpg,https://www.smbbmu.edu.pk/beta/uploads/gallery/events/thumbs/1453358145DSC00993_thumb.JPG,https://www.smbbmu.edu.pk/beta/news/details/assessment-team-visit-to-department-of-dermatology-28-02-2014
images/news/1453358143dsc00992-thumb-7bb4c4b3.jpg,https://www.smbbmu.edu.pk/beta/uploads/gallery/events/thumbs/1453358143DSC00992_thumb.JPG,https://www.smbbmu.edu.pk/beta/news/details/assessment-team-visit-to-department-of-dermatology-28-02-2014
images/news/1453358143dsc00991-thumb-4a61705b.jpg,https://www.smbbmu.edu.pk/beta/uploads/gallery/events/thumbs/1453358143DSC00991_thumb.JPG,https://www.smbbmu.edu.pk/beta/news/details/assessment-team-visit-to-department-of-dermatology-28-02-2014
images/news/1453358141dsc00990-thumb-54c5d343.jpg,https://www.smbbmu.edu.pk/beta/uploads/gallery/events/thumbs/1453358141DSC00990_thumb.JPG,https://www.smbbmu.edu.pk/beta/news/details/assessment-team-visit-to-department-of-dermatology-28-02-2014
images/news/1453358141dsc00989-thumb-57f03eaa.jpg,https://www.smbbmu.edu.pk/beta/uploads/gallery/events/thumbs/1453358141DSC00989_thumb.JPG,https://www.smbbmu.edu.pk/beta/news/details/assessment-team-visit-to-department-of-dermatology-28-02-2014
images/news/1453358139dsc00988-thumb-c5955a1c.jpg,https://www.smbbmu.edu.pk/beta/uploads/gallery/events/thumbs/1453358139DSC00988_thumb.JPG,https://www.smbbmu.edu.pk/beta/news/details/assessment-team-visit-to-department-of-dermatology-28-02-2014
images/news/1453358139dsc00987-thumb-3ffebab6.jpg,https://www.smbbmu.edu.pk/beta/uploads/gallery/events/thumbs/1453358139DSC00987_thumb.JPG,https://www.smbbmu.edu.pk/beta/news/details/assessment-team-visit-to-department-of-dermatology-28-02-2014
images/news/1453358137dsc00985-thumb-05b0b364.jpg,https://www.smbbmu.edu.pk/beta/uploads/gallery/events/thumbs/1453358137DSC00985_thumb.JPG,https://www.smbbmu.edu.pk/beta/news/details/assessment-team-visit-to-department-of-dermatology-28-02-2014
images/news/1453358137dsc00983-thumb-8f888ecb.jpg,https://www.smbbmu.edu.pk/beta/uploads/gallery/events/thumbs/1453358137DSC00983_thumb.JPG,https://www.smbbmu.edu.pk/beta/news/details/assessment-team-visit-to-department-of-dermatology-28-02-2014
images/news/1453358135dsc00980-thumb-2e1c5f4f.jpg,https://www.smbbmu.edu.pk/beta/uploads/gallery/events/thumbs/1453358135DSC00980_thumb.JPG,https://www.smbbmu.edu.pk/beta/news/details/assessment-team-visit-to-department-of-dermatology-28-02-2014
images/news/1453358134dsc00955-thumb-8bc9b69e.jpg,https://www.smbbmu.edu.pk/beta/uploads/gallery/events/thumbs/1453358134DSC00955_thumb.JPG,https://www.smbbmu.edu.pk/beta/news/details/assessment-team-visit-to-department-of-dermatology-28-02-2014
images/news/1453358131dsc00954-thumb-fc66f683.jpg,https://www.smbbmu.edu.pk/beta/uploads/gallery/events/thumbs/1453358131DSC00954_thumb.JPG,https://www.smbbmu.edu.pk/beta/news/details/assessment-team-visit-to-department-of-dermatology-28-02-2014
images/news/1453358131dsc00952-thumb-36a85e8b.jpg,https://www.smbbmu.edu.pk/beta/uploads/gallery/events/thumbs/1453358131DSC00952_thumb.JPG,https://www.smbbmu.edu.pk/beta/news/details/assessment-team-visit-to-department-of-dermatology-28-02-2014
images/news/1453358588img-1254-thumb.jpg,https://www.smbbmu.edu.pk/beta/uploads/gallery/events/1453358588IMG_1254_thumb.JPG,https://www.smbbmu.edu.pk/beta/news/details/assessment-team-visit-to-department-of-general-medicine-28-02-2014
images/news/1453358588img-1251-thumb.jpg,https://www.smbbmu.edu.pk/beta/uploads/gallery/events/1453358588IMG_1251_thumb.JPG,https://www.smbbmu.edu.pk/beta/news/details/assessment-team-visit-to-department-of-general-medicine-28-02-2014
images/news/1453358587img-1249-thumb.jpg,https://www.smbbmu.edu.pk/beta/uploads/gallery/events/1453358587IMG_1249_thumb.JPG,https://www.smbbmu.edu.pk/beta/news/details/assessment-team-visit-to-department-of-general-medicine-28-02-2014
images/news/1453358587img-1248-thumb.jpg,https://www.smbbmu.edu.pk/beta/uploads/gallery/events/1453358587IMG_1248_thumb.JPG,https://www.smbbmu.edu.pk/beta/news/details/assessment-team-visit-to-department-of-general-medicine-28-02-2014
images/news/1453358585img-1246-thumb.jpg,https://www.smbbmu.edu.pk/beta/uploads/gallery/events/1453358585IMG_1246_thumb.JPG,https://www.smbbmu.edu.pk/beta/news/details/assessment-team-visit-to-department-of-general-medicine-28-02-2014
images/news/1453358585img-1244-thumb.jpg,https://www.smbbmu.edu.pk/beta/uploads/gallery/events/1453358585IMG_1244_thumb.JPG,https://www.smbbmu.edu.pk/beta/news/details/assessment-team-visit-to-department-of-general-medicine-28-02-2014
images/news/1453358582img-1243-thumb.jpg,https://www.smbbmu.edu.pk/beta/uploads/gallery/events/1453358582IMG_1243_thumb.JPG,https://www.smbbmu.edu.pk/beta/news/details/assessment-team-visit-to-department-of-general-medicine-28-02-2014
images/news/1453358582img-1238-thumb.jpg,https://www.smbbmu.edu.pk/beta/uploads/gallery/events/1453358582IMG_1238_thumb.JPG,https://www.smbbmu.edu.pk/beta/news/details/assessment-team-visit-to-department-of-general-medicine-28-02-2014
images/news/1453358588img-1254-thumb-b97b2e11.jpg,https://www.smbbmu.edu.pk/beta/uploads/gallery/events/thumbs/1453358588IMG_1254_thumb.JPG,https://www.smbbmu.edu.pk/beta/news/details/assessment-team-visit-to-department-of-general-medicine-28-02-2014
images/news/1453358588img-1251-thumb-8a7c4164.jpg,https://www.smbbmu.edu.pk/beta/uploads/gallery/events/thumbs/1453358588IMG_1251_thumb.JPG,https://www.smbbmu.edu.pk/beta/news/details/assessment-team-visit-to-department-of-general-medicine-28-02-2014
images/news/1453358587img-1249-thumb-8d655684.jpg,https://www.smbbmu.edu.pk/beta/uploads/gallery/events/thumbs/1453358587IMG_1249_thumb.JPG,https://www.smbbmu.edu.pk/beta/news/details/assessment-team-visit-to-department-of-general-medicine-28-02-2014
images/news/1453358587img-1248-thumb-1be15d58.jpg,https://www.smbbmu.edu.pk/beta/uploads/gallery/events/thumbs/1453358587IMG_1248_thumb.JPG,https://www.smbbmu.edu.pk/beta/news/details/assessment-team-visit-to-department-of-general-medicine-28-02-2014
images/news/1453358585img-1246-thumb-7bac11d4.jpg,https://www.smbbmu.edu.pk/beta/uploads/gallery/events/thumbs/1453358585IMG_1246_thumb.JPG,https://www.smbbmu.edu.pk/beta/news/details/assessment-team-visit-to-department-of-general-medicine-28-02-2014
images/news/1453358585img-1244-thumb-dde88aa5.jpg,https://www.smbbmu.edu.pk/beta/uploads/gallery/events/thumbs/1453358585IMG_1244_thumb.JPG,https://www.smbbmu.edu.pk/beta/news/details/assessment-team-visit-to-department-of-general-medicine-28-02-2014
images/news/1453358582img-1243-thumb-ec3d2702.jpg,https://www.smbbmu.edu.pk/beta/uploads/gallery/events/thumbs/1453358582IMG_1243_thumb.JPG,https://www.smbbmu.edu.pk/beta/news/details/assessment-team-visit-to-department-of-general-medicine-28-02-2014
images/news/1453358582img-1238-thumb-1b16e92f.jpg,https://www.smbbmu.edu.pk/beta/uploads/gallery/events/thumbs/1453358582IMG_1238_thumb.JPG,https://www.smbbmu.edu.pk/beta/news/details/assessment-team-visit-to-department-of-general-medicine-28-02-2014
images/news/1453358847img-8047-thumb.jpg,https://www.smbbmu.edu.pk/beta/uploads/gallery/events/1453358847IMG_8047_thumb.JPG,https://www.smbbmu.edu.pk/beta/news/details/assessment-team-visit-to-department-of-pathology-19-02-2014
images/news/1453358847img-8045-thumb.jpg,https://www.smbbmu.edu.pk/beta/uploads/gallery/events/1453358847IMG_8045_thumb.JPG,https://www.smbbmu.edu.pk/beta/news/details/assessment-team-visit-to-department-of-pathology-19-02-2014
images/news/1453358847img-8044-thumb.jpg,https://www.smbbmu.edu.pk/beta/uploads/gallery/events/1453358847IMG_8044_thumb.JPG,https://www.smbbmu.edu.pk/beta/news/details/assessment-team-visit-to-department-of-pathology-19-02-2014
images/news/1453358847img-8043-thumb.jpg,https://www.smbbmu.edu.pk/beta/uploads/gallery/events/1453358847IMG_8043_thumb.JPG,https://www.smbbmu.edu.pk/beta/news/details/assessment-team-visit-to-department-of-pathology-19-02-2014
images/news/1453358846img-8042-thumb.jpg,https://www.smbbmu.edu.pk/beta/uploads/gallery/events/1453358846IMG_8042_thumb.JPG,https://www.smbbmu.edu.pk/beta/news/details/assessment-team-visit-to-department-of-pathology-19-02-2014
images/news/1453358846img-8041-thumb.jpg,https://www.smbbmu.edu.pk/beta/uploads/gallery/events/1453358846IMG_8041_thumb.JPG,https://www.smbbmu.edu.pk/beta/news/details/assessment-team-visit-to-department-of-pathology-19-02-2014
images/news/1453358845img-8035-thumb.jpg,https://www.smbbmu.edu.pk/beta/uploads/gallery/events/1453358845IMG_8035_thumb.JPG,https://www.smbbmu.edu.pk/beta/news/details/assessment-team-visit-to-department-of-pathology-19-02-2014
images/news/1453358845img-8036-thumb.jpg,https://www.smbbmu.edu.pk/beta/uploads/gallery/events/1453358845IMG_8036_thumb.JPG,https://www.smbbmu.edu.pk/beta/news/details/assessment-team-visit-to-department-of-pathology-19-02-2014
images/news/1453358847img-8047-thumb-70780b0d.jpg,https://www.smbbmu.edu.pk/beta/uploads/gallery/events/thumbs/1453358847IMG_8047_thumb.JPG,https://www.smbbmu.edu.pk/beta/news/details/assessment-team-visit-to-department-of-pathology-19-02-2014
images/news/1453358847img-8045-thumb-c23bfc68.jpg,https://www.smbbmu.edu.pk/beta/uploads/gallery/events/thumbs/1453358847IMG_8045_thumb.JPG,https://www.smbbmu.edu.pk/beta/news/details/assessment-team-visit-to-department-of-pathology-19-02-2014
images/news/1453358847img-8044-thumb-f74ff6ef.jpg,https://www.smbbmu.edu.pk/beta/uploads/gallery/events/thumbs/1453358847IMG_8044_thumb.JPG,https://www.smbbmu.edu.pk/beta/news/details/assessment-team-visit-to-department-of-pathology-19-02-2014
images/news/1453358847img-8043-thumb-e462a405.jpg,https://www.smbbmu.edu.pk/beta/uploads/gallery/events/thumbs/1453358847IMG_8043_thumb.JPG,https://www.smbbmu.edu.pk/beta/news/details/assessment-team-visit-to-department-of-pathology-19-02-2014
images/news/1453358846img-8042-thumb-2798be11.jpg,https://www.smbbmu.edu.pk/beta/uploads/gallery/events/thumbs/1453358846IMG_8042_thumb.JPG,https://www.smbbmu.edu.pk/beta/news/details/assessment-team-visit-to-department-of-pathology-19-02-2014
images/news/1453358846img-8041-thumb-eb190964.jpg,https://www.smbbmu.edu.pk/beta/uploads/gallery/events/thumbs/1453358846IMG_8041_thumb.JPG,https://www.smbbmu.edu.pk/beta/news/details/assessment-team-visit-to-department-of-pathology-19-02-2014
images/news/1453358845img-8035-thumb-7ccbbda9.jpg,https://www.smbbmu.edu.pk/beta/uploads/gallery/events/thumbs/1453358845IMG_8035_thumb.JPG,https://www.smbbmu.edu.pk/beta/news/details/assessment-team-visit-to-department-of-pathology-19-02-2014
images/news/1453358845img-8036-thumb-fd5ada1c.jpg,https://www.smbbmu.edu.pk/beta/uploads/gallery/events/thumbs/1453358845IMG_8036_thumb.JPG,https://www.smbbmu.edu.pk/beta/news/details/assessment-team-visit-to-department-of-pathology-19-02-2014
images/news/1453358915img-8021-thumb.jpg,https://www.smbbmu.edu.pk/beta/uploads/gallery/events/1453358915IMG_8021_thumb.JPG,https://www.smbbmu.edu.pk/beta/news/details/assessment-team-visit-to-pharmocology-department-17-02-2014
images/news/1453358915img-8012-thumb.jpg,https://www.smbbmu.edu.pk/beta/uploads/gallery/events/1453358915IMG_8012_thumb.JPG,https://www.smbbmu.edu.pk/beta/news/details/assessment-team-visit-to-pharmocology-department-17-02-2014
images/news/1453358914img-8010-thumb.jpg,https://www.smbbmu.edu.pk/beta/uploads/gallery/events/1453358914IMG_8010_thumb.JPG,https://www.smbbmu.edu.pk/beta/news/details/assessment-team-visit-to-pharmocology-department-17-02-2014
images/news/1453358914img-8009-copy-thumb.jpg,https://www.smbbmu.edu.pk/beta/uploads/gallery/events/1453358914IMG_8009 - Copy_thumb.JPG,https://www.smbbmu.edu.pk/beta/news/details/assessment-team-visit-to-pharmocology-department-17-02-2014
images/news/1453358914img-8003-copy-thumb.jpg,https://www.smbbmu.edu.pk/beta/uploads/gallery/events/1453358914IMG_8003 - Copy_thumb.JPG,https://www.smbbmu.edu.pk/beta/news/details/assessment-team-visit-to-pharmocology-department-17-02-2014
images/news/1453358913img-7997-copy-thumb.jpg,https://www.smbbmu.edu.pk/beta/uploads/gallery/events/1453358913IMG_7997 - Copy_thumb.JPG,https://www.smbbmu.edu.pk/beta/news/details/assessment-team-visit-to-pharmocology-department-17-02-2014
images/news/1453358913img-7995-copy-thumb.jpg,https://www.smbbmu.edu.pk/beta/uploads/gallery/events/1453358913IMG_7995 - Copy_thumb.JPG,https://www.smbbmu.edu.pk/beta/news/details/assessment-team-visit-to-pharmocology-department-17-02-2014
images/news/1453358913img-7994-copy-thumb.jpg,https://www.smbbmu.edu.pk/beta/uploads/gallery/events/1453358913IMG_7994 - Copy_thumb.JPG,https://www.smbbmu.edu.pk/beta/news/details/assessment-team-visit-to-pharmocology-department-17-02-2014
images/news/1453358913img-7993-copy-thumb.jpg,https://www.smbbmu.edu.pk/beta/uploads/gallery/events/1453358913IMG_7993 - Copy_thumb.JPG,https://www.smbbmu.edu.pk/beta/news/details/assessment-team-visit-to-pharmocology-department-17-02-2014
images/news/1453358912img-7992-copy-thumb.jpg,https://www.smbbmu.edu.pk/beta/uploads/gallery/events/1453358912IMG_7992 - Copy_thumb.JPG,https://www.smbbmu.edu.pk/beta/news/details/assessment-team-visit-to-pharmocology-department-17-02-2014
images/news/1453358912img-7990-copy-thumb.jpg,https://www.smbbmu.edu.pk/beta/uploads/gallery/events/1453358912IMG_7990 - Copy_thumb.JPG,https://www.smbbmu.edu.pk/beta/news/details/assessment-team-visit-to-pharmocology-department-17-02-2014
images/news/1453358915img-8021-thumb-e9ee2a42.jpg,https://www.smbbmu.edu.pk/beta/uploads/gallery/events/thumbs/1453358915IMG_8021_thumb.JPG,https://www.smbbmu.edu.pk/beta/news/details/assessment-team-visit-to-pharmocology-department-17-02-2014
images/news/1453358915img-8012-thumb-0ece19f7.jpg,https://www.smbbmu.edu.pk/beta/uploads/gallery/events/thumbs/1453358915IMG_8012_thumb.JPG,https://www.smbbmu.edu.pk/beta/news/details/assessment-team-visit-to-pharmocology-department-17-02-2014
images/news/1453358914img-8010-thumb-293525cb.jpg,https://www.smbbmu.edu.pk/beta/uploads/gallery/events/thumbs/1453358914IMG_8010_thumb.JPG,https://www.smbbmu.edu.pk/beta/news/details/assessment-team-visit-to-pharmocology-department-17-02-2014
images/news/1453358914img-8009-copy-thumb-326d2e47.jpg,https://www.smbbmu.edu.pk/beta/uploads/gallery/events/thumbs/1453358914IMG_8009 - Copy_thumb.JPG,https://www.smbbmu.edu.pk/beta/news/details/assessment-team-visit-to-pharmocology-department-17-02-2014
images/news/1453358914img-8003-copy-thumb-f8bd5819.jpg,https://www.smbbmu.edu.pk/beta/uploads/gallery/events/thumbs/1453358914IMG_8003 - Copy_thumb.JPG,https://www.smbbmu.edu.pk/beta/news/details/assessment-team-visit-to-pharmocology-department-17-02-2014
images/news/1453358913img-7997-copy-thumb-c3fe24d6.jpg,https://www.smbbmu.edu.pk/beta/uploads/gallery/events/thumbs/1453358913IMG_7997 - Copy_thumb.JPG,https://www.smbbmu.edu.pk/beta/news/details/assessment-team-visit-to-pharmocology-department-17-02-2014
images/news/1453358913img-7995-copy-thumb-ab8b099a.jpg,https://www.smbbmu.edu.pk/beta/uploads/gallery/events/thumbs/1453358913IMG_7995 - Copy_thumb.JPG,https://www.smbbmu.edu.pk/beta/news/details/assessment-team-visit-to-pharmocology-department-17-02-2014
images/news/1453358913img-7994-copy-thumb-22a89eab.jpg,https://www.smbbmu.edu.pk/beta/uploads/gallery/events/thumbs/1453358913IMG_7994 - Copy_thumb.JPG,https://www.smbbmu.edu.pk/beta/news/details/assessment-team-visit-to-pharmocology-department-17-02-2014
images/news/1453358913img-7993-copy-thumb-88606342.jpg,https://www.smbbmu.edu.pk/beta/uploads/gallery/events/thumbs/1453358913IMG_7993 - Copy_thumb.JPG,https://www.smbbmu.edu.pk/beta/news/details/assessment-team-visit-to-pharmocology-department-17-02-2014
images/news/1453358912img-7992-copy-thumb-969a6302.jpg,https://www.smbbmu.edu.pk/beta/uploads/gallery/events/thumbs/1453358912IMG_7992 - Copy_thumb.JPG,https://www.smbbmu.edu.pk/beta/news/details/assessment-team-visit-to-pharmocology-department-17-02-2014
images/news/1453358912img-7990-copy-thumb-59481eff.jpg,https://www.smbbmu.edu.pk/beta/uploads/gallery/events/thumbs/1453358912IMG_7990 - Copy_thumb.JPG,https://www.smbbmu.edu.pk/beta/news/details/assessment-team-visit-to-pharmocology-department-17-02-2014
images/news/1453358401img-7929-thumb.jpg,https://www.smbbmu.edu.pk/beta/uploads/gallery/events/1453358401IMG_7929_thumb.JPG,https://www.smbbmu.edu.pk/beta/news/details/assessment-team-visit-to-forensic-medicine-department-05-02-2014
images/news/1453358401img-7927-thumb.jpg,https://www.smbbmu.edu.pk/beta/uploads/gallery/events/1453358401IMG_7927_thumb.JPG,https://www.smbbmu.edu.pk/beta/news/details/assessment-team-visit-to-forensic-medicine-department-05-02-2014
images/news/1453358400img-7924-thumb.jpg,https://www.smbbmu.edu.pk/beta/uploads/gallery/events/1453358400IMG_7924_thumb.JPG,https://www.smbbmu.edu.pk/beta/news/details/assessment-team-visit-to-forensic-medicine-department-05-02-2014
images/news/1453358400img-7923-thumb.jpg,https://www.smbbmu.edu.pk/beta/uploads/gallery/events/1453358400IMG_7923_thumb.JPG,https://www.smbbmu.edu.pk/beta/news/details/assessment-team-visit-to-forensic-medicine-department-05-02-2014
images/news/1453358400img-7922-thumb.jpg,https://www.smbbmu.edu.pk/beta/uploads/gallery/events/1453358400IMG_7922_thumb.JPG,https://www.smbbmu.edu.pk/beta/news/details/assessment-team-visit-to-forensic-medicine-department-05-02-2014
images/news/1453358399img-7921-thumb.jpg,https://www.smbbmu.edu.pk/beta/uploads/gallery/events/1453358399IMG_7921_thumb.JPG,https://www.smbbmu.edu.pk/beta/news/details/assessment-team-visit-to-forensic-medicine-department-05-02-2014
images/news/1453358399img-7918-thumb.jpg,https://www.smbbmu.edu.pk/beta/uploads/gallery/events/1453358399IMG_7918_thumb.JPG,https://www.smbbmu.edu.pk/beta/news/details/assessment-team-visit-to-forensic-medicine-department-05-02-2014
images/news/1453358398img-7912-thumb.jpg,https://www.smbbmu.edu.pk/beta/uploads/gallery/events/1453358398IMG_7912_thumb.JPG,https://www.smbbmu.edu.pk/beta/news/details/assessment-team-visit-to-forensic-medicine-department-05-02-2014
images/news/1453358398img-7909-thumb.jpg,https://www.smbbmu.edu.pk/beta/uploads/gallery/events/1453358398IMG_7909_thumb.JPG,https://www.smbbmu.edu.pk/beta/news/details/assessment-team-visit-to-forensic-medicine-department-05-02-2014
images/news/1453358401img-7929-thumb-92483ddd.jpg,https://www.smbbmu.edu.pk/beta/uploads/gallery/events/thumbs/1453358401IMG_7929_thumb.JPG,https://www.smbbmu.edu.pk/beta/news/details/assessment-team-visit-to-forensic-medicine-department-05-02-2014
images/news/1453358401img-7927-thumb-e58754c8.jpg,https://www.smbbmu.edu.pk/beta/uploads/gallery/events/thumbs/1453358401IMG_7927_thumb.JPG,https://www.smbbmu.edu.pk/beta/news/details/assessment-team-visit-to-forensic-medicine-department-05-02-2014
images/news/1453358400img-7924-thumb-32049f09.jpg,https://www.smbbmu.edu.pk/beta/uploads/gallery/events/thumbs/1453358400IMG_7924_thumb.JPG,https://www.smbbmu.edu.pk/beta/news/details/assessment-team-visit-to-forensic-medicine-department-05-02-2014
images/news/1453358400img-7923-thumb-ffda745f.jpg,https://www.smbbmu.edu.pk/beta/uploads/gallery/events/thumbs/1453358400IMG_7923_thumb.JPG,https://www.smbbmu.edu.pk/beta/news/details/assessment-team-visit-to-forensic-medicine-department-05-02-2014
images/news/1453358400img-7922-thumb-e32dffa4.jpg,https://www.smbbmu.edu.pk/beta/uploads/gallery/events/thumbs/1453358400IMG_7922_thumb.JPG,https://www.smbbmu.edu.pk/beta/news/details/assessment-team-visit-to-forensic-medicine-department-05-02-2014
images/news/1453358399img-7921-thumb-b355d703.jpg,https://www.smbbmu.edu.pk/beta/uploads/gallery/events/thumbs/1453358399IMG_7921_thumb.JPG,https://www.smbbmu.edu.pk/beta/news/details/assessment-team-visit-to-forensic-medicine-department-05-02-2014
images/news/1453358399img-7918-thumb-f35ea30a.jpg,https://www.smbbmu.edu.pk/beta/uploads/gallery/events/thumbs/1453358399IMG_7918_thumb.JPG,https://www.smbbmu.edu.pk/beta/news/details/assessment-team-visit-to-forensic-medicine-department-05-02-2014
images/news/1453358398img-7912-thumb-43fa1824.jpg,https://www.smbbmu.edu.pk/beta/uploads/gallery/events/thumbs/1453358398IMG_7912_thumb.JPG,https://www.smbbmu.edu.pk/beta/news/details/assessment-team-visit-to-forensic-medicine-department-05-02-2014
images/news/1453358398img-7909-thumb-0b3e56e9.jpg,https://www.smbbmu.edu.pk/beta/uploads/gallery/events/thumbs/1453358398IMG_7909_thumb.JPG,https://www.smbbmu.edu.pk/beta/news/details/assessment-team-visit-to-forensic-medicine-department-05-02-2014
images/news/1453102228dsc01443-thumb.jpg,https://www.smbbmu.edu.pk/beta/uploads/gallery/events/1453102228DSC01443_thumb.JPG,https://www.smbbmu.edu.pk/beta/news/details/assessment-team-visit-to-department-of-physiology-04-02-2013
images/news/1453102227dsc01442-thumb.jpg,https://www.smbbmu.edu.pk/beta/uploads/gallery/events/1453102227DSC01442_thumb.JPG,https://www.smbbmu.edu.pk/beta/news/details/assessment-team-visit-to-department-of-physiology-04-02-2013
images/news/1453102226dsc01424-thumb.jpg,https://www.smbbmu.edu.pk/beta/uploads/gallery/events/1453102226DSC01424_thumb.JPG,https://www.smbbmu.edu.pk/beta/news/details/assessment-team-visit-to-department-of-physiology-04-02-2013
images/news/1453102225dsc01421-thumb.jpg,https://www.smbbmu.edu.pk/beta/uploads/gallery/events/1453102225DSC01421_thumb.JPG,https://www.smbbmu.edu.pk/beta/news/details/assessment-team-visit-to-department-of-physiology-04-02-2013
images/news/1453102225dsc01419-thumb.jpg,https://www.smbbmu.edu.pk/beta/uploads/gallery/events/1453102225DSC01419_thumb.JPG,https://www.smbbmu.edu.pk/beta/news/details/assessment-team-visit-to-department-of-physiology-04-02-2013
images/news/1453102224dsc01416-thumb.jpg,https://www.smbbmu.edu.pk/beta/uploads/gallery/events/1453102224DSC01416_thumb.JPG,https://www.smbbmu.edu.pk/beta/news/details/assessment-team-visit-to-department-of-physiology-04-02-2013
images/news/1453102223dsc01414-thumb.jpg,https://www.smbbmu.edu.pk/beta/uploads/gallery/events/1453102223DSC01414_thumb.JPG,https://www.smbbmu.edu.pk/beta/news/details/assessment-team-visit-to-department-of-physiology-04-02-2013
images/news/1453102222dsc01413-thumb.jpg,https://www.smbbmu.edu.pk/beta/uploads/gallery/events/1453102222DSC01413_thumb.JPG,https://www.smbbmu.edu.pk/beta/news/details/assessment-team-visit-to-department-of-physiology-04-02-2013
images/news/1453102222dsc01410-thumb.jpg,https://www.smbbmu.edu.pk/beta/uploads/gallery/events/1453102222DSC01410_thumb.JPG,https://www.smbbmu.edu.pk/beta/news/details/assessment-team-visit-to-department-of-physiology-04-02-2013
images/news/1453102220dsc01409-thumb.jpg,https://www.smbbmu.edu.pk/beta/uploads/gallery/events/1453102220DSC01409_thumb.JPG,https://www.smbbmu.edu.pk/beta/news/details/assessment-team-visit-to-department-of-physiology-04-02-2013
images/news/1453102220dsc01407-thumb.jpg,https://www.smbbmu.edu.pk/beta/uploads/gallery/events/1453102220DSC01407_thumb.JPG,https://www.smbbmu.edu.pk/beta/news/details/assessment-team-visit-to-department-of-physiology-04-02-2013
images/news/1453102217dsc01404-thumb.jpg,https://www.smbbmu.edu.pk/beta/uploads/gallery/events/1453102217DSC01404_thumb.JPG,https://www.smbbmu.edu.pk/beta/news/details/assessment-team-visit-to-department-of-physiology-04-02-2013
images/news/1453102217dsc01406-thumb.jpg,https://www.smbbmu.edu.pk/beta/uploads/gallery/events/1453102217DSC01406_thumb.JPG,https://www.smbbmu.edu.pk/beta/news/details/assessment-team-visit-to-department-of-physiology-04-02-2013
images/news/1453102228dsc01443-thumb-07c489c7.jpg,https://www.smbbmu.edu.pk/beta/uploads/gallery/events/thumbs/1453102228DSC01443_thumb.JPG,https://www.smbbmu.edu.pk/beta/news/details/assessment-team-visit-to-department-of-physiology-04-02-2013
images/news/1453102227dsc01442-thumb-000c9947.jpg,https://www.smbbmu.edu.pk/beta/uploads/gallery/events/thumbs/1453102227DSC01442_thumb.JPG,https://www.smbbmu.edu.pk/beta/news/details/assessment-team-visit-to-department-of-physiology-04-02-2013
images/news/1453102226dsc01424-thumb-7a86e3de.jpg,https://www.smbbmu.edu.pk/beta/uploads/gallery/events/thumbs/1453102226DSC01424_thumb.JPG,https://www.smbbmu.edu.pk/beta/news/details/assessment-team-visit-to-department-of-physiology-04-02-2013
images/news/1453102225dsc01421-thumb-bd6c6bb9.jpg,https://www.smbbmu.edu.pk/beta/uploads/gallery/events/thumbs/1453102225DSC01421_thumb.JPG,https://www.smbbmu.edu.pk/beta/news/details/assessment-team-visit-to-department-of-physiology-04-02-2013
images/news/1453102225dsc01419-thumb-2a851980.jpg,https://www.smbbmu.edu.pk/beta/uploads/gallery/events/thumbs/1453102225DSC01419_thumb.JPG,https://www.smbbmu.edu.pk/beta/news/details/assessment-team-visit-to-department-of-physiology-04-02-2013
images/news/1453102224dsc01416-thumb-096ac3d8.jpg,https://www.smbbmu.edu.pk/beta/uploads/gallery/events/thumbs/1453102224DSC01416_thumb.JPG,https://www.smbbmu.edu.pk/beta/news/details/assessment-team-visit-to-department-of-physiology-04-02-2013
images/news/1453102223dsc01414-thumb-35d0399a.jpg,https://www.smbbmu.edu.pk/beta/uploads/gallery/events/thumbs/1453102223DSC01414_thumb.JPG,https://www.smbbmu.edu.pk/beta/news/details/assessment-team-visit-to-department-of-physiology-04-02-2013
images/news/1453102222dsc01413-thumb-c838bd6f.jpg,https://www.smbbmu.edu.pk/beta/uploads/gallery/events/thumbs/1453102222DSC01413_thumb.JPG,https://www.smbbmu.edu.pk/beta/news/details/assessment-team-visit-to-department-of-physiology-04-02-2013
images/news/1453102222dsc01410-thumb-cf7515c0.jpg,https://www.smbbmu.edu.pk/beta/uploads/gallery/events/thumbs/1453102222DSC01410_thumb.JPG,https://www.smbbmu.edu.pk/beta/news/details/assessment-team-visit-to-department-of-physiology-04-02-2013
images/news/1453102220dsc01409-thumb-19e8692b.jpg,https://www.smbbmu.edu.pk/beta/uploads/gallery/events/thumbs/1453102220DSC01409_thumb.JPG,https://www.smbbmu.edu.pk/beta/news/details/assessment-team-visit-to-department-of-physiology-04-02-2013
images/news/1453102220dsc01407-thumb-dbf04153.jpg,https://www.smbbmu.edu.pk/beta/uploads/gallery/events/thumbs/1453102220DSC01407_thumb.JPG,https://www.smbbmu.edu.pk/beta/news/details/assessment-team-visit-to-department-of-physiology-04-02-2013
images/news/1453102217dsc01404-thumb-ed4517e8.jpg,https://www.smbbmu.edu.pk/beta/uploads/gallery/events/thumbs/1453102217DSC01404_thumb.JPG,https://www.smbbmu.edu.pk/beta/news/details/assessment-team-visit-to-department-of-physiology-04-02-2013
images/news/1453102217dsc01406-thumb-01e2d159.jpg,https://www.smbbmu.edu.pk/beta/uploads/gallery/events/thumbs/1453102217DSC01406_thumb.JPG,https://www.smbbmu.edu.pk/beta/news/details/assessment-team-visit-to-department-of-physiology-04-02-2013
images/news/1453098919dsc01101-thumb.jpg,https://www.smbbmu.edu.pk/beta/uploads/gallery/events/1453098919DSC01101_thumb.JPG,https://www.smbbmu.edu.pk/beta/news/details/assessment-team-visit-to-biochemistry-department-08-11-2012
images/news/1453098917dsc01099-thumb.jpg,https://www.smbbmu.edu.pk/beta/uploads/gallery/events/1453098917DSC01099_thumb.JPG,https://www.smbbmu.edu.pk/beta/news/details/assessment-team-visit-to-biochemistry-department-08-11-2012
images/news/1453098917dsc01100-thumb.jpg,https://www.smbbmu.edu.pk/beta/uploads/gallery/events/1453098917DSC01100_thumb.JPG,https://www.smbbmu.edu.pk/beta/news/details/assessment-team-visit-to-biochemistry-department-08-11-2012
images/news/1453098915dsc01085-thumb.jpg,https://www.smbbmu.edu.pk/beta/uploads/gallery/events/1453098915DSC01085_thumb.JPG,https://www.smbbmu.edu.pk/beta/news/details/assessment-team-visit-to-biochemistry-department-08-11-2012
images/news/1453098915dsc01087-thumb.jpg,https://www.smbbmu.edu.pk/beta/uploads/gallery/events/1453098915DSC01087_thumb.JPG,https://www.smbbmu.edu.pk/beta/news/details/assessment-team-visit-to-biochemistry-department-08-11-2012
images/news/1453098912dsc01080-thumb.jpg,https://www.smbbmu.edu.pk/beta/uploads/gallery/events/1453098912DSC01080_thumb.JPG,https://www.smbbmu.edu.pk/beta/news/details/assessment-team-visit-to-biochemistry-department-08-11-2012
images/news/1453098912dsc01081-thumb.jpg,https://www.smbbmu.edu.pk/beta/uploads/gallery/events/1453098912DSC01081_thumb.JPG,https://www.smbbmu.edu.pk/beta/news/details/assessment-team-visit-to-biochemistry-department-08-11-2012
images/news/1453098910dsc01079-thumb.jpg,https://www.smbbmu.edu.pk/beta/uploads/gallery/events/1453098910DSC01079_thumb.JPG,https://www.smbbmu.edu.pk/beta/news/details/assessment-team-visit-to-biochemistry-department-08-11-2012
images/news/1453098910dsc01075-thumb.jpg,https://www.smbbmu.edu.pk/beta/uploads/gallery/events/1453098910DSC01075_thumb.JPG,https://www.smbbmu.edu.pk/beta/news/details/assessment-team-visit-to-biochemistry-department-08-11-2012
images/news/1453098908dsc01072-thumb.jpg,https://www.smbbmu.edu.pk/beta/uploads/gallery/events/1453098908DSC01072_thumb.JPG,https://www.smbbmu.edu.pk/beta/news/details/assessment-team-visit-to-biochemistry-department-08-11-2012
images/news/1453098908dsc01073-thumb.jpg,https://www.smbbmu.edu.pk/beta/uploads/gallery/events/1453098908DSC01073_thumb.JPG,https://www.smbbmu.edu.pk/beta/news/details/assessment-team-visit-to-biochemistry-department-08-11-2012
images/news/1453098904dsc01063-thumb.jpg,https://www.smbbmu.edu.pk/beta/uploads/gallery/events/1453098904DSC01063_thumb.JPG,https://www.smbbmu.edu.pk/beta/news/details/assessment-team-visit-to-biochemistry-department-08-11-2012
images/news/1453098904dsc01069-thumb.jpg,https://www.smbbmu.edu.pk/beta/uploads/gallery/events/1453098904DSC01069_thumb.JPG,https://www.smbbmu.edu.pk/beta/news/details/assessment-team-visit-to-biochemistry-department-08-11-2012
images/news/1453098919dsc01101-thumb-6ba805b1.jpg,https://www.smbbmu.edu.pk/beta/uploads/gallery/events/thumbs/1453098919DSC01101_thumb.JPG,https://www.smbbmu.edu.pk/beta/news/details/assessment-team-visit-to-biochemistry-department-08-11-2012
images/news/1453098917dsc01099-thumb-c3753acf.jpg,https://www.smbbmu.edu.pk/beta/uploads/gallery/events/thumbs/1453098917DSC01099_thumb.JPG,https://www.smbbmu.edu.pk/beta/news/details/assessment-team-visit-to-biochemistry-department-08-11-2012
images/news/1453098917dsc01100-thumb-9a5b36d5.jpg,https://www.smbbmu.edu.pk/beta/uploads/gallery/events/thumbs/1453098917DSC01100_thumb.JPG,https://www.smbbmu.edu.pk/beta/news/details/assessment-team-visit-to-biochemistry-department-08-11-2012
images/news/1453098915dsc01085-thumb-91f72637.jpg,https://www.smbbmu.edu.pk/beta/uploads/gallery/events/thumbs/1453098915DSC01085_thumb.JPG,https://www.smbbmu.edu.pk/beta/news/details/assessment-team-visit-to-biochemistry-department-08-11-2012
images/news/1453098915dsc01087-thumb-f9af96d4.jpg,https://www.smbbmu.edu.pk/beta/uploads/gallery/events/thumbs/1453098915DSC01087_thumb.JPG,https://www.smbbmu.edu.pk/beta/news/details/assessment-team-visit-to-biochemistry-department-08-11-2012
images/news/1453098912dsc01080-thumb-fcfbeacb.jpg,https://www.smbbmu.edu.pk/beta/uploads/gallery/events/thumbs/1453098912DSC01080_thumb.JPG,https://www.smbbmu.edu.pk/beta/news/details/assessment-team-visit-to-biochemistry-department-08-11-2012
images/news/1453098912dsc01081-thumb-bb2c6965.jpg,https://www.smbbmu.edu.pk/beta/uploads/gallery/events/thumbs/1453098912DSC01081_thumb.JPG,https://www.smbbmu.edu.pk/beta/news/details/assessment-team-visit-to-biochemistry-department-08-11-2012
images/news/1453098910dsc01079-thumb-fd31d630.jpg,https://www.smbbmu.edu.pk/beta/uploads/gallery/events/thumbs/1453098910DSC01079_thumb.JPG,https://www.smbbmu.edu.pk/beta/news/details/assessment-team-visit-to-biochemistry-department-08-11-2012
images/news/1453098910dsc01075-thumb-ae72774c.jpg,https://www.smbbmu.edu.pk/beta/uploads/gallery/events/thumbs/1453098910DSC01075_thumb.JPG,https://www.smbbmu.edu.pk/beta/news/details/assessment-team-visit-to-biochemistry-department-08-11-2012
images/news/1453098908dsc01072-thumb-168838f7.jpg,https://www.smbbmu.edu.pk/beta/uploads/gallery/events/thumbs/1453098908DSC01072_thumb.JPG,https://www.smbbmu.edu.pk/beta/news/details/assessment-team-visit-to-biochemistry-department-08-11-2012
images/news/1453098908dsc01073-thumb-2301645d.jpg,https://www.smbbmu.edu.pk/beta/uploads/gallery/events/thumbs/1453098908DSC01073_thumb.JPG,https://www.smbbmu.edu.pk/beta/news/details/assessment-team-visit-to-biochemistry-department-08-11-2012
images/news/1453098904dsc01063-thumb-33548051.jpg,https://www.smbbmu.edu.pk/beta/uploads/gallery/events/thumbs/1453098904DSC01063_thumb.JPG,https://www.smbbmu.edu.pk/beta/news/details/assessment-team-visit-to-biochemistry-department-08-11-2012
images/news/1453098904dsc01069-thumb-f2e8ace8.jpg,https://www.smbbmu.edu.pk/beta/uploads/gallery/events/thumbs/1453098904DSC01069_thumb.JPG,https://www.smbbmu.edu.pk/beta/news/details/assessment-team-visit-to-biochemistry-department-08-11-2012
images/news/1453101383dsc01283-thumb.jpg,https://www.smbbmu.edu.pk/beta/uploads/gallery/events/1453101383DSC01283_thumb.JPG,https://www.smbbmu.edu.pk/beta/news/details/assessment-team-visit-to-gynae-department-17-11-2012
images/news/1453101380dsc01281-thumb.jpg,https://www.smbbmu.edu.pk/beta/uploads/gallery/events/1453101380DSC01281_thumb.JPG,https://www.smbbmu.edu.pk/beta/news/details/assessment-team-visit-to-gynae-department-17-11-2012
images/news/1453101380dsc01280-thumb.jpg,https://www.smbbmu.edu.pk/beta/uploads/gallery/events/1453101380DSC01280_thumb.JPG,https://www.smbbmu.edu.pk/beta/news/details/assessment-team-visit-to-gynae-department-17-11-2012
images/news/1453101378dsc01266-thumb.jpg,https://www.smbbmu.edu.pk/beta/uploads/gallery/events/1453101378DSC01266_thumb.JPG,https://www.smbbmu.edu.pk/beta/news/details/assessment-team-visit-to-gynae-department-17-11-2012
images/news/1453101378dsc01262-thumb.jpg,https://www.smbbmu.edu.pk/beta/uploads/gallery/events/1453101378DSC01262_thumb.JPG,https://www.smbbmu.edu.pk/beta/news/details/assessment-team-visit-to-gynae-department-17-11-2012
images/news/1453101376dsc01260-thumb.jpg,https://www.smbbmu.edu.pk/beta/uploads/gallery/events/1453101376DSC01260_thumb.JPG,https://www.smbbmu.edu.pk/beta/news/details/assessment-team-visit-to-gynae-department-17-11-2012
images/news/1453101376dsc01259-thumb.jpg,https://www.smbbmu.edu.pk/beta/uploads/gallery/events/1453101376DSC01259_thumb.JPG,https://www.smbbmu.edu.pk/beta/news/details/assessment-team-visit-to-gynae-department-17-11-2012
images/news/1453101374dsc01258-thumb.jpg,https://www.smbbmu.edu.pk/beta/uploads/gallery/events/1453101374DSC01258_thumb.JPG,https://www.smbbmu.edu.pk/beta/news/details/assessment-team-visit-to-gynae-department-17-11-2012
images/news/1453101373dsc01257-thumb.jpg,https://www.smbbmu.edu.pk/beta/uploads/gallery/events/1453101373DSC01257_thumb.JPG,https://www.smbbmu.edu.pk/beta/news/details/assessment-team-visit-to-gynae-department-17-11-2012
images/news/1453101371dsc01256-thumb.jpg,https://www.smbbmu.edu.pk/beta/uploads/gallery/events/1453101371DSC01256_thumb.JPG,https://www.smbbmu.edu.pk/beta/news/details/assessment-team-visit-to-gynae-department-17-11-2012
images/news/1453101371dsc01246-thumb.jpg,https://www.smbbmu.edu.pk/beta/uploads/gallery/events/1453101371DSC01246_thumb.JPG,https://www.smbbmu.edu.pk/beta/news/details/assessment-team-visit-to-gynae-department-17-11-2012
images/news/1453101369dsc01245-thumb.jpg,https://www.smbbmu.edu.pk/beta/uploads/gallery/events/1453101369DSC01245_thumb.JPG,https://www.smbbmu.edu.pk/beta/news/details/assessment-team-visit-to-gynae-department-17-11-2012
images/news/1453101369dsc01244-thumb.jpg,https://www.smbbmu.edu.pk/beta/uploads/gallery/events/1453101369DSC01244_thumb.JPG,https://www.smbbmu.edu.pk/beta/news/details/assessment-team-visit-to-gynae-department-17-11-2012
images/news/1453101367dsc01243-thumb.jpg,https://www.smbbmu.edu.pk/beta/uploads/gallery/events/1453101367DSC01243_thumb.JPG,https://www.smbbmu.edu.pk/beta/news/details/assessment-team-visit-to-gynae-department-17-11-2012
images/news/1453101366dsc01242-thumb.jpg,https://www.smbbmu.edu.pk/beta/uploads/gallery/events/1453101366DSC01242_thumb.JPG,https://www.smbbmu.edu.pk/beta/news/details/assessment-team-visit-to-gynae-department-17-11-2012
images/news/1453101365dsc01240-thumb.jpg,https://www.smbbmu.edu.pk/beta/uploads/gallery/events/1453101365DSC01240_thumb.JPG,https://www.smbbmu.edu.pk/beta/news/details/assessment-team-visit-to-gynae-department-17-11-2012
images/news/1453101364dsc01237-thumb.jpg,https://www.smbbmu.edu.pk/beta/uploads/gallery/events/1453101364DSC01237_thumb.JPG,https://www.smbbmu.edu.pk/beta/news/details/assessment-team-visit-to-gynae-department-17-11-2012
images/news/1453101363dsc01231-thumb.jpg,https://www.smbbmu.edu.pk/beta/uploads/gallery/events/1453101363DSC01231_thumb.JPG,https://www.smbbmu.edu.pk/beta/news/details/assessment-team-visit-to-gynae-department-17-11-2012
images/news/1453101362dsc01200-thumb.jpg,https://www.smbbmu.edu.pk/beta/uploads/gallery/events/1453101362DSC01200_thumb.JPG,https://www.smbbmu.edu.pk/beta/news/details/assessment-team-visit-to-gynae-department-17-11-2012
images/news/1453101359dsc01199-thumb.jpg,https://www.smbbmu.edu.pk/beta/uploads/gallery/events/1453101359DSC01199_thumb.JPG,https://www.smbbmu.edu.pk/beta/news/details/assessment-team-visit-to-gynae-department-17-11-2012
images/news/1453101359dsc01196-thumb.jpg,https://www.smbbmu.edu.pk/beta/uploads/gallery/events/1453101359DSC01196_thumb.JPG,https://www.smbbmu.edu.pk/beta/news/details/assessment-team-visit-to-gynae-department-17-11-2012
images/news/1453101383dsc01283-thumb-df2bdfd3.jpg,https://www.smbbmu.edu.pk/beta/uploads/gallery/events/thumbs/1453101383DSC01283_thumb.JPG,https://www.smbbmu.edu.pk/beta/news/details/assessment-team-visit-to-gynae-department-17-11-2012
images/news/1453101380dsc01281-thumb-ebe0dc5d.jpg,https://www.smbbmu.edu.pk/beta/uploads/gallery/events/thumbs/1453101380DSC01281_thumb.JPG,https://www.smbbmu.edu.pk/beta/news/details/assessment-team-visit-to-gynae-department-17-11-2012
images/news/1453101380dsc01280-thumb-42126411.jpg,https://www.smbbmu.edu.pk/beta/uploads/gallery/events/thumbs/1453101380DSC01280_thumb.JPG,https://www.smbbmu.edu.pk/beta/news/details/assessment-team-visit-to-gynae-department-17-11-2012
images/news/1453101378dsc01266-thumb-ae7ee44a.jpg,https://www.smbbmu.edu.pk/beta/uploads/gallery/events/thumbs/1453101378DSC01266_thumb.JPG,https://www.smbbmu.edu.pk/beta/news/details/assessment-team-visit-to-gynae-department-17-11-2012
images/news/1453101378dsc01262-thumb-42a9fb6f.jpg,https://www.smbbmu.edu.pk/beta/uploads/gallery/events/thumbs/1453101378DSC01262_thumb.JPG,https://www.smbbmu.edu.pk/beta/news/details/assessment-team-visit-to-gynae-department-17-11-2012
images/news/1453101376dsc01260-thumb-a5488e1f.jpg,https://www.smbbmu.edu.pk/beta/uploads/gallery/events/thumbs/1453101376DSC01260_thumb.JPG,https://www.smbbmu.edu.pk/beta/news/details/assessment-team-visit-to-gynae-department-17-11-2012
images/news/1453101376dsc01259-thumb-a77887a0.jpg,https://www.smbbmu.edu.pk/beta/uploads/gallery/events/thumbs/1453101376DSC01259_thumb.JPG,https://www.smbbmu.edu.pk/beta/news/details/assessment-team-visit-to-gynae-department-17-11-2012
images/news/1453101374dsc01258-thumb-5c75cabf.jpg,https://www.smbbmu.edu.pk/beta/uploads/gallery/events/thumbs/1453101374DSC01258_thumb.JPG,https://www.smbbmu.edu.pk/beta/news/details/assessment-team-visit-to-gynae-department-17-11-2012
images/news/1453101373dsc01257-thumb-35f142e2.jpg,https://www.smbbmu.edu.pk/beta/uploads/gallery/events/thumbs/1453101373DSC01257_thumb.JPG,https://www.smbbmu.edu.pk/beta/news/details/assessment-team-visit-to-gynae-department-17-11-2012
images/news/1453101371dsc01256-thumb-cd22b3aa.jpg,https://www.smbbmu.edu.pk/beta/uploads/gallery/events/thumbs/1453101371DSC01256_thumb.JPG,https://www.smbbmu.edu.pk/beta/news/details/assessment-team-visit-to-gynae-department-17-11-2012
images/news/1453101371dsc01246-thumb-5152e3f1.jpg,https://www.smbbmu.edu.pk/beta/uploads/gallery/events/thumbs/1453101371DSC01246_thumb.JPG,https://www.smbbmu.edu.pk/beta/news/details/assessment-team-visit-to-gynae-department-17-11-2012
images/news/1453101369dsc01245-thumb-c59e871e.jpg,https://www.smbbmu.edu.pk/beta/uploads/gallery/events/thumbs/1453101369DSC01245_thumb.JPG,https://www.smbbmu.edu.pk/beta/news/details/assessment-team-visit-to-gynae-department-17-11-2012
images/news/1453101367dsc01243-thumb-efcb6992.jpg,https://www.smbbmu.edu.pk/beta/uploads/gallery/events/thumbs/1453101367DSC01243_thumb.JPG,https://www.smbbmu.edu.pk/beta/news/details/assessment-team-visit-to-gynae-department-17-11-2012
images/news/1453101366dsc01242-thumb-a029d9ea.jpg,https://www.smbbmu.edu.pk/beta/uploads/gallery/events/thumbs/1453101366DSC01242_thumb.JPG,https://www.smbbmu.edu.pk/beta/news/details/assessment-team-visit-to-gynae-department-17-11-2012
images/news/1453101365dsc01240-thumb-7f82a710.jpg,https://www.smbbmu.edu.pk/beta/uploads/gallery/events/thumbs/1453101365DSC01240_thumb.JPG,https://www.smbbmu.edu.pk/beta/news/details/assessment-team-visit-to-gynae-department-17-11-2012
images/news/1453101364dsc01237-thumb-0d04a28e.jpg,https://www.smbbmu.edu.pk/beta/uploads/gallery/events/thumbs/1453101364DSC01237_thumb.JPG,https://www.smbbmu.edu.pk/beta/news/details/assessment-team-visit-to-gynae-department-17-11-2012
images/news/1453101363dsc01231-thumb-40dd011d.jpg,https://www.smbbmu.edu.pk/beta/uploads/gallery/events/thumbs/1453101363DSC01231_thumb.JPG,https://www.smbbmu.edu.pk/beta/news/details/assessment-team-visit-to-gynae-department-17-11-2012
images/news/1453101362dsc01200-thumb-598bcb9c.jpg,https://www.smbbmu.edu.pk/beta/uploads/gallery/events/thumbs/1453101362DSC01200_thumb.JPG,https://www.smbbmu.edu.pk/beta/news/details/assessment-team-visit-to-gynae-department-17-11-2012
images/news/1453101359dsc01199-thumb-cd695948.jpg,https://www.smbbmu.edu.pk/beta/uploads/gallery/events/thumbs/1453101359DSC01199_thumb.JPG,https://www.smbbmu.edu.pk/beta/news/details/assessment-team-visit-to-gynae-department-17-11-2012
images/news/1453101359dsc01196-thumb-05ce29ea.jpg,https://www.smbbmu.edu.pk/beta/uploads/gallery/events/thumbs/1453101359DSC01196_thumb.JPG,https://www.smbbmu.edu.pk/beta/news/details/assessment-team-visit-to-gynae-department-17-11-2012
images/news/1453101820dsc01192-thumb.jpg,https://www.smbbmu.edu.pk/beta/uploads/gallery/events/1453101820DSC01192_thumb.JPG,https://www.smbbmu.edu.pk/beta/news/details/assessment-team-visit-to-paediatric-department-17-11-2012
images/news/1453101820dsc01191-thumb.jpg,https://www.smbbmu.edu.pk/beta/uploads/gallery/events/1453101820DSC01191_thumb.JPG,https://www.smbbmu.edu.pk/beta/news/details/assessment-team-visit-to-paediatric-department-17-11-2012
images/news/1453101818dsc01190-thumb.jpg,https://www.smbbmu.edu.pk/beta/uploads/gallery/events/1453101818DSC01190_thumb.JPG,https://www.smbbmu.edu.pk/beta/news/details/assessment-team-visit-to-paediatric-department-17-11-2012
images/news/1453101818dsc01180-thumb.jpg,https://www.smbbmu.edu.pk/beta/uploads/gallery/events/1453101818DSC01180_thumb.JPG,https://www.smbbmu.edu.pk/beta/news/details/assessment-team-visit-to-paediatric-department-17-11-2012
images/news/1453101816dsc01179-thumb.jpg,https://www.smbbmu.edu.pk/beta/uploads/gallery/events/1453101816DSC01179_thumb.JPG,https://www.smbbmu.edu.pk/beta/news/details/assessment-team-visit-to-paediatric-department-17-11-2012
images/news/1453101816dsc01170-thumb.jpg,https://www.smbbmu.edu.pk/beta/uploads/gallery/events/1453101816DSC01170_thumb.JPG,https://www.smbbmu.edu.pk/beta/news/details/assessment-team-visit-to-paediatric-department-17-11-2012
images/news/1453101813dsc01165-thumb.jpg,https://www.smbbmu.edu.pk/beta/uploads/gallery/events/1453101813DSC01165_thumb.JPG,https://www.smbbmu.edu.pk/beta/news/details/assessment-team-visit-to-paediatric-department-17-11-2012
images/news/1453101813dsc01166-thumb.jpg,https://www.smbbmu.edu.pk/beta/uploads/gallery/events/1453101813DSC01166_thumb.JPG,https://www.smbbmu.edu.pk/beta/news/details/assessment-team-visit-to-paediatric-department-17-11-2012
images/news/1453101811dsc01164-thumb.jpg,https://www.smbbmu.edu.pk/beta/uploads/gallery/events/1453101811DSC01164_thumb.JPG,https://www.smbbmu.edu.pk/beta/news/details/assessment-team-visit-to-paediatric-department-17-11-2012
images/news/1453101811dsc01163-thumb.jpg,https://www.smbbmu.edu.pk/beta/uploads/gallery/events/1453101811DSC01163_thumb.JPG,https://www.smbbmu.edu.pk/beta/news/details/assessment-team-visit-to-paediatric-department-17-11-2012
images/news/1453101809dsc01161-thumb.jpg,https://www.smbbmu.edu.pk/beta/uploads/gallery/events/1453101809DSC01161_thumb.JPG,https://www.smbbmu.edu.pk/beta/news/details/assessment-team-visit-to-paediatric-department-17-11-2012
images/news/1453101809dsc01159-thumb.jpg,https://www.smbbmu.edu.pk/beta/uploads/gallery/events/1453101809DSC01159_thumb.JPG,https://www.smbbmu.edu.pk/beta/news/details/assessment-team-visit-to-paediatric-department-17-11-2012
images/news/1453101807dsc01156-thumb.jpg,https://www.smbbmu.edu.pk/beta/uploads/gallery/events/1453101807DSC01156_thumb.JPG,https://www.smbbmu.edu.pk/beta/news/details/assessment-team-visit-to-paediatric-department-17-11-2012
images/news/1453101807dsc01149-thumb.jpg,https://www.smbbmu.edu.pk/beta/uploads/gallery/events/1453101807DSC01149_thumb.JPG,https://www.smbbmu.edu.pk/beta/news/details/assessment-team-visit-to-paediatric-department-17-11-2012
images/news/1453101804dsc01146-thumb.jpg,https://www.smbbmu.edu.pk/beta/uploads/gallery/events/1453101804DSC01146_thumb.JPG,https://www.smbbmu.edu.pk/beta/news/details/assessment-team-visit-to-paediatric-department-17-11-2012
images/news/1453101804dsc01148-thumb.jpg,https://www.smbbmu.edu.pk/beta/uploads/gallery/events/1453101804DSC01148_thumb.JPG,https://www.smbbmu.edu.pk/beta/news/details/assessment-team-visit-to-paediatric-department-17-11-2012
images/news/1453101801dsc01144-thumb.jpg,https://www.smbbmu.edu.pk/beta/uploads/gallery/events/1453101801DSC01144_thumb.JPG,https://www.smbbmu.edu.pk/beta/news/details/assessment-team-visit-to-paediatric-department-17-11-2012
images/news/1453101801dsc01145-thumb.jpg,https://www.smbbmu.edu.pk/beta/uploads/gallery/events/1453101801DSC01145_thumb.JPG,https://www.smbbmu.edu.pk/beta/news/details/assessment-team-visit-to-paediatric-department-17-11-2012
images/news/1453101820dsc01192-thumb-a00eb916.jpg,https://www.smbbmu.edu.pk/beta/uploads/gallery/events/thumbs/1453101820DSC01192_thumb.JPG,https://www.smbbmu.edu.pk/beta/news/details/assessment-team-visit-to-paediatric-department-17-11-2012
images/news/1453101820dsc01191-thumb-09ebe2c3.jpg,https://www.smbbmu.edu.pk/beta/uploads/gallery/events/thumbs/1453101820DSC01191_thumb.JPG,https://www.smbbmu.edu.pk/beta/news/details/assessment-team-visit-to-paediatric-department-17-11-2012
images/news/1453101818dsc01190-thumb-adc72d98.jpg,https://www.smbbmu.edu.pk/beta/uploads/gallery/events/thumbs/1453101818DSC01190_thumb.JPG,https://www.smbbmu.edu.pk/beta/news/details/assessment-team-visit-to-paediatric-department-17-11-2012
images/news/1453101818dsc01180-thumb-63375498.jpg,https://www.smbbmu.edu.pk/beta/uploads/gallery/events/thumbs/1453101818DSC01180_thumb.JPG,https://www.smbbmu.edu.pk/beta/news/details/assessment-team-visit-to-paediatric-department-17-11-2012
images/news/1453101816dsc01179-thumb-d79df585.jpg,https://www.smbbmu.edu.pk/beta/uploads/gallery/events/thumbs/1453101816DSC01179_thumb.JPG,https://www.smbbmu.edu.pk/beta/news/details/assessment-team-visit-to-paediatric-department-17-11-2012
images/news/1453101816dsc01170-thumb-a40f3c28.jpg,https://www.smbbmu.edu.pk/beta/uploads/gallery/events/thumbs/1453101816DSC01170_thumb.JPG,https://www.smbbmu.edu.pk/beta/news/details/assessment-team-visit-to-paediatric-department-17-11-2012
images/news/1453101813dsc01165-thumb-ed1f83ea.jpg,https://www.smbbmu.edu.pk/beta/uploads/gallery/events/thumbs/1453101813DSC01165_thumb.JPG,https://www.smbbmu.edu.pk/beta/news/details/assessment-team-visit-to-paediatric-department-17-11-2012
images/news/1453101813dsc01166-thumb-71fa07cc.jpg,https://www.smbbmu.edu.pk/beta/uploads/gallery/events/thumbs/1453101813DSC01166_thumb.JPG,https://www.smbbmu.edu.pk/beta/news/details/assessment-team-visit-to-paediatric-department-17-11-2012
images/news/1453101811dsc01164-thumb-5d751dcc.jpg,https://www.smbbmu.edu.pk/beta/uploads/gallery/events/thumbs/1453101811DSC01164_thumb.JPG,https://www.smbbmu.edu.pk/beta/news/details/assessment-team-visit-to-paediatric-department-17-11-2012
images/news/1453101811dsc01163-thumb-a43f34fa.jpg,https://www.smbbmu.edu.pk/beta/uploads/gallery/events/thumbs/1453101811DSC01163_thumb.JPG,https://www.smbbmu.edu.pk/beta/news/details/assessment-team-visit-to-paediatric-department-17-11-2012
images/news/1453101809dsc01161-thumb-b2d59e6c.jpg,https://www.smbbmu.edu.pk/beta/uploads/gallery/events/thumbs/1453101809DSC01161_thumb.JPG,https://www.smbbmu.edu.pk/beta/news/details/assessment-team-visit-to-paediatric-department-17-11-2012
images/news/1453101809dsc01159-thumb-7ef6b127.jpg,https://www.smbbmu.edu.pk/beta/uploads/gallery/events/thumbs/1453101809DSC01159_thumb.JPG,https://www.smbbmu.edu.pk/beta/news/details/assessment-team-visit-to-paediatric-department-17-11-2012
images/news/1453101807dsc01156-thumb-eeb091c6.jpg,https://www.smbbmu.edu.pk/beta/uploads/gallery/events/thumbs/1453101807DSC01156_thumb.JPG,https://www.smbbmu.edu.pk/beta/news/details/assessment-team-visit-to-paediatric-department-17-11-2012
images/news/1453101807dsc01149-thumb-3e4a369a.jpg,https://www.smbbmu.edu.pk/beta/uploads/gallery/events/thumbs/1453101807DSC01149_thumb.JPG,https://www.smbbmu.edu.pk/beta/news/details/assessment-team-visit-to-paediatric-department-17-11-2012
images/news/1453101804dsc01146-thumb-bc4c5733.jpg,https://www.smbbmu.edu.pk/beta/uploads/gallery/events/thumbs/1453101804DSC01146_thumb.JPG,https://www.smbbmu.edu.pk/beta/news/details/assessment-team-visit-to-paediatric-department-17-11-2012
images/news/1453101804dsc01148-thumb-25639c44.jpg,https://www.smbbmu.edu.pk/beta/uploads/gallery/events/thumbs/1453101804DSC01148_thumb.JPG,https://www.smbbmu.edu.pk/beta/news/details/assessment-team-visit-to-paediatric-department-17-11-2012
images/news/1453101801dsc01144-thumb-fbd454bf.jpg,https://www.smbbmu.edu.pk/beta/uploads/gallery/events/thumbs/1453101801DSC01144_thumb.JPG,https://www.smbbmu.edu.pk/beta/news/details/assessment-team-visit-to-paediatric-department-17-11-2012
images/news/1453101801dsc01145-thumb-5ea3b790.jpg,https://www.smbbmu.edu.pk/beta/uploads/gallery/events/thumbs/1453101801DSC01145_thumb.JPG,https://www.smbbmu.edu.pk/beta/news/details/assessment-team-visit-to-paediatric-department-17-11-2012
images/news/1453098620dsc01027-thumb.jpg,https://www.smbbmu.edu.pk/beta/uploads/gallery/events/1453098620DSC01027_thumb.JPG,https://www.smbbmu.edu.pk/beta/news/details/assessment-team-visit-to-anatomy-department-25-10-2012
images/news/1453098619dsc01020-thumb.jpg,https://www.smbbmu.edu.pk/beta/uploads/gallery/events/1453098619DSC01020_thumb.JPG,https://www.smbbmu.edu.pk/beta/news/details/assessment-team-visit-to-anatomy-department-25-10-2012
images/news/1453098618dsc01019-thumb.jpg,https://www.smbbmu.edu.pk/beta/uploads/gallery/events/1453098618DSC01019_thumb.JPG,https://www.smbbmu.edu.pk/beta/news/details/assessment-team-visit-to-anatomy-department-25-10-2012
images/news/1453098617dsc01016-thumb.jpg,https://www.smbbmu.edu.pk/beta/uploads/gallery/events/1453098617DSC01016_thumb.JPG,https://www.smbbmu.edu.pk/beta/news/details/assessment-team-visit-to-anatomy-department-25-10-2012
images/news/1453098617dsc01018-thumb.jpg,https://www.smbbmu.edu.pk/beta/uploads/gallery/events/1453098617DSC01018_thumb.JPG,https://www.smbbmu.edu.pk/beta/news/details/assessment-team-visit-to-anatomy-department-25-10-2012
images/news/1453098614dsc01015-thumb.jpg,https://www.smbbmu.edu.pk/beta/uploads/gallery/events/1453098614DSC01015_thumb.JPG,https://www.smbbmu.edu.pk/beta/news/details/assessment-team-visit-to-anatomy-department-25-10-2012
images/news/1453098614dsc01014-thumb.jpg,https://www.smbbmu.edu.pk/beta/uploads/gallery/events/1453098614DSC01014_thumb.JPG,https://www.smbbmu.edu.pk/beta/news/details/assessment-team-visit-to-anatomy-department-25-10-2012
images/news/1453098620dsc01027-thumb-ec2c16b9.jpg,https://www.smbbmu.edu.pk/beta/uploads/gallery/events/thumbs/1453098620DSC01027_thumb.JPG,https://www.smbbmu.edu.pk/beta/news/details/assessment-team-visit-to-anatomy-department-25-10-2012
images/news/1453098619dsc01020-thumb-69126458.jpg,https://www.smbbmu.edu.pk/beta/uploads/gallery/events/thumbs/1453098619DSC01020_thumb.JPG,https://www.smbbmu.edu.pk/beta/news/details/assessment-team-visit-to-anatomy-department-25-10-2012
images/news/1453098618dsc01019-thumb-e911683f.jpg,https://www.smbbmu.edu.pk/beta/uploads/gallery/events/thumbs/1453098618DSC01019_thumb.JPG,https://www.smbbmu.edu.pk/beta/news/details/assessment-team-visit-to-anatomy-department-25-10-2012
images/news/1453098617dsc01016-thumb-7b5c19a1.jpg,https://www.smbbmu.edu.pk/beta/uploads/gallery/events/thumbs/1453098617DSC01016_thumb.JPG,https://www.smbbmu.edu.pk/beta/news/details/assessment-team-visit-to-anatomy-department-25-10-2012
images/news/1453098617dsc01018-thumb-bd6ca6b7.jpg,https://www.smbbmu.edu.pk/beta/uploads/gallery/events/thumbs/1453098617DSC01018_thumb.JPG,https://www.smbbmu.edu.pk/beta/news/details/assessment-team-visit-to-anatomy-department-25-10-2012
images/news/1453098614dsc01015-thumb-da3572e1.jpg,https://www.smbbmu.edu.pk/beta/uploads/gallery/events/thumbs/1453098614DSC01015_thumb.JPG,https://www.smbbmu.edu.pk/beta/news/details/assessment-team-visit-to-anatomy-department-25-10-2012
images/news/1453098614dsc01014-thumb-387658e2.jpg,https://www.smbbmu.edu.pk/beta/uploads/gallery/events/thumbs/1453098614DSC01014_thumb.JPG,https://www.smbbmu.edu.pk/beta/news/details/assessment-team-visit-to-anatomy-department-25-10-2012
images/news/1453101627img-3423-thumb.jpg,https://www.smbbmu.edu.pk/beta/uploads/gallery/events/1453101627IMG_3423_thumb.JPG,https://www.smbbmu.edu.pk/beta/news/details/assessment-team-visit-to-ophthalmology-department-07-11-2012
images/news/1453101627img-3417-thumb.jpg,https://www.smbbmu.edu.pk/beta/uploads/gallery/events/1453101627IMG_3417_thumb.JPG,https://www.smbbmu.edu.pk/beta/news/details/assessment-team-visit-to-ophthalmology-department-07-11-2012
images/news/1453101626img-3416-thumb.jpg,https://www.smbbmu.edu.pk/beta/uploads/gallery/events/1453101626IMG_3416_thumb.JPG,https://www.smbbmu.edu.pk/beta/news/details/assessment-team-visit-to-ophthalmology-department-07-11-2012
images/news/1453101626img-3412-thumb.jpg,https://www.smbbmu.edu.pk/beta/uploads/gallery/events/1453101626IMG_3412_thumb.JPG,https://www.smbbmu.edu.pk/beta/news/details/assessment-team-visit-to-ophthalmology-department-07-11-2012
images/news/1453101624img-3372-thumb.jpg,https://www.smbbmu.edu.pk/beta/uploads/gallery/events/1453101624IMG_3372_thumb.JPG,https://www.smbbmu.edu.pk/beta/news/details/assessment-team-visit-to-ophthalmology-department-07-11-2012
images/news/1453101624img-3396-thumb.jpg,https://www.smbbmu.edu.pk/beta/uploads/gallery/events/1453101624IMG_3396_thumb.JPG,https://www.smbbmu.edu.pk/beta/news/details/assessment-team-visit-to-ophthalmology-department-07-11-2012
images/news/1453101622img-3371-thumb.jpg,https://www.smbbmu.edu.pk/beta/uploads/gallery/events/1453101622IMG_3371_thumb.JPG,https://www.smbbmu.edu.pk/beta/news/details/assessment-team-visit-to-ophthalmology-department-07-11-2012
images/news/1453101622img-3370-thumb.jpg,https://www.smbbmu.edu.pk/beta/uploads/gallery/events/1453101622IMG_3370_thumb.JPG,https://www.smbbmu.edu.pk/beta/news/details/assessment-team-visit-to-ophthalmology-department-07-11-2012
images/news/1453101620img-3369-thumb.jpg,https://www.smbbmu.edu.pk/beta/uploads/gallery/events/1453101620IMG_3369_thumb.JPG,https://www.smbbmu.edu.pk/beta/news/details/assessment-team-visit-to-ophthalmology-department-07-11-2012
images/news/1453101620img-3347-thumb.jpg,https://www.smbbmu.edu.pk/beta/uploads/gallery/events/1453101620IMG_3347_thumb.JPG,https://www.smbbmu.edu.pk/beta/news/details/assessment-team-visit-to-ophthalmology-department-07-11-2012
images/news/1453101618img-3345-thumb.jpg,https://www.smbbmu.edu.pk/beta/uploads/gallery/events/1453101618IMG_3345_thumb.JPG,https://www.smbbmu.edu.pk/beta/news/details/assessment-team-visit-to-ophthalmology-department-07-11-2012
images/news/1453101618img-3338-thumb.jpg,https://www.smbbmu.edu.pk/beta/uploads/gallery/events/1453101618IMG_3338_thumb.JPG,https://www.smbbmu.edu.pk/beta/news/details/assessment-team-visit-to-ophthalmology-department-07-11-2012
images/news/1453101616img-3317-thumb.jpg,https://www.smbbmu.edu.pk/beta/uploads/gallery/events/1453101616IMG_3317_thumb.JPG,https://www.smbbmu.edu.pk/beta/news/details/assessment-team-visit-to-ophthalmology-department-07-11-2012
images/news/1453101614img-3288-thumb.jpg,https://www.smbbmu.edu.pk/beta/uploads/gallery/events/1453101614IMG_3288_thumb.JPG,https://www.smbbmu.edu.pk/beta/news/details/assessment-team-visit-to-ophthalmology-department-07-11-2012
images/news/1453101614img-3287-thumb.jpg,https://www.smbbmu.edu.pk/beta/uploads/gallery/events/1453101614IMG_3287_thumb.JPG,https://www.smbbmu.edu.pk/beta/news/details/assessment-team-visit-to-ophthalmology-department-07-11-2012
images/news/1453101611dsc01062-thumb.jpg,https://www.smbbmu.edu.pk/beta/uploads/gallery/events/1453101611DSC01062_thumb.JPG,https://www.smbbmu.edu.pk/beta/news/details/assessment-team-visit-to-ophthalmology-department-07-11-2012
images/news/1453101611dsc01061-thumb.jpg,https://www.smbbmu.edu.pk/beta/uploads/gallery/events/1453101611DSC01061_thumb.JPG,https://www.smbbmu.edu.pk/beta/news/details/assessment-team-visit-to-ophthalmology-department-07-11-2012
images/news/1453101627img-3423-thumb-ca28a9f8.jpg,https://www.smbbmu.edu.pk/beta/uploads/gallery/events/thumbs/1453101627IMG_3423_thumb.JPG,https://www.smbbmu.edu.pk/beta/news/details/assessment-team-visit-to-ophthalmology-department-07-11-2012
images/news/1453101627img-3417-thumb-5dc96624.jpg,https://www.smbbmu.edu.pk/beta/uploads/gallery/events/thumbs/1453101627IMG_3417_thumb.JPG,https://www.smbbmu.edu.pk/beta/news/details/assessment-team-visit-to-ophthalmology-department-07-11-2012
images/news/1453101626img-3416-thumb-23862656.jpg,https://www.smbbmu.edu.pk/beta/uploads/gallery/events/thumbs/1453101626IMG_3416_thumb.JPG,https://www.smbbmu.edu.pk/beta/news/details/assessment-team-visit-to-ophthalmology-department-07-11-2012
images/news/1453101626img-3412-thumb-86c3b0ad.jpg,https://www.smbbmu.edu.pk/beta/uploads/gallery/events/thumbs/1453101626IMG_3412_thumb.JPG,https://www.smbbmu.edu.pk/beta/news/details/assessment-team-visit-to-ophthalmology-department-07-11-2012
images/news/1453101624img-3372-thumb-c9964d92.jpg,https://www.smbbmu.edu.pk/beta/uploads/gallery/events/thumbs/1453101624IMG_3372_thumb.JPG,https://www.smbbmu.edu.pk/beta/news/details/assessment-team-visit-to-ophthalmology-department-07-11-2012
images/news/1453101624img-3396-thumb-57d2085b.jpg,https://www.smbbmu.edu.pk/beta/uploads/gallery/events/thumbs/1453101624IMG_3396_thumb.JPG,https://www.smbbmu.edu.pk/beta/news/details/assessment-team-visit-to-ophthalmology-department-07-11-2012
images/news/1453101622img-3371-thumb-46b7d791.jpg,https://www.smbbmu.edu.pk/beta/uploads/gallery/events/thumbs/1453101622IMG_3371_thumb.JPG,https://www.smbbmu.edu.pk/beta/news/details/assessment-team-visit-to-ophthalmology-department-07-11-2012
images/news/1453101622img-3370-thumb-c648f414.jpg,https://www.smbbmu.edu.pk/beta/uploads/gallery/events/thumbs/1453101622IMG_3370_thumb.JPG,https://www.smbbmu.edu.pk/beta/news/details/assessment-team-visit-to-ophthalmology-department-07-11-2012
images/news/1453101620img-3369-thumb-0c54caf2.jpg,https://www.smbbmu.edu.pk/beta/uploads/gallery/events/thumbs/1453101620IMG_3369_thumb.JPG,https://www.smbbmu.edu.pk/beta/news/details/assessment-team-visit-to-ophthalmology-department-07-11-2012
images/news/1453101620img-3347-thumb-577f5956.jpg,https://www.smbbmu.edu.pk/beta/uploads/gallery/events/thumbs/1453101620IMG_3347_thumb.JPG,https://www.smbbmu.edu.pk/beta/news/details/assessment-team-visit-to-ophthalmology-department-07-11-2012
images/news/1453101618img-3345-thumb-56cc1579.jpg,https://www.smbbmu.edu.pk/beta/uploads/gallery/events/thumbs/1453101618IMG_3345_thumb.JPG,https://www.smbbmu.edu.pk/beta/news/details/assessment-team-visit-to-ophthalmology-department-07-11-2012
images/news/1453101618img-3338-thumb-120bf1a1.jpg,https://www.smbbmu.edu.pk/beta/uploads/gallery/events/thumbs/1453101618IMG_3338_thumb.JPG,https://www.smbbmu.edu.pk/beta/news/details/assessment-team-visit-to-ophthalmology-department-07-11-2012
images/news/1453101616img-3317-thumb-2ad57b76.jpg,https://www.smbbmu.edu.pk/beta/uploads/gallery/events/thumbs/1453101616IMG_3317_thumb.JPG,https://www.smbbmu.edu.pk/beta/news/details/assessment-team-visit-to-ophthalmology-department-07-11-2012
images/news/1453101616img-3292-thumb.jpg,https://www.smbbmu.edu.pk/beta/uploads/gallery/events/thumbs/1453101616IMG_3292_thumb.JPG,https://www.smbbmu.edu.pk/beta/news/details/assessment-team-visit-to-ophthalmology-department-07-11-2012
images/news/1453101614img-3288-thumb-c35b5290.jpg,https://www.smbbmu.edu.pk/beta/uploads/gallery/events/thumbs/1453101614IMG_3288_thumb.JPG,https://www.smbbmu.edu.pk/beta/news/details/assessment-team-visit-to-ophthalmology-department-07-11-2012
images/news/1453101614img-3287-thumb-ba1e53f2.jpg,https://www.smbbmu.edu.pk/beta/uploads/gallery/events/thumbs/1453101614IMG_3287_thumb.JPG,https://www.smbbmu.edu.pk/beta/news/details/assessment-team-visit-to-ophthalmology-department-07-11-2012
images/news/1453101611dsc01062-thumb-58fbc947.jpg,https://www.smbbmu.edu.pk/beta/uploads/gallery/events/thumbs/1453101611DSC01062_thumb.JPG,https://www.smbbmu.edu.pk/beta/news/details/assessment-team-visit-to-ophthalmology-department-07-11-2012
images/news/1453101611dsc01061-thumb-836e9a01.jpg,https://www.smbbmu.edu.pk/beta/uploads/gallery/events/thumbs/1453101611DSC01061_thumb.JPG,https://www.smbbmu.edu.pk/beta/news/details/assessment-team-visit-to-ophthalmology-department-07-11-2012
images/news/1761639712.jpg,https://www.smbbmu.edu.pk/beta/uploads/news/images/1761639712.jpg,https://www.smbbmu.edu.pk/beta/news/details/admission-in-postgraduate-courses-for-the-session-january-2026-10-28-2025
images/news/1749112887.jpg,https://www.smbbmu.edu.pk/beta/uploads/news/images/1749112887.jpg,https://www.smbbmu.edu.pk/beta/news/details/corrigendum-for-the-admission-to-postgraduate-courses-for-session-july-2025-06-05-2025
images/news/1748174660.jpg,https://www.smbbmu.edu.pk/beta/uploads/news/images/1748174660.jpg,https://www.smbbmu.edu.pk/beta/news/details/admission-to-postgraduate-courses-for-the-session-july-2025-05-25-2025
images/news/1730788454.jpg,https://www.smbbmu.edu.pk/beta/uploads/news/images/1730788454.jpg,https://www.smbbmu.edu.pk/beta/news/details/admissions-for-postgraduate-courses-for-session-january-2025-10-31-2024
images/news/1673365369.jpeg,https://www.smbbmu.edu.pk/beta/uploads/news/images/1673365369.jpeg,https://www.smbbmu.edu.pk/beta/news/details/postgraduate-interview-schedule-for-the-session-january-2023-at-smbb-medical-university-larkana-01-10-2023
images/news/1672229897.jpeg,https://www.smbbmu.edu.pk/beta/uploads/news/images/1672229897.jpeg,https://www.smbbmu.edu.pk/beta/news/details/schedule-for-the-entry-test-of-msc-msph-diploma-mcps-courses-december-2022-at-smbb-medical-university-larkana-12-28-2022
images/news/1672230205.jpeg,https://www.smbbmu.edu.pk/beta/uploads/news/images/1672230205.jpeg,https://www.smbbmu.edu.pk/beta/news/details/schedule-for-entry-test-for-the-phd-and-mphil-course-december-2022-at-smbb-medical-university-larkana-12-28-2022
images/news/1672230338.jpeg,https://www.smbbmu.edu.pk/beta/uploads/news/images/1672230338.jpeg,https://www.smbbmu.edu.pk/beta/news/details/schedule-for-entry-test-md-ms-part-i-december-2022-at-smbb-medical-university-larkana-12-28-2022
images/news/1672230715.jpeg,https://www.smbbmu.edu.pk/beta/uploads/news/images/1672230715.jpeg,https://www.smbbmu.edu.pk/beta/news/details/schedule-for-entry-tests-fcps-ii-training-programs-december-2022-at-smbb-medical-university-larkana-12-28-2022
images/news/1669807925.jpg,https://www.smbbmu.edu.pk/beta/uploads/news/images/1669807925.jpg,https://www.smbbmu.edu.pk/beta/news/details/pplications-on-prescribed-forms-are-invited-from-interested-in-service-private-candidates-for-admissions-to-trainingresidency-programs-as-given-below-for-the-session-january-2023-at-smbbmu-larkana-11-30-2022
images/news/1658923804.jpeg,https://www.smbbmu.edu.pk/beta/uploads/news/images/1658923804.jpeg,https://www.smbbmu.edu.pk/beta/news/details/announcement-if-result-of-post-graduate-entry-test-june-2022-session-july-2022-at-smbb-medical-university-larkana-07-27-2022
images/news/1658924041.jpg,https://www.smbbmu.edu.pk/beta/uploads/news/images/1658924041.jpg,https://www.smbbmu.edu.pk/beta/news/details/call-for-interviews-of-successful-candidates-of-post-graduate-entry-test-june-2022-session-july-2022-at-smbb-medical-university-larkana-07-27-2022
images/news/1656345814.jpg,https://www.smbbmu.edu.pk/beta/uploads/news/images/1656345814.jpg,https://www.smbbmu.edu.pk/beta/news/details/postponed-of-postgraduate-entry-test-for-the-july-2022-session-smbb-medical-university-larkana-06-27-2022
images/news/1653919151.jpg,https://www.smbbmu.edu.pk/beta/uploads/news/images/1653919151.jpg,https://www.smbbmu.edu.pk/beta/news/details/admissions-of-postgraduate-courses-for-the-session-of-july-2022-at-smbb-medical-university-larkana-05-30-2022
images/news/1640678703.jpg,https://www.smbbmu.edu.pk/beta/uploads/news/images/1640678703.jpg,https://www.smbbmu.edu.pk/beta/news/details/notice-for-interviews-of-fcps-ii-for-session-january-2021-22-12-22-2021
images/news/1774501028.jpeg,https://www.smbbmu.edu.pk/beta/uploads/news/images/1774501028.jpeg,https://www.smbbmu.edu.pk/beta/announcements/details/result-of-postgraduate-diploma-entry-test-session-january-2026-03-19-2026
images/news/1772531599.jpeg,https://www.smbbmu.edu.pk/beta/uploads/news/images/1772531599.jpeg,https://www.smbbmu.edu.pk/beta/announcements/details/time-table-theory-bsn-generic-year-iv-semester-viii-re-sit-examination-session-2020-21-03-02-2026
images/news/1770785332.jpeg,https://www.smbbmu.edu.pk/beta/uploads/news/images/1770785332.jpeg,https://www.smbbmu.edu.pk/beta/announcements/details/result-of-postgraduate-degree-diploma-theory-viva-voce-examination-session-september-2025-held-in-the-month-of-january-february-2026-02-10-2026
images/news/1770485829.jpg,https://www.smbbmu.edu.pk/beta/uploads/news/images/1770485829.jpg,https://www.smbbmu.edu.pk/beta/announcements/details/admisisons-to-diploma-courses-in-community-medicine-public-health-02-07-2026
images/news/1770703207.jpeg,https://www.smbbmu.edu.pk/beta/uploads/news/images/1770703207.jpeg,https://www.smbbmu.edu.pk/beta/announcements/details/result-of-postgraduate-degree-theory-and-viva-voce-examination-september-2025-held-in-the-month-of-january-2026-and-february-2026-02-06-2026
images/news/1769668024.jpeg,https://www.smbbmu.edu.pk/beta/uploads/news/images/1769668024.jpeg,https://www.smbbmu.edu.pk/beta/announcements/details/time-table-of-4th-5th-professional-pharm-d-annual-theory-ospe-examinations-session-2020-21-2019-20-of-smbbmu-larkana-01-28-2026
images/news/1765891862.jpeg,https://www.smbbmu.edu.pk/beta/uploads/news/images/1765891862.jpeg,https://www.smbbmu.edu.pk/beta/announcements/details/interview-postponement-notice-for-pg-courses-january-2026-session-12-16-2025
images/news/1764353259.jpeg,https://www.smbbmu.edu.pk/beta/uploads/news/images/1764353259.jpeg,https://www.smbbmu.edu.pk/beta/announcements/details/admisison-to-mphil-anatomy-session-january-2026-11-28-2025
images/news/1764312559.jpg,https://www.smbbmu.edu.pk/beta/uploads/news/images/1764312559.jpg,https://www.smbbmu.edu.pk/beta/announcements/details/notice-for-basic-life-support-bls-advanced-cardiovascular-life-support-acls-workshop-american-heart-association-aha-certified-11-20-2025
images/news/1763539715.jpeg,https://www.smbbmu.edu.pk/beta/uploads/news/images/1763539715.jpeg,https://www.smbbmu.edu.pk/beta/announcements/details/notice-for-prohibition-of-new-tobbaco-products-in-educational-institutes-across-sindh-11-19-2025
images/news/1763539867.jpeg,https://www.smbbmu.edu.pk/beta/uploads/news/images/1763539867.jpeg,https://www.smbbmu.edu.pk/beta/announcements/details/notice-for-anti-harrasment-inquiry-committee-of-smbbmu-larkana-11-19-2025
images/news/1763370237.jpg,https://www.smbbmu.edu.pk/beta/uploads/news/images/1763370237.jpg,https://www.smbbmu.edu.pk/beta/announcements/details/admission-for-certificate-in-health-professions-educationc-hpe-session-2026-11-17-2025
images/news/1762932834.jpeg,https://www.smbbmu.edu.pk/beta/uploads/news/images/1762932834.jpeg,https://www.smbbmu.edu.pk/beta/announcements/details/notice-to-affiliated-colleges-regarding-admission-announcement-11-11-2025
images/news/1761639712.jpg,https://www.smbbmu.edu.pk/beta/uploads/news/images/1761639712.jpg,https://www.smbbmu.edu.pk/beta/announcements/details/admission-in-postgraduate-courses-for-the-session-january-2026-10-28-2025
images/news/1759303104.jpeg,https://www.smbbmu.edu.pk/beta/uploads/news/images/1759303104.jpeg,https://www.smbbmu.edu.pk/beta/announcements/details/result-of-postgraduate-degree-diploma-examination-session-march-2025-10-01-2025
images/news/1758185856.jpg,https://www.smbbmu.edu.pk/beta/uploads/news/images/1758185856.jpg,https://www.smbbmu.edu.pk/beta/announcements/details/notice-for-the-students-to-apply-for-freeship-scholarship-2025-26-09-18-2025
images/news/1756209261.jpeg,https://www.smbbmu.edu.pk/beta/uploads/news/images/1756209261.jpeg,https://www.smbbmu.edu.pk/beta/announcements/details/circular-for-14th-annual-sports-week-08-25-2025
images/news/1755180846.jpg,https://www.smbbmu.edu.pk/beta/uploads/news/images/1755180846.jpg,https://www.smbbmu.edu.pk/beta/announcements/details/extension-of-date-for-submission-of-phd-physiology-application-forms-session-july-2025-08-14-2025
images/news/1753946081.jpeg,https://www.smbbmu.edu.pk/beta/uploads/news/images/1753946081.jpeg,https://www.smbbmu.edu.pk/beta/announcements/details/admissions-are-open-for-phd-in-physiology-07-31-2025
images/news/1750244631.jpeg,https://www.smbbmu.edu.pk/beta/uploads/news/images/1750244631.jpeg,https://www.smbbmu.edu.pk/beta/announcements/details/result-of-final-year-mbbs-supplementary-examination-for-session-2019-2020-held-in-the-month-of-may-2025-06-18-2025
images/news/1749728548.jpeg,https://www.smbbmu.edu.pk/beta/uploads/news/images/1749728548.jpeg,https://www.smbbmu.edu.pk/beta/announcements/details/sindh-educational-endowment-fund-trust-scholarship-06-12-2025
images/news/1749632621.jpg,https://www.smbbmu.edu.pk/beta/uploads/news/images/1749632621.jpg,https://www.smbbmu.edu.pk/beta/announcements/details/notice-for-anti-plagiarism-policy-of-hec-06-11-2025
images/news/1749112887.jpg,https://www.smbbmu.edu.pk/beta/uploads/news/images/1749112887.jpg,https://www.smbbmu.edu.pk/beta/announcements/details/corrigendum-for-the-admission-to-postgraduate-courses-for-session-july-2025-06-05-2025
images/news/1764051236.jpeg,https://www.smbbmu.edu.pk/beta/uploads/news/images/1764051236.jpeg,https://www.smbbmu.edu.pk/beta/announcements/details/revised-timetable-of-2nd-4th-professional-mbbs-supplementary-examinations-06-02-2025
images/news/1748341082.jpg,https://www.smbbmu.edu.pk/beta/uploads/news/images/1748341082.jpg,https://www.smbbmu.edu.pk/beta/announcements/details/renewal-of-ehsas-undergraduate-scholarship-program-05-27-2025
images/news/1748174660.jpg,https://www.smbbmu.edu.pk/beta/uploads/news/images/1748174660.jpg,https://www.smbbmu.edu.pk/beta/announcements/details/admission-to-postgraduate-courses-for-the-session-july-2025-05-25-2025
images/news/1747639982.jpg,https://www.smbbmu.edu.pk/beta/uploads/news/images/1747639982.jpg,https://www.smbbmu.edu.pk/beta/announcements/details/admission-for-certificate-in-health-professions-education-c-hpe-session-2025-batch-07-05-19-2025
images/news/1745669679.jpeg,https://www.smbbmu.edu.pk/beta/uploads/news/images/1745669679.jpeg,https://www.smbbmu.edu.pk/beta/announcements/details/timetable-of-2nd-3rd-professional-bds-annual-theory-ospe-osce-examination-session-2022-23-2021-22-of-smbbmu-badc-larkana-centre-04-25-2025
images/news/1745669782.jpeg,https://www.smbbmu.edu.pk/beta/uploads/news/images/1745669782.jpeg,https://www.smbbmu.edu.pk/beta/announcements/details/time-table-of-1st-professional-dpt-2nd-semester-regular-examination-session-2023-24-04-25-2025
images/news/1745669036.jpeg,https://www.smbbmu.edu.pk/beta/uploads/news/images/1745669036.jpeg,https://www.smbbmu.edu.pk/beta/announcements/details/notice-for-postponement-of-mphil-biochemistry-viva-voce-examinations-scheduled-for-24th-april-2025-04-23-2025
images/news/1745669102.jpeg,https://www.smbbmu.edu.pk/beta/uploads/news/images/1745669102.jpeg,https://www.smbbmu.edu.pk/beta/announcements/details/result-of-first-professional-dpt-first-semester-re-sit-examination-session-2023-2024-04-23-2025
images/news/1742879500.jpeg,https://www.smbbmu.edu.pk/beta/uploads/news/images/1742879500.jpeg,https://www.smbbmu.edu.pk/beta/announcements/details/notice-for-meeting-of-institutional-review-board-03-24-2025
images/news/1740810228.jpeg,https://www.smbbmu.edu.pk/beta/uploads/news/images/1740810228.jpeg,https://www.smbbmu.edu.pk/beta/announcements/details/guidelines-for-submitting-leave-requests-at-smbbmu-larkana-02-28-2025
images/news/1732896749.jpeg,https://www.smbbmu.edu.pk/beta/uploads/news/images/1732896749.jpeg,https://www.smbbmu.edu.pk/beta/announcements/details/result-of-postgraduate-degree-and-diploma-theory-examinations-session-march-2024-11-29-2024
images/news/1730792311.jpg,https://www.smbbmu.edu.pk/beta/uploads/news/images/1730792311.jpg,https://www.smbbmu.edu.pk/beta/announcements/details/admission-for-certificate-in-health-professions-educationc-hpe-session-2025-batch-06-11-04-2024
images/news/1730788454.jpg,https://www.smbbmu.edu.pk/beta/uploads/news/images/1730788454.jpg,https://www.smbbmu.edu.pk/beta/announcements/details/admissions-for-postgraduate-courses-for-session-january-2025-10-31-2024
images/news/1727709456.jpg,https://www.smbbmu.edu.pk/beta/uploads/news/images/1727709456.jpg,https://www.smbbmu.edu.pk/beta/announcements/details/result-of-ms-general-surgery-part-ll-postgraduate-degree-clinical-examination-session-march-2023-held-in-september-2024-09-30-2024
images/news/1725991905.jpeg,https://www.smbbmu.edu.pk/beta/uploads/news/images/1725991905.jpeg,https://www.smbbmu.edu.pk/beta/announcements/details/result-of-second-professional-pharm-d-second-year-supplementary-examination-session-2020-2021-of-institute-of-pharmacy-smbbmu-larkana-held-in-the-month-of-august-2024-09-05-2024
images/news/1725255852.jpeg,https://www.smbbmu.edu.pk/beta/uploads/news/images/1725255852.jpeg,https://www.smbbmu.edu.pk/beta/announcements/details/result-of-second-professional-dpt-third-semester-regular-examination-session-2020-2021-08-30-2024
images/news/1724481490.jpeg,https://www.smbbmu.edu.pk/beta/uploads/news/images/1724481490.jpeg,https://www.smbbmu.edu.pk/beta/announcements/details/result-of-fourth-professional-dpt-seventh-semester-regular-examination-session-2019-2020-of-institute-of-physiotherapy-rehabilitation-sciences-iprs-smbbmu-larkana-held-in-the-month-of-june-2024-08-23-2024
images/news/1724226392.jpg,https://www.smbbmu.edu.pk/beta/uploads/news/images/1724226392.jpg,https://www.smbbmu.edu.pk/beta/announcements/details/result-of-diploma-in-medical-jurisprudence-dmj-part-l-08-19-2024
images/news/1724056324.jpeg,https://www.smbbmu.edu.pk/beta/uploads/news/images/1724056324.jpeg,https://www.smbbmu.edu.pk/beta/announcements/details/result-of-ms-and-dgo-gynaecology-obsterics-clinical-examination-08-17-2024
images/news/1724056549.jpeg,https://www.smbbmu.edu.pk/beta/uploads/news/images/1724056549.jpeg,https://www.smbbmu.edu.pk/beta/announcements/details/time-table-of-mphil-biochemistry-1st-semester-viva-examination-session-march-2024-08-17-2024
images/news/1724056642.jpeg,https://www.smbbmu.edu.pk/beta/uploads/news/images/1724056642.jpeg,https://www.smbbmu.edu.pk/beta/announcements/details/time-table-of-ms-part-ii-diploma-in-ophthalmology-clinical-examinations-september-2023-08-17-2024
images/attachments/final-year-result-17223354932.jpeg,https://www.smbbmu.edu.pk/beta/news/downloadFile/final-year-result_17223354932.jpeg,https://www.smbbmu.edu.pk/beta/announcements/details/result-of-third-fourth-and-final-year-mbbs-supplementary-examination-of-gambat-medical-college-gambat-07-29-2024
images/attachments/fourth-year-result-17223354931.jpeg,https://www.smbbmu.edu.pk/beta/news/downloadFile/fourth-year-result_17223354931.jpeg,https://www.smbbmu.edu.pk/beta/announcements/details/result-of-third-fourth-and-final-year-mbbs-supplementary-examination-of-gambat-medical-college-gambat-07-29-2024
images/attachments/thirdyear-result-17223354930.jpeg,https://www.smbbmu.edu.pk/beta/news/downloadFile/thirdyear-result_17223354930.jpeg,https://www.smbbmu.edu.pk/beta/announcements/details/result-of-third-fourth-and-final-year-mbbs-supplementary-examination-of-gambat-medical-college-gambat-07-29-2024
images/news/1721807169.jpg,https://www.smbbmu.edu.pk/beta/uploads/news/images/1721807169.jpg,https://www.smbbmu.edu.pk/beta/announcements/details/notice-for-sindh-educational-endowment-fund-program-2024-25-07-24-2024
images/news/1721807900.jpg,https://www.smbbmu.edu.pk/beta/uploads/news/images/1721807900.jpg,https://www.smbbmu.edu.pk/beta/announcements/details/notice-for-need-cum-merit-scholarships-under-zakat-and-usher-department-govt-of-sindh-07-24-2024
images/news/1721807797.jpg,https://www.smbbmu.edu.pk/beta/uploads/news/images/1721807797.jpg,https://www.smbbmu.edu.pk/beta/announcements/details/notice-for-sanasindhi-association-of-north-america-scholarship-program-07-24-2024
images/news/1721823822.jpg,https://www.smbbmu.edu.pk/beta/uploads/news/images/1721823822.jpg,https://www.smbbmu.edu.pk/beta/announcements/details/schedule-of-clinical-examination-of-md-cardiology-part-ii-clinical-examination-session-september-2023-07-22-2024
images/news/1720543359.jpeg,https://www.smbbmu.edu.pk/beta/uploads/news/images/1720543359.jpeg,https://www.smbbmu.edu.pk/beta/announcements/details/result-of-postgraduate-degree-and-diploma-theory-examinations-september-2023-held-in-the-month-of-may-2024-07-09-2024
images/news/1720543453.jpeg,https://www.smbbmu.edu.pk/beta/uploads/news/images/1720543453.jpeg,https://www.smbbmu.edu.pk/beta/announcements/details/time-table-of-mphil-semester-i-theory-examinations-session-march-2024-07-08-2024
images/news/1720029992.jpeg,https://www.smbbmu.edu.pk/beta/uploads/news/images/1720029992.jpeg,https://www.smbbmu.edu.pk/beta/announcements/details/notice-for-interview-calls-for-fcps-ii-medicine-candidates-07-03-2024
images/news/1720030047.jpeg,https://www.smbbmu.edu.pk/beta/uploads/news/images/1720030047.jpeg,https://www.smbbmu.edu.pk/beta/announcements/details/notice-for-interview-calls-for-fcps-ii-gynae-obst-candidates-07-03-2024
images/news/1719569170.jpeg,https://www.smbbmu.edu.pk/beta/uploads/news/images/1719569170.jpeg,https://www.smbbmu.edu.pk/beta/announcements/details/result-of-postgraduate-degree-and-diploma-theory-examinations-september-2023-held-in-the-month-of-may-2024-06-28-2024
images/news/1718786340.jpeg,https://www.smbbmu.edu.pk/beta/uploads/news/images/1718786340.jpeg,https://www.smbbmu.edu.pk/beta/announcements/details/call-for-abstract-for-2nd-undergraduate-research-conference-2024-06-19-2024
images/attachments/result-page-2-17173914121.jpeg,https://www.smbbmu.edu.pk/beta/news/downloadFile/result-page-2_17173914121.jpeg,https://www.smbbmu.edu.pk/beta/announcements/details/result-of-bs-generic-year-ii-semester-iv-regular-examination-session-2020-21-05-27-2024
images/attachments/result-page-1-17173914120.jpeg,https://www.smbbmu.edu.pk/beta/news/downloadFile/result-page-1_17173914120.jpeg,https://www.smbbmu.edu.pk/beta/announcements/details/result-of-bs-generic-year-ii-semester-iv-regular-examination-session-2020-21-05-27-2024
images/news/1716544784.jpg,https://www.smbbmu.edu.pk/beta/uploads/news/images/1716544784.jpg,https://www.smbbmu.edu.pk/beta/announcements/details/circular-for-postgraduate-examinations-of-session-march-2024-for-mphil-physiology-programs-05-24-2024
images/news/1716721429.jpg,https://www.smbbmu.edu.pk/beta/uploads/news/images/1716721429.jpg,https://www.smbbmu.edu.pk/beta/announcements/details/webinar-on-us-clinical-rotations-for-the-students-of-smbb-medical-university-larkana-05-24-2024
images/news/1716544884.jpg,https://www.smbbmu.edu.pk/beta/uploads/news/images/1716544884.jpg,https://www.smbbmu.edu.pk/beta/announcements/details/result-of-bsn-post-rn-year-il-semester-iv-regular-examination-session-05-22-2024
images/news/1716545080.jpg,https://www.smbbmu.edu.pk/beta/uploads/news/images/1716545080.jpg,https://www.smbbmu.edu.pk/beta/announcements/details/result-of-third-professional-pharm-d-third-year-annual-examination-session-2019-2020-of-institute-of-pharmacy-smbbmu-larkana-held-in-the-month-of-march-2024-05-21-2024
images/news/1716544947.jpg,https://www.smbbmu.edu.pk/beta/uploads/news/images/1716544947.jpg,https://www.smbbmu.edu.pk/beta/announcements/details/result-of-second-professional-pharm-d-second-year-annual-examination-session-2020-2021-of-institute-of-pharmacy-smbbmu-larkana-held-in-the-month-of-march-05-20-2024
images/news/1715835409.jpg,https://www.smbbmu.edu.pk/beta/uploads/news/images/1715835409.jpg,https://www.smbbmu.edu.pk/beta/announcements/details/admissions-for-postgraduate-courses-for-session-july-2024-05-15-2024
images/news/1715924601.jpeg,https://www.smbbmu.edu.pk/beta/uploads/news/images/1715924601.jpeg,https://www.smbbmu.edu.pk/beta/announcements/details/rosult-of-first-professional-dpt-first-semester-re-sit-examination-session-2022-2023-05-11-2024
images/news/1714719913.jpg,https://www.smbbmu.edu.pk/beta/uploads/news/images/1714719913.jpg,https://www.smbbmu.edu.pk/beta/announcements/details/admission-for-certification-in-health-professions-education-c-hpe-session-2024-batch-05-05-03-2024
images/attachments/generic-1st-sem-reg-2022-23-1-17096180281.jpg,https://www.smbbmu.edu.pk/beta/news/downloadFile/GENERIC-1ST-SEM-REG-2022-23-1_17096180281.jpg,https://www.smbbmu.edu.pk/beta/announcements/details/result-of-bsgeneric-year-i-semester-i-regular-examination-of-smbbmu-and-its-affiliated-colleges-03-02-2024
images/attachments/generic-1st-sem-reg-2022-23-17096180280.jpg,https://www.smbbmu.edu.pk/beta/news/downloadFile/GENERIC-1ST-SEM-REG-2022-23_17096180280.jpg,https://www.smbbmu.edu.pk/beta/announcements/details/result-of-bsgeneric-year-i-semester-i-regular-examination-of-smbbmu-and-its-affiliated-colleges-03-02-2024
images/news/1707821457.jpg,https://www.smbbmu.edu.pk/beta/uploads/news/images/1707821457.jpg,https://www.smbbmu.edu.pk/beta/announcements/details/notice-for-day-one-celebration-of-batch-52-of-chandka-medical-college-larkana-and-batch-13-of-bibi-aseefa-dental-college-larkana-02-12-2024
images/news/1707821493.jpg,https://www.smbbmu.edu.pk/beta/uploads/news/images/1707821493.jpg,https://www.smbbmu.edu.pk/beta/announcements/details/notice-for-day-one-celebration-of-batch-21-of-ghulam-muhammad-mahar-medical-college-sukkur-02-12-2024
images/news/1706695404.jpg,https://www.smbbmu.edu.pk/beta/uploads/news/images/1706695404.jpg,https://www.smbbmu.edu.pk/beta/announcements/details/result-of-result-of-first-professional-dpt-first-semester-regular-examination-session-2022-2023-01-31-2024
images/news/1706521838.jpg,https://www.smbbmu.edu.pk/beta/uploads/news/images/1706521838.jpg,https://www.smbbmu.edu.pk/beta/announcements/details/result-of-bs-post-rn-year-i-semester-i-regular-examination-session-2022-23-01-29-2024
images/news/1706177128.jpg,https://www.smbbmu.edu.pk/beta/uploads/news/images/1706177128.jpg,https://www.smbbmu.edu.pk/beta/announcements/details/result-of-postgraduate-degree-clinical-examination-march-2023-held-in-the-month-of-january-2024-01-25-2024
images/attachments/generic-page-2-17050585290.jpg,https://www.smbbmu.edu.pk/beta/news/downloadFile/generic-page-2_17050585290.jpg,https://www.smbbmu.edu.pk/beta/announcements/details/result-of-bs-generic-year-i-semester-ii-regular-examination-session-2021-22-01-12-2024
images/news/1705058023.jpg,https://www.smbbmu.edu.pk/beta/uploads/news/images/1705058023.jpg,https://www.smbbmu.edu.pk/beta/announcements/details/result-of-bs-generic-year-i-semester-ii-regular-examination-session-2021-22-01-12-2024
images/news/1705058197.jpg,https://www.smbbmu.edu.pk/beta/uploads/news/images/1705058197.jpg,https://www.smbbmu.edu.pk/beta/announcements/details/result-of-bs-post-rn-year-i-semester-il-regular-examination-session-2021-22-01-12-2024
images/news/1704720775.jpg,https://www.smbbmu.edu.pk/beta/uploads/news/images/1704720775.jpg,https://www.smbbmu.edu.pk/beta/announcements/details/result-of-second-professional-dpt-fourth-semester-regular-examination-session-2020-2021-of-institute-of-physiotherapy-rehabilitation-sciences-irs-smbbmu-larkana-moomal-institute-of-physiotherapy-allied-health-sciences-hyderabad-01-06-2024
images/news/1704720825.jpg,https://www.smbbmu.edu.pk/beta/uploads/news/images/1704720825.jpg,https://www.smbbmu.edu.pk/beta/announcements/details/result-of-third-professional-dpt-sixth-semester-regular-examination-session-2019-2020-of-institute-of-physiotherapy-rehabilitation-sciences-irs-smbbmu-larkana-held-in-the-month-of-november-2023-01-06-2024
images/news/1704720889.jpg,https://www.smbbmu.edu.pk/beta/uploads/news/images/1704720889.jpg,https://www.smbbmu.edu.pk/beta/announcements/details/result-of-first-professional-dpt-second-semester-regular-examination-session-2021-2022-of-institute-of-physiotherapy-rehabilitation-sciences-irs-smbbmu-larkana-moomal-institute-of-physiotherapy-allied-health-sciences-hyderabad-and-shaaf-institute-01-06-20
images/news/1704390712.jpg,https://www.smbbmu.edu.pk/beta/uploads/news/images/1704390712.jpg,https://www.smbbmu.edu.pk/beta/announcements/details/result-of-postgraduate-degree-theory-examination-march-2023-held-in-the-month-of-november-2023-01-01-2024
images/news/1704390822.jpg,https://www.smbbmu.edu.pk/beta/uploads/news/images/1704390822.jpg,https://www.smbbmu.edu.pk/beta/announcements/details/time-table-for-clinical-examination-of-diploma-in-ophthalmalogy-12-30-2023
images/news/1703611230.jpg,https://www.smbbmu.edu.pk/beta/uploads/news/images/1703611230.jpg,https://www.smbbmu.edu.pk/beta/announcements/details/result-of-diploma-in-medical-radio-diagnosis-dmrd-part-1-held-in-month-of-december-2023-12-26-2023
images/news/1703442580.jpg,https://www.smbbmu.edu.pk/beta/uploads/news/images/1703442580.jpg,https://www.smbbmu.edu.pk/beta/announcements/details/result-of-postgraduate-mphil-biochemistry-viva-examinations-session-march-2023-held-in-the-month-of-december-2023-12-21-2023
images/news/1703442709.jpg,https://www.smbbmu.edu.pk/beta/uploads/news/images/1703442709.jpg,https://www.smbbmu.edu.pk/beta/announcements/details/results-of-ms-gynaecology-obstetrics-part-i-and-dgo-diploma-in-gynecology-obstetrics-12-21-2023
images/news/1703057620.jpg,https://www.smbbmu.edu.pk/beta/uploads/news/images/1703057620.jpg,https://www.smbbmu.edu.pk/beta/announcements/details/notice-for-postgraduate-of-surgery-allied-for-the-interview-for-session-january-2024-12-19-2023
images/news/1703442431.jpg,https://www.smbbmu.edu.pk/beta/uploads/news/images/1703442431.jpg,https://www.smbbmu.edu.pk/beta/announcements/details/schedule-of-postgraduate-examinations-of-session-september-2023-12-19-2023
images/news/1702889548.jpg,https://www.smbbmu.edu.pk/beta/uploads/news/images/1702889548.jpg,https://www.smbbmu.edu.pk/beta/announcements/details/notice-for-postgraduate-of-medicine-allied-for-the-interview-12-18-2023
images/news/1702731992.jpg,https://www.smbbmu.edu.pk/beta/uploads/news/images/1702731992.jpg,https://www.smbbmu.edu.pk/beta/announcements/details/result-of-postgraduate-degree-and-diploma-theory-examination-march-2023-12-16-2023
images/attachments/m-17026466370.jpg,https://www.smbbmu.edu.pk/beta/news/downloadFile/M_17026466370.jpg,https://www.smbbmu.edu.pk/beta/announcements/details/time-table-for-mphil-biochemistry-part-i-and-part-ii-and-mphil-microbiology-part-ii-viva-examination-session-march-2023-12-14-2023
images/news/1702646557.jpg,https://www.smbbmu.edu.pk/beta/uploads/news/images/1702646557.jpg,https://www.smbbmu.edu.pk/beta/announcements/details/time-table-for-mphil-biochemistry-part-i-and-part-ii-and-mphil-microbiology-part-ii-viva-examination-session-march-2023-12-14-2023
images/news/1701429245.jpg,https://www.smbbmu.edu.pk/beta/uploads/news/images/1701429245.jpg,https://www.smbbmu.edu.pk/beta/announcements/details/admissions-for-mbbs-bds-courses-session-2023-24-12-01-2023
images/news/1701336755.jpg,https://www.smbbmu.edu.pk/beta/uploads/news/images/1701336755.jpg,https://www.smbbmu.edu.pk/beta/announcements/details/result-of-final-professional-bds-final-year-supplementary-examination-session-2018-2019-of-bibi-aseefa-dental-college-larkana-held-in-the-month-of-november-2023-11-29-2023
images/news/1576046517.jpg,https://www.smbbmu.edu.pk/beta/uploads/news/images/1576046517.jpg,https://www.smbbmu.edu.pk/beta/announcements/details/candidate-selected-on-reserved-seat-for-disabled-candidate-for-session-2019-20-12-10-2019
images/news/1574665500.jpg,https://www.smbbmu.edu.pk/beta/uploads/news/images/1574665500.jpg,https://www.smbbmu.edu.pk/beta/announcements/details/admissions-for-bs-nursinggeneric-bsc-nursingpost-rn-at-benazir-college-of-nursing-smbbmu-for-session-2019-20-11-21-2019
images/news/1574142698.jpg,https://www.smbbmu.edu.pk/beta/uploads/news/images/1574142698.jpg,https://www.smbbmu.edu.pk/beta/announcements/details/revised-advertisement-for-mbbsbds-admissions-for-session-2019-20-11-18-2019
images/news/1573274208.jpg,https://www.smbbmu.edu.pk/beta/uploads/news/images/1573274208.jpg,https://www.smbbmu.edu.pk/beta/announcements/details/admissions-for-postgraduate-courses-for-the-session-january-2020-11-08-2019
images/news/1572438857.jpg,https://www.smbbmu.edu.pk/beta/uploads/news/images/1572438857.jpg,https://www.smbbmu.edu.pk/beta/announcements/details/notice-for-interview-of-hafiz-e-quran-and-disabled-persons-for-admission-to-mbbsbds-for-session-2019-20-10-30-2019
images/news/1570015665.jpg,https://www.smbbmu.edu.pk/beta/uploads/news/images/1570015665.jpg,https://www.smbbmu.edu.pk/beta/announcements/details/corrigendum-for-mbbsbds-admissions-for-session-2019-20-10-02-2019
images/news/1569221259.jpeg,https://www.smbbmu.edu.pk/beta/uploads/news/images/1569221259.jpeg,https://www.smbbmu.edu.pk/beta/announcements/details/admission-in-mbbsbds-session-2019-20-public-sector-medical-dental-universities-colleges-of-sindh-province-09-23-2019
images/news/1565000561.jpg,https://www.smbbmu.edu.pk/beta/uploads/news/images/1565000561.jpg,https://www.smbbmu.edu.pk/beta/announcements/details/admission-in-public-and-private-sector-medical-and-dental-universitiescolleges-of-sindh-province-08-05-2019
images/attachments/application-form-for-ueap-local-and-overseas-pakistani-b-47-2018-2019-15576034080.jpg,https://www.smbbmu.edu.pk/beta/news/downloadFile/application+form+for+ueap+local+and+overseas+pakistani+b+47+2018+2019_15576034080.jpg,https://www.smbbmu.edu.pk/beta/announcements/details/admissions-to-1st-year-bsn-generic-post-rn-bsc-nursing-courses-on-ueap-local-basis-05-11-2019
images/news/1557603460.jpg,https://www.smbbmu.edu.pk/beta/uploads/news/images/1557603460.jpg,https://www.smbbmu.edu.pk/beta/announcements/details/admissions-to-1st-year-bsn-generic-post-rn-bsc-nursing-courses-on-ueap-local-basis-05-11-2019
images/news/1556520457.jpg,https://www.smbbmu.edu.pk/beta/uploads/news/images/1556520457.jpg,https://www.smbbmu.edu.pk/beta/announcements/details/admissions-for-postgraduate-courses-for-the-session-july-2019-04-26-2019
images/news/1550044171.jpg,https://www.smbbmu.edu.pk/beta/uploads/news/images/1550044171.jpg,https://www.smbbmu.edu.pk/beta/announcements/details/advertisement-for-admissions-to-mbbs-course-session-2018-19-on-reserved-seat-of-ajk-medical-colleges-02-13-2019
images/news/1543306218.jpg,https://www.smbbmu.edu.pk/beta/uploads/news/images/1543306218.jpg,https://www.smbbmu.edu.pk/beta/announcements/details/candidate-selected-on-reserved-seat-for-disabled-candidate-cmc-larkana-session-2018-2019-mbbs-smbbmu-larkana-11-27-2018
images/news/1542719554.jpeg,https://www.smbbmu.edu.pk/beta/uploads/news/images/1542719554.jpeg,https://www.smbbmu.edu.pk/beta/announcements/details/nawabshah-admission-advertisement-11-20-2018
images/news/1542625203.jpg,https://www.smbbmu.edu.pk/beta/uploads/news/images/1542625203.jpg,https://www.smbbmu.edu.pk/beta/announcements/details/private-college-admissions-sindh-11-19-2018
images/news/1540216035.jpg,https://www.smbbmu.edu.pk/beta/uploads/news/images/1540216035.jpg,https://www.smbbmu.edu.pk/beta/announcements/details/admissions-for-postgraduate-courses-for-the-session-january-2019-10-22-2018
images/news/1538988624.jpg,https://www.smbbmu.edu.pk/beta/uploads/news/images/1538988624.jpg,https://www.smbbmu.edu.pk/beta/announcements/details/admission-in-all-public-and-private-medical-and-dental-universitiescolleges-of-sindh-10-08-2018
images/news/1538454221.jpg,https://www.smbbmu.edu.pk/beta/uploads/news/images/1538454221.jpg,https://www.smbbmu.edu.pk/beta/announcements/details/admissions-for-mbbs-bds-for-session-2018-19-for-public-universitiescolleges-of-sindh-province-09-28-2018
images/news/1691737632.jpg,https://www.smbbmu.edu.pk/beta/uploads/news/images/1691737632.jpg,https://www.smbbmu.edu.pk/beta/announcements/details/notice-inviting-tender-for-security-services-for-smbb-medical-university-larkana-08-11-2023
images/news/1686303160.jpg,https://www.smbbmu.edu.pk/beta/uploads/news/images/1686303160.jpg,https://www.smbbmu.edu.pk/beta/announcements/details/notice-initing-tender-for-development-implementation-customised-modules-for-erp-system-for-shaheed-mohtarma-benazir-bhutto-medical-university-larkana-06-08-2023
images/news/1684308092.jpeg,https://www.smbbmu.edu.pk/beta/uploads/news/images/1684308092.jpeg,https://www.smbbmu.edu.pk/beta/announcements/details/notice-inviting-tenders-for-repair-renovation-work-jamia-masjid-at-chandka-medical-college-larkana-05-17-2023
images/news/1683868585.jpg,https://www.smbbmu.edu.pk/beta/uploads/news/images/1683868585.jpg,https://www.smbbmu.edu.pk/beta/announcements/details/notice-inviting-tender-for-purchase-of-hospital-general-furniture-miscellaneous-items-at-cmc-hospital-larkana-05-11-2023
images/news/1637052018.jpg,https://www.smbbmu.edu.pk/beta/uploads/news/images/1637052018.jpg,https://www.smbbmu.edu.pk/beta/announcements/details/postgraduate-admissions-for-session-january-2022-11-15-2021
images/news/1629448069.jpg,https://www.smbbmu.edu.pk/beta/uploads/news/images/1629448069.jpg,https://www.smbbmu.edu.pk/beta/announcements/details/notice-inviting-tender-for-designing-and-printing-of-prospectus-2021-22-for-admission-in-mbbs-bds-08-17-2021
images/news/1629452647.jpg,https://www.smbbmu.edu.pk/beta/uploads/news/images/1629452647.jpg,https://www.smbbmu.edu.pk/beta/announcements/details/corrigendum-for-nit-for-supply-of-furniture-fixture-of-boys-hostel-smbb-medical-university-larkana-08-17-2021
images/news/1629452523.jpeg,https://www.smbbmu.edu.pk/beta/uploads/news/images/1629452523.jpeg,https://www.smbbmu.edu.pk/beta/announcements/details/notice-inviting-tender-for-supply-of-furniture-fixture-of-boys-hostel-smbb-medical-university-larkana-08-02-2021
images/news/1622782273.jpg,https://www.smbbmu.edu.pk/beta/uploads/news/images/1622782273.jpg,https://www.smbbmu.edu.pk/beta/announcements/details/request-for-proposal-for-establishment-of-center-for-advanced-research-in-molecular-genetic-and-allied-facilities-at-shaheed-mohtarma-benazir-bhutto-medical-university-smbbmu-larkana-06-03-2021
images/news/1617608631.jpg,https://www.smbbmu.edu.pk/beta/uploads/news/images/1617608631.jpg,https://www.smbbmu.edu.pk/beta/announcements/details/notice-inviting-tender-for-designing-printing-supply-of-annual-report-2020-21-03-30-2021
images/attachments/redressal-committee-16134544161.jpg,https://www.smbbmu.edu.pk/beta/news/downloadFile/Redressal+Committee_16134544161.jpg,https://www.smbbmu.edu.pk/beta/announcements/details/notice-inviting-tender-for-mr-work-of-badc-and-repair-renovation-of-old-cpsp-building-02-11-2021
images/news/1604564785.jpg,https://www.smbbmu.edu.pk/beta/uploads/news/images/1604564785.jpg,https://www.smbbmu.edu.pk/beta/announcements/details/notice-for-1st-2nd-3rd-4th-and-5th-professional-mbbs-11-03-2020
images/news/1603176236.jpg,https://www.smbbmu.edu.pk/beta/uploads/news/images/1603176236.jpg,https://www.smbbmu.edu.pk/beta/announcements/details/notice-inviting-tender-for-renovation-and-rehabilitation-of-iprs-and-reconstruction-of-damaged-boundary-wall-at-gmmmc-10-17-2020
images/attachments/order-cpc-2020-21-16007652481.jpeg,https://www.smbbmu.edu.pk/beta/news/downloadFile/Order+CPC+2020-21_16007652481.jpeg,https://www.smbbmu.edu.pk/beta/announcements/details/notice-inviting-tender-for-misc-items-stationary-office-teaching-equipment-fixture-furniture-and-networkingcomputerization-of-smbb-medical-university-larkana-09-18-2020
images/attachments/office-order-crc-2020-21-16007652480.jpeg,https://www.smbbmu.edu.pk/beta/news/downloadFile/Office+Order+CRC+2020-21_16007652480.jpeg,https://www.smbbmu.edu.pk/beta/announcements/details/notice-inviting-tender-for-misc-items-stationary-office-teaching-equipment-fixture-furniture-and-networkingcomputerization-of-smbb-medical-university-larkana-09-18-2020
images/attachments/534980-dawn-tender-notice-16007647212.jpg,https://www.smbbmu.edu.pk/beta/news/downloadFile/534980-Dawn-Tender-Notice_16007647212.jpg,https://www.smbbmu.edu.pk/beta/announcements/details/notice-inviting-tender-for-misc-items-stationary-office-teaching-equipment-fixture-furniture-and-networkingcomputerization-of-smbb-medical-university-larkana-09-18-2020
images/attachments/534981-jung-nit-16007647211.jpeg,https://www.smbbmu.edu.pk/beta/news/downloadFile/534981-Jung-+NIT_16007647211.jpeg,https://www.smbbmu.edu.pk/beta/announcements/details/notice-inviting-tender-for-misc-items-stationary-office-teaching-equipment-fixture-furniture-and-networkingcomputerization-of-smbb-medical-university-larkana-09-18-2020
images/attachments/534982-kawish-tender-notice-16007647210.jpg,https://www.smbbmu.edu.pk/beta/news/downloadFile/534982-Kawish-Tender-Notice_16007647210.jpg,https://www.smbbmu.edu.pk/beta/announcements/details/notice-inviting-tender-for-misc-items-stationary-office-teaching-equipment-fixture-furniture-and-networkingcomputerization-of-smbb-medical-university-larkana-09-18-2020
images/news/1600763147.jpg,https://www.smbbmu.edu.pk/beta/uploads/news/images/1600763147.jpg,https://www.smbbmu.edu.pk/beta/announcements/details/notice-inviting-tender-for-misc-items-stationary-office-teaching-equipment-fixture-furniture-and-networkingcomputerization-of-smbb-medical-university-larkana-09-18-2020
images/attachments/cpc-15998925822.jpeg,https://www.smbbmu.edu.pk/beta/news/downloadFile/CPC_15998925822.jpeg,https://www.smbbmu.edu.pk/beta/announcements/details/notice-inviting-tender-for-provide-supply-of-equipment-for-the-institute-of-physiotherapy-rehabilitation-sciences-08-31-2020
images/attachments/crc-15998925821.jpeg,https://www.smbbmu.edu.pk/beta/news/downloadFile/CRC_15998925821.jpeg,https://www.smbbmu.edu.pk/beta/announcements/details/notice-inviting-tender-for-provide-supply-of-equipment-for-the-institute-of-physiotherapy-rehabilitation-sciences-08-31-2020
images/news/1600508878.jpg,https://www.smbbmu.edu.pk/beta/uploads/news/images/1600508878.jpg,https://www.smbbmu.edu.pk/beta/announcements/details/notice-inviting-tender-for-provide-supply-of-equipment-for-the-institute-of-physiotherapy-rehabilitation-sciences-08-31-2020
images/attachments/kawish-advertised-on-02-09-2020-15994637760.jpg,https://www.smbbmu.edu.pk/beta/news/downloadFile/Kawish+Advertised+on+02-09-2020_15994637760.jpg,https://www.smbbmu.edu.pk/beta/announcements/details/request-for-proposal-for-consultancy-services-for-preparation-of-drawings-designs-estimate-boqs-for-project-titled-construction-centraldigital-library-cmc-at-smbb-medical-university-larkana-08-28-2020
images/attachments/jang-advertised-on-03-09-2020-15994636694.jpg,https://www.smbbmu.edu.pk/beta/news/downloadFile/Jang+Advertised+on+03-09-2020_15994636694.jpg,https://www.smbbmu.edu.pk/beta/announcements/details/request-for-proposal-for-consultancy-services-for-preparation-of-drawings-designs-estimate-boqs-for-project-titled-construction-centraldigital-library-cmc-at-smbb-medical-university-larkana-08-28-2020
images/attachments/dawn-advertisement-on-03-09-2020-15994636693.jpg,https://www.smbbmu.edu.pk/beta/news/downloadFile/Dawn+Advertisement+on+03-09-2020_15994636693.jpg,https://www.smbbmu.edu.pk/beta/announcements/details/request-for-proposal-for-consultancy-services-for-preparation-of-drawings-designs-estimate-boqs-for-project-titled-construction-centraldigital-library-cmc-at-smbb-medical-university-larkana-08-28-2020
images/attachments/redressal-committee-15994636691.jpg,https://www.smbbmu.edu.pk/beta/news/downloadFile/Redressal+Committee_15994636691.jpg,https://www.smbbmu.edu.pk/beta/announcements/details/request-for-proposal-for-consultancy-services-for-preparation-of-drawings-designs-estimate-boqs-for-project-titled-construction-centraldigital-library-cmc-at-smbb-medical-university-larkana-08-28-2020
images/news/1599031663.jpg,https://www.smbbmu.edu.pk/beta/uploads/news/images/1599031663.jpg,https://www.smbbmu.edu.pk/beta/announcements/details/request-for-proposal-for-consultancy-services-for-preparation-of-drawings-designs-estimate-boqs-for-project-titled-construction-centraldigital-library-cmc-at-smbb-medical-university-larkana-08-28-2020
images/news/1590661763.jpg,https://www.smbbmu.edu.pk/beta/uploads/news/images/1590661763.jpg,https://www.smbbmu.edu.pk/beta/announcements/details/notice-inviting-tender-for-adp-scheme-titled-renovation-rehabilitation-of-chandka-medical-college-and-construction-of-noori-girls-hostel-of-smbb-medical-university-larkana-05-21-2020
images/news/1584777946.jpeg,https://www.smbbmu.edu.pk/beta/uploads/news/images/1584777946.jpeg,https://www.smbbmu.edu.pk/beta/announcements/details/notice-inviting-tender-for-adp-scheme-titled-renovation-rehabilitation-of-chandka-medical-college-and-construction-of-noori-girls-hostel-of-smbb-medical-university-larkana-03-20-2020
images/attachments/tender-committee-15692203040.jpg,https://www.smbbmu.edu.pk/beta/news/downloadFile/tender-committee_15692203040.jpg,https://www.smbbmu.edu.pk/beta/announcements/details/notice-inviting-tender-for-construction-of-boys-hostel-at-smbb-medical-university-larkana-09-23-2019
images/attachments/cr-committee-15692202440.jpg,https://www.smbbmu.edu.pk/beta/news/downloadFile/cr-committee_15692202440.jpg,https://www.smbbmu.edu.pk/beta/announcements/details/notice-inviting-tender-for-construction-of-boys-hostel-at-smbb-medical-university-larkana-09-23-2019
images/news/1569220018.jpg,https://www.smbbmu.edu.pk/beta/uploads/news/images/1569220018.jpg,https://www.smbbmu.edu.pk/beta/announcements/details/notice-inviting-tender-for-construction-of-boys-hostel-at-smbb-medical-university-larkana-09-23-2019
images/news/1567660213.jpg,https://www.smbbmu.edu.pk/beta/uploads/news/images/1567660213.jpg,https://www.smbbmu.edu.pk/beta/announcements/details/notice-inviting-tender-for-security-services-and-misc-items-09-03-2019
images/news/1563430814.jpg,https://www.smbbmu.edu.pk/beta/uploads/news/images/1563430814.jpg,https://www.smbbmu.edu.pk/beta/announcements/details/notice-inviting-tender-for-different-construction-works-smbbmu-07-17-2019
images/attachments/nit-kawish-news-paper-28-3-19-15542877402.jpeg,https://www.smbbmu.edu.pk/beta/news/downloadFile/NIT+kawish+news+paper+28-3-19_15542877402.jpeg,https://www.smbbmu.edu.pk/beta/announcements/details/notice-inviting-tender-for-provide-supply-of-stationary-petty-articles-and-miscellaneous-items-04-01-2019
images/attachments/nit-dawn-news-paper-29-3-19-15542877401.jpeg,https://www.smbbmu.edu.pk/beta/news/downloadFile/NIT+Dawn+news+paper+29-3-19_15542877401.jpeg,https://www.smbbmu.edu.pk/beta/announcements/details/notice-inviting-tender-for-provide-supply-of-stationary-petty-articles-and-miscellaneous-items-04-01-2019
images/attachments/nit-jang-newspaper-28-3-19-15542877400.jpeg,https://www.smbbmu.edu.pk/beta/news/downloadFile/NIT+Jang+newspaper+28-3-19_15542877400.jpeg,https://www.smbbmu.edu.pk/beta/announcements/details/notice-inviting-tender-for-provide-supply-of-stationary-petty-articles-and-miscellaneous-items-04-01-2019
images/news/1554287657.jpeg,https://www.smbbmu.edu.pk/beta/uploads/news/images/1554287657.jpeg,https://www.smbbmu.edu.pk/beta/announcements/details/notice-inviting-tender-for-provide-supply-of-stationary-petty-articles-and-miscellaneous-items-04-01-2019
images/news/1548673910.jpg,https://www.smbbmu.edu.pk/beta/uploads/news/images/1548673910.jpg,https://www.smbbmu.edu.pk/beta/announcements/details/notice-inviting-tender-for-provide-and-supply-of-office-furniture-miscellaneous-items-01-20-2019
images/attachments/05-annual-procurement-plan-15435052023.jpeg,https://www.smbbmu.edu.pk/beta/news/downloadFile/05-+Annual+Procurement+Plan_15435052023.jpeg,https://www.smbbmu.edu.pk/beta/announcements/details/notice-inviting-tender-for-printing-and-supply-of-undergraduate-and-postgraduate-prospectus-2018-19-11-29-2018
images/attachments/central-procurement-15435052022.jpg,https://www.smbbmu.edu.pk/beta/news/downloadFile/central-procurement_15435052022.jpg,https://www.smbbmu.edu.pk/beta/announcements/details/notice-inviting-tender-for-printing-and-supply-of-undergraduate-and-postgraduate-prospectus-2018-19-11-29-2018
images/attachments/2-crc-15435052021.jpg,https://www.smbbmu.edu.pk/beta/news/downloadFile/2-CRC_15435052021.jpg,https://www.smbbmu.edu.pk/beta/announcements/details/notice-inviting-tender-for-printing-and-supply-of-undergraduate-and-postgraduate-prospectus-2018-19-11-29-2018
images/news/1543505047.jpg,https://www.smbbmu.edu.pk/beta/uploads/news/images/1543505047.jpg,https://www.smbbmu.edu.pk/beta/announcements/details/notice-inviting-tender-for-printing-and-supply-of-undergraduate-and-postgraduate-prospectus-2018-19-11-29-2018
images/news/1536814960.jpg,https://www.smbbmu.edu.pk/beta/uploads/news/images/1536814960.jpg,https://www.smbbmu.edu.pk/beta/announcements/details/notice-inviting-tender-for-petty-articles-stationary-items-and-electric-materials-09-10-2018
images/news/17219298762-thumb.jpeg,https://www.smbbmu.edu.pk/beta/uploads/gallery/events/17219298762_thumb.jpeg,https://www.smbbmu.edu.pk/beta/news/details/smbbmu-srso-formally-signed-a-memorandum-of-understanding-mou-07-25-2024
images/news/17219298751-thumb.jpeg,https://www.smbbmu.edu.pk/beta/uploads/gallery/events/17219298751_thumb.jpeg,https://www.smbbmu.edu.pk/beta/news/details/smbbmu-srso-formally-signed-a-memorandum-of-understanding-mou-07-25-2024
images/news/17219298715-thumb.jpeg,https://www.smbbmu.edu.pk/beta/uploads/gallery/events/17219298715_thumb.jpeg,https://www.smbbmu.edu.pk/beta/news/details/smbbmu-srso-formally-signed-a-memorandum-of-understanding-mou-07-25-2024
images/news/17219298706-thumb.jpeg,https://www.smbbmu.edu.pk/beta/uploads/gallery/events/17219298706_thumb.jpeg,https://www.smbbmu.edu.pk/beta/news/details/smbbmu-srso-formally-signed-a-memorandum-of-understanding-mou-07-25-2024
images/news/17219298683-thumb.jpeg,https://www.smbbmu.edu.pk/beta/uploads/gallery/events/17219298683_thumb.jpeg,https://www.smbbmu.edu.pk/beta/news/details/smbbmu-srso-formally-signed-a-memorandum-of-understanding-mou-07-25-2024
images/news/17219298684-thumb.jpeg,https://www.smbbmu.edu.pk/beta/uploads/gallery/events/17219298684_thumb.jpeg,https://www.smbbmu.edu.pk/beta/news/details/smbbmu-srso-formally-signed-a-memorandum-of-understanding-mou-07-25-2024
images/news/17219298762-thumb-20d5764b.jpeg,https://www.smbbmu.edu.pk/beta/uploads/gallery/events/thumbs/17219298762_thumb.jpeg,https://www.smbbmu.edu.pk/beta/news/details/smbbmu-srso-formally-signed-a-memorandum-of-understanding-mou-07-25-2024
images/news/17219298751-thumb-fb279cd3.jpeg,https://www.smbbmu.edu.pk/beta/uploads/gallery/events/thumbs/17219298751_thumb.jpeg,https://www.smbbmu.edu.pk/beta/news/details/smbbmu-srso-formally-signed-a-memorandum-of-understanding-mou-07-25-2024
images/news/17219298715-thumb-e77ec7e5.jpeg,https://www.smbbmu.edu.pk/beta/uploads/gallery/events/thumbs/17219298715_thumb.jpeg,https://www.smbbmu.edu.pk/beta/news/details/smbbmu-srso-formally-signed-a-memorandum-of-understanding-mou-07-25-2024
images/news/17219298706-thumb-c9bc1af2.jpeg,https://www.smbbmu.edu.pk/beta/uploads/gallery/events/thumbs/17219298706_thumb.jpeg,https://www.smbbmu.edu.pk/beta/news/details/smbbmu-srso-formally-signed-a-memorandum-of-understanding-mou-07-25-2024
images/news/17219298683-thumb-4ddf8a94.jpeg,https://www.smbbmu.edu.pk/beta/uploads/gallery/events/thumbs/17219298683_thumb.jpeg,https://www.smbbmu.edu.pk/beta/news/details/smbbmu-srso-formally-signed-a-memorandum-of-understanding-mou-07-25-2024
images/news/17219298684-thumb-fe3b49e4.jpeg,https://www.smbbmu.edu.pk/beta/uploads/gallery/events/thumbs/17219298684_thumb.jpeg,https://www.smbbmu.edu.pk/beta/news/details/smbbmu-srso-formally-signed-a-memorandum-of-understanding-mou-07-25-2024
images/news/1722191568448250646-408867515483301-4259388286877837136-n-thumb.jpg,https://www.smbbmu.edu.pk/beta/uploads/gallery/events/1722191568448250646_408867515483301_4259388286877837136_n_thumb.jpg,https://www.smbbmu.edu.pk/beta/news/details/world-environment-day-meeting-at-the-office-of-mayer-larkana-06-06-2024
images/news/1722191567448251577-408868635483189-539222214278975552-n-thumb.jpg,https://www.smbbmu.edu.pk/beta/uploads/gallery/events/1722191567448251577_408868635483189_539222214278975552_n_thumb.jpg,https://www.smbbmu.edu.pk/beta/news/details/world-environment-day-meeting-at-the-office-of-mayer-larkana-06-06-2024
images/news/1722191562414552535-408867665483286-27688070150080749-n-thumb.jpg,https://www.smbbmu.edu.pk/beta/uploads/gallery/events/1722191562414552535_408867665483286_27688070150080749_n_thumb.jpg,https://www.smbbmu.edu.pk/beta/news/details/world-environment-day-meeting-at-the-office-of-mayer-larkana-06-06-2024
images/news/1722191562448254410-408867642149955-218961917921401966-n-thumb.jpg,https://www.smbbmu.edu.pk/beta/uploads/gallery/events/1722191562448254410_408867642149955_218961917921401966_n_thumb.jpg,https://www.smbbmu.edu.pk/beta/news/details/world-environment-day-meeting-at-the-office-of-mayer-larkana-06-06-2024
images/news/1722191568448250646-408867515483301-4259388286877837136-n-thumb-fe969b67.jpg,https://www.smbbmu.edu.pk/beta/uploads/gallery/events/thumbs/1722191568448250646_408867515483301_4259388286877837136_n_thumb.jpg,https://www.smbbmu.edu.pk/beta/news/details/world-environment-day-meeting-at-the-office-of-mayer-larkana-06-06-2024
images/news/1722191567448251577-408868635483189-539222214278975552-n-thumb-2697dc98.jpg,https://www.smbbmu.edu.pk/beta/uploads/gallery/events/thumbs/1722191567448251577_408868635483189_539222214278975552_n_thumb.jpg,https://www.smbbmu.edu.pk/beta/news/details/world-environment-day-meeting-at-the-office-of-mayer-larkana-06-06-2024
images/news/1722191562414552535-408867665483286-27688070150080749-n-thumb-17fe40f7.jpg,https://www.smbbmu.edu.pk/beta/uploads/gallery/events/thumbs/1722191562414552535_408867665483286_27688070150080749_n_thumb.jpg,https://www.smbbmu.edu.pk/beta/news/details/world-environment-day-meeting-at-the-office-of-mayer-larkana-06-06-2024
images/news/1722191562448254410-408867642149955-218961917921401966-n-thumb-c0d5f58a.jpg,https://www.smbbmu.edu.pk/beta/uploads/gallery/events/thumbs/1722191562448254410_408867642149955_218961917921401966_n_thumb.jpg,https://www.smbbmu.edu.pk/beta/news/details/world-environment-day-meeting-at-the-office-of-mayer-larkana-06-06-2024
images/news/1714246848im10-thumb.jpeg,https://www.smbbmu.edu.pk/beta/uploads/gallery/events/1714246848im10_thumb.jpeg,https://www.smbbmu.edu.pk/beta/news/details/2nd-research-poster-competition-2024-at-smbbmu-larkana-04-24-2024
images/news/1714246841im9-thumb.jpeg,https://www.smbbmu.edu.pk/beta/uploads/gallery/events/1714246841im9_thumb.jpeg,https://www.smbbmu.edu.pk/beta/news/details/2nd-research-poster-competition-2024-at-smbbmu-larkana-04-24-2024
images/news/1714246840im8-thumb.jpeg,https://www.smbbmu.edu.pk/beta/uploads/gallery/events/1714246840im8_thumb.jpeg,https://www.smbbmu.edu.pk/beta/news/details/2nd-research-poster-competition-2024-at-smbbmu-larkana-04-24-2024
images/news/1714246829im6-thumb.jpeg,https://www.smbbmu.edu.pk/beta/uploads/gallery/events/1714246829im6_thumb.jpeg,https://www.smbbmu.edu.pk/beta/news/details/2nd-research-poster-competition-2024-at-smbbmu-larkana-04-24-2024
images/news/1714246827im7-thumb.jpeg,https://www.smbbmu.edu.pk/beta/uploads/gallery/events/1714246827im7_thumb.jpeg,https://www.smbbmu.edu.pk/beta/news/details/2nd-research-poster-competition-2024-at-smbbmu-larkana-04-24-2024
images/news/1714246795im4-thumb.jpeg,https://www.smbbmu.edu.pk/beta/uploads/gallery/events/1714246795im4_thumb.jpeg,https://www.smbbmu.edu.pk/beta/news/details/2nd-research-poster-competition-2024-at-smbbmu-larkana-04-24-2024
images/news/1714246795im5-thumb.jpeg,https://www.smbbmu.edu.pk/beta/uploads/gallery/events/1714246795im5_thumb.jpeg,https://www.smbbmu.edu.pk/beta/news/details/2nd-research-poster-competition-2024-at-smbbmu-larkana-04-24-2024
images/news/1714246778im3-thumb.jpeg,https://www.smbbmu.edu.pk/beta/uploads/gallery/events/1714246778im3_thumb.jpeg,https://www.smbbmu.edu.pk/beta/news/details/2nd-research-poster-competition-2024-at-smbbmu-larkana-04-24-2024
images/news/1714246775im1-thumb.jpeg,https://www.smbbmu.edu.pk/beta/uploads/gallery/events/1714246775im1_thumb.jpeg,https://www.smbbmu.edu.pk/beta/news/details/2nd-research-poster-competition-2024-at-smbbmu-larkana-04-24-2024
images/news/1714246763im2-thumb.jpeg,https://www.smbbmu.edu.pk/beta/uploads/gallery/events/1714246763im2_thumb.jpeg,https://www.smbbmu.edu.pk/beta/news/details/2nd-research-poster-competition-2024-at-smbbmu-larkana-04-24-2024
images/news/1714246848im10-thumb-7547ca2f.jpeg,https://www.smbbmu.edu.pk/beta/uploads/gallery/events/thumbs/1714246848im10_thumb.jpeg,https://www.smbbmu.edu.pk/beta/news/details/2nd-research-poster-competition-2024-at-smbbmu-larkana-04-24-2024
images/news/1714246841im9-thumb-f80c066e.jpeg,https://www.smbbmu.edu.pk/beta/uploads/gallery/events/thumbs/1714246841im9_thumb.jpeg,https://www.smbbmu.edu.pk/beta/news/details/2nd-research-poster-competition-2024-at-smbbmu-larkana-04-24-2024
images/news/1714246840im8-thumb-e71ea0f4.jpeg,https://www.smbbmu.edu.pk/beta/uploads/gallery/events/thumbs/1714246840im8_thumb.jpeg,https://www.smbbmu.edu.pk/beta/news/details/2nd-research-poster-competition-2024-at-smbbmu-larkana-04-24-2024
images/news/1714246829im6-thumb-dd8e07a8.jpeg,https://www.smbbmu.edu.pk/beta/uploads/gallery/events/thumbs/1714246829im6_thumb.jpeg,https://www.smbbmu.edu.pk/beta/news/details/2nd-research-poster-competition-2024-at-smbbmu-larkana-04-24-2024
images/news/1714246827im7-thumb-6e799647.jpeg,https://www.smbbmu.edu.pk/beta/uploads/gallery/events/thumbs/1714246827im7_thumb.jpeg,https://www.smbbmu.edu.pk/beta/news/details/2nd-research-poster-competition-2024-at-smbbmu-larkana-04-24-2024
images/news/1714246795im4-thumb-953f515a.jpeg,https://www.smbbmu.edu.pk/beta/uploads/gallery/events/thumbs/1714246795im4_thumb.jpeg,https://www.smbbmu.edu.pk/beta/news/details/2nd-research-poster-competition-2024-at-smbbmu-larkana-04-24-2024
images/news/1714246795im5-thumb-18516b32.jpeg,https://www.smbbmu.edu.pk/beta/uploads/gallery/events/thumbs/1714246795im5_thumb.jpeg,https://www.smbbmu.edu.pk/beta/news/details/2nd-research-poster-competition-2024-at-smbbmu-larkana-04-24-2024
images/news/1714246778im3-thumb-adf2575b.jpeg,https://www.smbbmu.edu.pk/beta/uploads/gallery/events/thumbs/1714246778im3_thumb.jpeg,https://www.smbbmu.edu.pk/beta/news/details/2nd-research-poster-competition-2024-at-smbbmu-larkana-04-24-2024
images/news/1714246775im1-thumb-7585253d.jpeg,https://www.smbbmu.edu.pk/beta/uploads/gallery/events/thumbs/1714246775im1_thumb.jpeg,https://www.smbbmu.edu.pk/beta/news/details/2nd-research-poster-competition-2024-at-smbbmu-larkana-04-24-2024
images/news/1714246763im2-thumb-c03a4231.jpeg,https://www.smbbmu.edu.pk/beta/uploads/gallery/events/thumbs/1714246763im2_thumb.jpeg,https://www.smbbmu.edu.pk/beta/news/details/2nd-research-poster-competition-2024-at-smbbmu-larkana-04-24-2024
images/news/1711086951photo-2024-03-21-14-19-19-thumb.jpg,https://www.smbbmu.edu.pk/beta/uploads/gallery/events/1711086951PHOTO-2024-03-21-14-19-19_thumb.jpg,https://www.smbbmu.edu.pk/beta/news/details/an-interactive-session-on-mpowering-girls-to-bridge-the-gaps-in-reproductive-health-and-rights-03-21-2024
images/news/1711086947photo-2024-03-21-14-19-15-thumb.jpg,https://www.smbbmu.edu.pk/beta/uploads/gallery/events/1711086947PHOTO-2024-03-21-14-19-15_thumb.jpg,https://www.smbbmu.edu.pk/beta/news/details/an-interactive-session-on-mpowering-girls-to-bridge-the-gaps-in-reproductive-health-and-rights-03-21-2024
images/news/1711086947photo-2024-03-21-14-19-21-thumb.jpg,https://www.smbbmu.edu.pk/beta/uploads/gallery/events/1711086947PHOTO-2024-03-21-14-19-21_thumb.jpg,https://www.smbbmu.edu.pk/beta/news/details/an-interactive-session-on-mpowering-girls-to-bridge-the-gaps-in-reproductive-health-and-rights-03-21-2024
images/news/1711086946photo-2024-03-21-14-19-20-thumb.jpg,https://www.smbbmu.edu.pk/beta/uploads/gallery/events/1711086946PHOTO-2024-03-21-14-19-20_thumb.jpg,https://www.smbbmu.edu.pk/beta/news/details/an-interactive-session-on-mpowering-girls-to-bridge-the-gaps-in-reproductive-health-and-rights-03-21-2024
images/news/1711086944photo-2024-03-21-14-19-21-2-thumb.jpg,https://www.smbbmu.edu.pk/beta/uploads/gallery/events/1711086944PHOTO-2024-03-21-14-19-21 2_thumb.jpg,https://www.smbbmu.edu.pk/beta/news/details/an-interactive-session-on-mpowering-girls-to-bridge-the-gaps-in-reproductive-health-and-rights-03-21-2024
images/news/1711086943photo-2024-03-21-14-19-16-thumb.jpg,https://www.smbbmu.edu.pk/beta/uploads/gallery/events/1711086943PHOTO-2024-03-21-14-19-16_thumb.jpg,https://www.smbbmu.edu.pk/beta/news/details/an-interactive-session-on-mpowering-girls-to-bridge-the-gaps-in-reproductive-health-and-rights-03-21-2024
images/news/1711086937photo-2024-03-21-14-19-18-thumb.jpg,https://www.smbbmu.edu.pk/beta/uploads/gallery/events/1711086937PHOTO-2024-03-21-14-19-18_thumb.jpg,https://www.smbbmu.edu.pk/beta/news/details/an-interactive-session-on-mpowering-girls-to-bridge-the-gaps-in-reproductive-health-and-rights-03-21-2024
images/news/1711086933photo-2024-03-21-14-19-18-2-thumb.jpg,https://www.smbbmu.edu.pk/beta/uploads/gallery/events/1711086933PHOTO-2024-03-21-14-19-18 2_thumb.jpg,https://www.smbbmu.edu.pk/beta/news/details/an-interactive-session-on-mpowering-girls-to-bridge-the-gaps-in-reproductive-health-and-rights-03-21-2024
images/news/1711086930photo-2024-03-21-14-19-15-2-thumb.jpg,https://www.smbbmu.edu.pk/beta/uploads/gallery/events/1711086930PHOTO-2024-03-21-14-19-15 2_thumb.jpg,https://www.smbbmu.edu.pk/beta/news/details/an-interactive-session-on-mpowering-girls-to-bridge-the-gaps-in-reproductive-health-and-rights-03-21-2024
images/news/1711086930photo-2024-03-21-14-19-17-thumb.jpg,https://www.smbbmu.edu.pk/beta/uploads/gallery/events/1711086930PHOTO-2024-03-21-14-19-17_thumb.jpg,https://www.smbbmu.edu.pk/beta/news/details/an-interactive-session-on-mpowering-girls-to-bridge-the-gaps-in-reproductive-health-and-rights-03-21-2024
images/news/1711086951photo-2024-03-21-14-19-19-thumb-76136a57.jpg,https://www.smbbmu.edu.pk/beta/uploads/gallery/events/thumbs/1711086951PHOTO-2024-03-21-14-19-19_thumb.jpg,https://www.smbbmu.edu.pk/beta/news/details/an-interactive-session-on-mpowering-girls-to-bridge-the-gaps-in-reproductive-health-and-rights-03-21-2024
images/news/1711086947photo-2024-03-21-14-19-15-thumb-4852b076.jpg,https://www.smbbmu.edu.pk/beta/uploads/gallery/events/thumbs/1711086947PHOTO-2024-03-21-14-19-15_thumb.jpg,https://www.smbbmu.edu.pk/beta/news/details/an-interactive-session-on-mpowering-girls-to-bridge-the-gaps-in-reproductive-health-and-rights-03-21-2024
images/news/1711086947photo-2024-03-21-14-19-21-thumb-39c88e35.jpg,https://www.smbbmu.edu.pk/beta/uploads/gallery/events/thumbs/1711086947PHOTO-2024-03-21-14-19-21_thumb.jpg,https://www.smbbmu.edu.pk/beta/news/details/an-interactive-session-on-mpowering-girls-to-bridge-the-gaps-in-reproductive-health-and-rights-03-21-2024
images/news/1711086946photo-2024-03-21-14-19-20-thumb-b8fc3654.jpg,https://www.smbbmu.edu.pk/beta/uploads/gallery/events/thumbs/1711086946PHOTO-2024-03-21-14-19-20_thumb.jpg,https://www.smbbmu.edu.pk/beta/news/details/an-interactive-session-on-mpowering-girls-to-bridge-the-gaps-in-reproductive-health-and-rights-03-21-2024
images/news/1711086944photo-2024-03-21-14-19-21-2-thumb-223e5d16.jpg,https://www.smbbmu.edu.pk/beta/uploads/gallery/events/thumbs/1711086944PHOTO-2024-03-21-14-19-21 2_thumb.jpg,https://www.smbbmu.edu.pk/beta/news/details/an-interactive-session-on-mpowering-girls-to-bridge-the-gaps-in-reproductive-health-and-rights-03-21-2024
images/news/1711086943photo-2024-03-21-14-19-16-thumb-52df7712.jpg,https://www.smbbmu.edu.pk/beta/uploads/gallery/events/thumbs/1711086943PHOTO-2024-03-21-14-19-16_thumb.jpg,https://www.smbbmu.edu.pk/beta/news/details/an-interactive-session-on-mpowering-girls-to-bridge-the-gaps-in-reproductive-health-and-rights-03-21-2024
images/news/1711086937photo-2024-03-21-14-19-18-thumb-3b2204df.jpg,https://www.smbbmu.edu.pk/beta/uploads/gallery/events/thumbs/1711086937PHOTO-2024-03-21-14-19-18_thumb.jpg,https://www.smbbmu.edu.pk/beta/news/details/an-interactive-session-on-mpowering-girls-to-bridge-the-gaps-in-reproductive-health-and-rights-03-21-2024
images/news/1711086933photo-2024-03-21-14-19-18-2-thumb-47514d49.jpg,https://www.smbbmu.edu.pk/beta/uploads/gallery/events/thumbs/1711086933PHOTO-2024-03-21-14-19-18 2_thumb.jpg,https://www.smbbmu.edu.pk/beta/news/details/an-interactive-session-on-mpowering-girls-to-bridge-the-gaps-in-reproductive-health-and-rights-03-21-2024
images/news/1711086930photo-2024-03-21-14-19-15-2-thumb-b9fb7c25.jpg,https://www.smbbmu.edu.pk/beta/uploads/gallery/events/thumbs/1711086930PHOTO-2024-03-21-14-19-15 2_thumb.jpg,https://www.smbbmu.edu.pk/beta/news/details/an-interactive-session-on-mpowering-girls-to-bridge-the-gaps-in-reproductive-health-and-rights-03-21-2024
images/news/1711086930photo-2024-03-21-14-19-17-thumb-f700b8dd.jpg,https://www.smbbmu.edu.pk/beta/uploads/gallery/events/thumbs/1711086930PHOTO-2024-03-21-14-19-17_thumb.jpg,https://www.smbbmu.edu.pk/beta/news/details/an-interactive-session-on-mpowering-girls-to-bridge-the-gaps-in-reproductive-health-and-rights-03-21-2024
images/news/1711087462photo-2024-03-10-20-51-57-4-thumb.jpg,https://www.smbbmu.edu.pk/beta/uploads/gallery/events/1711087462PHOTO-2024-03-10-20-51-57 4_thumb.jpg,https://www.smbbmu.edu.pk/beta/news/details/an-interactive-talk-featuring-his-excellency-dr-june-kuncoro-hadiningrat-consul-general-of-indonesia-03-11-2024
images/news/1711087462photo-2024-03-10-20-51-57-3-thumb.jpg,https://www.smbbmu.edu.pk/beta/uploads/gallery/events/1711087462PHOTO-2024-03-10-20-51-57 3_thumb.jpg,https://www.smbbmu.edu.pk/beta/news/details/an-interactive-talk-featuring-his-excellency-dr-june-kuncoro-hadiningrat-consul-general-of-indonesia-03-11-2024
images/news/1711087460photo-2024-03-10-20-51-57-8-thumb.jpg,https://www.smbbmu.edu.pk/beta/uploads/gallery/events/1711087460PHOTO-2024-03-10-20-51-57 8_thumb.jpg,https://www.smbbmu.edu.pk/beta/news/details/an-interactive-talk-featuring-his-excellency-dr-june-kuncoro-hadiningrat-consul-general-of-indonesia-03-11-2024
images/news/1711087459photo-2024-03-10-20-51-57-7-thumb.jpg,https://www.smbbmu.edu.pk/beta/uploads/gallery/events/1711087459PHOTO-2024-03-10-20-51-57 7_thumb.jpg,https://www.smbbmu.edu.pk/beta/news/details/an-interactive-talk-featuring-his-excellency-dr-june-kuncoro-hadiningrat-consul-general-of-indonesia-03-11-2024
images/news/1711087458photo-2024-03-10-20-51-57-6-thumb.jpg,https://www.smbbmu.edu.pk/beta/uploads/gallery/events/1711087458PHOTO-2024-03-10-20-51-57 6_thumb.jpg,https://www.smbbmu.edu.pk/beta/news/details/an-interactive-talk-featuring-his-excellency-dr-june-kuncoro-hadiningrat-consul-general-of-indonesia-03-11-2024
images/news/1711087457photo-2024-03-10-20-51-57-thumb.jpg,https://www.smbbmu.edu.pk/beta/uploads/gallery/events/1711087457PHOTO-2024-03-10-20-51-57_thumb.jpg,https://www.smbbmu.edu.pk/beta/news/details/an-interactive-talk-featuring-his-excellency-dr-june-kuncoro-hadiningrat-consul-general-of-indonesia-03-11-2024
images/news/1711087456photo-2024-03-10-20-51-57-2-thumb.jpg,https://www.smbbmu.edu.pk/beta/uploads/gallery/events/1711087456PHOTO-2024-03-10-20-51-57 2_thumb.jpg,https://www.smbbmu.edu.pk/beta/news/details/an-interactive-talk-featuring-his-excellency-dr-june-kuncoro-hadiningrat-consul-general-of-indonesia-03-11-2024
images/news/1711087462photo-2024-03-10-20-51-57-4-thumb-f645fad0.jpg,https://www.smbbmu.edu.pk/beta/uploads/gallery/events/thumbs/1711087462PHOTO-2024-03-10-20-51-57 4_thumb.jpg,https://www.smbbmu.edu.pk/beta/news/details/an-interactive-talk-featuring-his-excellency-dr-june-kuncoro-hadiningrat-consul-general-of-indonesia-03-11-2024
images/news/1711087462photo-2024-03-10-20-51-57-3-thumb-0d4cd9b3.jpg,https://www.smbbmu.edu.pk/beta/uploads/gallery/events/thumbs/1711087462PHOTO-2024-03-10-20-51-57 3_thumb.jpg,https://www.smbbmu.edu.pk/beta/news/details/an-interactive-talk-featuring-his-excellency-dr-june-kuncoro-hadiningrat-consul-general-of-indonesia-03-11-2024
images/news/1711087460photo-2024-03-10-20-51-57-8-thumb-079270dd.jpg,https://www.smbbmu.edu.pk/beta/uploads/gallery/events/thumbs/1711087460PHOTO-2024-03-10-20-51-57 8_thumb.jpg,https://www.smbbmu.edu.pk/beta/news/details/an-interactive-talk-featuring-his-excellency-dr-june-kuncoro-hadiningrat-consul-general-of-indonesia-03-11-2024
images/news/1711087459photo-2024-03-10-20-51-57-7-thumb-a0fc230e.jpg,https://www.smbbmu.edu.pk/beta/uploads/gallery/events/thumbs/1711087459PHOTO-2024-03-10-20-51-57 7_thumb.jpg,https://www.smbbmu.edu.pk/beta/news/details/an-interactive-talk-featuring-his-excellency-dr-june-kuncoro-hadiningrat-consul-general-of-indonesia-03-11-2024
images/news/1711087458photo-2024-03-10-20-51-57-6-thumb-368718a7.jpg,https://www.smbbmu.edu.pk/beta/uploads/gallery/events/thumbs/1711087458PHOTO-2024-03-10-20-51-57 6_thumb.jpg,https://www.smbbmu.edu.pk/beta/news/details/an-interactive-talk-featuring-his-excellency-dr-june-kuncoro-hadiningrat-consul-general-of-indonesia-03-11-2024
images/news/1711087457photo-2024-03-10-20-51-57-thumb-9af6e503.jpg,https://www.smbbmu.edu.pk/beta/uploads/gallery/events/thumbs/1711087457PHOTO-2024-03-10-20-51-57_thumb.jpg,https://www.smbbmu.edu.pk/beta/news/details/an-interactive-talk-featuring-his-excellency-dr-june-kuncoro-hadiningrat-consul-general-of-indonesia-03-11-2024
images/news/1711087456photo-2024-03-10-20-51-57-2-thumb-2f6a16aa.jpg,https://www.smbbmu.edu.pk/beta/uploads/gallery/events/thumbs/1711087456PHOTO-2024-03-10-20-51-57 2_thumb.jpg,https://www.smbbmu.edu.pk/beta/news/details/an-interactive-talk-featuring-his-excellency-dr-june-kuncoro-hadiningrat-consul-general-of-indonesia-03-11-2024
images/news/170646045710-thumb.jpeg,https://www.smbbmu.edu.pk/beta/uploads/gallery/events/170646045710_thumb.jpeg,https://www.smbbmu.edu.pk/beta/news/details/the-smbbmu-larkana-organised-the-laptop-distribution-ceremony-at-ghulam-muhammad-mahar-medical-college-gmmmc-sukkur-on-26-january-2024-01-26-2024
images/news/170646045511-thumb.jpeg,https://www.smbbmu.edu.pk/beta/uploads/gallery/events/170646045511_thumb.jpeg,https://www.smbbmu.edu.pk/beta/news/details/the-smbbmu-larkana-organised-the-laptop-distribution-ceremony-at-ghulam-muhammad-mahar-medical-college-gmmmc-sukkur-on-26-january-2024-01-26-2024
images/news/170646045512-thumb.jpeg,https://www.smbbmu.edu.pk/beta/uploads/gallery/events/170646045512_thumb.jpeg,https://www.smbbmu.edu.pk/beta/news/details/the-smbbmu-larkana-organised-the-laptop-distribution-ceremony-at-ghulam-muhammad-mahar-medical-college-gmmmc-sukkur-on-26-january-2024-01-26-2024
images/news/170646045313-thumb.jpeg,https://www.smbbmu.edu.pk/beta/uploads/gallery/events/170646045313_thumb.jpeg,https://www.smbbmu.edu.pk/beta/news/details/the-smbbmu-larkana-organised-the-laptop-distribution-ceremony-at-ghulam-muhammad-mahar-medical-college-gmmmc-sukkur-on-26-january-2024-01-26-2024
images/news/170646045114-thumb.jpeg,https://www.smbbmu.edu.pk/beta/uploads/gallery/events/170646045114_thumb.jpeg,https://www.smbbmu.edu.pk/beta/news/details/the-smbbmu-larkana-organised-the-laptop-distribution-ceremony-at-ghulam-muhammad-mahar-medical-college-gmmmc-sukkur-on-26-january-2024-01-26-2024
images/news/170646044815-thumb.jpeg,https://www.smbbmu.edu.pk/beta/uploads/gallery/events/170646044815_thumb.jpeg,https://www.smbbmu.edu.pk/beta/news/details/the-smbbmu-larkana-organised-the-laptop-distribution-ceremony-at-ghulam-muhammad-mahar-medical-college-gmmmc-sukkur-on-26-january-2024-01-26-2024
images/news/170646044816-thumb.jpeg,https://www.smbbmu.edu.pk/beta/uploads/gallery/events/170646044816_thumb.jpeg,https://www.smbbmu.edu.pk/beta/news/details/the-smbbmu-larkana-organised-the-laptop-distribution-ceremony-at-ghulam-muhammad-mahar-medical-college-gmmmc-sukkur-on-26-january-2024-01-26-2024
images/news/170646044618-thumb.jpeg,https://www.smbbmu.edu.pk/beta/uploads/gallery/events/170646044618_thumb.jpeg,https://www.smbbmu.edu.pk/beta/news/details/the-smbbmu-larkana-organised-the-laptop-distribution-ceremony-at-ghulam-muhammad-mahar-medical-college-gmmmc-sukkur-on-26-january-2024-01-26-2024
images/news/170646044617-thumb.jpeg,https://www.smbbmu.edu.pk/beta/uploads/gallery/events/170646044617_thumb.jpeg,https://www.smbbmu.edu.pk/beta/news/details/the-smbbmu-larkana-organised-the-laptop-distribution-ceremony-at-ghulam-muhammad-mahar-medical-college-gmmmc-sukkur-on-26-january-2024-01-26-2024
images/news/170646044419-thumb.jpeg,https://www.smbbmu.edu.pk/beta/uploads/gallery/events/170646044419_thumb.jpeg,https://www.smbbmu.edu.pk/beta/news/details/the-smbbmu-larkana-organised-the-laptop-distribution-ceremony-at-ghulam-muhammad-mahar-medical-college-gmmmc-sukkur-on-26-january-2024-01-26-2024
images/news/170646044320-thumb.jpeg,https://www.smbbmu.edu.pk/beta/uploads/gallery/events/170646044320_thumb.jpeg,https://www.smbbmu.edu.pk/beta/news/details/the-smbbmu-larkana-organised-the-laptop-distribution-ceremony-at-ghulam-muhammad-mahar-medical-college-gmmmc-sukkur-on-26-january-2024-01-26-2024
images/news/170646044121-thumb.jpeg,https://www.smbbmu.edu.pk/beta/uploads/gallery/events/170646044121_thumb.jpeg,https://www.smbbmu.edu.pk/beta/news/details/the-smbbmu-larkana-organised-the-laptop-distribution-ceremony-at-ghulam-muhammad-mahar-medical-college-gmmmc-sukkur-on-26-january-2024-01-26-2024
images/news/170646044122-thumb.jpeg,https://www.smbbmu.edu.pk/beta/uploads/gallery/events/170646044122_thumb.jpeg,https://www.smbbmu.edu.pk/beta/news/details/the-smbbmu-larkana-organised-the-laptop-distribution-ceremony-at-ghulam-muhammad-mahar-medical-college-gmmmc-sukkur-on-26-january-2024-01-26-2024
images/news/170646045710-thumb-4dfc8eff.jpeg,https://www.smbbmu.edu.pk/beta/uploads/gallery/events/thumbs/170646045710_thumb.jpeg,https://www.smbbmu.edu.pk/beta/news/details/the-smbbmu-larkana-organised-the-laptop-distribution-ceremony-at-ghulam-muhammad-mahar-medical-college-gmmmc-sukkur-on-26-january-2024-01-26-2024
images/news/170646045511-thumb-5ae02ccb.jpeg,https://www.smbbmu.edu.pk/beta/uploads/gallery/events/thumbs/170646045511_thumb.jpeg,https://www.smbbmu.edu.pk/beta/news/details/the-smbbmu-larkana-organised-the-laptop-distribution-ceremony-at-ghulam-muhammad-mahar-medical-college-gmmmc-sukkur-on-26-january-2024-01-26-2024
images/news/170646045512-thumb-6bc68de4.jpeg,https://www.smbbmu.edu.pk/beta/uploads/gallery/events/thumbs/170646045512_thumb.jpeg,https://www.smbbmu.edu.pk/beta/news/details/the-smbbmu-larkana-organised-the-laptop-distribution-ceremony-at-ghulam-muhammad-mahar-medical-college-gmmmc-sukkur-on-26-january-2024-01-26-2024
images/news/170646045313-thumb-bacea1ac.jpeg,https://www.smbbmu.edu.pk/beta/uploads/gallery/events/thumbs/170646045313_thumb.jpeg,https://www.smbbmu.edu.pk/beta/news/details/the-smbbmu-larkana-organised-the-laptop-distribution-ceremony-at-ghulam-muhammad-mahar-medical-college-gmmmc-sukkur-on-26-january-2024-01-26-2024
images/news/170646045114-thumb-718aaff9.jpeg,https://www.smbbmu.edu.pk/beta/uploads/gallery/events/thumbs/170646045114_thumb.jpeg,https://www.smbbmu.edu.pk/beta/news/details/the-smbbmu-larkana-organised-the-laptop-distribution-ceremony-at-ghulam-muhammad-mahar-medical-college-gmmmc-sukkur-on-26-january-2024-01-26-2024
images/news/170646044815-thumb-83f5d67c.jpeg,https://www.smbbmu.edu.pk/beta/uploads/gallery/events/thumbs/170646044815_thumb.jpeg,https://www.smbbmu.edu.pk/beta/news/details/the-smbbmu-larkana-organised-the-laptop-distribution-ceremony-at-ghulam-muhammad-mahar-medical-college-gmmmc-sukkur-on-26-january-2024-01-26-2024
images/news/170646044816-thumb-000d20b0.jpeg,https://www.smbbmu.edu.pk/beta/uploads/gallery/events/thumbs/170646044816_thumb.jpeg,https://www.smbbmu.edu.pk/beta/news/details/the-smbbmu-larkana-organised-the-laptop-distribution-ceremony-at-ghulam-muhammad-mahar-medical-college-gmmmc-sukkur-on-26-january-2024-01-26-2024
images/news/170646044618-thumb-e1e6d53c.jpeg,https://www.smbbmu.edu.pk/beta/uploads/gallery/events/thumbs/170646044618_thumb.jpeg,https://www.smbbmu.edu.pk/beta/news/details/the-smbbmu-larkana-organised-the-laptop-distribution-ceremony-at-ghulam-muhammad-mahar-medical-college-gmmmc-sukkur-on-26-january-2024-01-26-2024
images/news/170646044617-thumb-3bf9a184.jpeg,https://www.smbbmu.edu.pk/beta/uploads/gallery/events/thumbs/170646044617_thumb.jpeg,https://www.smbbmu.edu.pk/beta/news/details/the-smbbmu-larkana-organised-the-laptop-distribution-ceremony-at-ghulam-muhammad-mahar-medical-college-gmmmc-sukkur-on-26-january-2024-01-26-2024
images/news/170646044419-thumb-631741cd.jpeg,https://www.smbbmu.edu.pk/beta/uploads/gallery/events/thumbs/170646044419_thumb.jpeg,https://www.smbbmu.edu.pk/beta/news/details/the-smbbmu-larkana-organised-the-laptop-distribution-ceremony-at-ghulam-muhammad-mahar-medical-college-gmmmc-sukkur-on-26-january-2024-01-26-2024
images/news/170646044320-thumb-08217e2c.jpeg,https://www.smbbmu.edu.pk/beta/uploads/gallery/events/thumbs/170646044320_thumb.jpeg,https://www.smbbmu.edu.pk/beta/news/details/the-smbbmu-larkana-organised-the-laptop-distribution-ceremony-at-ghulam-muhammad-mahar-medical-college-gmmmc-sukkur-on-26-january-2024-01-26-2024
images/news/170646044121-thumb-91f6a32b.jpeg,https://www.smbbmu.edu.pk/beta/uploads/gallery/events/thumbs/170646044121_thumb.jpeg,https://www.smbbmu.edu.pk/beta/news/details/the-smbbmu-larkana-organised-the-laptop-distribution-ceremony-at-ghulam-muhammad-mahar-medical-college-gmmmc-sukkur-on-26-january-2024-01-26-2024
images/news/170646044122-thumb-f1b63dcd.jpeg,https://www.smbbmu.edu.pk/beta/uploads/gallery/events/thumbs/170646044122_thumb.jpeg,https://www.smbbmu.edu.pk/beta/news/details/the-smbbmu-larkana-organised-the-laptop-distribution-ceremony-at-ghulam-muhammad-mahar-medical-college-gmmmc-sukkur-on-26-january-2024-01-26-2024
images/news/1701073755photo-2023-11-22-11-55-01-4-thumb.jpeg,https://www.smbbmu.edu.pk/beta/uploads/gallery/events/1701073755PHOTO-2023-11-22-11-55-01 4_thumb.jpeg,https://www.smbbmu.edu.pk/beta/news/details/52nd-cardicon-held-at-sukkur-11-17-2023
images/news/1701073753photo-2023-11-22-11-55-01-3-thumb.jpeg,https://www.smbbmu.edu.pk/beta/uploads/gallery/events/1701073753PHOTO-2023-11-22-11-55-01 3_thumb.jpeg,https://www.smbbmu.edu.pk/beta/news/details/52nd-cardicon-held-at-sukkur-11-17-2023
images/news/1701073752photo-2023-11-22-11-55-01-thumb.jpeg,https://www.smbbmu.edu.pk/beta/uploads/gallery/events/1701073752PHOTO-2023-11-22-11-55-01_thumb.jpeg,https://www.smbbmu.edu.pk/beta/news/details/52nd-cardicon-held-at-sukkur-11-17-2023
images/news/1701073751photo-2023-11-22-11-55-02-thumb.jpeg,https://www.smbbmu.edu.pk/beta/uploads/gallery/events/1701073751PHOTO-2023-11-22-11-55-02_thumb.jpeg,https://www.smbbmu.edu.pk/beta/news/details/52nd-cardicon-held-at-sukkur-11-17-2023
images/news/1701073755photo-2023-11-22-11-55-01-4-thumb-897f38a4.jpeg,https://www.smbbmu.edu.pk/beta/uploads/gallery/events/thumbs/1701073755PHOTO-2023-11-22-11-55-01 4_thumb.jpeg,https://www.smbbmu.edu.pk/beta/news/details/52nd-cardicon-held-at-sukkur-11-17-2023
images/news/1701073753photo-2023-11-22-11-55-01-3-thumb-b33b2ba8.jpeg,https://www.smbbmu.edu.pk/beta/uploads/gallery/events/thumbs/1701073753PHOTO-2023-11-22-11-55-01 3_thumb.jpeg,https://www.smbbmu.edu.pk/beta/news/details/52nd-cardicon-held-at-sukkur-11-17-2023
images/news/1701073752photo-2023-11-22-11-55-01-thumb-1b0ea522.jpeg,https://www.smbbmu.edu.pk/beta/uploads/gallery/events/thumbs/1701073752PHOTO-2023-11-22-11-55-01_thumb.jpeg,https://www.smbbmu.edu.pk/beta/news/details/52nd-cardicon-held-at-sukkur-11-17-2023
images/news/1701073751photo-2023-11-22-11-55-02-thumb-1757b9de.jpeg,https://www.smbbmu.edu.pk/beta/uploads/gallery/events/thumbs/1701073751PHOTO-2023-11-22-11-55-02_thumb.jpeg,https://www.smbbmu.edu.pk/beta/news/details/52nd-cardicon-held-at-sukkur-11-17-2023
images/news/1701073368401800318-278615775175143-7604574201412340735-n-thumb.jpg,https://www.smbbmu.edu.pk/beta/uploads/gallery/events/1701073368401800318_278615775175143_7604574201412340735_n_thumb.jpg,https://www.smbbmu.edu.pk/beta/news/details/memorandum-of-understanding-mou-signed-between-smbbmu-and-idlib-university-syria-11-15-2023
images/news/1701073367401783668-278615648508489-3836951767423278701-n-thumb.jpg,https://www.smbbmu.edu.pk/beta/uploads/gallery/events/1701073367401783668_278615648508489_3836951767423278701_n_thumb.jpg,https://www.smbbmu.edu.pk/beta/news/details/memorandum-of-understanding-mou-signed-between-smbbmu-and-idlib-university-syria-11-15-2023
images/news/1701073376.jpg,https://www.smbbmu.edu.pk/beta/uploads/news/images/1701073376.jpg,https://www.smbbmu.edu.pk/beta/news/details/memorandum-of-understanding-mou-signed-between-smbbmu-and-idlib-university-syria-11-15-2023
images/news/1701073368401800318-278615775175143-7604574201412340735-n-thumb-dc07b1d4.jpg,https://www.smbbmu.edu.pk/beta/uploads/gallery/events/thumbs/1701073368401800318_278615775175143_7604574201412340735_n_thumb.jpg,https://www.smbbmu.edu.pk/beta/news/details/memorandum-of-understanding-mou-signed-between-smbbmu-and-idlib-university-syria-11-15-2023
images/news/1701073367401783668-278615648508489-3836951767423278701-n-thumb-51d20410.jpg,https://www.smbbmu.edu.pk/beta/uploads/gallery/events/thumbs/1701073367401783668_278615648508489_3836951767423278701_n_thumb.jpg,https://www.smbbmu.edu.pk/beta/news/details/memorandum-of-understanding-mou-signed-between-smbbmu-and-idlib-university-syria-11-15-2023
images/news/1698937645two-days-workshop-11-thumb.jpeg,https://www.smbbmu.edu.pk/beta/uploads/gallery/events/1698937645two-days-workshop - 11_thumb.jpeg,https://www.smbbmu.edu.pk/beta/news/details/two-days-workshop-on-research-grant-proposal-writing-11-02-2023
images/news/1698937645two-days-workshop-2-thumb.jpeg,https://www.smbbmu.edu.pk/beta/uploads/gallery/events/1698937645two-days-workshop - 2_thumb.jpeg,https://www.smbbmu.edu.pk/beta/news/details/two-days-workshop-on-research-grant-proposal-writing-11-02-2023
images/news/1698937630two-days-workshop-1-1-thumb.jpeg,https://www.smbbmu.edu.pk/beta/uploads/gallery/events/1698937630two-days-workshop - 1 (1)_thumb.jpeg,https://www.smbbmu.edu.pk/beta/news/details/two-days-workshop-on-research-grant-proposal-writing-11-02-2023
images/news/1698937629two-days-workshop-2-1-thumb.jpeg,https://www.smbbmu.edu.pk/beta/uploads/gallery/events/1698937629two-days-workshop - 2 (1)_thumb.jpeg,https://www.smbbmu.edu.pk/beta/news/details/two-days-workshop-on-research-grant-proposal-writing-11-02-2023
images/news/1698937645two-days-workshop-11-thumb-9c283864.jpeg,https://www.smbbmu.edu.pk/beta/uploads/gallery/events/thumbs/1698937645two-days-workshop - 11_thumb.jpeg,https://www.smbbmu.edu.pk/beta/news/details/two-days-workshop-on-research-grant-proposal-writing-11-02-2023
images/news/1698937645two-days-workshop-2-thumb-b2ecb1d2.jpeg,https://www.smbbmu.edu.pk/beta/uploads/gallery/events/thumbs/1698937645two-days-workshop - 2_thumb.jpeg,https://www.smbbmu.edu.pk/beta/news/details/two-days-workshop-on-research-grant-proposal-writing-11-02-2023
images/news/1698937630two-days-workshop-1-1-thumb-2fa98377.jpeg,https://www.smbbmu.edu.pk/beta/uploads/gallery/events/thumbs/1698937630two-days-workshop - 1 (1)_thumb.jpeg,https://www.smbbmu.edu.pk/beta/news/details/two-days-workshop-on-research-grant-proposal-writing-11-02-2023
images/news/1698937629two-days-workshop-2-1-thumb-52e2e4d7.jpeg,https://www.smbbmu.edu.pk/beta/uploads/gallery/events/thumbs/1698937629two-days-workshop - 2 (1)_thumb.jpeg,https://www.smbbmu.edu.pk/beta/news/details/two-days-workshop-on-research-grant-proposal-writing-11-02-2023
images/news/1698947295two-days-workshop-1-thumb.jpeg,https://www.smbbmu.edu.pk/beta/uploads/gallery/events/1698947295two-days-workshop - 1_thumb.jpeg,https://www.smbbmu.edu.pk/beta/news/details/memorandum-of-understanding-signed-between-smbbmu-and-inonu-university-turkey-11-02-2023
images/news/1698947292two-days-workshop-2-thumb.jpeg,https://www.smbbmu.edu.pk/beta/uploads/gallery/events/1698947292two-days-workshop - 2_thumb.jpeg,https://www.smbbmu.edu.pk/beta/news/details/memorandum-of-understanding-signed-between-smbbmu-and-inonu-university-turkey-11-02-2023
images/news/1698947289two-days-workshop-3-thumb.jpeg,https://www.smbbmu.edu.pk/beta/uploads/gallery/events/1698947289two-days-workshop - 3_thumb.jpeg,https://www.smbbmu.edu.pk/beta/news/details/memorandum-of-understanding-signed-between-smbbmu-and-inonu-university-turkey-11-02-2023
images/news/1698947286two-days-workshop-4-thumb.jpeg,https://www.smbbmu.edu.pk/beta/uploads/gallery/events/1698947286two-days-workshop - 4_thumb.jpeg,https://www.smbbmu.edu.pk/beta/news/details/memorandum-of-understanding-signed-between-smbbmu-and-inonu-university-turkey-11-02-2023
images/news/1698947286two-days-workshop-5-thumb.jpeg,https://www.smbbmu.edu.pk/beta/uploads/gallery/events/1698947286two-days-workshop - 5_thumb.jpeg,https://www.smbbmu.edu.pk/beta/news/details/memorandum-of-understanding-signed-between-smbbmu-and-inonu-university-turkey-11-02-2023
images/news/1698947295two-days-workshop-1-thumb-fc45f8af.jpeg,https://www.smbbmu.edu.pk/beta/uploads/gallery/events/thumbs/1698947295two-days-workshop - 1_thumb.jpeg,https://www.smbbmu.edu.pk/beta/news/details/memorandum-of-understanding-signed-between-smbbmu-and-inonu-university-turkey-11-02-2023
images/news/1698947292two-days-workshop-2-thumb-a47cf571.jpeg,https://www.smbbmu.edu.pk/beta/uploads/gallery/events/thumbs/1698947292two-days-workshop - 2_thumb.jpeg,https://www.smbbmu.edu.pk/beta/news/details/memorandum-of-understanding-signed-between-smbbmu-and-inonu-university-turkey-11-02-2023
images/news/1698947289two-days-workshop-3-thumb-7c8485f0.jpeg,https://www.smbbmu.edu.pk/beta/uploads/gallery/events/thumbs/1698947289two-days-workshop - 3_thumb.jpeg,https://www.smbbmu.edu.pk/beta/news/details/memorandum-of-understanding-signed-between-smbbmu-and-inonu-university-turkey-11-02-2023
images/news/1698947286two-days-workshop-4-thumb-7d0fa05f.jpeg,https://www.smbbmu.edu.pk/beta/uploads/gallery/events/thumbs/1698947286two-days-workshop - 4_thumb.jpeg,https://www.smbbmu.edu.pk/beta/news/details/memorandum-of-understanding-signed-between-smbbmu-and-inonu-university-turkey-11-02-2023
images/news/1698947286two-days-workshop-5-thumb-fff9766c.jpeg,https://www.smbbmu.edu.pk/beta/uploads/gallery/events/thumbs/1698947286two-days-workshop - 5_thumb.jpeg,https://www.smbbmu.edu.pk/beta/news/details/memorandum-of-understanding-signed-between-smbbmu-and-inonu-university-turkey-11-02-2023
images/news/1698568072ratodero-hiv-visit-1-thumb.jpeg,https://www.smbbmu.edu.pk/beta/uploads/gallery/events/1698568072ratodero-hiv-visit - 1_thumb.jpeg,https://www.smbbmu.edu.pk/beta/news/details/the-directorate-of-oric-conducted-an-interactive-session-on-exploring-new-horizons-in-hiv-research-10-27-2023
images/news/1698568068ratodero-hiv-visit-4-thumb.jpeg,https://www.smbbmu.edu.pk/beta/uploads/gallery/events/1698568068ratodero-hiv-visit - 4_thumb.jpeg,https://www.smbbmu.edu.pk/beta/news/details/the-directorate-of-oric-conducted-an-interactive-session-on-exploring-new-horizons-in-hiv-research-10-27-2023
images/news/1698568068ratodero-hiv-visit-3-thumb.jpeg,https://www.smbbmu.edu.pk/beta/uploads/gallery/events/1698568068ratodero-hiv-visit - 3_thumb.jpeg,https://www.smbbmu.edu.pk/beta/news/details/the-directorate-of-oric-conducted-an-interactive-session-on-exploring-new-horizons-in-hiv-research-10-27-2023
images/news/1698568072ratodero-hiv-visit-1-thumb-a698392b.jpeg,https://www.smbbmu.edu.pk/beta/uploads/gallery/events/thumbs/1698568072ratodero-hiv-visit - 1_thumb.jpeg,https://www.smbbmu.edu.pk/beta/news/details/the-directorate-of-oric-conducted-an-interactive-session-on-exploring-new-horizons-in-hiv-research-10-27-2023
images/news/1698568068ratodero-hiv-visit-4-thumb-60de3649.jpeg,https://www.smbbmu.edu.pk/beta/uploads/gallery/events/thumbs/1698568068ratodero-hiv-visit - 4_thumb.jpeg,https://www.smbbmu.edu.pk/beta/news/details/the-directorate-of-oric-conducted-an-interactive-session-on-exploring-new-horizons-in-hiv-research-10-27-2023
images/news/1698568068ratodero-hiv-visit-3-thumb-a4a04a50.jpeg,https://www.smbbmu.edu.pk/beta/uploads/gallery/events/thumbs/1698568068ratodero-hiv-visit - 3_thumb.jpeg,https://www.smbbmu.edu.pk/beta/news/details/the-directorate-of-oric-conducted-an-interactive-session-on-exploring-new-horizons-in-hiv-research-10-27-2023
images/news/1698567946ratodero-hiv-visit-1-thumb.jpeg,https://www.smbbmu.edu.pk/beta/uploads/gallery/events/1698567946ratodero-hiv-visit - 1_thumb.jpeg,https://www.smbbmu.edu.pk/beta/news/details/young-researchers-of-smbbmu-visited-the-hiv-center-at-ratodero-10-26-2023
images/news/1698567945ratodero-hiv-visit-9-thumb.jpeg,https://www.smbbmu.edu.pk/beta/uploads/gallery/events/1698567945ratodero-hiv-visit - 9_thumb.jpeg,https://www.smbbmu.edu.pk/beta/news/details/young-researchers-of-smbbmu-visited-the-hiv-center-at-ratodero-10-26-2023
images/news/1698567939ratodero-hiv-visit-8-thumb.jpeg,https://www.smbbmu.edu.pk/beta/uploads/gallery/events/1698567939ratodero-hiv-visit - 8_thumb.jpeg,https://www.smbbmu.edu.pk/beta/news/details/young-researchers-of-smbbmu-visited-the-hiv-center-at-ratodero-10-26-2023
images/news/1698567938ratodero-hiv-visit-6-thumb.jpeg,https://www.smbbmu.edu.pk/beta/uploads/gallery/events/1698567938ratodero-hiv-visit - 6_thumb.jpeg,https://www.smbbmu.edu.pk/beta/news/details/young-researchers-of-smbbmu-visited-the-hiv-center-at-ratodero-10-26-2023
images/news/1698567937ratodero-hiv-visit-5-thumb.jpeg,https://www.smbbmu.edu.pk/beta/uploads/gallery/events/1698567937ratodero-hiv-visit - 5_thumb.jpeg,https://www.smbbmu.edu.pk/beta/news/details/young-researchers-of-smbbmu-visited-the-hiv-center-at-ratodero-10-26-2023
images/news/1698567931ratodero-hiv-visit-4-thumb.jpeg,https://www.smbbmu.edu.pk/beta/uploads/gallery/events/1698567931ratodero-hiv-visit - 4_thumb.jpeg,https://www.smbbmu.edu.pk/beta/news/details/young-researchers-of-smbbmu-visited-the-hiv-center-at-ratodero-10-26-2023
images/news/1698567931ratodero-hiv-visit-3-thumb.jpeg,https://www.smbbmu.edu.pk/beta/uploads/gallery/events/1698567931ratodero-hiv-visit - 3_thumb.jpeg,https://www.smbbmu.edu.pk/beta/news/details/young-researchers-of-smbbmu-visited-the-hiv-center-at-ratodero-10-26-2023
images/news/1698567946ratodero-hiv-visit-1-thumb-b9bf4f34.jpeg,https://www.smbbmu.edu.pk/beta/uploads/gallery/events/thumbs/1698567946ratodero-hiv-visit - 1_thumb.jpeg,https://www.smbbmu.edu.pk/beta/news/details/young-researchers-of-smbbmu-visited-the-hiv-center-at-ratodero-10-26-2023
images/news/1698567945ratodero-hiv-visit-9-thumb-02aff87d.jpeg,https://www.smbbmu.edu.pk/beta/uploads/gallery/events/thumbs/1698567945ratodero-hiv-visit - 9_thumb.jpeg,https://www.smbbmu.edu.pk/beta/news/details/young-researchers-of-smbbmu-visited-the-hiv-center-at-ratodero-10-26-2023
images/news/1698567939ratodero-hiv-visit-8-thumb-2a0c8e77.jpeg,https://www.smbbmu.edu.pk/beta/uploads/gallery/events/thumbs/1698567939ratodero-hiv-visit - 8_thumb.jpeg,https://www.smbbmu.edu.pk/beta/news/details/young-researchers-of-smbbmu-visited-the-hiv-center-at-ratodero-10-26-2023
images/news/1698567938ratodero-hiv-visit-6-thumb-1a8b9aaa.jpeg,https://www.smbbmu.edu.pk/beta/uploads/gallery/events/thumbs/1698567938ratodero-hiv-visit - 6_thumb.jpeg,https://www.smbbmu.edu.pk/beta/news/details/young-researchers-of-smbbmu-visited-the-hiv-center-at-ratodero-10-26-2023
images/news/1698567937ratodero-hiv-visit-5-thumb-e126f3e6.jpeg,https://www.smbbmu.edu.pk/beta/uploads/gallery/events/thumbs/1698567937ratodero-hiv-visit - 5_thumb.jpeg,https://www.smbbmu.edu.pk/beta/news/details/young-researchers-of-smbbmu-visited-the-hiv-center-at-ratodero-10-26-2023
images/news/1698567931ratodero-hiv-visit-4-thumb-5a26b245.jpeg,https://www.smbbmu.edu.pk/beta/uploads/gallery/events/thumbs/1698567931ratodero-hiv-visit - 4_thumb.jpeg,https://www.smbbmu.edu.pk/beta/news/details/young-researchers-of-smbbmu-visited-the-hiv-center-at-ratodero-10-26-2023
images/news/1698567931ratodero-hiv-visit-3-thumb-2acc43c5.jpeg,https://www.smbbmu.edu.pk/beta/uploads/gallery/events/thumbs/1698567931ratodero-hiv-visit - 3_thumb.jpeg,https://www.smbbmu.edu.pk/beta/news/details/young-researchers-of-smbbmu-visited-the-hiv-center-at-ratodero-10-26-2023
images/news/1697555042uk-session-4-thumb.jpeg,https://www.smbbmu.edu.pk/beta/uploads/gallery/events/1697555042uk-session - 4_thumb.jpeg,https://www.smbbmu.edu.pk/beta/news/details/interactive-talk-on-how-to-make-a-successful-application-for-achieving-chevening-scholarship-uk-10-17-2023
images/news/1697555040uk-session-3-thumb.jpeg,https://www.smbbmu.edu.pk/beta/uploads/gallery/events/1697555040uk-session - 3_thumb.jpeg,https://www.smbbmu.edu.pk/beta/news/details/interactive-talk-on-how-to-make-a-successful-application-for-achieving-chevening-scholarship-uk-10-17-2023
images/news/1697555038uk-session-1-thumb.jpeg,https://www.smbbmu.edu.pk/beta/uploads/gallery/events/1697555038uk-session - 1_thumb.jpeg,https://www.smbbmu.edu.pk/beta/news/details/interactive-talk-on-how-to-make-a-successful-application-for-achieving-chevening-scholarship-uk-10-17-2023
images/news/1697555042uk-session-4-thumb-d8df45af.jpeg,https://www.smbbmu.edu.pk/beta/uploads/gallery/events/thumbs/1697555042uk-session - 4_thumb.jpeg,https://www.smbbmu.edu.pk/beta/news/details/interactive-talk-on-how-to-make-a-successful-application-for-achieving-chevening-scholarship-uk-10-17-2023
images/news/1697555040uk-session-3-thumb-0920feb9.jpeg,https://www.smbbmu.edu.pk/beta/uploads/gallery/events/thumbs/1697555040uk-session - 3_thumb.jpeg,https://www.smbbmu.edu.pk/beta/news/details/interactive-talk-on-how-to-make-a-successful-application-for-achieving-chevening-scholarship-uk-10-17-2023
images/news/1697555038uk-session-1-thumb-fcde301e.jpeg,https://www.smbbmu.edu.pk/beta/uploads/gallery/events/thumbs/1697555038uk-session - 1_thumb.jpeg,https://www.smbbmu.edu.pk/beta/news/details/interactive-talk-on-how-to-make-a-successful-application-for-achieving-chevening-scholarship-uk-10-17-2023
images/news/1697605918387825781-257917753911612-4483309996221097019-n-thumb.jpg,https://www.smbbmu.edu.pk/beta/uploads/gallery/events/1697605918387825781_257917753911612_4483309996221097019_n_thumb.jpg,https://www.smbbmu.edu.pk/beta/news/details/workshop-on-the-art-of-writing-scientific-papers-10-13-2023
images/news/1697605914387828585-257917587244962-8866689517397767166-n-thumb.jpg,https://www.smbbmu.edu.pk/beta/uploads/gallery/events/1697605914387828585_257917587244962_8866689517397767166_n_thumb.jpg,https://www.smbbmu.edu.pk/beta/news/details/workshop-on-the-art-of-writing-scientific-papers-10-13-2023
images/news/1697605912384269951-257917690578285-195251063709816538-n-thumb.jpg,https://www.smbbmu.edu.pk/beta/uploads/gallery/events/1697605912384269951_257917690578285_195251063709816538_n_thumb.jpg,https://www.smbbmu.edu.pk/beta/news/details/workshop-on-the-art-of-writing-scientific-papers-10-13-2023
images/news/1697605911384236840-257917657244955-6741776368636707288-n-thumb.jpg,https://www.smbbmu.edu.pk/beta/uploads/gallery/events/1697605911384236840_257917657244955_6741776368636707288_n_thumb.jpg,https://www.smbbmu.edu.pk/beta/news/details/workshop-on-the-art-of-writing-scientific-papers-10-13-2023
images/news/1697605918387825781-257917753911612-4483309996221097019-n-thumb-d3965d46.jpg,https://www.smbbmu.edu.pk/beta/uploads/gallery/events/thumbs/1697605918387825781_257917753911612_4483309996221097019_n_thumb.jpg,https://www.smbbmu.edu.pk/beta/news/details/workshop-on-the-art-of-writing-scientific-papers-10-13-2023
images/news/1697605914387828585-257917587244962-8866689517397767166-n-thumb-d58d9a52.jpg,https://www.smbbmu.edu.pk/beta/uploads/gallery/events/thumbs/1697605914387828585_257917587244962_8866689517397767166_n_thumb.jpg,https://www.smbbmu.edu.pk/beta/news/details/workshop-on-the-art-of-writing-scientific-papers-10-13-2023
images/news/1697605912384269951-257917690578285-195251063709816538-n-thumb-fc6a7e7c.jpg,https://www.smbbmu.edu.pk/beta/uploads/gallery/events/thumbs/1697605912384269951_257917690578285_195251063709816538_n_thumb.jpg,https://www.smbbmu.edu.pk/beta/news/details/workshop-on-the-art-of-writing-scientific-papers-10-13-2023
images/news/1697605911384236840-257917657244955-6741776368636707288-n-thumb-7f8a0882.jpg,https://www.smbbmu.edu.pk/beta/uploads/gallery/events/thumbs/1697605911384236840_257917657244955_6741776368636707288_n_thumb.jpg,https://www.smbbmu.edu.pk/beta/news/details/workshop-on-the-art-of-writing-scientific-papers-10-13-2023
images/news/1697606415cheque-distribution-ceremony-3-thumb.jpeg,https://www.smbbmu.edu.pk/beta/uploads/gallery/events/1697606415cheque-distribution-ceremony - 3_thumb.jpeg,https://www.smbbmu.edu.pk/beta/news/details/scholarship-cheque-distribution-ceremony-was-organized-by-the-national-endowment-scholarship-for-talent-nest-along-with-federal-education-department-at-shaheed-mohtarma-benazir-bhutto-medical-university-larkana-10-08-2023
images/news/1697606412cheque-distribution-ceremony-1-thumb.jpeg,https://www.smbbmu.edu.pk/beta/uploads/gallery/events/1697606412cheque-distribution-ceremony - 1_thumb.jpeg,https://www.smbbmu.edu.pk/beta/news/details/scholarship-cheque-distribution-ceremony-was-organized-by-the-national-endowment-scholarship-for-talent-nest-along-with-federal-education-department-at-shaheed-mohtarma-benazir-bhutto-medical-university-larkana-10-08-2023
images/news/1697606406cheque-distribution-ceremony-4-thumb.jpeg,https://www.smbbmu.edu.pk/beta/uploads/gallery/events/1697606406cheque-distribution-ceremony - 4_thumb.jpeg,https://www.smbbmu.edu.pk/beta/news/details/scholarship-cheque-distribution-ceremony-was-organized-by-the-national-endowment-scholarship-for-talent-nest-along-with-federal-education-department-at-shaheed-mohtarma-benazir-bhutto-medical-university-larkana-10-08-2023
images/news/1697606405cheque-distribution-ceremony-2-thumb.jpeg,https://www.smbbmu.edu.pk/beta/uploads/gallery/events/1697606405cheque-distribution-ceremony - 2_thumb.jpeg,https://www.smbbmu.edu.pk/beta/news/details/scholarship-cheque-distribution-ceremony-was-organized-by-the-national-endowment-scholarship-for-talent-nest-along-with-federal-education-department-at-shaheed-mohtarma-benazir-bhutto-medical-university-larkana-10-08-2023
images/news/1697606400cheque-distribution-ceremony-6-thumb.jpeg,https://www.smbbmu.edu.pk/beta/uploads/gallery/events/1697606400cheque-distribution-ceremony - 6_thumb.jpeg,https://www.smbbmu.edu.pk/beta/news/details/scholarship-cheque-distribution-ceremony-was-organized-by-the-national-endowment-scholarship-for-talent-nest-along-with-federal-education-department-at-shaheed-mohtarma-benazir-bhutto-medical-university-larkana-10-08-2023
images/news/1697606399cheque-distribution-ceremony-5-thumb.jpeg,https://www.smbbmu.edu.pk/beta/uploads/gallery/events/1697606399cheque-distribution-ceremony - 5_thumb.jpeg,https://www.smbbmu.edu.pk/beta/news/details/scholarship-cheque-distribution-ceremony-was-organized-by-the-national-endowment-scholarship-for-talent-nest-along-with-federal-education-department-at-shaheed-mohtarma-benazir-bhutto-medical-university-larkana-10-08-2023
images/news/1697606415cheque-distribution-ceremony-3-thumb-6fb4ec82.jpeg,https://www.smbbmu.edu.pk/beta/uploads/gallery/events/thumbs/1697606415cheque-distribution-ceremony - 3_thumb.jpeg,https://www.smbbmu.edu.pk/beta/news/details/scholarship-cheque-distribution-ceremony-was-organized-by-the-national-endowment-scholarship-for-talent-nest-along-with-federal-education-department-at-shaheed-mohtarma-benazir-bhutto-medical-university-larkana-10-08-2023
images/news/1697606412cheque-distribution-ceremony-1-thumb-8757279c.jpeg,https://www.smbbmu.edu.pk/beta/uploads/gallery/events/thumbs/1697606412cheque-distribution-ceremony - 1_thumb.jpeg,https://www.smbbmu.edu.pk/beta/news/details/scholarship-cheque-distribution-ceremony-was-organized-by-the-national-endowment-scholarship-for-talent-nest-along-with-federal-education-department-at-shaheed-mohtarma-benazir-bhutto-medical-university-larkana-10-08-2023
images/news/1697606406cheque-distribution-ceremony-4-thumb-89a9e7ee.jpeg,https://www.smbbmu.edu.pk/beta/uploads/gallery/events/thumbs/1697606406cheque-distribution-ceremony - 4_thumb.jpeg,https://www.smbbmu.edu.pk/beta/news/details/scholarship-cheque-distribution-ceremony-was-organized-by-the-national-endowment-scholarship-for-talent-nest-along-with-federal-education-department-at-shaheed-mohtarma-benazir-bhutto-medical-university-larkana-10-08-2023
images/news/1697606405cheque-distribution-ceremony-2-thumb-005de3f2.jpeg,https://www.smbbmu.edu.pk/beta/uploads/gallery/events/thumbs/1697606405cheque-distribution-ceremony - 2_thumb.jpeg,https://www.smbbmu.edu.pk/beta/news/details/scholarship-cheque-distribution-ceremony-was-organized-by-the-national-endowment-scholarship-for-talent-nest-along-with-federal-education-department-at-shaheed-mohtarma-benazir-bhutto-medical-university-larkana-10-08-2023
images/news/1697606400cheque-distribution-ceremony-6-thumb-e4226c98.jpeg,https://www.smbbmu.edu.pk/beta/uploads/gallery/events/thumbs/1697606400cheque-distribution-ceremony - 6_thumb.jpeg,https://www.smbbmu.edu.pk/beta/news/details/scholarship-cheque-distribution-ceremony-was-organized-by-the-national-endowment-scholarship-for-talent-nest-along-with-federal-education-department-at-shaheed-mohtarma-benazir-bhutto-medical-university-larkana-10-08-2023
images/news/1697606399cheque-distribution-ceremony-5-thumb-ea6955ce.jpeg,https://www.smbbmu.edu.pk/beta/uploads/gallery/events/thumbs/1697606399cheque-distribution-ceremony - 5_thumb.jpeg,https://www.smbbmu.edu.pk/beta/news/details/scholarship-cheque-distribution-ceremony-was-organized-by-the-national-endowment-scholarship-for-talent-nest-along-with-federal-education-department-at-shaheed-mohtarma-benazir-bhutto-medical-university-larkana-10-08-2023
images/news/1697606038387101660-254753140894740-9191896243744485204-n-thumb.jpg,https://www.smbbmu.edu.pk/beta/uploads/gallery/events/1697606038387101660_254753140894740_9191896243744485204_n_thumb.jpg,https://www.smbbmu.edu.pk/beta/news/details/interactive-talk-on-insight-into-psychiatry-under-smbbmu-appna-merit-partnership-10-07-2023
images/news/1697606032387004644-254753094228078-5514659809683506417-n-thumb.jpg,https://www.smbbmu.edu.pk/beta/uploads/gallery/events/1697606032387004644_254753094228078_5514659809683506417_n_thumb.jpg,https://www.smbbmu.edu.pk/beta/news/details/interactive-talk-on-insight-into-psychiatry-under-smbbmu-appna-merit-partnership-10-07-2023
images/news/1697606038387101660-254753140894740-9191896243744485204-n-thumb-239e4949.jpg,https://www.smbbmu.edu.pk/beta/uploads/gallery/events/thumbs/1697606038387101660_254753140894740_9191896243744485204_n_thumb.jpg,https://www.smbbmu.edu.pk/beta/news/details/interactive-talk-on-insight-into-psychiatry-under-smbbmu-appna-merit-partnership-10-07-2023
images/news/1697606032387004644-254753094228078-5514659809683506417-n-thumb-2f0483fb.jpg,https://www.smbbmu.edu.pk/beta/uploads/gallery/events/thumbs/1697606032387004644_254753094228078_5514659809683506417_n_thumb.jpg,https://www.smbbmu.edu.pk/beta/news/details/interactive-talk-on-insight-into-psychiatry-under-smbbmu-appna-merit-partnership-10-07-2023
images/news/169760634412th-poa-meeting-1-thumb.jpeg,https://www.smbbmu.edu.pk/beta/uploads/gallery/events/169760634412th-POA-Meeting - 1_thumb.jpeg,https://www.smbbmu.edu.pk/beta/news/details/the-12th-poa-regional-orthopedic-clinical-meeting-and-workshop-on-sports-medicine-and-arthroscopicy-with-live-surgery-10-07-2023
images/news/169760633912th-poa-meeting-6-thumb.jpeg,https://www.smbbmu.edu.pk/beta/uploads/gallery/events/169760633912th-POA-Meeting - 6_thumb.jpeg,https://www.smbbmu.edu.pk/beta/news/details/the-12th-poa-regional-orthopedic-clinical-meeting-and-workshop-on-sports-medicine-and-arthroscopicy-with-live-surgery-10-07-2023
images/news/169760633812th-poa-meeting-4-thumb.jpeg,https://www.smbbmu.edu.pk/beta/uploads/gallery/events/169760633812th-POA-Meeting - 4_thumb.jpeg,https://www.smbbmu.edu.pk/beta/news/details/the-12th-poa-regional-orthopedic-clinical-meeting-and-workshop-on-sports-medicine-and-arthroscopicy-with-live-surgery-10-07-2023
images/news/169760633212th-poa-meeting-7-thumb.jpeg,https://www.smbbmu.edu.pk/beta/uploads/gallery/events/169760633212th-POA-Meeting - 7_thumb.jpeg,https://www.smbbmu.edu.pk/beta/news/details/the-12th-poa-regional-orthopedic-clinical-meeting-and-workshop-on-sports-medicine-and-arthroscopicy-with-live-surgery-10-07-2023
images/news/169760632812th-poa-meeting-9-thumb.jpeg,https://www.smbbmu.edu.pk/beta/uploads/gallery/events/169760632812th-POA-Meeting - 9_thumb.jpeg,https://www.smbbmu.edu.pk/beta/news/details/the-12th-poa-regional-orthopedic-clinical-meeting-and-workshop-on-sports-medicine-and-arthroscopicy-with-live-surgery-10-07-2023
images/news/169760632812th-poa-meeting-8-thumb.jpeg,https://www.smbbmu.edu.pk/beta/uploads/gallery/events/169760632812th-POA-Meeting - 8_thumb.jpeg,https://www.smbbmu.edu.pk/beta/news/details/the-12th-poa-regional-orthopedic-clinical-meeting-and-workshop-on-sports-medicine-and-arthroscopicy-with-live-surgery-10-07-2023
images/news/169760634412th-poa-meeting-1-thumb-030e9bfa.jpeg,https://www.smbbmu.edu.pk/beta/uploads/gallery/events/thumbs/169760634412th-POA-Meeting - 1_thumb.jpeg,https://www.smbbmu.edu.pk/beta/news/details/the-12th-poa-regional-orthopedic-clinical-meeting-and-workshop-on-sports-medicine-and-arthroscopicy-with-live-surgery-10-07-2023
images/news/169760633912th-poa-meeting-6-thumb-75cdf338.jpeg,https://www.smbbmu.edu.pk/beta/uploads/gallery/events/thumbs/169760633912th-POA-Meeting - 6_thumb.jpeg,https://www.smbbmu.edu.pk/beta/news/details/the-12th-poa-regional-orthopedic-clinical-meeting-and-workshop-on-sports-medicine-and-arthroscopicy-with-live-surgery-10-07-2023
images/news/169760633812th-poa-meeting-4-thumb-3a611a0f.jpeg,https://www.smbbmu.edu.pk/beta/uploads/gallery/events/thumbs/169760633812th-POA-Meeting - 4_thumb.jpeg,https://www.smbbmu.edu.pk/beta/news/details/the-12th-poa-regional-orthopedic-clinical-meeting-and-workshop-on-sports-medicine-and-arthroscopicy-with-live-surgery-10-07-2023
images/news/169760633212th-poa-meeting-7-thumb-2adbdd1e.jpeg,https://www.smbbmu.edu.pk/beta/uploads/gallery/events/thumbs/169760633212th-POA-Meeting - 7_thumb.jpeg,https://www.smbbmu.edu.pk/beta/news/details/the-12th-poa-regional-orthopedic-clinical-meeting-and-workshop-on-sports-medicine-and-arthroscopicy-with-live-surgery-10-07-2023
images/news/169760632812th-poa-meeting-9-thumb-2efacde1.jpeg,https://www.smbbmu.edu.pk/beta/uploads/gallery/events/thumbs/169760632812th-POA-Meeting - 9_thumb.jpeg,https://www.smbbmu.edu.pk/beta/news/details/the-12th-poa-regional-orthopedic-clinical-meeting-and-workshop-on-sports-medicine-and-arthroscopicy-with-live-surgery-10-07-2023
images/news/169760632812th-poa-meeting-8-thumb-d2603513.jpeg,https://www.smbbmu.edu.pk/beta/uploads/gallery/events/thumbs/169760632812th-POA-Meeting - 8_thumb.jpeg,https://www.smbbmu.edu.pk/beta/news/details/the-12th-poa-regional-orthopedic-clinical-meeting-and-workshop-on-sports-medicine-and-arthroscopicy-with-live-surgery-10-07-2023
images/news/1697606171pink-friday-3-thumb.jpeg,https://www.smbbmu.edu.pk/beta/uploads/gallery/events/1697606171pink-friday - 3_thumb.jpeg,https://www.smbbmu.edu.pk/beta/news/details/smbb-medical-university-celebrating-pink-friday-10-06-2023
images/news/1697606169pink-friday-1-thumb.jpeg,https://www.smbbmu.edu.pk/beta/uploads/gallery/events/1697606169pink-friday - 1_thumb.jpeg,https://www.smbbmu.edu.pk/beta/news/details/smbb-medical-university-celebrating-pink-friday-10-06-2023
images/news/1697606167pink-friday-2-thumb.jpeg,https://www.smbbmu.edu.pk/beta/uploads/gallery/events/1697606167pink-friday - 2_thumb.jpeg,https://www.smbbmu.edu.pk/beta/news/details/smbb-medical-university-celebrating-pink-friday-10-06-2023
images/news/1697606162pink-friday-8-thumb.jpeg,https://www.smbbmu.edu.pk/beta/uploads/gallery/events/1697606162pink-friday - 8_thumb.jpeg,https://www.smbbmu.edu.pk/beta/news/details/smbb-medical-university-celebrating-pink-friday-10-06-2023
images/news/1697606160pink-friday-4-thumb.jpeg,https://www.smbbmu.edu.pk/beta/uploads/gallery/events/1697606160pink-friday - 4_thumb.jpeg,https://www.smbbmu.edu.pk/beta/news/details/smbb-medical-university-celebrating-pink-friday-10-06-2023
images/news/1697606171pink-friday-3-thumb-d53cf756.jpeg,https://www.smbbmu.edu.pk/beta/uploads/gallery/events/thumbs/1697606171pink-friday - 3_thumb.jpeg,https://www.smbbmu.edu.pk/beta/news/details/smbb-medical-university-celebrating-pink-friday-10-06-2023
images/news/1697606169pink-friday-1-thumb-aa2cf89e.jpeg,https://www.smbbmu.edu.pk/beta/uploads/gallery/events/thumbs/1697606169pink-friday - 1_thumb.jpeg,https://www.smbbmu.edu.pk/beta/news/details/smbb-medical-university-celebrating-pink-friday-10-06-2023
images/news/1697606167pink-friday-2-thumb-d53f3748.jpeg,https://www.smbbmu.edu.pk/beta/uploads/gallery/events/thumbs/1697606167pink-friday - 2_thumb.jpeg,https://www.smbbmu.edu.pk/beta/news/details/smbb-medical-university-celebrating-pink-friday-10-06-2023
images/news/1697606162pink-friday-8-thumb-6753d1af.jpeg,https://www.smbbmu.edu.pk/beta/uploads/gallery/events/thumbs/1697606162pink-friday - 8_thumb.jpeg,https://www.smbbmu.edu.pk/beta/news/details/smbb-medical-university-celebrating-pink-friday-10-06-2023
images/news/1697606160pink-friday-4-thumb-aae91443.jpeg,https://www.smbbmu.edu.pk/beta/uploads/gallery/events/thumbs/1697606160pink-friday - 4_thumb.jpeg,https://www.smbbmu.edu.pk/beta/news/details/smbb-medical-university-celebrating-pink-friday-10-06-2023
images/news/1696401780photo-2023-10-04-08-08-11-thumb.jpeg,https://www.smbbmu.edu.pk/beta/uploads/gallery/events/1696401780PHOTO-2023-10-04-08-08-11_thumb.jpeg,https://www.smbbmu.edu.pk/beta/news/details/one-day-fistula-camp-organized-at-smbbmu-10-03-2023
images/news/1696401773photo-2023-10-04-08-08-10-2-thumb.jpeg,https://www.smbbmu.edu.pk/beta/uploads/gallery/events/1696401773PHOTO-2023-10-04-08-08-10 2_thumb.jpeg,https://www.smbbmu.edu.pk/beta/news/details/one-day-fistula-camp-organized-at-smbbmu-10-03-2023
images/news/1696401773photo-2023-10-04-08-08-10-thumb.jpeg,https://www.smbbmu.edu.pk/beta/uploads/gallery/events/1696401773PHOTO-2023-10-04-08-08-10_thumb.jpeg,https://www.smbbmu.edu.pk/beta/news/details/one-day-fistula-camp-organized-at-smbbmu-10-03-2023
images/news/1696401780photo-2023-10-04-08-08-11-thumb-0520e124.jpeg,https://www.smbbmu.edu.pk/beta/uploads/gallery/events/thumbs/1696401780PHOTO-2023-10-04-08-08-11_thumb.jpeg,https://www.smbbmu.edu.pk/beta/news/details/one-day-fistula-camp-organized-at-smbbmu-10-03-2023
images/news/1696401773photo-2023-10-04-08-08-10-2-thumb-7c6aeef4.jpeg,https://www.smbbmu.edu.pk/beta/uploads/gallery/events/thumbs/1696401773PHOTO-2023-10-04-08-08-10 2_thumb.jpeg,https://www.smbbmu.edu.pk/beta/news/details/one-day-fistula-camp-organized-at-smbbmu-10-03-2023
images/news/1696401773photo-2023-10-04-08-08-10-thumb-acc91b58.jpeg,https://www.smbbmu.edu.pk/beta/uploads/gallery/events/thumbs/1696401773PHOTO-2023-10-04-08-08-10_thumb.jpeg,https://www.smbbmu.edu.pk/beta/news/details/one-day-fistula-camp-organized-at-smbbmu-10-03-2023
images/news/1696399366382604466-251091937927527-7074876491935743800-n-thumb.jpg,https://www.smbbmu.edu.pk/beta/uploads/gallery/events/1696399366382604466_251091937927527_7074876491935743800_n_thumb.jpg,https://www.smbbmu.edu.pk/beta/news/details/an-interactive-talk-on-entrepreneurship-for-healthcare-professionals-by-mr-asad-ali-shah-organised-by-directorate-of-oric-smbbmu-09-30-2023
images/news/1696399365385876108-251091907927530-7147072918619838811-n-thumb.jpg,https://www.smbbmu.edu.pk/beta/uploads/gallery/events/1696399365385876108_251091907927530_7147072918619838811_n_thumb.jpg,https://www.smbbmu.edu.pk/beta/news/details/an-interactive-talk-on-entrepreneurship-for-healthcare-professionals-by-mr-asad-ali-shah-organised-by-directorate-of-oric-smbbmu-09-30-2023
images/news/1696399362384470162-251091954594192-15530675523058397-n-thumb.jpg,https://www.smbbmu.edu.pk/beta/uploads/gallery/events/1696399362384470162_251091954594192_15530675523058397_n_thumb.jpg,https://www.smbbmu.edu.pk/beta/news/details/an-interactive-talk-on-entrepreneurship-for-healthcare-professionals-by-mr-asad-ali-shah-organised-by-directorate-of-oric-smbbmu-09-30-2023
images/news/1696399362384483080-251092127927508-7184119080359044190-n-thumb.jpg,https://www.smbbmu.edu.pk/beta/uploads/gallery/events/1696399362384483080_251092127927508_7184119080359044190_n_thumb.jpg,https://www.smbbmu.edu.pk/beta/news/details/an-interactive-talk-on-entrepreneurship-for-healthcare-professionals-by-mr-asad-ali-shah-organised-by-directorate-of-oric-smbbmu-09-30-2023
images/news/1696399359385247103-251092021260852-1427340887980222030-n-thumb.jpg,https://www.smbbmu.edu.pk/beta/uploads/gallery/events/1696399359385247103_251092021260852_1427340887980222030_n_thumb.jpg,https://www.smbbmu.edu.pk/beta/news/details/an-interactive-talk-on-entrepreneurship-for-healthcare-professionals-by-mr-asad-ali-shah-organised-by-directorate-of-oric-smbbmu-09-30-2023
images/news/1696399352381407786-251092144594173-1921241551433371892-n-thumb.jpg,https://www.smbbmu.edu.pk/beta/uploads/gallery/events/1696399352381407786_251092144594173_1921241551433371892_n_thumb.jpg,https://www.smbbmu.edu.pk/beta/news/details/an-interactive-talk-on-entrepreneurship-for-healthcare-professionals-by-mr-asad-ali-shah-organised-by-directorate-of-oric-smbbmu-09-30-2023
images/news/1696399353382598216-251092051260849-5875940534913537467-n-thumb.jpg,https://www.smbbmu.edu.pk/beta/uploads/gallery/events/1696399353382598216_251092051260849_5875940534913537467_n_thumb.jpg,https://www.smbbmu.edu.pk/beta/news/details/an-interactive-talk-on-entrepreneurship-for-healthcare-professionals-by-mr-asad-ali-shah-organised-by-directorate-of-oric-smbbmu-09-30-2023
images/news/1696399366382604466-251091937927527-7074876491935743800-n-thumb-05f02a3d.jpg,https://www.smbbmu.edu.pk/beta/uploads/gallery/events/thumbs/1696399366382604466_251091937927527_7074876491935743800_n_thumb.jpg,https://www.smbbmu.edu.pk/beta/news/details/an-interactive-talk-on-entrepreneurship-for-healthcare-professionals-by-mr-asad-ali-shah-organised-by-directorate-of-oric-smbbmu-09-30-2023
images/news/1696399365385876108-251091907927530-7147072918619838811-n-thumb-be55864f.jpg,https://www.smbbmu.edu.pk/beta/uploads/gallery/events/thumbs/1696399365385876108_251091907927530_7147072918619838811_n_thumb.jpg,https://www.smbbmu.edu.pk/beta/news/details/an-interactive-talk-on-entrepreneurship-for-healthcare-professionals-by-mr-asad-ali-shah-organised-by-directorate-of-oric-smbbmu-09-30-2023
images/news/1696399362384470162-251091954594192-15530675523058397-n-thumb-68a5bb7f.jpg,https://www.smbbmu.edu.pk/beta/uploads/gallery/events/thumbs/1696399362384470162_251091954594192_15530675523058397_n_thumb.jpg,https://www.smbbmu.edu.pk/beta/news/details/an-interactive-talk-on-entrepreneurship-for-healthcare-professionals-by-mr-asad-ali-shah-organised-by-directorate-of-oric-smbbmu-09-30-2023
images/news/1696399362384483080-251092127927508-7184119080359044190-n-thumb-2f886099.jpg,https://www.smbbmu.edu.pk/beta/uploads/gallery/events/thumbs/1696399362384483080_251092127927508_7184119080359044190_n_thumb.jpg,https://www.smbbmu.edu.pk/beta/news/details/an-interactive-talk-on-entrepreneurship-for-healthcare-professionals-by-mr-asad-ali-shah-organised-by-directorate-of-oric-smbbmu-09-30-2023
images/news/1696399359385247103-251092021260852-1427340887980222030-n-thumb-107fe6ba.jpg,https://www.smbbmu.edu.pk/beta/uploads/gallery/events/thumbs/1696399359385247103_251092021260852_1427340887980222030_n_thumb.jpg,https://www.smbbmu.edu.pk/beta/news/details/an-interactive-talk-on-entrepreneurship-for-healthcare-professionals-by-mr-asad-ali-shah-organised-by-directorate-of-oric-smbbmu-09-30-2023
images/news/1696399352381407786-251092144594173-1921241551433371892-n-thumb-0d16e3b6.jpg,https://www.smbbmu.edu.pk/beta/uploads/gallery/events/thumbs/1696399352381407786_251092144594173_1921241551433371892_n_thumb.jpg,https://www.smbbmu.edu.pk/beta/news/details/an-interactive-talk-on-entrepreneurship-for-healthcare-professionals-by-mr-asad-ali-shah-organised-by-directorate-of-oric-smbbmu-09-30-2023
images/news/1696399353382598216-251092051260849-5875940534913537467-n-thumb-8a4b1c13.jpg,https://www.smbbmu.edu.pk/beta/uploads/gallery/events/thumbs/1696399353382598216_251092051260849_5875940534913537467_n_thumb.jpg,https://www.smbbmu.edu.pk/beta/news/details/an-interactive-talk-on-entrepreneurship-for-healthcare-professionals-by-mr-asad-ali-shah-organised-by-directorate-of-oric-smbbmu-09-30-2023
images/news/1696313543photo-2023-09-27-14-07-48-thumb.jpeg,https://www.smbbmu.edu.pk/beta/uploads/gallery/events/1696313543PHOTO-2023-09-27-14-07-48_thumb.jpeg,https://www.smbbmu.edu.pk/beta/news/details/world-pharmacist-day-celebrated-at-the-institute-of-pharmacy-smbbmu-larkana-09-26-2023
images/news/1696313539photo-2023-09-27-14-21-09-thumb.jpeg,https://www.smbbmu.edu.pk/beta/uploads/gallery/events/1696313539PHOTO-2023-09-27-14-21-09_thumb.jpeg,https://www.smbbmu.edu.pk/beta/news/details/world-pharmacist-day-celebrated-at-the-institute-of-pharmacy-smbbmu-larkana-09-26-2023
images/news/1696313532photo-2023-09-27-14-21-10-thumb.jpeg,https://www.smbbmu.edu.pk/beta/uploads/gallery/events/1696313532PHOTO-2023-09-27-14-21-10_thumb.jpeg,https://www.smbbmu.edu.pk/beta/news/details/world-pharmacist-day-celebrated-at-the-institute-of-pharmacy-smbbmu-larkana-09-26-2023
images/news/1696313525photo-2023-09-27-14-21-08-thumb.jpeg,https://www.smbbmu.edu.pk/beta/uploads/gallery/events/1696313525PHOTO-2023-09-27-14-21-08_thumb.jpeg,https://www.smbbmu.edu.pk/beta/news/details/world-pharmacist-day-celebrated-at-the-institute-of-pharmacy-smbbmu-larkana-09-26-2023
images/news/1696313518photo-2023-09-27-14-17-43-thumb.jpeg,https://www.smbbmu.edu.pk/beta/uploads/gallery/events/1696313518PHOTO-2023-09-27-14-17-43_thumb.jpeg,https://www.smbbmu.edu.pk/beta/news/details/world-pharmacist-day-celebrated-at-the-institute-of-pharmacy-smbbmu-larkana-09-26-2023
images/news/1696313512photo-2023-09-27-14-17-42-2-thumb.jpeg,https://www.smbbmu.edu.pk/beta/uploads/gallery/events/1696313512PHOTO-2023-09-27-14-17-42 2_thumb.jpeg,https://www.smbbmu.edu.pk/beta/news/details/world-pharmacist-day-celebrated-at-the-institute-of-pharmacy-smbbmu-larkana-09-26-2023
images/news/1696313508photo-2023-09-27-14-17-41-thumb.jpeg,https://www.smbbmu.edu.pk/beta/uploads/gallery/events/1696313508PHOTO-2023-09-27-14-17-41_thumb.jpeg,https://www.smbbmu.edu.pk/beta/news/details/world-pharmacist-day-celebrated-at-the-institute-of-pharmacy-smbbmu-larkana-09-26-2023
images/news/1696313467.jpeg,https://www.smbbmu.edu.pk/beta/uploads/news/images/1696313467.jpeg,https://www.smbbmu.edu.pk/beta/news/details/world-pharmacist-day-celebrated-at-the-institute-of-pharmacy-smbbmu-larkana-09-26-2023
images/news/1696313543photo-2023-09-27-14-07-48-thumb-6300e43a.jpeg,https://www.smbbmu.edu.pk/beta/uploads/gallery/events/thumbs/1696313543PHOTO-2023-09-27-14-07-48_thumb.jpeg,https://www.smbbmu.edu.pk/beta/news/details/world-pharmacist-day-celebrated-at-the-institute-of-pharmacy-smbbmu-larkana-09-26-2023
images/news/1696313539photo-2023-09-27-14-21-09-thumb-410e31c6.jpeg,https://www.smbbmu.edu.pk/beta/uploads/gallery/events/thumbs/1696313539PHOTO-2023-09-27-14-21-09_thumb.jpeg,https://www.smbbmu.edu.pk/beta/news/details/world-pharmacist-day-celebrated-at-the-institute-of-pharmacy-smbbmu-larkana-09-26-2023
images/news/1696313532photo-2023-09-27-14-21-10-thumb-46c6185a.jpeg,https://www.smbbmu.edu.pk/beta/uploads/gallery/events/thumbs/1696313532PHOTO-2023-09-27-14-21-10_thumb.jpeg,https://www.smbbmu.edu.pk/beta/news/details/world-pharmacist-day-celebrated-at-the-institute-of-pharmacy-smbbmu-larkana-09-26-2023
images/news/1696313525photo-2023-09-27-14-21-08-thumb-04c6fc80.jpeg,https://www.smbbmu.edu.pk/beta/uploads/gallery/events/thumbs/1696313525PHOTO-2023-09-27-14-21-08_thumb.jpeg,https://www.smbbmu.edu.pk/beta/news/details/world-pharmacist-day-celebrated-at-the-institute-of-pharmacy-smbbmu-larkana-09-26-2023
images/news/1696313518photo-2023-09-27-14-17-43-thumb-22a4bc9a.jpeg,https://www.smbbmu.edu.pk/beta/uploads/gallery/events/thumbs/1696313518PHOTO-2023-09-27-14-17-43_thumb.jpeg,https://www.smbbmu.edu.pk/beta/news/details/world-pharmacist-day-celebrated-at-the-institute-of-pharmacy-smbbmu-larkana-09-26-2023
images/news/1696313512photo-2023-09-27-14-17-42-2-thumb-e2488a96.jpeg,https://www.smbbmu.edu.pk/beta/uploads/gallery/events/thumbs/1696313512PHOTO-2023-09-27-14-17-42 2_thumb.jpeg,https://www.smbbmu.edu.pk/beta/news/details/world-pharmacist-day-celebrated-at-the-institute-of-pharmacy-smbbmu-larkana-09-26-2023
images/news/1696313508photo-2023-09-27-14-17-41-thumb-1bf52014.jpeg,https://www.smbbmu.edu.pk/beta/uploads/gallery/events/thumbs/1696313508PHOTO-2023-09-27-14-17-41_thumb.jpeg,https://www.smbbmu.edu.pk/beta/news/details/world-pharmacist-day-celebrated-at-the-institute-of-pharmacy-smbbmu-larkana-09-26-2023
images/news/1695657535seminar-ugrad-1-thumb.jpeg,https://www.smbbmu.edu.pk/beta/uploads/gallery/events/1695657535seminar-ugrad - 1_thumb.jpeg,https://www.smbbmu.edu.pk/beta/news/details/an-interactive-session-on-the-awareness-and-application-process-for-medical-students-on-the-ugrad-exchange-program-2024-organized-by-directorate-of-oric-smbbmu-larkana-09-25-2023
images/news/1695657527seminar-ugrad-2-thumb.jpeg,https://www.smbbmu.edu.pk/beta/uploads/gallery/events/1695657527seminar-ugrad - 2_thumb.jpeg,https://www.smbbmu.edu.pk/beta/news/details/an-interactive-session-on-the-awareness-and-application-process-for-medical-students-on-the-ugrad-exchange-program-2024-organized-by-directorate-of-oric-smbbmu-larkana-09-25-2023
images/news/1695657485seminar-ugrad-4-thumb.jpeg,https://www.smbbmu.edu.pk/beta/uploads/gallery/events/1695657485seminar-ugrad - 4_thumb.jpeg,https://www.smbbmu.edu.pk/beta/news/details/an-interactive-session-on-the-awareness-and-application-process-for-medical-students-on-the-ugrad-exchange-program-2024-organized-by-directorate-of-oric-smbbmu-larkana-09-25-2023
images/news/1695657477seminar-ugrad-3-thumb.jpeg,https://www.smbbmu.edu.pk/beta/uploads/gallery/events/1695657477seminar-ugrad - 3_thumb.jpeg,https://www.smbbmu.edu.pk/beta/news/details/an-interactive-session-on-the-awareness-and-application-process-for-medical-students-on-the-ugrad-exchange-program-2024-organized-by-directorate-of-oric-smbbmu-larkana-09-25-2023
images/news/1695657535seminar-ugrad-1-thumb-05e50173.jpeg,https://www.smbbmu.edu.pk/beta/uploads/gallery/events/thumbs/1695657535seminar-ugrad - 1_thumb.jpeg,https://www.smbbmu.edu.pk/beta/news/details/an-interactive-session-on-the-awareness-and-application-process-for-medical-students-on-the-ugrad-exchange-program-2024-organized-by-directorate-of-oric-smbbmu-larkana-09-25-2023
images/news/1695657527seminar-ugrad-2-thumb-e1303b6e.jpeg,https://www.smbbmu.edu.pk/beta/uploads/gallery/events/thumbs/1695657527seminar-ugrad - 2_thumb.jpeg,https://www.smbbmu.edu.pk/beta/news/details/an-interactive-session-on-the-awareness-and-application-process-for-medical-students-on-the-ugrad-exchange-program-2024-organized-by-directorate-of-oric-smbbmu-larkana-09-25-2023
images/news/1695657485seminar-ugrad-4-thumb-7f57f42a.jpeg,https://www.smbbmu.edu.pk/beta/uploads/gallery/events/thumbs/1695657485seminar-ugrad - 4_thumb.jpeg,https://www.smbbmu.edu.pk/beta/news/details/an-interactive-session-on-the-awareness-and-application-process-for-medical-students-on-the-ugrad-exchange-program-2024-organized-by-directorate-of-oric-smbbmu-larkana-09-25-2023
images/news/1695657477seminar-ugrad-3-thumb-e875f1b2.jpeg,https://www.smbbmu.edu.pk/beta/uploads/gallery/events/thumbs/1695657477seminar-ugrad - 3_thumb.jpeg,https://www.smbbmu.edu.pk/beta/news/details/an-interactive-session-on-the-awareness-and-application-process-for-medical-students-on-the-ugrad-exchange-program-2024-organized-by-directorate-of-oric-smbbmu-larkana-09-25-2023
images/news/1694583759photo-2023-09-12-13-17-29-thumb.jpeg,https://www.smbbmu.edu.pk/beta/uploads/gallery/events/1694583759PHOTO-2023-09-12-13-17-29_thumb.jpeg,https://www.smbbmu.edu.pk/beta/news/details/empowering-future-medical-professionals-highlights-of-the-09-12-2023
images/news/1694583758photo-2023-09-12-13-16-47-thumb.jpeg,https://www.smbbmu.edu.pk/beta/uploads/gallery/events/1694583758PHOTO-2023-09-12-13-16-47_thumb.jpeg,https://www.smbbmu.edu.pk/beta/news/details/empowering-future-medical-professionals-highlights-of-the-09-12-2023
images/news/1694583759photo-2023-09-12-13-17-29-thumb-06c9f13a.jpeg,https://www.smbbmu.edu.pk/beta/uploads/gallery/events/thumbs/1694583759PHOTO-2023-09-12-13-17-29_thumb.jpeg,https://www.smbbmu.edu.pk/beta/news/details/empowering-future-medical-professionals-highlights-of-the-09-12-2023
images/news/1694583758photo-2023-09-12-13-16-47-thumb-401b6e36.jpeg,https://www.smbbmu.edu.pk/beta/uploads/gallery/events/thumbs/1694583758PHOTO-2023-09-12-13-16-47_thumb.jpeg,https://www.smbbmu.edu.pk/beta/news/details/empowering-future-medical-professionals-highlights-of-the-09-12-2023
images/news/1693487440undergraduate-oral-conference-7-thumb.jpeg,https://www.smbbmu.edu.pk/beta/uploads/gallery/events/1693487440undergraduate-oral-conference - 7_thumb.jpeg,https://www.smbbmu.edu.pk/beta/news/details/the-1st-smbbmu-undergraduate-oral-research-conference-08-31-2023
images/news/1693487438undergraduate-oral-conference-1-thumb.jpeg,https://www.smbbmu.edu.pk/beta/uploads/gallery/events/1693487438undergraduate-oral-conference - 1_thumb.jpeg,https://www.smbbmu.edu.pk/beta/news/details/the-1st-smbbmu-undergraduate-oral-research-conference-08-31-2023
images/news/1693487436undergraduate-oral-conference-2-thumb.jpeg,https://www.smbbmu.edu.pk/beta/uploads/gallery/events/1693487436undergraduate-oral-conference - 2_thumb.jpeg,https://www.smbbmu.edu.pk/beta/news/details/the-1st-smbbmu-undergraduate-oral-research-conference-08-31-2023
images/news/1693487435undergraduate-oral-conference-3-thumb.jpeg,https://www.smbbmu.edu.pk/beta/uploads/gallery/events/1693487435undergraduate-oral-conference - 3_thumb.jpeg,https://www.smbbmu.edu.pk/beta/news/details/the-1st-smbbmu-undergraduate-oral-research-conference-08-31-2023
images/news/1693487434undergraduate-oral-conference-4-thumb.jpeg,https://www.smbbmu.edu.pk/beta/uploads/gallery/events/1693487434undergraduate-oral-conference - 4_thumb.jpeg,https://www.smbbmu.edu.pk/beta/news/details/the-1st-smbbmu-undergraduate-oral-research-conference-08-31-2023
images/news/1693487433undergraduate-oral-conference-5-thumb.jpeg,https://www.smbbmu.edu.pk/beta/uploads/gallery/events/1693487433undergraduate-oral-conference - 5_thumb.jpeg,https://www.smbbmu.edu.pk/beta/news/details/the-1st-smbbmu-undergraduate-oral-research-conference-08-31-2023
images/news/1693487432undergraduate-oral-conference-6-thumb.jpeg,https://www.smbbmu.edu.pk/beta/uploads/gallery/events/1693487432undergraduate-oral-conference - 6_thumb.jpeg,https://www.smbbmu.edu.pk/beta/news/details/the-1st-smbbmu-undergraduate-oral-research-conference-08-31-2023
images/news/1693487440undergraduate-oral-conference-7-thumb-8fa38580.jpeg,https://www.smbbmu.edu.pk/beta/uploads/gallery/events/thumbs/1693487440undergraduate-oral-conference - 7_thumb.jpeg,https://www.smbbmu.edu.pk/beta/news/details/the-1st-smbbmu-undergraduate-oral-research-conference-08-31-2023
images/news/1693487438undergraduate-oral-conference-1-thumb-20f7f673.jpeg,https://www.smbbmu.edu.pk/beta/uploads/gallery/events/thumbs/1693487438undergraduate-oral-conference - 1_thumb.jpeg,https://www.smbbmu.edu.pk/beta/news/details/the-1st-smbbmu-undergraduate-oral-research-conference-08-31-2023
images/news/1693487436undergraduate-oral-conference-2-thumb-7a597426.jpeg,https://www.smbbmu.edu.pk/beta/uploads/gallery/events/thumbs/1693487436undergraduate-oral-conference - 2_thumb.jpeg,https://www.smbbmu.edu.pk/beta/news/details/the-1st-smbbmu-undergraduate-oral-research-conference-08-31-2023
images/news/1693487435undergraduate-oral-conference-3-thumb-fd91fdee.jpeg,https://www.smbbmu.edu.pk/beta/uploads/gallery/events/thumbs/1693487435undergraduate-oral-conference - 3_thumb.jpeg,https://www.smbbmu.edu.pk/beta/news/details/the-1st-smbbmu-undergraduate-oral-research-conference-08-31-2023
images/news/1693487434undergraduate-oral-conference-4-thumb-992bbe4e.jpeg,https://www.smbbmu.edu.pk/beta/uploads/gallery/events/thumbs/1693487434undergraduate-oral-conference - 4_thumb.jpeg,https://www.smbbmu.edu.pk/beta/news/details/the-1st-smbbmu-undergraduate-oral-research-conference-08-31-2023
images/news/1693487433undergraduate-oral-conference-5-thumb-e1131a20.jpeg,https://www.smbbmu.edu.pk/beta/uploads/gallery/events/thumbs/1693487433undergraduate-oral-conference - 5_thumb.jpeg,https://www.smbbmu.edu.pk/beta/news/details/the-1st-smbbmu-undergraduate-oral-research-conference-08-31-2023
images/news/1693487432undergraduate-oral-conference-6-thumb-5c5fb7d8.jpeg,https://www.smbbmu.edu.pk/beta/uploads/gallery/events/thumbs/1693487432undergraduate-oral-conference - 6_thumb.jpeg,https://www.smbbmu.edu.pk/beta/news/details/the-1st-smbbmu-undergraduate-oral-research-conference-08-31-2023
images/news/1693125582independence-cup-7-14-aug-2023-7-thumb.jpeg,https://www.smbbmu.edu.pk/beta/uploads/gallery/events/1693125582independence-cup-7-14-aug-2023 - 7_thumb.jpeg,https://www.smbbmu.edu.pk/beta/news/details/smbbmu-celebrates-the-76th-independence-day-of-pakistan-08-14-2023
images/news/1693125510independence-cup-7-14-aug-2023-5-thumb.jpeg,https://www.smbbmu.edu.pk/beta/uploads/gallery/events/1693125510independence-cup-7-14-aug-2023 - 5_thumb.jpeg,https://www.smbbmu.edu.pk/beta/news/details/smbbmu-celebrates-the-76th-independence-day-of-pakistan-08-14-2023
images/news/1693125488independence-cup-7-14-aug-2023-4-thumb.jpeg,https://www.smbbmu.edu.pk/beta/uploads/gallery/events/1693125488independence-cup-7-14-aug-2023 - 4_thumb.jpeg,https://www.smbbmu.edu.pk/beta/news/details/smbbmu-celebrates-the-76th-independence-day-of-pakistan-08-14-2023
images/news/1693125485independence-cup-7-14-aug-2023-1-thumb.jpeg,https://www.smbbmu.edu.pk/beta/uploads/gallery/events/1693125485independence-cup-7-14-aug-2023 - 1_thumb.jpeg,https://www.smbbmu.edu.pk/beta/news/details/smbbmu-celebrates-the-76th-independence-day-of-pakistan-08-14-2023
images/news/1693124586independence-cup-7-14-aug-2023-3-thumb.jpeg,https://www.smbbmu.edu.pk/beta/uploads/gallery/events/1693124586independence-cup-7-14-aug-2023 - 3_thumb.jpeg,https://www.smbbmu.edu.pk/beta/news/details/smbbmu-celebrates-the-76th-independence-day-of-pakistan-08-14-2023
images/news/1693124569independence-cup-7-14-aug-2023-2-thumb.jpeg,https://www.smbbmu.edu.pk/beta/uploads/gallery/events/1693124569independence-cup-7-14-aug-2023 - 2_thumb.jpeg,https://www.smbbmu.edu.pk/beta/news/details/smbbmu-celebrates-the-76th-independence-day-of-pakistan-08-14-2023
images/news/1693125582independence-cup-7-14-aug-2023-7-thumb-ae3a4bf8.jpeg,https://www.smbbmu.edu.pk/beta/uploads/gallery/events/thumbs/1693125582independence-cup-7-14-aug-2023 - 7_thumb.jpeg,https://www.smbbmu.edu.pk/beta/news/details/smbbmu-celebrates-the-76th-independence-day-of-pakistan-08-14-2023
images/news/1693125510independence-cup-7-14-aug-2023-5-thumb-23ee57eb.jpeg,https://www.smbbmu.edu.pk/beta/uploads/gallery/events/thumbs/1693125510independence-cup-7-14-aug-2023 - 5_thumb.jpeg,https://www.smbbmu.edu.pk/beta/news/details/smbbmu-celebrates-the-76th-independence-day-of-pakistan-08-14-2023
images/news/1693125488independence-cup-7-14-aug-2023-4-thumb-a6e53e42.jpeg,https://www.smbbmu.edu.pk/beta/uploads/gallery/events/thumbs/1693125488independence-cup-7-14-aug-2023 - 4_thumb.jpeg,https://www.smbbmu.edu.pk/beta/news/details/smbbmu-celebrates-the-76th-independence-day-of-pakistan-08-14-2023
images/news/1693125485independence-cup-7-14-aug-2023-1-thumb-26640749.jpeg,https://www.smbbmu.edu.pk/beta/uploads/gallery/events/thumbs/1693125485independence-cup-7-14-aug-2023 - 1_thumb.jpeg,https://www.smbbmu.edu.pk/beta/news/details/smbbmu-celebrates-the-76th-independence-day-of-pakistan-08-14-2023
images/news/1693124586independence-cup-7-14-aug-2023-3-thumb-95bd55a6.jpeg,https://www.smbbmu.edu.pk/beta/uploads/gallery/events/thumbs/1693124586independence-cup-7-14-aug-2023 - 3_thumb.jpeg,https://www.smbbmu.edu.pk/beta/news/details/smbbmu-celebrates-the-76th-independence-day-of-pakistan-08-14-2023
images/news/1693124569independence-cup-7-14-aug-2023-2-thumb-12f6bf72.jpeg,https://www.smbbmu.edu.pk/beta/uploads/gallery/events/thumbs/1693124569independence-cup-7-14-aug-2023 - 2_thumb.jpeg,https://www.smbbmu.edu.pk/beta/news/details/smbbmu-celebrates-the-76th-independence-day-of-pakistan-08-14-2023
images/news/1691849096balquis-malik-tribute-11-8-23-5-thumb.jpeg,https://www.smbbmu.edu.pk/beta/uploads/gallery/events/1691849096balquis-malik-tribute-11-8-23 - 5_thumb.jpeg,https://www.smbbmu.edu.pk/beta/news/details/smbbmu-larkana-organised-a-condolence-meeting-to-pay-tribute-to-prof-dr-bilquis-malik-08-12-2023
images/news/1691849095balquis-malik-tribute-11-8-23-3-thumb.jpeg,https://www.smbbmu.edu.pk/beta/uploads/gallery/events/1691849095balquis-malik-tribute-11-8-23 - 3_thumb.jpeg,https://www.smbbmu.edu.pk/beta/news/details/smbbmu-larkana-organised-a-condolence-meeting-to-pay-tribute-to-prof-dr-bilquis-malik-08-12-2023
images/news/1691849091balquis-malik-tribute-11-8-23-4-thumb.jpeg,https://www.smbbmu.edu.pk/beta/uploads/gallery/events/1691849091balquis-malik-tribute-11-8-23 - 4_thumb.jpeg,https://www.smbbmu.edu.pk/beta/news/details/smbbmu-larkana-organised-a-condolence-meeting-to-pay-tribute-to-prof-dr-bilquis-malik-08-12-2023
images/news/1691849091balquis-malik-tribute-11-8-23-1-thumb.jpeg,https://www.smbbmu.edu.pk/beta/uploads/gallery/events/1691849091balquis-malik-tribute-11-8-23 - 1_thumb.jpeg,https://www.smbbmu.edu.pk/beta/news/details/smbbmu-larkana-organised-a-condolence-meeting-to-pay-tribute-to-prof-dr-bilquis-malik-08-12-2023
images/news/1691849085balquis-malik-tribute-11-8-23-7-thumb.jpeg,https://www.smbbmu.edu.pk/beta/uploads/gallery/events/1691849085balquis-malik-tribute-11-8-23 - 7_thumb.jpeg,https://www.smbbmu.edu.pk/beta/news/details/smbbmu-larkana-organised-a-condolence-meeting-to-pay-tribute-to-prof-dr-bilquis-malik-08-12-2023
images/news/1691849084balquis-malik-tribute-11-8-23-6-thumb.jpeg,https://www.smbbmu.edu.pk/beta/uploads/gallery/events/1691849084balquis-malik-tribute-11-8-23 - 6_thumb.jpeg,https://www.smbbmu.edu.pk/beta/news/details/smbbmu-larkana-organised-a-condolence-meeting-to-pay-tribute-to-prof-dr-bilquis-malik-08-12-2023
images/news/1691849096balquis-malik-tribute-11-8-23-5-thumb-970fbaac.jpeg,https://www.smbbmu.edu.pk/beta/uploads/gallery/events/thumbs/1691849096balquis-malik-tribute-11-8-23 - 5_thumb.jpeg,https://www.smbbmu.edu.pk/beta/news/details/smbbmu-larkana-organised-a-condolence-meeting-to-pay-tribute-to-prof-dr-bilquis-malik-08-12-2023
images/news/1691849095balquis-malik-tribute-11-8-23-3-thumb-333145fb.jpeg,https://www.smbbmu.edu.pk/beta/uploads/gallery/events/thumbs/1691849095balquis-malik-tribute-11-8-23 - 3_thumb.jpeg,https://www.smbbmu.edu.pk/beta/news/details/smbbmu-larkana-organised-a-condolence-meeting-to-pay-tribute-to-prof-dr-bilquis-malik-08-12-2023
images/news/1691849091balquis-malik-tribute-11-8-23-4-thumb-a76590b8.jpeg,https://www.smbbmu.edu.pk/beta/uploads/gallery/events/thumbs/1691849091balquis-malik-tribute-11-8-23 - 4_thumb.jpeg,https://www.smbbmu.edu.pk/beta/news/details/smbbmu-larkana-organised-a-condolence-meeting-to-pay-tribute-to-prof-dr-bilquis-malik-08-12-2023
images/news/1691849091balquis-malik-tribute-11-8-23-1-thumb-3c309e43.jpeg,https://www.smbbmu.edu.pk/beta/uploads/gallery/events/thumbs/1691849091balquis-malik-tribute-11-8-23 - 1_thumb.jpeg,https://www.smbbmu.edu.pk/beta/news/details/smbbmu-larkana-organised-a-condolence-meeting-to-pay-tribute-to-prof-dr-bilquis-malik-08-12-2023
images/news/1691849085balquis-malik-tribute-11-8-23-7-thumb-5ea152da.jpeg,https://www.smbbmu.edu.pk/beta/uploads/gallery/events/thumbs/1691849085balquis-malik-tribute-11-8-23 - 7_thumb.jpeg,https://www.smbbmu.edu.pk/beta/news/details/smbbmu-larkana-organised-a-condolence-meeting-to-pay-tribute-to-prof-dr-bilquis-malik-08-12-2023
images/news/1691849084balquis-malik-tribute-11-8-23-6-thumb-89f2f855.jpeg,https://www.smbbmu.edu.pk/beta/uploads/gallery/events/thumbs/1691849084balquis-malik-tribute-11-8-23 - 6_thumb.jpeg,https://www.smbbmu.edu.pk/beta/news/details/smbbmu-larkana-organised-a-condolence-meeting-to-pay-tribute-to-prof-dr-bilquis-malik-08-12-2023
images/news/1687518025usmle-23-06-2023-3-thumb.jpeg,https://www.smbbmu.edu.pk/beta/uploads/gallery/events/1687518025usmle-23-06-2023 - 3_thumb.jpeg,https://www.smbbmu.edu.pk/beta/news/details/interactive-seminar-on-usmle-and-residency-application-in-usa-at-chandka-medical-college-larkana-06-23-2023
images/news/1687518024usmle-23-06-2023-4-thumb.jpeg,https://www.smbbmu.edu.pk/beta/uploads/gallery/events/1687518024usmle-23-06-2023 - 4_thumb.jpeg,https://www.smbbmu.edu.pk/beta/news/details/interactive-seminar-on-usmle-and-residency-application-in-usa-at-chandka-medical-college-larkana-06-23-2023
images/news/1687518021usmle-23-06-2023-5-thumb.jpeg,https://www.smbbmu.edu.pk/beta/uploads/gallery/events/1687518021usmle-23-06-2023 - 5_thumb.jpeg,https://www.smbbmu.edu.pk/beta/news/details/interactive-seminar-on-usmle-and-residency-application-in-usa-at-chandka-medical-college-larkana-06-23-2023
images/news/1687518020usmle-23-06-2023-2-thumb.jpeg,https://www.smbbmu.edu.pk/beta/uploads/gallery/events/1687518020usmle-23-06-2023 - 2_thumb.jpeg,https://www.smbbmu.edu.pk/beta/news/details/interactive-seminar-on-usmle-and-residency-application-in-usa-at-chandka-medical-college-larkana-06-23-2023
images/news/1687518025usmle-23-06-2023-3-thumb-babf0031.jpeg,https://www.smbbmu.edu.pk/beta/uploads/gallery/events/thumbs/1687518025usmle-23-06-2023 - 3_thumb.jpeg,https://www.smbbmu.edu.pk/beta/news/details/interactive-seminar-on-usmle-and-residency-application-in-usa-at-chandka-medical-college-larkana-06-23-2023
images/news/1687518024usmle-23-06-2023-4-thumb-92209536.jpeg,https://www.smbbmu.edu.pk/beta/uploads/gallery/events/thumbs/1687518024usmle-23-06-2023 - 4_thumb.jpeg,https://www.smbbmu.edu.pk/beta/news/details/interactive-seminar-on-usmle-and-residency-application-in-usa-at-chandka-medical-college-larkana-06-23-2023
images/news/1687518021usmle-23-06-2023-5-thumb-3d064efe.jpeg,https://www.smbbmu.edu.pk/beta/uploads/gallery/events/thumbs/1687518021usmle-23-06-2023 - 5_thumb.jpeg,https://www.smbbmu.edu.pk/beta/news/details/interactive-seminar-on-usmle-and-residency-application-in-usa-at-chandka-medical-college-larkana-06-23-2023
images/news/1687518020usmle-23-06-2023-2-thumb-925697f4.jpeg,https://www.smbbmu.edu.pk/beta/uploads/gallery/events/thumbs/1687518020usmle-23-06-2023 - 2_thumb.jpeg,https://www.smbbmu.edu.pk/beta/news/details/interactive-seminar-on-usmle-and-residency-application-in-usa-at-chandka-medical-college-larkana-06-23-2023
images/news/16847651021-1-thumb.jpeg,https://www.smbbmu.edu.pk/beta/uploads/gallery/events/16847651021 (1)_thumb.jpeg,https://www.smbbmu.edu.pk/beta/news/details/2nd-sindh-hec-research-technology-showcase-2023-05-22-2023
images/news/16847650771-6-thumb.jpeg,https://www.smbbmu.edu.pk/beta/uploads/gallery/events/16847650771 (6)_thumb.jpeg,https://www.smbbmu.edu.pk/beta/news/details/2nd-sindh-hec-research-technology-showcase-2023-05-22-2023
images/news/16847642001-4-thumb.jpeg,https://www.smbbmu.edu.pk/beta/uploads/gallery/events/16847642001 (4)_thumb.jpeg,https://www.smbbmu.edu.pk/beta/news/details/2nd-sindh-hec-research-technology-showcase-2023-05-22-2023
images/news/16847641731-thumb.jpeg,https://www.smbbmu.edu.pk/beta/uploads/gallery/events/16847641731_thumb.jpeg,https://www.smbbmu.edu.pk/beta/news/details/2nd-sindh-hec-research-technology-showcase-2023-05-22-2023
images/news/16847641662-thumb.jpeg,https://www.smbbmu.edu.pk/beta/uploads/gallery/events/16847641662_thumb.jpeg,https://www.smbbmu.edu.pk/beta/news/details/2nd-sindh-hec-research-technology-showcase-2023-05-22-2023
images/news/16847641581-2-thumb.jpeg,https://www.smbbmu.edu.pk/beta/uploads/gallery/events/16847641581 (2)_thumb.jpeg,https://www.smbbmu.edu.pk/beta/news/details/2nd-sindh-hec-research-technology-showcase-2023-05-22-2023
images/news/16847641512-2-thumb.jpeg,https://www.smbbmu.edu.pk/beta/uploads/gallery/events/16847641512 (2)_thumb.jpeg,https://www.smbbmu.edu.pk/beta/news/details/2nd-sindh-hec-research-technology-showcase-2023-05-22-2023
images/news/16847641431-5-thumb.jpeg,https://www.smbbmu.edu.pk/beta/uploads/gallery/events/16847641431 (5)_thumb.jpeg,https://www.smbbmu.edu.pk/beta/news/details/2nd-sindh-hec-research-technology-showcase-2023-05-22-2023
images/news/16847651021-1-thumb-82b4c2b3.jpeg,https://www.smbbmu.edu.pk/beta/uploads/gallery/events/thumbs/16847651021 (1)_thumb.jpeg,https://www.smbbmu.edu.pk/beta/news/details/2nd-sindh-hec-research-technology-showcase-2023-05-22-2023
images/news/16847650771-6-thumb-55a15be9.jpeg,https://www.smbbmu.edu.pk/beta/uploads/gallery/events/thumbs/16847650771 (6)_thumb.jpeg,https://www.smbbmu.edu.pk/beta/news/details/2nd-sindh-hec-research-technology-showcase-2023-05-22-2023
images/news/16847642001-4-thumb-a9d0d5cb.jpeg,https://www.smbbmu.edu.pk/beta/uploads/gallery/events/thumbs/16847642001 (4)_thumb.jpeg,https://www.smbbmu.edu.pk/beta/news/details/2nd-sindh-hec-research-technology-showcase-2023-05-22-2023
images/news/16847641731-thumb-afdce291.jpeg,https://www.smbbmu.edu.pk/beta/uploads/gallery/events/thumbs/16847641731_thumb.jpeg,https://www.smbbmu.edu.pk/beta/news/details/2nd-sindh-hec-research-technology-showcase-2023-05-22-2023
images/news/16847641662-thumb-2ed79f3e.jpeg,https://www.smbbmu.edu.pk/beta/uploads/gallery/events/thumbs/16847641662_thumb.jpeg,https://www.smbbmu.edu.pk/beta/news/details/2nd-sindh-hec-research-technology-showcase-2023-05-22-2023
images/news/16847641581-2-thumb-011aadfd.jpeg,https://www.smbbmu.edu.pk/beta/uploads/gallery/events/thumbs/16847641581 (2)_thumb.jpeg,https://www.smbbmu.edu.pk/beta/news/details/2nd-sindh-hec-research-technology-showcase-2023-05-22-2023
images/news/16847641512-2-thumb-510c7224.jpeg,https://www.smbbmu.edu.pk/beta/uploads/gallery/events/thumbs/16847641512 (2)_thumb.jpeg,https://www.smbbmu.edu.pk/beta/news/details/2nd-sindh-hec-research-technology-showcase-2023-05-22-2023
images/news/16847641431-5-thumb-251ea2b7.jpeg,https://www.smbbmu.edu.pk/beta/uploads/gallery/events/thumbs/16847641431 (5)_thumb.jpeg,https://www.smbbmu.edu.pk/beta/news/details/2nd-sindh-hec-research-technology-showcase-2023-05-22-2023
images/news/16834493651-1-thumb.jpeg,https://www.smbbmu.edu.pk/beta/uploads/gallery/events/16834493651 (1)_thumb.jpeg,https://www.smbbmu.edu.pk/beta/news/details/virtual-mou-signing-ceremony-between-shaheed-mohtarma-benazir-bhutto-medical-university-smbbmu-larkana-university-sains-malaysia-usm-friday-5th-may-2023-05-05-2023
images/news/16834493642-1-thumb.jpeg,https://www.smbbmu.edu.pk/beta/uploads/gallery/events/16834493642 (1)_thumb.jpeg,https://www.smbbmu.edu.pk/beta/news/details/virtual-mou-signing-ceremony-between-shaheed-mohtarma-benazir-bhutto-medical-university-smbbmu-larkana-university-sains-malaysia-usm-friday-5th-may-2023-05-05-2023
images/news/16834493614-1-thumb.jpeg,https://www.smbbmu.edu.pk/beta/uploads/gallery/events/16834493614 (1)_thumb.jpeg,https://www.smbbmu.edu.pk/beta/news/details/virtual-mou-signing-ceremony-between-shaheed-mohtarma-benazir-bhutto-medical-university-smbbmu-larkana-university-sains-malaysia-usm-friday-5th-may-2023-05-05-2023
images/news/16834493613-1-thumb.jpeg,https://www.smbbmu.edu.pk/beta/uploads/gallery/events/16834493613 (1)_thumb.jpeg,https://www.smbbmu.edu.pk/beta/news/details/virtual-mou-signing-ceremony-between-shaheed-mohtarma-benazir-bhutto-medical-university-smbbmu-larkana-university-sains-malaysia-usm-friday-5th-may-2023-05-05-2023
images/news/16833568091-thumb.jpeg,https://www.smbbmu.edu.pk/beta/uploads/gallery/events/16833568091_thumb.jpeg,https://www.smbbmu.edu.pk/beta/news/details/virtual-mou-signing-ceremony-between-shaheed-mohtarma-benazir-bhutto-medical-university-smbbmu-larkana-university-sains-malaysia-usm-friday-5th-may-2023-05-05-2023
images/news/16833568082-thumb.jpeg,https://www.smbbmu.edu.pk/beta/uploads/gallery/events/16833568082_thumb.jpeg,https://www.smbbmu.edu.pk/beta/news/details/virtual-mou-signing-ceremony-between-shaheed-mohtarma-benazir-bhutto-medical-university-smbbmu-larkana-university-sains-malaysia-usm-friday-5th-may-2023-05-05-2023
images/news/16833568023-thumb.jpeg,https://www.smbbmu.edu.pk/beta/uploads/gallery/events/16833568023_thumb.jpeg,https://www.smbbmu.edu.pk/beta/news/details/virtual-mou-signing-ceremony-between-shaheed-mohtarma-benazir-bhutto-medical-university-smbbmu-larkana-university-sains-malaysia-usm-friday-5th-may-2023-05-05-2023
images/news/16833568024-thumb.jpeg,https://www.smbbmu.edu.pk/beta/uploads/gallery/events/16833568024_thumb.jpeg,https://www.smbbmu.edu.pk/beta/news/details/virtual-mou-signing-ceremony-between-shaheed-mohtarma-benazir-bhutto-medical-university-smbbmu-larkana-university-sains-malaysia-usm-friday-5th-may-2023-05-05-2023
images/news/16834493651-1-thumb-c0d30aff.jpeg,https://www.smbbmu.edu.pk/beta/uploads/gallery/events/thumbs/16834493651 (1)_thumb.jpeg,https://www.smbbmu.edu.pk/beta/news/details/virtual-mou-signing-ceremony-between-shaheed-mohtarma-benazir-bhutto-medical-university-smbbmu-larkana-university-sains-malaysia-usm-friday-5th-may-2023-05-05-2023
images/news/16834493642-1-thumb-870caa30.jpeg,https://www.smbbmu.edu.pk/beta/uploads/gallery/events/thumbs/16834493642 (1)_thumb.jpeg,https://www.smbbmu.edu.pk/beta/news/details/virtual-mou-signing-ceremony-between-shaheed-mohtarma-benazir-bhutto-medical-university-smbbmu-larkana-university-sains-malaysia-usm-friday-5th-may-2023-05-05-2023
images/news/16834493614-1-thumb-cfe45932.jpeg,https://www.smbbmu.edu.pk/beta/uploads/gallery/events/thumbs/16834493614 (1)_thumb.jpeg,https://www.smbbmu.edu.pk/beta/news/details/virtual-mou-signing-ceremony-between-shaheed-mohtarma-benazir-bhutto-medical-university-smbbmu-larkana-university-sains-malaysia-usm-friday-5th-may-2023-05-05-2023
images/news/16834493613-1-thumb-38c0c1ae.jpeg,https://www.smbbmu.edu.pk/beta/uploads/gallery/events/thumbs/16834493613 (1)_thumb.jpeg,https://www.smbbmu.edu.pk/beta/news/details/virtual-mou-signing-ceremony-between-shaheed-mohtarma-benazir-bhutto-medical-university-smbbmu-larkana-university-sains-malaysia-usm-friday-5th-may-2023-05-05-2023
images/news/16833568091-thumb-9cb47818.jpeg,https://www.smbbmu.edu.pk/beta/uploads/gallery/events/thumbs/16833568091_thumb.jpeg,https://www.smbbmu.edu.pk/beta/news/details/virtual-mou-signing-ceremony-between-shaheed-mohtarma-benazir-bhutto-medical-university-smbbmu-larkana-university-sains-malaysia-usm-friday-5th-may-2023-05-05-2023
images/news/16833568082-thumb-c5a2616b.jpeg,https://www.smbbmu.edu.pk/beta/uploads/gallery/events/thumbs/16833568082_thumb.jpeg,https://www.smbbmu.edu.pk/beta/news/details/virtual-mou-signing-ceremony-between-shaheed-mohtarma-benazir-bhutto-medical-university-smbbmu-larkana-university-sains-malaysia-usm-friday-5th-may-2023-05-05-2023
images/news/16833568023-thumb-a96e700c.jpeg,https://www.smbbmu.edu.pk/beta/uploads/gallery/events/thumbs/16833568023_thumb.jpeg,https://www.smbbmu.edu.pk/beta/news/details/virtual-mou-signing-ceremony-between-shaheed-mohtarma-benazir-bhutto-medical-university-smbbmu-larkana-university-sains-malaysia-usm-friday-5th-may-2023-05-05-2023
images/news/16833568024-thumb-8f612e7c.jpeg,https://www.smbbmu.edu.pk/beta/uploads/gallery/events/thumbs/16833568024_thumb.jpeg,https://www.smbbmu.edu.pk/beta/news/details/virtual-mou-signing-ceremony-between-shaheed-mohtarma-benazir-bhutto-medical-university-smbbmu-larkana-university-sains-malaysia-usm-friday-5th-may-2023-05-05-2023
images/news/1681725832new-photo-1-thumb.jpeg,https://www.smbbmu.edu.pk/beta/uploads/gallery/events/1681725832new_photo - 1_thumb.jpeg,https://www.smbbmu.edu.pk/beta/news/details/special-condolence-meeting-in-memory-of-shaheed-dr-ajmal-sawand-04-15-2023
images/news/1681725832new-photo-4-thumb.jpeg,https://www.smbbmu.edu.pk/beta/uploads/gallery/events/1681725832new_photo - 4_thumb.jpeg,https://www.smbbmu.edu.pk/beta/news/details/special-condolence-meeting-in-memory-of-shaheed-dr-ajmal-sawand-04-15-2023
images/news/1681725825new-photo-2-thumb.jpeg,https://www.smbbmu.edu.pk/beta/uploads/gallery/events/1681725825new_photo - 2_thumb.jpeg,https://www.smbbmu.edu.pk/beta/news/details/special-condolence-meeting-in-memory-of-shaheed-dr-ajmal-sawand-04-15-2023
images/news/1681725825new-photo-3-thumb.jpeg,https://www.smbbmu.edu.pk/beta/uploads/gallery/events/1681725825new_photo - 3_thumb.jpeg,https://www.smbbmu.edu.pk/beta/news/details/special-condolence-meeting-in-memory-of-shaheed-dr-ajmal-sawand-04-15-2023
images/news/1681725832new-photo-1-thumb-b12052bd.jpeg,https://www.smbbmu.edu.pk/beta/uploads/gallery/events/thumbs/1681725832new_photo - 1_thumb.jpeg,https://www.smbbmu.edu.pk/beta/news/details/special-condolence-meeting-in-memory-of-shaheed-dr-ajmal-sawand-04-15-2023
images/news/1681725832new-photo-4-thumb-ef4ea3e1.jpeg,https://www.smbbmu.edu.pk/beta/uploads/gallery/events/thumbs/1681725832new_photo - 4_thumb.jpeg,https://www.smbbmu.edu.pk/beta/news/details/special-condolence-meeting-in-memory-of-shaheed-dr-ajmal-sawand-04-15-2023
images/news/1681725825new-photo-2-thumb-8676a217.jpeg,https://www.smbbmu.edu.pk/beta/uploads/gallery/events/thumbs/1681725825new_photo - 2_thumb.jpeg,https://www.smbbmu.edu.pk/beta/news/details/special-condolence-meeting-in-memory-of-shaheed-dr-ajmal-sawand-04-15-2023
images/news/1681725825new-photo-3-thumb-f714b9f4.jpeg,https://www.smbbmu.edu.pk/beta/uploads/gallery/events/thumbs/1681725825new_photo - 3_thumb.jpeg,https://www.smbbmu.edu.pk/beta/news/details/special-condolence-meeting-in-memory-of-shaheed-dr-ajmal-sawand-04-15-2023
images/news/1681474031new-photo-1-thumb.jpeg,https://www.smbbmu.edu.pk/beta/uploads/gallery/events/1681474031new_photo - 1_thumb.jpeg,https://www.smbbmu.edu.pk/beta/news/details/plantation-day-organized-by-green-youth-movement-gym-club-of-smbb-medical-university-04-13-2023
images/news/1681474030new-photo-2-thumb.jpeg,https://www.smbbmu.edu.pk/beta/uploads/gallery/events/1681474030new_photo - 2_thumb.jpeg,https://www.smbbmu.edu.pk/beta/news/details/plantation-day-organized-by-green-youth-movement-gym-club-of-smbb-medical-university-04-13-2023
images/news/1681474022new-photo-5-thumb.jpeg,https://www.smbbmu.edu.pk/beta/uploads/gallery/events/1681474022new_photo - 5_thumb.jpeg,https://www.smbbmu.edu.pk/beta/news/details/plantation-day-organized-by-green-youth-movement-gym-club-of-smbb-medical-university-04-13-2023
images/news/1681474022new-photo-4-thumb.jpeg,https://www.smbbmu.edu.pk/beta/uploads/gallery/events/1681474022new_photo - 4_thumb.jpeg,https://www.smbbmu.edu.pk/beta/news/details/plantation-day-organized-by-green-youth-movement-gym-club-of-smbb-medical-university-04-13-2023
images/news/1681474031new-photo-1-thumb-42b19441.jpeg,https://www.smbbmu.edu.pk/beta/uploads/gallery/events/thumbs/1681474031new_photo - 1_thumb.jpeg,https://www.smbbmu.edu.pk/beta/news/details/plantation-day-organized-by-green-youth-movement-gym-club-of-smbb-medical-university-04-13-2023
images/news/1681474030new-photo-2-thumb-2a05fc9d.jpeg,https://www.smbbmu.edu.pk/beta/uploads/gallery/events/thumbs/1681474030new_photo - 2_thumb.jpeg,https://www.smbbmu.edu.pk/beta/news/details/plantation-day-organized-by-green-youth-movement-gym-club-of-smbb-medical-university-04-13-2023
images/news/1681474022new-photo-5-thumb-ff03dd23.jpeg,https://www.smbbmu.edu.pk/beta/uploads/gallery/events/thumbs/1681474022new_photo - 5_thumb.jpeg,https://www.smbbmu.edu.pk/beta/news/details/plantation-day-organized-by-green-youth-movement-gym-club-of-smbb-medical-university-04-13-2023
images/news/1681474022new-photo-4-thumb-e7fdc6b2.jpeg,https://www.smbbmu.edu.pk/beta/uploads/gallery/events/thumbs/1681474022new_photo - 4_thumb.jpeg,https://www.smbbmu.edu.pk/beta/news/details/plantation-day-organized-by-green-youth-movement-gym-club-of-smbb-medical-university-04-13-2023
images/news/1679641419new-photo-2-thumb.jpeg,https://www.smbbmu.edu.pk/beta/uploads/gallery/events/1679641419new_photo - 2_thumb.jpeg,https://www.smbbmu.edu.pk/beta/news/details/who-workshop-on-kangroo-mothercare-smbbmu-on-21st-march-2023-03-22-2023
images/news/1679641416new-photo-3-thumb.jpeg,https://www.smbbmu.edu.pk/beta/uploads/gallery/events/1679641416new_photo - 3_thumb.jpeg,https://www.smbbmu.edu.pk/beta/news/details/who-workshop-on-kangroo-mothercare-smbbmu-on-21st-march-2023-03-22-2023
images/news/1679641414new-photo-4-thumb.jpeg,https://www.smbbmu.edu.pk/beta/uploads/gallery/events/1679641414new_photo - 4_thumb.jpeg,https://www.smbbmu.edu.pk/beta/news/details/who-workshop-on-kangroo-mothercare-smbbmu-on-21st-march-2023-03-22-2023
images/news/1679641409new-photo-5-thumb.jpeg,https://www.smbbmu.edu.pk/beta/uploads/gallery/events/1679641409new_photo - 5_thumb.jpeg,https://www.smbbmu.edu.pk/beta/news/details/who-workshop-on-kangroo-mothercare-smbbmu-on-21st-march-2023-03-22-2023
images/news/1679641409new-photo-7-thumb.jpeg,https://www.smbbmu.edu.pk/beta/uploads/gallery/events/1679641409new_photo - 7_thumb.jpeg,https://www.smbbmu.edu.pk/beta/news/details/who-workshop-on-kangroo-mothercare-smbbmu-on-21st-march-2023-03-22-2023
images/news/1679641419new-photo-2-thumb-ef7cd237.jpeg,https://www.smbbmu.edu.pk/beta/uploads/gallery/events/thumbs/1679641419new_photo - 2_thumb.jpeg,https://www.smbbmu.edu.pk/beta/news/details/who-workshop-on-kangroo-mothercare-smbbmu-on-21st-march-2023-03-22-2023
images/news/1679641416new-photo-3-thumb-9d13e8e5.jpeg,https://www.smbbmu.edu.pk/beta/uploads/gallery/events/thumbs/1679641416new_photo - 3_thumb.jpeg,https://www.smbbmu.edu.pk/beta/news/details/who-workshop-on-kangroo-mothercare-smbbmu-on-21st-march-2023-03-22-2023
images/news/1679641414new-photo-4-thumb-423738e2.jpeg,https://www.smbbmu.edu.pk/beta/uploads/gallery/events/thumbs/1679641414new_photo - 4_thumb.jpeg,https://www.smbbmu.edu.pk/beta/news/details/who-workshop-on-kangroo-mothercare-smbbmu-on-21st-march-2023-03-22-2023
images/news/1679641409new-photo-5-thumb-b3e9b323.jpeg,https://www.smbbmu.edu.pk/beta/uploads/gallery/events/thumbs/1679641409new_photo - 5_thumb.jpeg,https://www.smbbmu.edu.pk/beta/news/details/who-workshop-on-kangroo-mothercare-smbbmu-on-21st-march-2023-03-22-2023
images/news/1679641409new-photo-7-thumb-399ce619.jpeg,https://www.smbbmu.edu.pk/beta/uploads/gallery/events/thumbs/1679641409new_photo - 7_thumb.jpeg,https://www.smbbmu.edu.pk/beta/news/details/who-workshop-on-kangroo-mothercare-smbbmu-on-21st-march-2023-03-22-2023
images/news/1679642355new-photo-7-thumb.jpeg,https://www.smbbmu.edu.pk/beta/uploads/gallery/events/1679642355new_photo - 7_thumb.jpeg,https://www.smbbmu.edu.pk/beta/news/details/colorectal-public-awareness-walk-and-seminar-organized-by-gastroenterology-department-cmc-smbbmu-larkana-03-22-2023
images/news/1679642352new-photo-6-thumb.jpeg,https://www.smbbmu.edu.pk/beta/uploads/gallery/events/1679642352new_photo - 6_thumb.jpeg,https://www.smbbmu.edu.pk/beta/news/details/colorectal-public-awareness-walk-and-seminar-organized-by-gastroenterology-department-cmc-smbbmu-larkana-03-22-2023
images/news/1679642351new-photo-5-thumb.jpeg,https://www.smbbmu.edu.pk/beta/uploads/gallery/events/1679642351new_photo - 5_thumb.jpeg,https://www.smbbmu.edu.pk/beta/news/details/colorectal-public-awareness-walk-and-seminar-organized-by-gastroenterology-department-cmc-smbbmu-larkana-03-22-2023
images/news/1679642349new-photo-4-thumb.jpeg,https://www.smbbmu.edu.pk/beta/uploads/gallery/events/1679642349new_photo - 4_thumb.jpeg,https://www.smbbmu.edu.pk/beta/news/details/colorectal-public-awareness-walk-and-seminar-organized-by-gastroenterology-department-cmc-smbbmu-larkana-03-22-2023
images/news/1679642346new-photo-2-thumb.jpeg,https://www.smbbmu.edu.pk/beta/uploads/gallery/events/1679642346new_photo - 2_thumb.jpeg,https://www.smbbmu.edu.pk/beta/news/details/colorectal-public-awareness-walk-and-seminar-organized-by-gastroenterology-department-cmc-smbbmu-larkana-03-22-2023
images/news/1679642345new-photo-3-thumb.jpeg,https://www.smbbmu.edu.pk/beta/uploads/gallery/events/1679642345new_photo - 3_thumb.jpeg,https://www.smbbmu.edu.pk/beta/news/details/colorectal-public-awareness-walk-and-seminar-organized-by-gastroenterology-department-cmc-smbbmu-larkana-03-22-2023
images/news/1679642355new-photo-7-thumb-0bfbd8d5.jpeg,https://www.smbbmu.edu.pk/beta/uploads/gallery/events/thumbs/1679642355new_photo - 7_thumb.jpeg,https://www.smbbmu.edu.pk/beta/news/details/colorectal-public-awareness-walk-and-seminar-organized-by-gastroenterology-department-cmc-smbbmu-larkana-03-22-2023
images/news/1679642352new-photo-6-thumb-ee35db2a.jpeg,https://www.smbbmu.edu.pk/beta/uploads/gallery/events/thumbs/1679642352new_photo - 6_thumb.jpeg,https://www.smbbmu.edu.pk/beta/news/details/colorectal-public-awareness-walk-and-seminar-organized-by-gastroenterology-department-cmc-smbbmu-larkana-03-22-2023
images/news/1679642351new-photo-5-thumb-307a2217.jpeg,https://www.smbbmu.edu.pk/beta/uploads/gallery/events/thumbs/1679642351new_photo - 5_thumb.jpeg,https://www.smbbmu.edu.pk/beta/news/details/colorectal-public-awareness-walk-and-seminar-organized-by-gastroenterology-department-cmc-smbbmu-larkana-03-22-2023
images/news/1679642349new-photo-4-thumb-d68fa2c6.jpeg,https://www.smbbmu.edu.pk/beta/uploads/gallery/events/thumbs/1679642349new_photo - 4_thumb.jpeg,https://www.smbbmu.edu.pk/beta/news/details/colorectal-public-awareness-walk-and-seminar-organized-by-gastroenterology-department-cmc-smbbmu-larkana-03-22-2023
images/news/1679642346new-photo-2-thumb-73397fe9.jpeg,https://www.smbbmu.edu.pk/beta/uploads/gallery/events/thumbs/1679642346new_photo - 2_thumb.jpeg,https://www.smbbmu.edu.pk/beta/news/details/colorectal-public-awareness-walk-and-seminar-organized-by-gastroenterology-department-cmc-smbbmu-larkana-03-22-2023
images/news/1679642345new-photo-3-thumb-f59cbbc6.jpeg,https://www.smbbmu.edu.pk/beta/uploads/gallery/events/thumbs/1679642345new_photo - 3_thumb.jpeg,https://www.smbbmu.edu.pk/beta/news/details/colorectal-public-awareness-walk-and-seminar-organized-by-gastroenterology-department-cmc-smbbmu-larkana-03-22-2023
images/news/1679451801new-photo-4-thumb.jpeg,https://www.smbbmu.edu.pk/beta/uploads/gallery/events/1679451801new_photo - 4_thumb.jpeg,https://www.smbbmu.edu.pk/beta/news/details/the-world-oral-health-day-celebrated-at-bibi-aseefa-dental-college-smbbmu-03-21-2023
images/news/1679451800new-photo-3-thumb.jpeg,https://www.smbbmu.edu.pk/beta/uploads/gallery/events/1679451800new_photo - 3_thumb.jpeg,https://www.smbbmu.edu.pk/beta/news/details/the-world-oral-health-day-celebrated-at-bibi-aseefa-dental-college-smbbmu-03-21-2023
images/news/1679451799new-photo-1-thumb.jpeg,https://www.smbbmu.edu.pk/beta/uploads/gallery/events/1679451799new_photo - 1_thumb.jpeg,https://www.smbbmu.edu.pk/beta/news/details/the-world-oral-health-day-celebrated-at-bibi-aseefa-dental-college-smbbmu-03-21-2023
images/news/1679451798new-photo-2-thumb.jpeg,https://www.smbbmu.edu.pk/beta/uploads/gallery/events/1679451798new_photo - 2_thumb.jpeg,https://www.smbbmu.edu.pk/beta/news/details/the-world-oral-health-day-celebrated-at-bibi-aseefa-dental-college-smbbmu-03-21-2023
images/news/1679451801new-photo-4-thumb-96738ed9.jpeg,https://www.smbbmu.edu.pk/beta/uploads/gallery/events/thumbs/1679451801new_photo - 4_thumb.jpeg,https://www.smbbmu.edu.pk/beta/news/details/the-world-oral-health-day-celebrated-at-bibi-aseefa-dental-college-smbbmu-03-21-2023
images/news/1679451800new-photo-3-thumb-9f9ec221.jpeg,https://www.smbbmu.edu.pk/beta/uploads/gallery/events/thumbs/1679451800new_photo - 3_thumb.jpeg,https://www.smbbmu.edu.pk/beta/news/details/the-world-oral-health-day-celebrated-at-bibi-aseefa-dental-college-smbbmu-03-21-2023
images/news/1679451799new-photo-1-thumb-2841bfa5.jpeg,https://www.smbbmu.edu.pk/beta/uploads/gallery/events/thumbs/1679451799new_photo - 1_thumb.jpeg,https://www.smbbmu.edu.pk/beta/news/details/the-world-oral-health-day-celebrated-at-bibi-aseefa-dental-college-smbbmu-03-21-2023
images/news/1679451798new-photo-2-thumb-e819c7d0.jpeg,https://www.smbbmu.edu.pk/beta/uploads/gallery/events/thumbs/1679451798new_photo - 2_thumb.jpeg,https://www.smbbmu.edu.pk/beta/news/details/the-world-oral-health-day-celebrated-at-bibi-aseefa-dental-college-smbbmu-03-21-2023
images/news/1679302516new-photo-1-thumb.jpeg,https://www.smbbmu.edu.pk/beta/uploads/gallery/events/1679302516new_photo - 1_thumb.jpeg,https://www.smbbmu.edu.pk/beta/news/details/first-research-poster-competition-03-17-2023
images/news/1679302514new-photo-2-thumb.jpeg,https://www.smbbmu.edu.pk/beta/uploads/gallery/events/1679302514new_photo - 2_thumb.jpeg,https://www.smbbmu.edu.pk/beta/news/details/first-research-poster-competition-03-17-2023
images/news/1679302514new-photo-3-thumb.jpeg,https://www.smbbmu.edu.pk/beta/uploads/gallery/events/1679302514new_photo - 3_thumb.jpeg,https://www.smbbmu.edu.pk/beta/news/details/first-research-poster-competition-03-17-2023
images/news/1679302509new-photo-4-thumb.jpeg,https://www.smbbmu.edu.pk/beta/uploads/gallery/events/1679302509new_photo - 4_thumb.jpeg,https://www.smbbmu.edu.pk/beta/news/details/first-research-poster-competition-03-17-2023
images/news/1679302509new-photo-5-thumb.jpeg,https://www.smbbmu.edu.pk/beta/uploads/gallery/events/1679302509new_photo - 5_thumb.jpeg,https://www.smbbmu.edu.pk/beta/news/details/first-research-poster-competition-03-17-2023
images/news/1679302505new-photo-7-thumb.jpeg,https://www.smbbmu.edu.pk/beta/uploads/gallery/events/1679302505new_photo - 7_thumb.jpeg,https://www.smbbmu.edu.pk/beta/news/details/first-research-poster-competition-03-17-2023
images/news/1679302505new-photo-6-thumb.jpeg,https://www.smbbmu.edu.pk/beta/uploads/gallery/events/1679302505new_photo - 6_thumb.jpeg,https://www.smbbmu.edu.pk/beta/news/details/first-research-poster-competition-03-17-2023
images/news/1679302516new-photo-1-thumb-f88b625a.jpeg,https://www.smbbmu.edu.pk/beta/uploads/gallery/events/thumbs/1679302516new_photo - 1_thumb.jpeg,https://www.smbbmu.edu.pk/beta/news/details/first-research-poster-competition-03-17-2023
images/news/1679302514new-photo-2-thumb-ae8779a5.jpeg,https://www.smbbmu.edu.pk/beta/uploads/gallery/events/thumbs/1679302514new_photo - 2_thumb.jpeg,https://www.smbbmu.edu.pk/beta/news/details/first-research-poster-competition-03-17-2023
images/news/1679302514new-photo-3-thumb-d074fb29.jpeg,https://www.smbbmu.edu.pk/beta/uploads/gallery/events/thumbs/1679302514new_photo - 3_thumb.jpeg,https://www.smbbmu.edu.pk/beta/news/details/first-research-poster-competition-03-17-2023
images/news/1679302509new-photo-4-thumb-2bf063b8.jpeg,https://www.smbbmu.edu.pk/beta/uploads/gallery/events/thumbs/1679302509new_photo - 4_thumb.jpeg,https://www.smbbmu.edu.pk/beta/news/details/first-research-poster-competition-03-17-2023
images/news/1679302509new-photo-5-thumb-0bd60f03.jpeg,https://www.smbbmu.edu.pk/beta/uploads/gallery/events/thumbs/1679302509new_photo - 5_thumb.jpeg,https://www.smbbmu.edu.pk/beta/news/details/first-research-poster-competition-03-17-2023
images/news/1679302505new-photo-7-thumb-ef72961f.jpeg,https://www.smbbmu.edu.pk/beta/uploads/gallery/events/thumbs/1679302505new_photo - 7_thumb.jpeg,https://www.smbbmu.edu.pk/beta/news/details/first-research-poster-competition-03-17-2023
images/news/1679302505new-photo-6-thumb-c45f6748.jpeg,https://www.smbbmu.edu.pk/beta/uploads/gallery/events/thumbs/1679302505new_photo - 6_thumb.jpeg,https://www.smbbmu.edu.pk/beta/news/details/first-research-poster-competition-03-17-2023
images/news/1679301593new-photo-3-thumb.jpeg,https://www.smbbmu.edu.pk/beta/uploads/gallery/events/1679301593new_photo - 3_thumb.jpeg,https://www.smbbmu.edu.pk/beta/news/details/12th-shaheed-mohtarma-benazir-bhutto-medical-univesity-sports-week-03-13-2023
images/news/1679301591new-photo-4-thumb.jpeg,https://www.smbbmu.edu.pk/beta/uploads/gallery/events/1679301591new_photo - 4_thumb.jpeg,https://www.smbbmu.edu.pk/beta/news/details/12th-shaheed-mohtarma-benazir-bhutto-medical-univesity-sports-week-03-13-2023
images/news/1679301589new-photo-5-thumb.jpeg,https://www.smbbmu.edu.pk/beta/uploads/gallery/events/1679301589new_photo - 5_thumb.jpeg,https://www.smbbmu.edu.pk/beta/news/details/12th-shaheed-mohtarma-benazir-bhutto-medical-univesity-sports-week-03-13-2023
images/news/1679301587new-photo-6-thumb.jpeg,https://www.smbbmu.edu.pk/beta/uploads/gallery/events/1679301587new_photo - 6_thumb.jpeg,https://www.smbbmu.edu.pk/beta/news/details/12th-shaheed-mohtarma-benazir-bhutto-medical-univesity-sports-week-03-13-2023
images/news/1679301578new-photo-8-thumb.jpeg,https://www.smbbmu.edu.pk/beta/uploads/gallery/events/1679301578new_photo - 8_thumb.jpeg,https://www.smbbmu.edu.pk/beta/news/details/12th-shaheed-mohtarma-benazir-bhutto-medical-univesity-sports-week-03-13-2023
images/news/1679301578new-photo-7-thumb.jpeg,https://www.smbbmu.edu.pk/beta/uploads/gallery/events/1679301578new_photo - 7_thumb.jpeg,https://www.smbbmu.edu.pk/beta/news/details/12th-shaheed-mohtarma-benazir-bhutto-medical-univesity-sports-week-03-13-2023
images/news/1679301593new-photo-3-thumb-de5330d0.jpeg,https://www.smbbmu.edu.pk/beta/uploads/gallery/events/thumbs/1679301593new_photo - 3_thumb.jpeg,https://www.smbbmu.edu.pk/beta/news/details/12th-shaheed-mohtarma-benazir-bhutto-medical-univesity-sports-week-03-13-2023
images/news/1679301591new-photo-4-thumb-42747629.jpeg,https://www.smbbmu.edu.pk/beta/uploads/gallery/events/thumbs/1679301591new_photo - 4_thumb.jpeg,https://www.smbbmu.edu.pk/beta/news/details/12th-shaheed-mohtarma-benazir-bhutto-medical-univesity-sports-week-03-13-2023
images/news/1679301589new-photo-5-thumb-0c79d87f.jpeg,https://www.smbbmu.edu.pk/beta/uploads/gallery/events/thumbs/1679301589new_photo - 5_thumb.jpeg,https://www.smbbmu.edu.pk/beta/news/details/12th-shaheed-mohtarma-benazir-bhutto-medical-univesity-sports-week-03-13-2023
images/news/1679301587new-photo-6-thumb-92954802.jpeg,https://www.smbbmu.edu.pk/beta/uploads/gallery/events/thumbs/1679301587new_photo - 6_thumb.jpeg,https://www.smbbmu.edu.pk/beta/news/details/12th-shaheed-mohtarma-benazir-bhutto-medical-univesity-sports-week-03-13-2023
images/news/1679301578new-photo-8-thumb-21e6cbeb.jpeg,https://www.smbbmu.edu.pk/beta/uploads/gallery/events/thumbs/1679301578new_photo - 8_thumb.jpeg,https://www.smbbmu.edu.pk/beta/news/details/12th-shaheed-mohtarma-benazir-bhutto-medical-univesity-sports-week-03-13-2023
images/news/1679301578new-photo-7-thumb-ac86a288.jpeg,https://www.smbbmu.edu.pk/beta/uploads/gallery/events/thumbs/1679301578new_photo - 7_thumb.jpeg,https://www.smbbmu.edu.pk/beta/news/details/12th-shaheed-mohtarma-benazir-bhutto-medical-univesity-sports-week-03-13-2023
images/news/1679641472new-photo-2-thumb.jpeg,https://www.smbbmu.edu.pk/beta/uploads/gallery/events/1679641472new_photo - 2_thumb.jpeg,https://www.smbbmu.edu.pk/beta/news/details/celebrating-the-international-womans-day-03-08-2023
images/news/1679641470new-photo-6-thumb.jpeg,https://www.smbbmu.edu.pk/beta/uploads/gallery/events/1679641470new_photo - 6_thumb.jpeg,https://www.smbbmu.edu.pk/beta/news/details/celebrating-the-international-womans-day-03-08-2023
images/news/1679641469new-photo-8-thumb.jpeg,https://www.smbbmu.edu.pk/beta/uploads/gallery/events/1679641469new_photo - 8_thumb.jpeg,https://www.smbbmu.edu.pk/beta/news/details/celebrating-the-international-womans-day-03-08-2023
images/news/1679641466new-photo-3-thumb.jpeg,https://www.smbbmu.edu.pk/beta/uploads/gallery/events/1679641466new_photo - 3_thumb.jpeg,https://www.smbbmu.edu.pk/beta/news/details/celebrating-the-international-womans-day-03-08-2023
images/news/1679641463new-photo-4-thumb.jpeg,https://www.smbbmu.edu.pk/beta/uploads/gallery/events/1679641463new_photo - 4_thumb.jpeg,https://www.smbbmu.edu.pk/beta/news/details/celebrating-the-international-womans-day-03-08-2023
images/news/1679641472new-photo-2-thumb-fd45d915.jpeg,https://www.smbbmu.edu.pk/beta/uploads/gallery/events/thumbs/1679641472new_photo - 2_thumb.jpeg,https://www.smbbmu.edu.pk/beta/news/details/celebrating-the-international-womans-day-03-08-2023
images/news/1679641470new-photo-6-thumb-cb5ab537.jpeg,https://www.smbbmu.edu.pk/beta/uploads/gallery/events/thumbs/1679641470new_photo - 6_thumb.jpeg,https://www.smbbmu.edu.pk/beta/news/details/celebrating-the-international-womans-day-03-08-2023
images/news/1679641469new-photo-8-thumb-98600b16.jpeg,https://www.smbbmu.edu.pk/beta/uploads/gallery/events/thumbs/1679641469new_photo - 8_thumb.jpeg,https://www.smbbmu.edu.pk/beta/news/details/celebrating-the-international-womans-day-03-08-2023
images/news/1679641466new-photo-3-thumb-252519a1.jpeg,https://www.smbbmu.edu.pk/beta/uploads/gallery/events/thumbs/1679641466new_photo - 3_thumb.jpeg,https://www.smbbmu.edu.pk/beta/news/details/celebrating-the-international-womans-day-03-08-2023
images/news/1679641463new-photo-4-thumb-165892a2.jpeg,https://www.smbbmu.edu.pk/beta/uploads/gallery/events/thumbs/1679641463new_photo - 4_thumb.jpeg,https://www.smbbmu.edu.pk/beta/news/details/celebrating-the-international-womans-day-03-08-2023
images/news/1678090049new-photo-2-thumb.jpeg,https://www.smbbmu.edu.pk/beta/uploads/gallery/events/1678090049new_photo - 2_thumb.jpeg,https://www.smbbmu.edu.pk/beta/news/details/symposium-on-healthy-liver-for-all-03-04-2023
images/news/1678089763new-photo-1-thumb.jpeg,https://www.smbbmu.edu.pk/beta/uploads/gallery/events/1678089763new_photo - 1_thumb.jpeg,https://www.smbbmu.edu.pk/beta/news/details/symposium-on-healthy-liver-for-all-03-04-2023
images/news/1678089760new-photo-3-thumb.jpeg,https://www.smbbmu.edu.pk/beta/uploads/gallery/events/1678089760new_photo - 3_thumb.jpeg,https://www.smbbmu.edu.pk/beta/news/details/symposium-on-healthy-liver-for-all-03-04-2023
images/news/1678089760new-photo-5-thumb.jpeg,https://www.smbbmu.edu.pk/beta/uploads/gallery/events/1678089760new_photo - 5_thumb.jpeg,https://www.smbbmu.edu.pk/beta/news/details/symposium-on-healthy-liver-for-all-03-04-2023
images/news/1678090049new-photo-2-thumb-5f88be72.jpeg,https://www.smbbmu.edu.pk/beta/uploads/gallery/events/thumbs/1678090049new_photo - 2_thumb.jpeg,https://www.smbbmu.edu.pk/beta/news/details/symposium-on-healthy-liver-for-all-03-04-2023
images/news/1678089763new-photo-1-thumb-74f25261.jpeg,https://www.smbbmu.edu.pk/beta/uploads/gallery/events/thumbs/1678089763new_photo - 1_thumb.jpeg,https://www.smbbmu.edu.pk/beta/news/details/symposium-on-healthy-liver-for-all-03-04-2023
images/news/1678089760new-photo-3-thumb-5a4eba13.jpeg,https://www.smbbmu.edu.pk/beta/uploads/gallery/events/thumbs/1678089760new_photo - 3_thumb.jpeg,https://www.smbbmu.edu.pk/beta/news/details/symposium-on-healthy-liver-for-all-03-04-2023
images/news/1678089760new-photo-5-thumb-73d6432c.jpeg,https://www.smbbmu.edu.pk/beta/uploads/gallery/events/thumbs/1678089760new_photo - 5_thumb.jpeg,https://www.smbbmu.edu.pk/beta/news/details/symposium-on-healthy-liver-for-all-03-04-2023
images/news/1679297901new-photo-1-thumb.jpeg,https://www.smbbmu.edu.pk/beta/uploads/gallery/events/1679297901new_photo - 1_thumb.jpeg,https://www.smbbmu.edu.pk/beta/news/details/smbbmu-employees-service-structurebps-scale-upgradationpromotion-orders-served-by-madam-nusrat-shah-the-vice-chancellor-smbbmu-larkana-03-01-2023
images/news/1679297898new-photo-3-thumb.jpeg,https://www.smbbmu.edu.pk/beta/uploads/gallery/events/1679297898new_photo - 3_thumb.jpeg,https://www.smbbmu.edu.pk/beta/news/details/smbbmu-employees-service-structurebps-scale-upgradationpromotion-orders-served-by-madam-nusrat-shah-the-vice-chancellor-smbbmu-larkana-03-01-2023
images/news/1679297897new-photo-2-thumb.jpeg,https://www.smbbmu.edu.pk/beta/uploads/gallery/events/1679297897new_photo - 2_thumb.jpeg,https://www.smbbmu.edu.pk/beta/news/details/smbbmu-employees-service-structurebps-scale-upgradationpromotion-orders-served-by-madam-nusrat-shah-the-vice-chancellor-smbbmu-larkana-03-01-2023
images/news/1679297901new-photo-1-thumb-d81ffee5.jpeg,https://www.smbbmu.edu.pk/beta/uploads/gallery/events/thumbs/1679297901new_photo - 1_thumb.jpeg,https://www.smbbmu.edu.pk/beta/news/details/smbbmu-employees-service-structurebps-scale-upgradationpromotion-orders-served-by-madam-nusrat-shah-the-vice-chancellor-smbbmu-larkana-03-01-2023
images/news/1679297898new-photo-3-thumb-4c91f910.jpeg,https://www.smbbmu.edu.pk/beta/uploads/gallery/events/thumbs/1679297898new_photo - 3_thumb.jpeg,https://www.smbbmu.edu.pk/beta/news/details/smbbmu-employees-service-structurebps-scale-upgradationpromotion-orders-served-by-madam-nusrat-shah-the-vice-chancellor-smbbmu-larkana-03-01-2023
images/news/1679297897new-photo-2-thumb-fd003123.jpeg,https://www.smbbmu.edu.pk/beta/uploads/gallery/events/thumbs/1679297897new_photo - 2_thumb.jpeg,https://www.smbbmu.edu.pk/beta/news/details/smbbmu-employees-service-structurebps-scale-upgradationpromotion-orders-served-by-madam-nusrat-shah-the-vice-chancellor-smbbmu-larkana-03-01-2023
images/news/1681474235new-photo-1-thumb.jpeg,https://www.smbbmu.edu.pk/beta/uploads/gallery/events/1681474235new_photo - 1_thumb.jpeg,https://www.smbbmu.edu.pk/beta/news/details/workshop-on-how-to-conduct-research-02-28-2023
images/news/1681474234new-photo-2-thumb.jpeg,https://www.smbbmu.edu.pk/beta/uploads/gallery/events/1681474234new_photo - 2_thumb.jpeg,https://www.smbbmu.edu.pk/beta/news/details/workshop-on-how-to-conduct-research-02-28-2023
images/news/1681474233new-photo-3-thumb.jpeg,https://www.smbbmu.edu.pk/beta/uploads/gallery/events/1681474233new_photo - 3_thumb.jpeg,https://www.smbbmu.edu.pk/beta/news/details/workshop-on-how-to-conduct-research-02-28-2023
images/news/1681474231new-photo-5-thumb.jpeg,https://www.smbbmu.edu.pk/beta/uploads/gallery/events/1681474231new_photo - 5_thumb.jpeg,https://www.smbbmu.edu.pk/beta/news/details/workshop-on-how-to-conduct-research-02-28-2023
images/news/1681474229new-photo-4-thumb.jpeg,https://www.smbbmu.edu.pk/beta/uploads/gallery/events/1681474229new_photo - 4_thumb.jpeg,https://www.smbbmu.edu.pk/beta/news/details/workshop-on-how-to-conduct-research-02-28-2023
images/news/1681474235new-photo-1-thumb-7f58c514.jpeg,https://www.smbbmu.edu.pk/beta/uploads/gallery/events/thumbs/1681474235new_photo - 1_thumb.jpeg,https://www.smbbmu.edu.pk/beta/news/details/workshop-on-how-to-conduct-research-02-28-2023
images/news/1681474234new-photo-2-thumb-71e68bdd.jpeg,https://www.smbbmu.edu.pk/beta/uploads/gallery/events/thumbs/1681474234new_photo - 2_thumb.jpeg,https://www.smbbmu.edu.pk/beta/news/details/workshop-on-how-to-conduct-research-02-28-2023
images/news/1681474233new-photo-3-thumb-5e68878b.jpeg,https://www.smbbmu.edu.pk/beta/uploads/gallery/events/thumbs/1681474233new_photo - 3_thumb.jpeg,https://www.smbbmu.edu.pk/beta/news/details/workshop-on-how-to-conduct-research-02-28-2023
images/news/1681474231new-photo-5-thumb-a539c0fd.jpeg,https://www.smbbmu.edu.pk/beta/uploads/gallery/events/thumbs/1681474231new_photo - 5_thumb.jpeg,https://www.smbbmu.edu.pk/beta/news/details/workshop-on-how-to-conduct-research-02-28-2023
images/news/1681474229new-photo-4-thumb-03bd32bd.jpeg,https://www.smbbmu.edu.pk/beta/uploads/gallery/events/thumbs/1681474229new_photo - 4_thumb.jpeg,https://www.smbbmu.edu.pk/beta/news/details/workshop-on-how-to-conduct-research-02-28-2023
images/news/1677863902new-photo-1-thumb.jpeg,https://www.smbbmu.edu.pk/beta/uploads/gallery/events/1677863902new_photo - 1_thumb.jpeg,https://www.smbbmu.edu.pk/beta/news/details/hec-visit-at-smbbmu-for-postgraduate-training-evaluation-02-08-2023
images/news/1677863900new-photo-2-thumb.jpeg,https://www.smbbmu.edu.pk/beta/uploads/gallery/events/1677863900new_photo - 2_thumb.jpeg,https://www.smbbmu.edu.pk/beta/news/details/hec-visit-at-smbbmu-for-postgraduate-training-evaluation-02-08-2023
images/news/1677863902new-photo-1-thumb-4f2894e3.jpeg,https://www.smbbmu.edu.pk/beta/uploads/gallery/events/thumbs/1677863902new_photo - 1_thumb.jpeg,https://www.smbbmu.edu.pk/beta/news/details/hec-visit-at-smbbmu-for-postgraduate-training-evaluation-02-08-2023
images/news/1677863900new-photo-2-thumb-0250a0f3.jpeg,https://www.smbbmu.edu.pk/beta/uploads/gallery/events/thumbs/1677863900new_photo - 2_thumb.jpeg,https://www.smbbmu.edu.pk/beta/news/details/hec-visit-at-smbbmu-for-postgraduate-training-evaluation-02-08-2023
images/news/1677843935new-photo-1-thumb.jpeg,https://www.smbbmu.edu.pk/beta/uploads/gallery/events/1677843935new_photo - 1_thumb.jpeg,https://www.smbbmu.edu.pk/beta/news/details/faculty-development-workshop-on-scholarrx-online-course-for-usmle-01-29-2023
images/news/1677843637new-photo-1-1-thumb.jpeg,https://www.smbbmu.edu.pk/beta/uploads/gallery/events/1677843637new_photo - 1 (1)_thumb.jpeg,https://www.smbbmu.edu.pk/beta/news/details/faculty-development-workshop-on-scholarrx-online-course-for-usmle-01-29-2023
images/news/1677843935new-photo-1-thumb-eb442755.jpeg,https://www.smbbmu.edu.pk/beta/uploads/gallery/events/thumbs/1677843935new_photo - 1_thumb.jpeg,https://www.smbbmu.edu.pk/beta/news/details/faculty-development-workshop-on-scholarrx-online-course-for-usmle-01-29-2023
images/news/1677843637new-photo-1-1-thumb-c426e7b9.jpeg,https://www.smbbmu.edu.pk/beta/uploads/gallery/events/thumbs/1677843637new_photo - 1 (1)_thumb.jpeg,https://www.smbbmu.edu.pk/beta/news/details/faculty-development-workshop-on-scholarrx-online-course-for-usmle-01-29-2023
images/news/1677827682new-photo-1-2-thumb.jpeg,https://www.smbbmu.edu.pk/beta/uploads/gallery/events/1677827682new_photo - 1 (2)_thumb.jpeg,https://www.smbbmu.edu.pk/beta/news/details/28th-academic-council-meeting-01-26-2023
images/news/1677825288new-photo-1-1-thumb.jpeg,https://www.smbbmu.edu.pk/beta/uploads/gallery/events/1677825288new_photo - 1 (1)_thumb.jpeg,https://www.smbbmu.edu.pk/beta/news/details/28th-academic-council-meeting-01-26-2023
images/news/1677825286new-photo-1-thumb.jpeg,https://www.smbbmu.edu.pk/beta/uploads/gallery/events/1677825286new_photo - 1_thumb.jpeg,https://www.smbbmu.edu.pk/beta/news/details/28th-academic-council-meeting-01-26-2023
images/news/1677827682new-photo-1-2-thumb-df0d490b.jpeg,https://www.smbbmu.edu.pk/beta/uploads/gallery/events/thumbs/1677827682new_photo - 1 (2)_thumb.jpeg,https://www.smbbmu.edu.pk/beta/news/details/28th-academic-council-meeting-01-26-2023
images/news/1677825288new-photo-1-1-thumb-5a713ce7.jpeg,https://www.smbbmu.edu.pk/beta/uploads/gallery/events/thumbs/1677825288new_photo - 1 (1)_thumb.jpeg,https://www.smbbmu.edu.pk/beta/news/details/28th-academic-council-meeting-01-26-2023
images/news/1677825286new-photo-1-thumb-0ef0dd39.jpeg,https://www.smbbmu.edu.pk/beta/uploads/gallery/events/thumbs/1677825286new_photo - 1_thumb.jpeg,https://www.smbbmu.edu.pk/beta/news/details/28th-academic-council-meeting-01-26-2023
images/news/1627978122pic2-thumb.jpeg,https://www.smbbmu.edu.pk/beta/uploads/gallery/events/1627978122pic2_thumb.jpeg,https://www.smbbmu.edu.pk/beta/news/details/meeting-of-hospital-management-board-07-31-2021
images/news/1627978114pic5-thumb.jpeg,https://www.smbbmu.edu.pk/beta/uploads/gallery/events/1627978114pic5_thumb.jpeg,https://www.smbbmu.edu.pk/beta/news/details/meeting-of-hospital-management-board-07-31-2021
images/news/1627978100pic4-thumb.jpeg,https://www.smbbmu.edu.pk/beta/uploads/gallery/events/1627978100pic4_thumb.jpeg,https://www.smbbmu.edu.pk/beta/news/details/meeting-of-hospital-management-board-07-31-2021
images/news/1627978100pic3-thumb.jpeg,https://www.smbbmu.edu.pk/beta/uploads/gallery/events/1627978100pic3_thumb.jpeg,https://www.smbbmu.edu.pk/beta/news/details/meeting-of-hospital-management-board-07-31-2021
images/news/1627978122pic2-thumb-47de6432.jpeg,https://www.smbbmu.edu.pk/beta/uploads/gallery/events/thumbs/1627978122pic2_thumb.jpeg,https://www.smbbmu.edu.pk/beta/news/details/meeting-of-hospital-management-board-07-31-2021
images/news/1627978114pic5-thumb-57daf288.jpeg,https://www.smbbmu.edu.pk/beta/uploads/gallery/events/thumbs/1627978114pic5_thumb.jpeg,https://www.smbbmu.edu.pk/beta/news/details/meeting-of-hospital-management-board-07-31-2021
images/news/1627978100pic4-thumb-8220686f.jpeg,https://www.smbbmu.edu.pk/beta/uploads/gallery/events/thumbs/1627978100pic4_thumb.jpeg,https://www.smbbmu.edu.pk/beta/news/details/meeting-of-hospital-management-board-07-31-2021
images/news/1627978100pic3-thumb-131fc3b0.jpeg,https://www.smbbmu.edu.pk/beta/uploads/gallery/events/thumbs/1627978100pic3_thumb.jpeg,https://www.smbbmu.edu.pk/beta/news/details/meeting-of-hospital-management-board-07-31-2021
images/news/1627979460pic11-thumb.jpeg,https://www.smbbmu.edu.pk/beta/uploads/gallery/events/1627979460pic11_thumb.jpeg,https://www.smbbmu.edu.pk/beta/news/details/phd-program-meetings-07-31-2021
images/news/1627979427pic10-thumb.jpeg,https://www.smbbmu.edu.pk/beta/uploads/gallery/events/1627979427pic10_thumb.jpeg,https://www.smbbmu.edu.pk/beta/news/details/phd-program-meetings-07-31-2021
images/news/1627979398pic9-thumb.jpeg,https://www.smbbmu.edu.pk/beta/uploads/gallery/events/1627979398pic9_thumb.jpeg,https://www.smbbmu.edu.pk/beta/news/details/phd-program-meetings-07-31-2021
images/news/1627979334pic8-thumb.jpeg,https://www.smbbmu.edu.pk/beta/uploads/gallery/events/1627979334pic8_thumb.jpeg,https://www.smbbmu.edu.pk/beta/news/details/phd-program-meetings-07-31-2021
images/news/1627979332pic7-thumb.jpeg,https://www.smbbmu.edu.pk/beta/uploads/gallery/events/1627979332pic7_thumb.jpeg,https://www.smbbmu.edu.pk/beta/news/details/phd-program-meetings-07-31-2021
images/news/1627979313pic6-thumb.jpeg,https://www.smbbmu.edu.pk/beta/uploads/gallery/events/1627979313pic6_thumb.jpeg,https://www.smbbmu.edu.pk/beta/news/details/phd-program-meetings-07-31-2021
images/news/1627979313pic5-thumb.jpeg,https://www.smbbmu.edu.pk/beta/uploads/gallery/events/1627979313pic5_thumb.jpeg,https://www.smbbmu.edu.pk/beta/news/details/phd-program-meetings-07-31-2021
images/news/1627979216pic3-copy-thumb.jpeg,https://www.smbbmu.edu.pk/beta/uploads/gallery/events/1627979216pic3 - Copy_thumb.jpeg,https://www.smbbmu.edu.pk/beta/news/details/phd-program-meetings-07-31-2021
images/news/1627979216pic1-copy-thumb.jpeg,https://www.smbbmu.edu.pk/beta/uploads/gallery/events/1627979216pic1 - Copy_thumb.jpeg,https://www.smbbmu.edu.pk/beta/news/details/phd-program-meetings-07-31-2021
images/news/1627979203pic2-thumb.jpeg,https://www.smbbmu.edu.pk/beta/uploads/gallery/events/1627979203pic2_thumb.jpeg,https://www.smbbmu.edu.pk/beta/news/details/phd-program-meetings-07-31-2021
images/news/1627979460pic11-thumb-9a45d958.jpeg,https://www.smbbmu.edu.pk/beta/uploads/gallery/events/thumbs/1627979460pic11_thumb.jpeg,https://www.smbbmu.edu.pk/beta/news/details/phd-program-meetings-07-31-2021
images/news/1627979427pic10-thumb-33f914bb.jpeg,https://www.smbbmu.edu.pk/beta/uploads/gallery/events/thumbs/1627979427pic10_thumb.jpeg,https://www.smbbmu.edu.pk/beta/news/details/phd-program-meetings-07-31-2021
images/news/1627979398pic9-thumb-fe1a9ca8.jpeg,https://www.smbbmu.edu.pk/beta/uploads/gallery/events/thumbs/1627979398pic9_thumb.jpeg,https://www.smbbmu.edu.pk/beta/news/details/phd-program-meetings-07-31-2021
images/news/1627979334pic8-thumb-b556c752.jpeg,https://www.smbbmu.edu.pk/beta/uploads/gallery/events/thumbs/1627979334pic8_thumb.jpeg,https://www.smbbmu.edu.pk/beta/news/details/phd-program-meetings-07-31-2021
images/news/1627979332pic7-thumb-415096eb.jpeg,https://www.smbbmu.edu.pk/beta/uploads/gallery/events/thumbs/1627979332pic7_thumb.jpeg,https://www.smbbmu.edu.pk/beta/news/details/phd-program-meetings-07-31-2021
images/news/1627979313pic6-thumb-3f06e3d7.jpeg,https://www.smbbmu.edu.pk/beta/uploads/gallery/events/thumbs/1627979313pic6_thumb.jpeg,https://www.smbbmu.edu.pk/beta/news/details/phd-program-meetings-07-31-2021
images/news/1627979313pic5-thumb-556bdd62.jpeg,https://www.smbbmu.edu.pk/beta/uploads/gallery/events/thumbs/1627979313pic5_thumb.jpeg,https://www.smbbmu.edu.pk/beta/news/details/phd-program-meetings-07-31-2021
images/news/1627979216pic3-copy-thumb-a70257c9.jpeg,https://www.smbbmu.edu.pk/beta/uploads/gallery/events/thumbs/1627979216pic3 - Copy_thumb.jpeg,https://www.smbbmu.edu.pk/beta/news/details/phd-program-meetings-07-31-2021
images/news/1627979216pic1-copy-thumb-e9cd58bb.jpeg,https://www.smbbmu.edu.pk/beta/uploads/gallery/events/thumbs/1627979216pic1 - Copy_thumb.jpeg,https://www.smbbmu.edu.pk/beta/news/details/phd-program-meetings-07-31-2021
images/news/1627979203pic2-thumb-704b5da8.jpeg,https://www.smbbmu.edu.pk/beta/uploads/gallery/events/thumbs/1627979203pic2_thumb.jpeg,https://www.smbbmu.edu.pk/beta/news/details/phd-program-meetings-07-31-2021
images/news/1626440546image9-thumb.jpeg,https://www.smbbmu.edu.pk/beta/uploads/gallery/events/1626440546image9_thumb.jpeg,https://www.smbbmu.edu.pk/beta/news/details/visit-of-goc-pano-aqil-to-smbbmu-07-12-2021
images/news/1626440535image6-thumb.jpeg,https://www.smbbmu.edu.pk/beta/uploads/gallery/events/1626440535image6_thumb.jpeg,https://www.smbbmu.edu.pk/beta/news/details/visit-of-goc-pano-aqil-to-smbbmu-07-12-2021
images/news/1626440534image5-thumb.jpeg,https://www.smbbmu.edu.pk/beta/uploads/gallery/events/1626440534image5_thumb.jpeg,https://www.smbbmu.edu.pk/beta/news/details/visit-of-goc-pano-aqil-to-smbbmu-07-12-2021
images/news/1626440534image4-thumb.jpeg,https://www.smbbmu.edu.pk/beta/uploads/gallery/events/1626440534image4_thumb.jpeg,https://www.smbbmu.edu.pk/beta/news/details/visit-of-goc-pano-aqil-to-smbbmu-07-12-2021
images/news/1626440531image3-thumb.jpeg,https://www.smbbmu.edu.pk/beta/uploads/gallery/events/1626440531image3_thumb.jpeg,https://www.smbbmu.edu.pk/beta/news/details/visit-of-goc-pano-aqil-to-smbbmu-07-12-2021
images/news/1626440531image7-thumb.jpeg,https://www.smbbmu.edu.pk/beta/uploads/gallery/events/1626440531image7_thumb.jpeg,https://www.smbbmu.edu.pk/beta/news/details/visit-of-goc-pano-aqil-to-smbbmu-07-12-2021
images/news/1626440521image2-thumb.jpeg,https://www.smbbmu.edu.pk/beta/uploads/gallery/events/1626440521image2_thumb.jpeg,https://www.smbbmu.edu.pk/beta/news/details/visit-of-goc-pano-aqil-to-smbbmu-07-12-2021
images/news/1626440519image1-thumb.jpeg,https://www.smbbmu.edu.pk/beta/uploads/gallery/events/1626440519image1_thumb.jpeg,https://www.smbbmu.edu.pk/beta/news/details/visit-of-goc-pano-aqil-to-smbbmu-07-12-2021
images/news/1626440519coverrphot-thumb.jpeg,https://www.smbbmu.edu.pk/beta/uploads/gallery/events/1626440519coverrPhot_thumb.jpeg,https://www.smbbmu.edu.pk/beta/news/details/visit-of-goc-pano-aqil-to-smbbmu-07-12-2021
images/news/162644051715-thumb.jpeg,https://www.smbbmu.edu.pk/beta/uploads/gallery/events/162644051715_thumb.jpeg,https://www.smbbmu.edu.pk/beta/news/details/visit-of-goc-pano-aqil-to-smbbmu-07-12-2021
images/news/162644051616-thumb.jpeg,https://www.smbbmu.edu.pk/beta/uploads/gallery/events/162644051616_thumb.jpeg,https://www.smbbmu.edu.pk/beta/news/details/visit-of-goc-pano-aqil-to-smbbmu-07-12-2021
images/news/162644048013-thumb.jpeg,https://www.smbbmu.edu.pk/beta/uploads/gallery/events/162644048013_thumb.jpeg,https://www.smbbmu.edu.pk/beta/news/details/visit-of-goc-pano-aqil-to-smbbmu-07-12-2021
images/news/162644047811-thumb.jpeg,https://www.smbbmu.edu.pk/beta/uploads/gallery/events/162644047811_thumb.jpeg,https://www.smbbmu.edu.pk/beta/news/details/visit-of-goc-pano-aqil-to-smbbmu-07-12-2021
images/news/162644047812-thumb.jpeg,https://www.smbbmu.edu.pk/beta/uploads/gallery/events/162644047812_thumb.jpeg,https://www.smbbmu.edu.pk/beta/news/details/visit-of-goc-pano-aqil-to-smbbmu-07-12-2021
images/news/162644047514-thumb.jpeg,https://www.smbbmu.edu.pk/beta/uploads/gallery/events/162644047514_thumb.jpeg,https://www.smbbmu.edu.pk/beta/news/details/visit-of-goc-pano-aqil-to-smbbmu-07-12-2021
images/news/162644047510-thumb.jpeg,https://www.smbbmu.edu.pk/beta/uploads/gallery/events/162644047510_thumb.jpeg,https://www.smbbmu.edu.pk/beta/news/details/visit-of-goc-pano-aqil-to-smbbmu-07-12-2021
images/news/1626440546image9-thumb-8a5153fc.jpeg,https://www.smbbmu.edu.pk/beta/uploads/gallery/events/thumbs/1626440546image9_thumb.jpeg,https://www.smbbmu.edu.pk/beta/news/details/visit-of-goc-pano-aqil-to-smbbmu-07-12-2021
images/news/1626440535image6-thumb-614f6b9f.jpeg,https://www.smbbmu.edu.pk/beta/uploads/gallery/events/thumbs/1626440535image6_thumb.jpeg,https://www.smbbmu.edu.pk/beta/news/details/visit-of-goc-pano-aqil-to-smbbmu-07-12-2021
images/news/1626440534image5-thumb-0ed8d2b9.jpeg,https://www.smbbmu.edu.pk/beta/uploads/gallery/events/thumbs/1626440534image5_thumb.jpeg,https://www.smbbmu.edu.pk/beta/news/details/visit-of-goc-pano-aqil-to-smbbmu-07-12-2021
images/news/1626440534image4-thumb-e150f216.jpeg,https://www.smbbmu.edu.pk/beta/uploads/gallery/events/thumbs/1626440534image4_thumb.jpeg,https://www.smbbmu.edu.pk/beta/news/details/visit-of-goc-pano-aqil-to-smbbmu-07-12-2021
images/news/1626440531image3-thumb-cd92e716.jpeg,https://www.smbbmu.edu.pk/beta/uploads/gallery/events/thumbs/1626440531image3_thumb.jpeg,https://www.smbbmu.edu.pk/beta/news/details/visit-of-goc-pano-aqil-to-smbbmu-07-12-2021
images/news/1626440531image7-thumb-1afe0d57.jpeg,https://www.smbbmu.edu.pk/beta/uploads/gallery/events/thumbs/1626440531image7_thumb.jpeg,https://www.smbbmu.edu.pk/beta/news/details/visit-of-goc-pano-aqil-to-smbbmu-07-12-2021
images/news/1626440521image2-thumb-b0fbad52.jpeg,https://www.smbbmu.edu.pk/beta/uploads/gallery/events/thumbs/1626440521image2_thumb.jpeg,https://www.smbbmu.edu.pk/beta/news/details/visit-of-goc-pano-aqil-to-smbbmu-07-12-2021
images/news/1626440519image1-thumb-b013887f.jpeg,https://www.smbbmu.edu.pk/beta/uploads/gallery/events/thumbs/1626440519image1_thumb.jpeg,https://www.smbbmu.edu.pk/beta/news/details/visit-of-goc-pano-aqil-to-smbbmu-07-12-2021
images/news/1626440519coverrphot-thumb-7e3b3a8f.jpeg,https://www.smbbmu.edu.pk/beta/uploads/gallery/events/thumbs/1626440519coverrPhot_thumb.jpeg,https://www.smbbmu.edu.pk/beta/news/details/visit-of-goc-pano-aqil-to-smbbmu-07-12-2021
images/news/162644051715-thumb-befc6b04.jpeg,https://www.smbbmu.edu.pk/beta/uploads/gallery/events/thumbs/162644051715_thumb.jpeg,https://www.smbbmu.edu.pk/beta/news/details/visit-of-goc-pano-aqil-to-smbbmu-07-12-2021
images/news/162644051616-thumb-f2b2d80e.jpeg,https://www.smbbmu.edu.pk/beta/uploads/gallery/events/thumbs/162644051616_thumb.jpeg,https://www.smbbmu.edu.pk/beta/news/details/visit-of-goc-pano-aqil-to-smbbmu-07-12-2021
images/news/162644048013-thumb-54fe36d1.jpeg,https://www.smbbmu.edu.pk/beta/uploads/gallery/events/thumbs/162644048013_thumb.jpeg,https://www.smbbmu.edu.pk/beta/news/details/visit-of-goc-pano-aqil-to-smbbmu-07-12-2021
images/news/162644047811-thumb-bda2cff7.jpeg,https://www.smbbmu.edu.pk/beta/uploads/gallery/events/thumbs/162644047811_thumb.jpeg,https://www.smbbmu.edu.pk/beta/news/details/visit-of-goc-pano-aqil-to-smbbmu-07-12-2021
images/news/162644047812-thumb-0c4a9ead.jpeg,https://www.smbbmu.edu.pk/beta/uploads/gallery/events/thumbs/162644047812_thumb.jpeg,https://www.smbbmu.edu.pk/beta/news/details/visit-of-goc-pano-aqil-to-smbbmu-07-12-2021
images/news/162644047514-thumb-c1ea9805.jpeg,https://www.smbbmu.edu.pk/beta/uploads/gallery/events/thumbs/162644047514_thumb.jpeg,https://www.smbbmu.edu.pk/beta/news/details/visit-of-goc-pano-aqil-to-smbbmu-07-12-2021
images/news/162644047510-thumb-39835e92.jpeg,https://www.smbbmu.edu.pk/beta/uploads/gallery/events/thumbs/162644047510_thumb.jpeg,https://www.smbbmu.edu.pk/beta/news/details/visit-of-goc-pano-aqil-to-smbbmu-07-12-2021
images/news/1613841456dsc-0133-thumb.jpg,https://www.smbbmu.edu.pk/beta/uploads/gallery/events/1613841456DSC_0133_thumb.JPG,https://www.smbbmu.edu.pk/beta/news/details/meeting-on-library-project-01-25-2021
images/news/1613841438dsc-0144-thumb.jpg,https://www.smbbmu.edu.pk/beta/uploads/gallery/events/1613841438DSC_0144_thumb.JPG,https://www.smbbmu.edu.pk/beta/news/details/meeting-on-library-project-01-25-2021
images/news/1613841436dsc-0131-thumb.jpg,https://www.smbbmu.edu.pk/beta/uploads/gallery/events/1613841436DSC_0131_thumb.JPG,https://www.smbbmu.edu.pk/beta/news/details/meeting-on-library-project-01-25-2021
images/news/1613841416dsc-0129-thumb.jpg,https://www.smbbmu.edu.pk/beta/uploads/gallery/events/1613841416DSC_0129_thumb.JPG,https://www.smbbmu.edu.pk/beta/news/details/meeting-on-library-project-01-25-2021
images/news/1613841456dsc-0133-thumb-013a38df.jpg,https://www.smbbmu.edu.pk/beta/uploads/gallery/events/thumbs/1613841456DSC_0133_thumb.JPG,https://www.smbbmu.edu.pk/beta/news/details/meeting-on-library-project-01-25-2021
images/news/1613841438dsc-0144-thumb-35e7628a.jpg,https://www.smbbmu.edu.pk/beta/uploads/gallery/events/thumbs/1613841438DSC_0144_thumb.JPG,https://www.smbbmu.edu.pk/beta/news/details/meeting-on-library-project-01-25-2021
images/news/1613841436dsc-0131-thumb-46155267.jpg,https://www.smbbmu.edu.pk/beta/uploads/gallery/events/thumbs/1613841436DSC_0131_thumb.JPG,https://www.smbbmu.edu.pk/beta/news/details/meeting-on-library-project-01-25-2021
images/news/1613841416dsc-0129-thumb-4f536a53.jpg,https://www.smbbmu.edu.pk/beta/uploads/gallery/events/thumbs/1613841416DSC_0129_thumb.JPG,https://www.smbbmu.edu.pk/beta/news/details/meeting-on-library-project-01-25-2021
images/news/1613841731dsc-0021-thumb.jpg,https://www.smbbmu.edu.pk/beta/uploads/gallery/events/1613841731DSC_0021_thumb.JPG,https://www.smbbmu.edu.pk/beta/news/details/meeting-of-hospital-management-board-01-13-2021
images/news/1613841606dsc-0029-thumb.jpg,https://www.smbbmu.edu.pk/beta/uploads/gallery/events/1613841606DSC_0029_thumb.JPG,https://www.smbbmu.edu.pk/beta/news/details/meeting-of-hospital-management-board-01-13-2021
images/news/1613841600dsc-0030-thumb.jpg,https://www.smbbmu.edu.pk/beta/uploads/gallery/events/1613841600DSC_0030_thumb.JPG,https://www.smbbmu.edu.pk/beta/news/details/meeting-of-hospital-management-board-01-13-2021
images/news/1613841576dsc-0014-thumb.jpg,https://www.smbbmu.edu.pk/beta/uploads/gallery/events/1613841576DSC_0014_thumb.JPG,https://www.smbbmu.edu.pk/beta/news/details/meeting-of-hospital-management-board-01-13-2021
images/news/1613841575dsc-0004-thumb.jpg,https://www.smbbmu.edu.pk/beta/uploads/gallery/events/1613841575DSC_0004_thumb.JPG,https://www.smbbmu.edu.pk/beta/news/details/meeting-of-hospital-management-board-01-13-2021
images/news/1613841731dsc-0021-thumb-8ded871e.jpg,https://www.smbbmu.edu.pk/beta/uploads/gallery/events/thumbs/1613841731DSC_0021_thumb.JPG,https://www.smbbmu.edu.pk/beta/news/details/meeting-of-hospital-management-board-01-13-2021
images/news/1613841606dsc-0029-thumb-a28c9265.jpg,https://www.smbbmu.edu.pk/beta/uploads/gallery/events/thumbs/1613841606DSC_0029_thumb.JPG,https://www.smbbmu.edu.pk/beta/news/details/meeting-of-hospital-management-board-01-13-2021
images/news/1613841600dsc-0030-thumb-20651aed.jpg,https://www.smbbmu.edu.pk/beta/uploads/gallery/events/thumbs/1613841600DSC_0030_thumb.JPG,https://www.smbbmu.edu.pk/beta/news/details/meeting-of-hospital-management-board-01-13-2021
images/news/1613841576dsc-0014-thumb-8383099b.jpg,https://www.smbbmu.edu.pk/beta/uploads/gallery/events/thumbs/1613841576DSC_0014_thumb.JPG,https://www.smbbmu.edu.pk/beta/news/details/meeting-of-hospital-management-board-01-13-2021
images/news/1613841575dsc-0004-thumb-0cd1c427.jpg,https://www.smbbmu.edu.pk/beta/uploads/gallery/events/thumbs/1613841575DSC_0004_thumb.JPG,https://www.smbbmu.edu.pk/beta/news/details/meeting-of-hospital-management-board-01-13-2021
images/news/1613840905dsc-0042-thumb.jpg,https://www.smbbmu.edu.pk/beta/uploads/gallery/events/1613840905DSC_0042_thumb.JPG,https://www.smbbmu.edu.pk/beta/news/details/interviews-of-postgraduate-students-for-sesssion-january-2020-01-04-2021
images/news/1613840897dsc-0074-thumb.jpg,https://www.smbbmu.edu.pk/beta/uploads/gallery/events/1613840897DSC_0074_thumb.JPG,https://www.smbbmu.edu.pk/beta/news/details/interviews-of-postgraduate-students-for-sesssion-january-2020-01-04-2021
images/news/1613840888dsc-0028-thumb.jpg,https://www.smbbmu.edu.pk/beta/uploads/gallery/events/1613840888DSC_0028_thumb.JPG,https://www.smbbmu.edu.pk/beta/news/details/interviews-of-postgraduate-students-for-sesssion-january-2020-01-04-2021
images/news/1613840884dsc-0026-thumb.jpg,https://www.smbbmu.edu.pk/beta/uploads/gallery/events/1613840884DSC_0026_thumb.JPG,https://www.smbbmu.edu.pk/beta/news/details/interviews-of-postgraduate-students-for-sesssion-january-2020-01-04-2021
images/news/1613840905dsc-0042-thumb-45519417.jpg,https://www.smbbmu.edu.pk/beta/uploads/gallery/events/thumbs/1613840905DSC_0042_thumb.JPG,https://www.smbbmu.edu.pk/beta/news/details/interviews-of-postgraduate-students-for-sesssion-january-2020-01-04-2021
images/news/1613840897dsc-0074-thumb-d013b705.jpg,https://www.smbbmu.edu.pk/beta/uploads/gallery/events/thumbs/1613840897DSC_0074_thumb.JPG,https://www.smbbmu.edu.pk/beta/news/details/interviews-of-postgraduate-students-for-sesssion-january-2020-01-04-2021
images/news/1613840888dsc-0028-thumb-ea4b5005.jpg,https://www.smbbmu.edu.pk/beta/uploads/gallery/events/thumbs/1613840888DSC_0028_thumb.JPG,https://www.smbbmu.edu.pk/beta/news/details/interviews-of-postgraduate-students-for-sesssion-january-2020-01-04-2021
images/news/1613840884dsc-0026-thumb-e1cce187.jpg,https://www.smbbmu.edu.pk/beta/uploads/gallery/events/thumbs/1613840884DSC_0026_thumb.JPG,https://www.smbbmu.edu.pk/beta/news/details/interviews-of-postgraduate-students-for-sesssion-january-2020-01-04-2021
images/news/1613842161dsc-0010-thumb.jpg,https://www.smbbmu.edu.pk/beta/uploads/gallery/events/1613842161DSC_0010_thumb.JPG,https://www.smbbmu.edu.pk/beta/news/details/20th-meeting-of-board-of-advanced-studies-research-12-21-2020
images/news/1613842158dsc-0004-thumb.jpg,https://www.smbbmu.edu.pk/beta/uploads/gallery/events/1613842158DSC_0004_thumb.JPG,https://www.smbbmu.edu.pk/beta/news/details/20th-meeting-of-board-of-advanced-studies-research-12-21-2020
images/news/1613842158dsc-0002-thumb.jpg,https://www.smbbmu.edu.pk/beta/uploads/gallery/events/1613842158DSC_0002_thumb.JPG,https://www.smbbmu.edu.pk/beta/news/details/20th-meeting-of-board-of-advanced-studies-research-12-21-2020
images/news/1613842140dsc-0007-thumb.jpg,https://www.smbbmu.edu.pk/beta/uploads/gallery/events/1613842140DSC_0007_thumb.JPG,https://www.smbbmu.edu.pk/beta/news/details/20th-meeting-of-board-of-advanced-studies-research-12-21-2020
images/news/1613842136dsc-0011-thumb.jpg,https://www.smbbmu.edu.pk/beta/uploads/gallery/events/1613842136DSC_0011_thumb.JPG,https://www.smbbmu.edu.pk/beta/news/details/20th-meeting-of-board-of-advanced-studies-research-12-21-2020
images/news/1613842161dsc-0010-thumb-d1bd4fe4.jpg,https://www.smbbmu.edu.pk/beta/uploads/gallery/events/thumbs/1613842161DSC_0010_thumb.JPG,https://www.smbbmu.edu.pk/beta/news/details/20th-meeting-of-board-of-advanced-studies-research-12-21-2020
images/news/1613842158dsc-0004-thumb-c974c4d7.jpg,https://www.smbbmu.edu.pk/beta/uploads/gallery/events/thumbs/1613842158DSC_0004_thumb.JPG,https://www.smbbmu.edu.pk/beta/news/details/20th-meeting-of-board-of-advanced-studies-research-12-21-2020
images/news/1613842158dsc-0002-thumb-82c09573.jpg,https://www.smbbmu.edu.pk/beta/uploads/gallery/events/thumbs/1613842158DSC_0002_thumb.JPG,https://www.smbbmu.edu.pk/beta/news/details/20th-meeting-of-board-of-advanced-studies-research-12-21-2020
images/news/1613842140dsc-0007-thumb-ed123006.jpg,https://www.smbbmu.edu.pk/beta/uploads/gallery/events/thumbs/1613842140DSC_0007_thumb.JPG,https://www.smbbmu.edu.pk/beta/news/details/20th-meeting-of-board-of-advanced-studies-research-12-21-2020
images/news/1613842136dsc-0011-thumb-6c986717.jpg,https://www.smbbmu.edu.pk/beta/uploads/gallery/events/thumbs/1613842136DSC_0011_thumb.JPG,https://www.smbbmu.edu.pk/beta/news/details/20th-meeting-of-board-of-advanced-studies-research-12-21-2020
images/news/1605599786photo-2020-11-17-12-16-001-thumb.jpg,https://www.smbbmu.edu.pk/beta/uploads/gallery/events/1605599786PHOTO-2020-11-17-12-16-001_thumb.jpg,https://www.smbbmu.edu.pk/beta/news/details/19th-meeting-of-board-of-advanced-studies-research-11-17-2020
images/news/1605599583photo-2020-11-17-12-16-01-thumb.jpg,https://www.smbbmu.edu.pk/beta/uploads/gallery/events/1605599583PHOTO-2020-11-17-12-16-01_thumb.jpg,https://www.smbbmu.edu.pk/beta/news/details/19th-meeting-of-board-of-advanced-studies-research-11-17-2020
images/news/1605599580photo-2020-11-17-12-16-00-thumb.jpg,https://www.smbbmu.edu.pk/beta/uploads/gallery/events/1605599580PHOTO-2020-11-17-12-16-00_thumb.jpg,https://www.smbbmu.edu.pk/beta/news/details/19th-meeting-of-board-of-advanced-studies-research-11-17-2020
images/news/1605599570photo-2020-11-17-12-15-58-thumb.jpg,https://www.smbbmu.edu.pk/beta/uploads/gallery/events/1605599570PHOTO-2020-11-17-12-15-58_thumb.jpg,https://www.smbbmu.edu.pk/beta/news/details/19th-meeting-of-board-of-advanced-studies-research-11-17-2020
images/news/1605599786photo-2020-11-17-12-16-001-thumb-fac9aafd.jpg,https://www.smbbmu.edu.pk/beta/uploads/gallery/events/thumbs/1605599786PHOTO-2020-11-17-12-16-001_thumb.jpg,https://www.smbbmu.edu.pk/beta/news/details/19th-meeting-of-board-of-advanced-studies-research-11-17-2020
images/news/1605599583photo-2020-11-17-12-16-01-thumb-ab63e0df.jpg,https://www.smbbmu.edu.pk/beta/uploads/gallery/events/thumbs/1605599583PHOTO-2020-11-17-12-16-01_thumb.jpg,https://www.smbbmu.edu.pk/beta/news/details/19th-meeting-of-board-of-advanced-studies-research-11-17-2020
images/news/1605599580photo-2020-11-17-12-16-00-thumb-2805a06f.jpg,https://www.smbbmu.edu.pk/beta/uploads/gallery/events/thumbs/1605599580PHOTO-2020-11-17-12-16-00_thumb.jpg,https://www.smbbmu.edu.pk/beta/news/details/19th-meeting-of-board-of-advanced-studies-research-11-17-2020
images/news/1605599570photo-2020-11-17-12-15-58-thumb-d7d13b78.jpg,https://www.smbbmu.edu.pk/beta/uploads/gallery/events/thumbs/1605599570PHOTO-2020-11-17-12-15-58_thumb.jpg,https://www.smbbmu.edu.pk/beta/news/details/19th-meeting-of-board-of-advanced-studies-research-11-17-2020
images/news/1613842065dsc-0089-thumb.jpg,https://www.smbbmu.edu.pk/beta/uploads/gallery/events/1613842065DSC_0089_thumb.JPG,https://www.smbbmu.edu.pk/beta/news/details/breast-cancer-day-10-20-2020
images/news/1613842056dsc-0108-thumb.jpg,https://www.smbbmu.edu.pk/beta/uploads/gallery/events/1613842056DSC_0108_thumb.JPG,https://www.smbbmu.edu.pk/beta/news/details/breast-cancer-day-10-20-2020
images/news/1613842051dsc-0091-thumb.jpg,https://www.smbbmu.edu.pk/beta/uploads/gallery/events/1613842051DSC_0091_thumb.JPG,https://www.smbbmu.edu.pk/beta/news/details/breast-cancer-day-10-20-2020
images/news/1613842031dsc-0012-thumb.jpg,https://www.smbbmu.edu.pk/beta/uploads/gallery/events/1613842031DSC_0012_thumb.JPG,https://www.smbbmu.edu.pk/beta/news/details/breast-cancer-day-10-20-2020
images/news/1613842065dsc-0089-thumb-8eb088f8.jpg,https://www.smbbmu.edu.pk/beta/uploads/gallery/events/thumbs/1613842065DSC_0089_thumb.JPG,https://www.smbbmu.edu.pk/beta/news/details/breast-cancer-day-10-20-2020
images/news/1613842056dsc-0108-thumb-5ad616da.jpg,https://www.smbbmu.edu.pk/beta/uploads/gallery/events/thumbs/1613842056DSC_0108_thumb.JPG,https://www.smbbmu.edu.pk/beta/news/details/breast-cancer-day-10-20-2020
images/news/1613842051dsc-0091-thumb-0bec998f.jpg,https://www.smbbmu.edu.pk/beta/uploads/gallery/events/thumbs/1613842051DSC_0091_thumb.JPG,https://www.smbbmu.edu.pk/beta/news/details/breast-cancer-day-10-20-2020
images/news/1613842031dsc-0012-thumb-04c82a26.jpg,https://www.smbbmu.edu.pk/beta/uploads/gallery/events/thumbs/1613842031DSC_0012_thumb.JPG,https://www.smbbmu.edu.pk/beta/news/details/breast-cancer-day-10-20-2020
images/news/1613842210dsc-3782-thumb.jpg,https://www.smbbmu.edu.pk/beta/uploads/gallery/events/1613842210DSC_3782_thumb.JPG,https://www.smbbmu.edu.pk/beta/news/details/academic-council-10-19-2020
images/news/1613842206dsc-3792-thumb.jpg,https://www.smbbmu.edu.pk/beta/uploads/gallery/events/1613842206DSC_3792_thumb.JPG,https://www.smbbmu.edu.pk/beta/news/details/academic-council-10-19-2020
images/news/1613842204dsc-3789-thumb.jpg,https://www.smbbmu.edu.pk/beta/uploads/gallery/events/1613842204DSC_3789_thumb.JPG,https://www.smbbmu.edu.pk/beta/news/details/academic-council-10-19-2020
images/news/1613842180dsc-3779-thumb.jpg,https://www.smbbmu.edu.pk/beta/uploads/gallery/events/1613842180DSC_3779_thumb.JPG,https://www.smbbmu.edu.pk/beta/news/details/academic-council-10-19-2020
images/news/1613842176dsc-3768-thumb.jpg,https://www.smbbmu.edu.pk/beta/uploads/gallery/events/1613842176DSC_3768_thumb.JPG,https://www.smbbmu.edu.pk/beta/news/details/academic-council-10-19-2020
images/news/1613842210dsc-3782-thumb-5d62d86e.jpg,https://www.smbbmu.edu.pk/beta/uploads/gallery/events/thumbs/1613842210DSC_3782_thumb.JPG,https://www.smbbmu.edu.pk/beta/news/details/academic-council-10-19-2020
images/news/1613842206dsc-3792-thumb-47d66cc5.jpg,https://www.smbbmu.edu.pk/beta/uploads/gallery/events/thumbs/1613842206DSC_3792_thumb.JPG,https://www.smbbmu.edu.pk/beta/news/details/academic-council-10-19-2020
images/news/1613842204dsc-3789-thumb-8e072b22.jpg,https://www.smbbmu.edu.pk/beta/uploads/gallery/events/thumbs/1613842204DSC_3789_thumb.JPG,https://www.smbbmu.edu.pk/beta/news/details/academic-council-10-19-2020
images/news/1613842180dsc-3779-thumb-dbd89e9f.jpg,https://www.smbbmu.edu.pk/beta/uploads/gallery/events/thumbs/1613842180DSC_3779_thumb.JPG,https://www.smbbmu.edu.pk/beta/news/details/academic-council-10-19-2020
images/news/1613842176dsc-3768-thumb-eed5f0cc.jpg,https://www.smbbmu.edu.pk/beta/uploads/gallery/events/thumbs/1613842176DSC_3768_thumb.JPG,https://www.smbbmu.edu.pk/beta/news/details/academic-council-10-19-2020
images/news/1613842249dsc-3713-thumb.jpg,https://www.smbbmu.edu.pk/beta/uploads/gallery/events/1613842249DSC_3713_thumb.JPG,https://www.smbbmu.edu.pk/beta/news/details/academic-council-09-12-2020
images/news/1613842248dsc-3727-thumb.jpg,https://www.smbbmu.edu.pk/beta/uploads/gallery/events/1613842248DSC_3727_thumb.JPG,https://www.smbbmu.edu.pk/beta/news/details/academic-council-09-12-2020
images/news/1613842234dsc-3707-thumb.jpg,https://www.smbbmu.edu.pk/beta/uploads/gallery/events/1613842234DSC_3707_thumb.JPG,https://www.smbbmu.edu.pk/beta/news/details/academic-council-09-12-2020
images/news/1613842227dsc-3706-thumb.jpg,https://www.smbbmu.edu.pk/beta/uploads/gallery/events/1613842227DSC_3706_thumb.JPG,https://www.smbbmu.edu.pk/beta/news/details/academic-council-09-12-2020
images/news/1613842249dsc-3713-thumb-e66a655b.jpg,https://www.smbbmu.edu.pk/beta/uploads/gallery/events/thumbs/1613842249DSC_3713_thumb.JPG,https://www.smbbmu.edu.pk/beta/news/details/academic-council-09-12-2020
images/news/1613842248dsc-3727-thumb-b60b6853.jpg,https://www.smbbmu.edu.pk/beta/uploads/gallery/events/thumbs/1613842248DSC_3727_thumb.JPG,https://www.smbbmu.edu.pk/beta/news/details/academic-council-09-12-2020
images/news/1613842234dsc-3707-thumb-66724481.jpg,https://www.smbbmu.edu.pk/beta/uploads/gallery/events/thumbs/1613842234DSC_3707_thumb.JPG,https://www.smbbmu.edu.pk/beta/news/details/academic-council-09-12-2020
images/news/1613842227dsc-3706-thumb-de5c961e.jpg,https://www.smbbmu.edu.pk/beta/uploads/gallery/events/thumbs/1613842227DSC_3706_thumb.JPG,https://www.smbbmu.edu.pk/beta/news/details/academic-council-09-12-2020
images/news/1605115118nikon-d3300022-thumb.jpg,https://www.smbbmu.edu.pk/beta/uploads/gallery/events/1605115118NIKON D3300022_thumb.JPG,https://www.smbbmu.edu.pk/beta/news/details/chairman-hec-dr-tariq-banuri-visit-of-smbbmu-larkana-and-ground-breaking-of-boys-hostel-at-main-arija-campus-01-20-2020
images/news/1605115113nikon-d3300043-thumb.jpg,https://www.smbbmu.edu.pk/beta/uploads/gallery/events/1605115113NIKON D3300043_thumb.JPG,https://www.smbbmu.edu.pk/beta/news/details/chairman-hec-dr-tariq-banuri-visit-of-smbbmu-larkana-and-ground-breaking-of-boys-hostel-at-main-arija-campus-01-20-2020
images/news/1605115107nikon-d3300702-thumb.jpg,https://www.smbbmu.edu.pk/beta/uploads/gallery/events/1605115107NIKON D3300702_thumb.JPG,https://www.smbbmu.edu.pk/beta/news/details/chairman-hec-dr-tariq-banuri-visit-of-smbbmu-larkana-and-ground-breaking-of-boys-hostel-at-main-arija-campus-01-20-2020
images/news/1605115099nikon-d33001690-thumb.jpg,https://www.smbbmu.edu.pk/beta/uploads/gallery/events/1605115099NIKON D33001690_thumb.JPG,https://www.smbbmu.edu.pk/beta/news/details/chairman-hec-dr-tariq-banuri-visit-of-smbbmu-larkana-and-ground-breaking-of-boys-hostel-at-main-arija-campus-01-20-2020
images/news/1605115090nikon-d33001806-thumb.jpg,https://www.smbbmu.edu.pk/beta/uploads/gallery/events/1605115090NIKON D33001806_thumb.JPG,https://www.smbbmu.edu.pk/beta/news/details/chairman-hec-dr-tariq-banuri-visit-of-smbbmu-larkana-and-ground-breaking-of-boys-hostel-at-main-arija-campus-01-20-2020
images/news/1605115075nikon-d33001807-thumb.jpg,https://www.smbbmu.edu.pk/beta/uploads/gallery/events/1605115075NIKON D33001807_thumb.JPG,https://www.smbbmu.edu.pk/beta/news/details/chairman-hec-dr-tariq-banuri-visit-of-smbbmu-larkana-and-ground-breaking-of-boys-hostel-at-main-arija-campus-01-20-2020
images/news/1605115065nikon-d33001888-thumb.jpg,https://www.smbbmu.edu.pk/beta/uploads/gallery/events/1605115065NIKON D33001888_thumb.JPG,https://www.smbbmu.edu.pk/beta/news/details/chairman-hec-dr-tariq-banuri-visit-of-smbbmu-larkana-and-ground-breaking-of-boys-hostel-at-main-arija-campus-01-20-2020
images/news/1605115045nikon-d33001858-thumb.jpg,https://www.smbbmu.edu.pk/beta/uploads/gallery/events/1605115045NIKON D33001858_thumb.jpg,https://www.smbbmu.edu.pk/beta/news/details/chairman-hec-dr-tariq-banuri-visit-of-smbbmu-larkana-and-ground-breaking-of-boys-hostel-at-main-arija-campus-01-20-2020
images/news/1605115037nikon-d33001873-thumb.jpg,https://www.smbbmu.edu.pk/beta/uploads/gallery/events/1605115037NIKON D33001873_thumb.JPG,https://www.smbbmu.edu.pk/beta/news/details/chairman-hec-dr-tariq-banuri-visit-of-smbbmu-larkana-and-ground-breaking-of-boys-hostel-at-main-arija-campus-01-20-2020
images/news/1605115118nikon-d3300022-thumb-b6bacdfa.jpg,https://www.smbbmu.edu.pk/beta/uploads/gallery/events/thumbs/1605115118NIKON D3300022_thumb.JPG,https://www.smbbmu.edu.pk/beta/news/details/chairman-hec-dr-tariq-banuri-visit-of-smbbmu-larkana-and-ground-breaking-of-boys-hostel-at-main-arija-campus-01-20-2020
images/news/1605115113nikon-d3300043-thumb-a39ad032.jpg,https://www.smbbmu.edu.pk/beta/uploads/gallery/events/thumbs/1605115113NIKON D3300043_thumb.JPG,https://www.smbbmu.edu.pk/beta/news/details/chairman-hec-dr-tariq-banuri-visit-of-smbbmu-larkana-and-ground-breaking-of-boys-hostel-at-main-arija-campus-01-20-2020
images/news/1605115107nikon-d3300702-thumb-61d08dc8.jpg,https://www.smbbmu.edu.pk/beta/uploads/gallery/events/thumbs/1605115107NIKON D3300702_thumb.JPG,https://www.smbbmu.edu.pk/beta/news/details/chairman-hec-dr-tariq-banuri-visit-of-smbbmu-larkana-and-ground-breaking-of-boys-hostel-at-main-arija-campus-01-20-2020
images/news/1605115099nikon-d33001690-thumb-ceb31a65.jpg,https://www.smbbmu.edu.pk/beta/uploads/gallery/events/thumbs/1605115099NIKON D33001690_thumb.JPG,https://www.smbbmu.edu.pk/beta/news/details/chairman-hec-dr-tariq-banuri-visit-of-smbbmu-larkana-and-ground-breaking-of-boys-hostel-at-main-arija-campus-01-20-2020
images/news/1605115090nikon-d33001806-thumb-253816a1.jpg,https://www.smbbmu.edu.pk/beta/uploads/gallery/events/thumbs/1605115090NIKON D33001806_thumb.JPG,https://www.smbbmu.edu.pk/beta/news/details/chairman-hec-dr-tariq-banuri-visit-of-smbbmu-larkana-and-ground-breaking-of-boys-hostel-at-main-arija-campus-01-20-2020
images/news/1605115075nikon-d33001807-thumb-d908c538.jpg,https://www.smbbmu.edu.pk/beta/uploads/gallery/events/thumbs/1605115075NIKON D33001807_thumb.JPG,https://www.smbbmu.edu.pk/beta/news/details/chairman-hec-dr-tariq-banuri-visit-of-smbbmu-larkana-and-ground-breaking-of-boys-hostel-at-main-arija-campus-01-20-2020
images/news/1605115065nikon-d33001888-thumb-0809bf1e.jpg,https://www.smbbmu.edu.pk/beta/uploads/gallery/events/thumbs/1605115065NIKON D33001888_thumb.JPG,https://www.smbbmu.edu.pk/beta/news/details/chairman-hec-dr-tariq-banuri-visit-of-smbbmu-larkana-and-ground-breaking-of-boys-hostel-at-main-arija-campus-01-20-2020
images/news/1605115045nikon-d33001858-thumb-12141d41.jpg,https://www.smbbmu.edu.pk/beta/uploads/gallery/events/thumbs/1605115045NIKON D33001858_thumb.jpg,https://www.smbbmu.edu.pk/beta/news/details/chairman-hec-dr-tariq-banuri-visit-of-smbbmu-larkana-and-ground-breaking-of-boys-hostel-at-main-arija-campus-01-20-2020
images/news/1605115037nikon-d33001873-thumb-11c4b5ae.jpg,https://www.smbbmu.edu.pk/beta/uploads/gallery/events/thumbs/1605115037NIKON D33001873_thumb.JPG,https://www.smbbmu.edu.pk/beta/news/details/chairman-hec-dr-tariq-banuri-visit-of-smbbmu-larkana-and-ground-breaking-of-boys-hostel-at-main-arija-campus-01-20-2020
images/news/1605113156nikon-d3300684-thumb.jpg,https://www.smbbmu.edu.pk/beta/uploads/gallery/events/1605113156NIKON D3300684_thumb.JPG,https://www.smbbmu.edu.pk/beta/news/details/8th-finance-planning-committee-meeting-01-16-2020
images/news/1605113143nikon-d3300672-thumb.jpg,https://www.smbbmu.edu.pk/beta/uploads/gallery/events/1605113143NIKON D3300672_thumb.JPG,https://www.smbbmu.edu.pk/beta/news/details/8th-finance-planning-committee-meeting-01-16-2020
images/news/1605113143nikon-d3300670-thumb.jpg,https://www.smbbmu.edu.pk/beta/uploads/gallery/events/1605113143NIKON D3300670_thumb.JPG,https://www.smbbmu.edu.pk/beta/news/details/8th-finance-planning-committee-meeting-01-16-2020
images/news/1605113120nikon-d3300677-thumb.jpg,https://www.smbbmu.edu.pk/beta/uploads/gallery/events/1605113120NIKON D3300677_thumb.JPG,https://www.smbbmu.edu.pk/beta/news/details/8th-finance-planning-committee-meeting-01-16-2020
images/news/1605113120nikon-d3300674-thumb.jpg,https://www.smbbmu.edu.pk/beta/uploads/gallery/events/1605113120NIKON D3300674_thumb.JPG,https://www.smbbmu.edu.pk/beta/news/details/8th-finance-planning-committee-meeting-01-16-2020
images/news/1605113156nikon-d3300684-thumb-674e905b.jpg,https://www.smbbmu.edu.pk/beta/uploads/gallery/events/thumbs/1605113156NIKON D3300684_thumb.JPG,https://www.smbbmu.edu.pk/beta/news/details/8th-finance-planning-committee-meeting-01-16-2020
images/news/1605113143nikon-d3300672-thumb-e9b763b7.jpg,https://www.smbbmu.edu.pk/beta/uploads/gallery/events/thumbs/1605113143NIKON D3300672_thumb.JPG,https://www.smbbmu.edu.pk/beta/news/details/8th-finance-planning-committee-meeting-01-16-2020
images/news/1605113143nikon-d3300670-thumb-a2785eb2.jpg,https://www.smbbmu.edu.pk/beta/uploads/gallery/events/thumbs/1605113143NIKON D3300670_thumb.JPG,https://www.smbbmu.edu.pk/beta/news/details/8th-finance-planning-committee-meeting-01-16-2020
images/news/1605113120nikon-d3300677-thumb-f5311c92.jpg,https://www.smbbmu.edu.pk/beta/uploads/gallery/events/thumbs/1605113120NIKON D3300677_thumb.JPG,https://www.smbbmu.edu.pk/beta/news/details/8th-finance-planning-committee-meeting-01-16-2020
images/news/1605113120nikon-d3300674-thumb-5aef3e76.jpg,https://www.smbbmu.edu.pk/beta/uploads/gallery/events/thumbs/1605113120NIKON D3300674_thumb.JPG,https://www.smbbmu.edu.pk/beta/news/details/8th-finance-planning-committee-meeting-01-16-2020
images/news/1605114091nikon-d3300556-thumb.jpg,https://www.smbbmu.edu.pk/beta/uploads/gallery/events/1605114091NIKON D3300556_thumb.JPG,https://www.smbbmu.edu.pk/beta/news/details/day-one-celebration-of-batch-48-session-2019-20-01-01-2020
images/news/1605114079nikon-d3300561-thumb.jpg,https://www.smbbmu.edu.pk/beta/uploads/gallery/events/1605114079NIKON D3300561_thumb.JPG,https://www.smbbmu.edu.pk/beta/news/details/day-one-celebration-of-batch-48-session-2019-20-01-01-2020
images/news/1605114076nikon-d3300566-thumb.jpg,https://www.smbbmu.edu.pk/beta/uploads/gallery/events/1605114076NIKON D3300566_thumb.JPG,https://www.smbbmu.edu.pk/beta/news/details/day-one-celebration-of-batch-48-session-2019-20-01-01-2020
images/news/1605114061nikon-d3300582-thumb.jpg,https://www.smbbmu.edu.pk/beta/uploads/gallery/events/1605114061NIKON D3300582_thumb.JPG,https://www.smbbmu.edu.pk/beta/news/details/day-one-celebration-of-batch-48-session-2019-20-01-01-2020
images/news/1605114047nikon-d3300605-thumb.jpg,https://www.smbbmu.edu.pk/beta/uploads/gallery/events/1605114047NIKON D3300605_thumb.JPG,https://www.smbbmu.edu.pk/beta/news/details/day-one-celebration-of-batch-48-session-2019-20-01-01-2020
images/news/1605114019nikon-d3300610-thumb.jpg,https://www.smbbmu.edu.pk/beta/uploads/gallery/events/1605114019NIKON D3300610_thumb.JPG,https://www.smbbmu.edu.pk/beta/news/details/day-one-celebration-of-batch-48-session-2019-20-01-01-2020
images/news/1605114016nikon-d3300620-thumb.jpg,https://www.smbbmu.edu.pk/beta/uploads/gallery/events/1605114016NIKON D3300620_thumb.JPG,https://www.smbbmu.edu.pk/beta/news/details/day-one-celebration-of-batch-48-session-2019-20-01-01-2020
images/news/1605113979nikon-d33001719-thumb.jpg,https://www.smbbmu.edu.pk/beta/uploads/gallery/events/1605113979NIKON D33001719_thumb.JPG,https://www.smbbmu.edu.pk/beta/news/details/day-one-celebration-of-batch-48-session-2019-20-01-01-2020
images/news/1605113978nikon-d3300641-thumb.jpg,https://www.smbbmu.edu.pk/beta/uploads/gallery/events/1605113978NIKON D3300641_thumb.JPG,https://www.smbbmu.edu.pk/beta/news/details/day-one-celebration-of-batch-48-session-2019-20-01-01-2020
images/news/1605114091nikon-d3300556-thumb-a9905484.jpg,https://www.smbbmu.edu.pk/beta/uploads/gallery/events/thumbs/1605114091NIKON D3300556_thumb.JPG,https://www.smbbmu.edu.pk/beta/news/details/day-one-celebration-of-batch-48-session-2019-20-01-01-2020
images/news/1605114079nikon-d3300561-thumb-94bec70b.jpg,https://www.smbbmu.edu.pk/beta/uploads/gallery/events/thumbs/1605114079NIKON D3300561_thumb.JPG,https://www.smbbmu.edu.pk/beta/news/details/day-one-celebration-of-batch-48-session-2019-20-01-01-2020
images/news/1605114076nikon-d3300566-thumb-07b2b865.jpg,https://www.smbbmu.edu.pk/beta/uploads/gallery/events/thumbs/1605114076NIKON D3300566_thumb.JPG,https://www.smbbmu.edu.pk/beta/news/details/day-one-celebration-of-batch-48-session-2019-20-01-01-2020
images/news/1605114061nikon-d3300582-thumb-04c7772f.jpg,https://www.smbbmu.edu.pk/beta/uploads/gallery/events/thumbs/1605114061NIKON D3300582_thumb.JPG,https://www.smbbmu.edu.pk/beta/news/details/day-one-celebration-of-batch-48-session-2019-20-01-01-2020
images/news/1605114047nikon-d3300605-thumb-b9ec9574.jpg,https://www.smbbmu.edu.pk/beta/uploads/gallery/events/thumbs/1605114047NIKON D3300605_thumb.JPG,https://www.smbbmu.edu.pk/beta/news/details/day-one-celebration-of-batch-48-session-2019-20-01-01-2020
images/news/1605114019nikon-d3300610-thumb-cd8c3712.jpg,https://www.smbbmu.edu.pk/beta/uploads/gallery/events/thumbs/1605114019NIKON D3300610_thumb.JPG,https://www.smbbmu.edu.pk/beta/news/details/day-one-celebration-of-batch-48-session-2019-20-01-01-2020
images/news/1605114016nikon-d3300620-thumb-96f927b0.jpg,https://www.smbbmu.edu.pk/beta/uploads/gallery/events/thumbs/1605114016NIKON D3300620_thumb.JPG,https://www.smbbmu.edu.pk/beta/news/details/day-one-celebration-of-batch-48-session-2019-20-01-01-2020
images/news/1605113979nikon-d33001719-thumb-ebe197de.jpg,https://www.smbbmu.edu.pk/beta/uploads/gallery/events/thumbs/1605113979NIKON D33001719_thumb.JPG,https://www.smbbmu.edu.pk/beta/news/details/day-one-celebration-of-batch-48-session-2019-20-01-01-2020
images/news/1605113978nikon-d3300641-thumb-59d410ff.jpg,https://www.smbbmu.edu.pk/beta/uploads/gallery/events/thumbs/1605113978NIKON D3300641_thumb.JPG,https://www.smbbmu.edu.pk/beta/news/details/day-one-celebration-of-batch-48-session-2019-20-01-01-2020
images/news/1605110166nikon-d33002392-thumb.jpg,https://www.smbbmu.edu.pk/beta/uploads/gallery/events/1605110166NIKON D33002392_thumb.JPG,https://www.smbbmu.edu.pk/beta/news/details/smbbmu-syndicate-meeting-at-camp-office-larkana-12-24-2019
images/news/1605110163nikon-d33002394-thumb.jpg,https://www.smbbmu.edu.pk/beta/uploads/gallery/events/1605110163NIKON D33002394_thumb.JPG,https://www.smbbmu.edu.pk/beta/news/details/smbbmu-syndicate-meeting-at-camp-office-larkana-12-24-2019
images/news/1605110154nikon-d33002396-thumb.jpg,https://www.smbbmu.edu.pk/beta/uploads/gallery/events/1605110154NIKON D33002396_thumb.JPG,https://www.smbbmu.edu.pk/beta/news/details/smbbmu-syndicate-meeting-at-camp-office-larkana-12-24-2019
images/news/1605110141nikon-d33002395-thumb.jpg,https://www.smbbmu.edu.pk/beta/uploads/gallery/events/1605110141NIKON D33002395_thumb.JPG,https://www.smbbmu.edu.pk/beta/news/details/smbbmu-syndicate-meeting-at-camp-office-larkana-12-24-2019
images/news/1605110112nikon-d33002401-thumb.jpg,https://www.smbbmu.edu.pk/beta/uploads/gallery/events/1605110112NIKON D33002401_thumb.JPG,https://www.smbbmu.edu.pk/beta/news/details/smbbmu-syndicate-meeting-at-camp-office-larkana-12-24-2019
images/news/1605110112nikon-d33002400-thumb.jpg,https://www.smbbmu.edu.pk/beta/uploads/gallery/events/1605110112NIKON D33002400_thumb.JPG,https://www.smbbmu.edu.pk/beta/news/details/smbbmu-syndicate-meeting-at-camp-office-larkana-12-24-2019
images/news/1605110077nikon-d33002403-thumb.jpg,https://www.smbbmu.edu.pk/beta/uploads/gallery/events/1605110077NIKON D33002403_thumb.JPG,https://www.smbbmu.edu.pk/beta/news/details/smbbmu-syndicate-meeting-at-camp-office-larkana-12-24-2019
images/news/1605110166nikon-d33002392-thumb-b5690543.jpg,https://www.smbbmu.edu.pk/beta/uploads/gallery/events/thumbs/1605110166NIKON D33002392_thumb.JPG,https://www.smbbmu.edu.pk/beta/news/details/smbbmu-syndicate-meeting-at-camp-office-larkana-12-24-2019
images/news/1605110163nikon-d33002394-thumb-4664a823.jpg,https://www.smbbmu.edu.pk/beta/uploads/gallery/events/thumbs/1605110163NIKON D33002394_thumb.JPG,https://www.smbbmu.edu.pk/beta/news/details/smbbmu-syndicate-meeting-at-camp-office-larkana-12-24-2019
images/news/1605110154nikon-d33002396-thumb-2d604990.jpg,https://www.smbbmu.edu.pk/beta/uploads/gallery/events/thumbs/1605110154NIKON D33002396_thumb.JPG,https://www.smbbmu.edu.pk/beta/news/details/smbbmu-syndicate-meeting-at-camp-office-larkana-12-24-2019
images/news/1605110141nikon-d33002395-thumb-2a5968fc.jpg,https://www.smbbmu.edu.pk/beta/uploads/gallery/events/thumbs/1605110141NIKON D33002395_thumb.JPG,https://www.smbbmu.edu.pk/beta/news/details/smbbmu-syndicate-meeting-at-camp-office-larkana-12-24-2019
images/news/1605110112nikon-d33002401-thumb-0e9683df.jpg,https://www.smbbmu.edu.pk/beta/uploads/gallery/events/thumbs/1605110112NIKON D33002401_thumb.JPG,https://www.smbbmu.edu.pk/beta/news/details/smbbmu-syndicate-meeting-at-camp-office-larkana-12-24-2019
images/news/1605110112nikon-d33002400-thumb-be160bd8.jpg,https://www.smbbmu.edu.pk/beta/uploads/gallery/events/thumbs/1605110112NIKON D33002400_thumb.JPG,https://www.smbbmu.edu.pk/beta/news/details/smbbmu-syndicate-meeting-at-camp-office-larkana-12-24-2019
images/news/1605110077nikon-d33002403-thumb-c5edb8da.jpg,https://www.smbbmu.edu.pk/beta/uploads/gallery/events/thumbs/1605110077NIKON D33002403_thumb.JPG,https://www.smbbmu.edu.pk/beta/news/details/smbbmu-syndicate-meeting-at-camp-office-larkana-12-24-2019
images/news/1605111019nikon-d33002071-thumb.jpg,https://www.smbbmu.edu.pk/beta/uploads/gallery/events/1605111019NIKON D33002071_thumb.JPG,https://www.smbbmu.edu.pk/beta/news/details/psh-symposium-cmc-larkana-on-care-of-cirrhotic-patient-12-21-2019
images/news/1605111014nikon-d33001709-thumb.jpg,https://www.smbbmu.edu.pk/beta/uploads/gallery/events/1605111014NIKON D33001709_thumb.JPG,https://www.smbbmu.edu.pk/beta/news/details/psh-symposium-cmc-larkana-on-care-of-cirrhotic-patient-12-21-2019
images/news/1605111004nikon-d33001994-thumb.jpg,https://www.smbbmu.edu.pk/beta/uploads/gallery/events/1605111004NIKON D33001994_thumb.JPG,https://www.smbbmu.edu.pk/beta/news/details/psh-symposium-cmc-larkana-on-care-of-cirrhotic-patient-12-21-2019
images/news/1605111002nikon-d33001982-thumb.jpg,https://www.smbbmu.edu.pk/beta/uploads/gallery/events/1605111002NIKON D33001982_thumb.JPG,https://www.smbbmu.edu.pk/beta/news/details/psh-symposium-cmc-larkana-on-care-of-cirrhotic-patient-12-21-2019
images/news/1605110986nikon-d33002029-thumb.jpg,https://www.smbbmu.edu.pk/beta/uploads/gallery/events/1605110986NIKON D33002029_thumb.JPG,https://www.smbbmu.edu.pk/beta/news/details/psh-symposium-cmc-larkana-on-care-of-cirrhotic-patient-12-21-2019
images/news/1605110986nikon-d33002006-thumb.jpg,https://www.smbbmu.edu.pk/beta/uploads/gallery/events/1605110986NIKON D33002006_thumb.JPG,https://www.smbbmu.edu.pk/beta/news/details/psh-symposium-cmc-larkana-on-care-of-cirrhotic-patient-12-21-2019
images/news/1605110977nikon-d33002031-thumb.jpg,https://www.smbbmu.edu.pk/beta/uploads/gallery/events/1605110977NIKON D33002031_thumb.JPG,https://www.smbbmu.edu.pk/beta/news/details/psh-symposium-cmc-larkana-on-care-of-cirrhotic-patient-12-21-2019
images/news/1605110975nikon-d33002032-thumb.jpg,https://www.smbbmu.edu.pk/beta/uploads/gallery/events/1605110975NIKON D33002032_thumb.JPG,https://www.smbbmu.edu.pk/beta/news/details/psh-symposium-cmc-larkana-on-care-of-cirrhotic-patient-12-21-2019
images/news/1605110963nikon-d33002056-thumb.jpg,https://www.smbbmu.edu.pk/beta/uploads/gallery/events/1605110963NIKON D33002056_thumb.JPG,https://www.smbbmu.edu.pk/beta/news/details/psh-symposium-cmc-larkana-on-care-of-cirrhotic-patient-12-21-2019
images/news/1605110960nikon-d33002036-thumb.jpg,https://www.smbbmu.edu.pk/beta/uploads/gallery/events/1605110960NIKON D33002036_thumb.JPG,https://www.smbbmu.edu.pk/beta/news/details/psh-symposium-cmc-larkana-on-care-of-cirrhotic-patient-12-21-2019
images/news/1605111019nikon-d33002071-thumb-00f16af0.jpg,https://www.smbbmu.edu.pk/beta/uploads/gallery/events/thumbs/1605111019NIKON D33002071_thumb.JPG,https://www.smbbmu.edu.pk/beta/news/details/psh-symposium-cmc-larkana-on-care-of-cirrhotic-patient-12-21-2019
images/news/1605111014nikon-d33001709-thumb-9b1b5b1a.jpg,https://www.smbbmu.edu.pk/beta/uploads/gallery/events/thumbs/1605111014NIKON D33001709_thumb.JPG,https://www.smbbmu.edu.pk/beta/news/details/psh-symposium-cmc-larkana-on-care-of-cirrhotic-patient-12-21-2019
images/news/1605111004nikon-d33001994-thumb-00931544.jpg,https://www.smbbmu.edu.pk/beta/uploads/gallery/events/thumbs/1605111004NIKON D33001994_thumb.JPG,https://www.smbbmu.edu.pk/beta/news/details/psh-symposium-cmc-larkana-on-care-of-cirrhotic-patient-12-21-2019
images/news/1605111002nikon-d33001982-thumb-18308ed5.jpg,https://www.smbbmu.edu.pk/beta/uploads/gallery/events/thumbs/1605111002NIKON D33001982_thumb.JPG,https://www.smbbmu.edu.pk/beta/news/details/psh-symposium-cmc-larkana-on-care-of-cirrhotic-patient-12-21-2019
images/news/1605110986nikon-d33002029-thumb-bf883e19.jpg,https://www.smbbmu.edu.pk/beta/uploads/gallery/events/thumbs/1605110986NIKON D33002029_thumb.JPG,https://www.smbbmu.edu.pk/beta/news/details/psh-symposium-cmc-larkana-on-care-of-cirrhotic-patient-12-21-2019
images/news/1605110986nikon-d33002006-thumb-815e5cd5.jpg,https://www.smbbmu.edu.pk/beta/uploads/gallery/events/thumbs/1605110986NIKON D33002006_thumb.JPG,https://www.smbbmu.edu.pk/beta/news/details/psh-symposium-cmc-larkana-on-care-of-cirrhotic-patient-12-21-2019
images/news/1605110977nikon-d33002031-thumb-e891a82c.jpg,https://www.smbbmu.edu.pk/beta/uploads/gallery/events/thumbs/1605110977NIKON D33002031_thumb.JPG,https://www.smbbmu.edu.pk/beta/news/details/psh-symposium-cmc-larkana-on-care-of-cirrhotic-patient-12-21-2019
images/news/1605110975nikon-d33002032-thumb-0d86a60e.jpg,https://www.smbbmu.edu.pk/beta/uploads/gallery/events/thumbs/1605110975NIKON D33002032_thumb.JPG,https://www.smbbmu.edu.pk/beta/news/details/psh-symposium-cmc-larkana-on-care-of-cirrhotic-patient-12-21-2019
images/news/1605110963nikon-d33002056-thumb-ddeae6db.jpg,https://www.smbbmu.edu.pk/beta/uploads/gallery/events/thumbs/1605110963NIKON D33002056_thumb.JPG,https://www.smbbmu.edu.pk/beta/news/details/psh-symposium-cmc-larkana-on-care-of-cirrhotic-patient-12-21-2019
images/news/1605110960nikon-d33002036-thumb-a7b57e01.jpg,https://www.smbbmu.edu.pk/beta/uploads/gallery/events/thumbs/1605110960NIKON D33002036_thumb.JPG,https://www.smbbmu.edu.pk/beta/news/details/psh-symposium-cmc-larkana-on-care-of-cirrhotic-patient-12-21-2019
images/news/1605112589nikon-d33001001-thumb.jpg,https://www.smbbmu.edu.pk/beta/uploads/gallery/events/1605112589NIKON D33001001_thumb.JPG,https://www.smbbmu.edu.pk/beta/news/details/4th-smbbmu-larkana-convocation-12-14-2019
images/news/1605112576nikon-d3300449-thumb.jpg,https://www.smbbmu.edu.pk/beta/uploads/gallery/events/1605112576NIKON D3300449_thumb.JPG,https://www.smbbmu.edu.pk/beta/news/details/4th-smbbmu-larkana-convocation-12-14-2019
images/news/1605112569nikon-d3300250-thumb.jpg,https://www.smbbmu.edu.pk/beta/uploads/gallery/events/1605112569NIKON D3300250_thumb.JPG,https://www.smbbmu.edu.pk/beta/news/details/4th-smbbmu-larkana-convocation-12-14-2019
images/news/1605112550nikon-d3300263-thumb.jpg,https://www.smbbmu.edu.pk/beta/uploads/gallery/events/1605112550NIKON D3300263_thumb.JPG,https://www.smbbmu.edu.pk/beta/news/details/4th-smbbmu-larkana-convocation-12-14-2019
images/news/1605112548nikon-d3300378-thumb.jpg,https://www.smbbmu.edu.pk/beta/uploads/gallery/events/1605112548NIKON D3300378_thumb.JPG,https://www.smbbmu.edu.pk/beta/news/details/4th-smbbmu-larkana-convocation-12-14-2019
images/news/1605112526nikon-d3300434-thumb.jpg,https://www.smbbmu.edu.pk/beta/uploads/gallery/events/1605112526NIKON D3300434_thumb.JPG,https://www.smbbmu.edu.pk/beta/news/details/4th-smbbmu-larkana-convocation-12-14-2019
images/news/1605112523nikon-d3300410-thumb.jpg,https://www.smbbmu.edu.pk/beta/uploads/gallery/events/1605112523NIKON D3300410_thumb.JPG,https://www.smbbmu.edu.pk/beta/news/details/4th-smbbmu-larkana-convocation-12-14-2019
images/news/1605112505nikon-d33001008-thumb.jpg,https://www.smbbmu.edu.pk/beta/uploads/gallery/events/1605112505NIKON D33001008_thumb.JPG,https://www.smbbmu.edu.pk/beta/news/details/4th-smbbmu-larkana-convocation-12-14-2019
images/news/1605112478nikon-d33001048-thumb.jpg,https://www.smbbmu.edu.pk/beta/uploads/gallery/events/1605112478NIKON D33001048_thumb.JPG,https://www.smbbmu.edu.pk/beta/news/details/4th-smbbmu-larkana-convocation-12-14-2019
images/news/1605112456nikon-d33001073-thumb.jpg,https://www.smbbmu.edu.pk/beta/uploads/gallery/events/1605112456NIKON D33001073_thumb.JPG,https://www.smbbmu.edu.pk/beta/news/details/4th-smbbmu-larkana-convocation-12-14-2019
images/news/1605112442nikon-d33001101-thumb.jpg,https://www.smbbmu.edu.pk/beta/uploads/gallery/events/1605112442NIKON D33001101_thumb.JPG,https://www.smbbmu.edu.pk/beta/news/details/4th-smbbmu-larkana-convocation-12-14-2019
images/news/1605112438nikon-d33001082-thumb.jpg,https://www.smbbmu.edu.pk/beta/uploads/gallery/events/1605112438NIKON D33001082_thumb.JPG,https://www.smbbmu.edu.pk/beta/news/details/4th-smbbmu-larkana-convocation-12-14-2019
images/news/1605112403nikon-d33001110-thumb.jpg,https://www.smbbmu.edu.pk/beta/uploads/gallery/events/1605112403NIKON D33001110_thumb.JPG,https://www.smbbmu.edu.pk/beta/news/details/4th-smbbmu-larkana-convocation-12-14-2019
images/news/1605112399nikon-d33001116-thumb.jpg,https://www.smbbmu.edu.pk/beta/uploads/gallery/events/1605112399NIKON D33001116_thumb.JPG,https://www.smbbmu.edu.pk/beta/news/details/4th-smbbmu-larkana-convocation-12-14-2019
images/news/1605112385nikon-d33001122-thumb.jpg,https://www.smbbmu.edu.pk/beta/uploads/gallery/events/1605112385NIKON D33001122_thumb.JPG,https://www.smbbmu.edu.pk/beta/news/details/4th-smbbmu-larkana-convocation-12-14-2019
images/news/1605112372nikon-d33001133-thumb.jpg,https://www.smbbmu.edu.pk/beta/uploads/gallery/events/1605112372NIKON D33001133_thumb.JPG,https://www.smbbmu.edu.pk/beta/news/details/4th-smbbmu-larkana-convocation-12-14-2019
images/news/1605112356nikon-d33001159-thumb.jpg,https://www.smbbmu.edu.pk/beta/uploads/gallery/events/1605112356NIKON D33001159_thumb.JPG,https://www.smbbmu.edu.pk/beta/news/details/4th-smbbmu-larkana-convocation-12-14-2019
images/news/1605112351nikon-d33001186-thumb.jpg,https://www.smbbmu.edu.pk/beta/uploads/gallery/events/1605112351NIKON D33001186_thumb.JPG,https://www.smbbmu.edu.pk/beta/news/details/4th-smbbmu-larkana-convocation-12-14-2019
images/news/1605112332nikon-d33001229-thumb.jpg,https://www.smbbmu.edu.pk/beta/uploads/gallery/events/1605112332NIKON D33001229_thumb.JPG,https://www.smbbmu.edu.pk/beta/news/details/4th-smbbmu-larkana-convocation-12-14-2019
images/news/1605112332nikon-d33001187-thumb.jpg,https://www.smbbmu.edu.pk/beta/uploads/gallery/events/1605112332NIKON D33001187_thumb.JPG,https://www.smbbmu.edu.pk/beta/news/details/4th-smbbmu-larkana-convocation-12-14-2019
images/news/1605112297nikon-d33001969-thumb.jpg,https://www.smbbmu.edu.pk/beta/uploads/gallery/events/1605112297NIKON D33001969_thumb.JPG,https://www.smbbmu.edu.pk/beta/news/details/4th-smbbmu-larkana-convocation-12-14-2019
images/news/1605112288nikon-d33002414-thumb.jpg,https://www.smbbmu.edu.pk/beta/uploads/gallery/events/1605112288NIKON D33002414_thumb.JPG,https://www.smbbmu.edu.pk/beta/news/details/4th-smbbmu-larkana-convocation-12-14-2019
images/news/1605112281nikon-d33002503-thumb.jpg,https://www.smbbmu.edu.pk/beta/uploads/gallery/events/1605112281NIKON D33002503_thumb.JPG,https://www.smbbmu.edu.pk/beta/news/details/4th-smbbmu-larkana-convocation-12-14-2019
images/news/1605112270nikon-d33002514-thumb.jpg,https://www.smbbmu.edu.pk/beta/uploads/gallery/events/1605112270NIKON D33002514_thumb.JPG,https://www.smbbmu.edu.pk/beta/news/details/4th-smbbmu-larkana-convocation-12-14-2019
images/news/1605112265nikon-d33002535-thumb.jpg,https://www.smbbmu.edu.pk/beta/uploads/gallery/events/1605112265NIKON D33002535_thumb.JPG,https://www.smbbmu.edu.pk/beta/news/details/4th-smbbmu-larkana-convocation-12-14-2019
images/news/1605112256nikon-d33002562-thumb.jpg,https://www.smbbmu.edu.pk/beta/uploads/gallery/events/1605112256NIKON D33002562_thumb.JPG,https://www.smbbmu.edu.pk/beta/news/details/4th-smbbmu-larkana-convocation-12-14-2019
images/news/1605112253nikon-d33003456-thumb.jpg,https://www.smbbmu.edu.pk/beta/uploads/gallery/events/1605112253NIKON D33003456_thumb.JPG,https://www.smbbmu.edu.pk/beta/news/details/4th-smbbmu-larkana-convocation-12-14-2019
images/news/1605112589nikon-d33001001-thumb-6a331327.jpg,https://www.smbbmu.edu.pk/beta/uploads/gallery/events/thumbs/1605112589NIKON D33001001_thumb.JPG,https://www.smbbmu.edu.pk/beta/news/details/4th-smbbmu-larkana-convocation-12-14-2019
images/news/1605112576nikon-d3300449-thumb-ce8e5713.jpg,https://www.smbbmu.edu.pk/beta/uploads/gallery/events/thumbs/1605112576NIKON D3300449_thumb.JPG,https://www.smbbmu.edu.pk/beta/news/details/4th-smbbmu-larkana-convocation-12-14-2019
images/news/1605112569nikon-d3300250-thumb-66b6ddd1.jpg,https://www.smbbmu.edu.pk/beta/uploads/gallery/events/thumbs/1605112569NIKON D3300250_thumb.JPG,https://www.smbbmu.edu.pk/beta/news/details/4th-smbbmu-larkana-convocation-12-14-2019
images/news/1605112550nikon-d3300263-thumb-ef3811cb.jpg,https://www.smbbmu.edu.pk/beta/uploads/gallery/events/thumbs/1605112550NIKON D3300263_thumb.JPG,https://www.smbbmu.edu.pk/beta/news/details/4th-smbbmu-larkana-convocation-12-14-2019
images/news/1605112548nikon-d3300378-thumb-5a195a70.jpg,https://www.smbbmu.edu.pk/beta/uploads/gallery/events/thumbs/1605112548NIKON D3300378_thumb.JPG,https://www.smbbmu.edu.pk/beta/news/details/4th-smbbmu-larkana-convocation-12-14-2019
images/news/1605112526nikon-d3300434-thumb-421ebab2.jpg,https://www.smbbmu.edu.pk/beta/uploads/gallery/events/thumbs/1605112526NIKON D3300434_thumb.JPG,https://www.smbbmu.edu.pk/beta/news/details/4th-smbbmu-larkana-convocation-12-14-2019
images/news/1605112523nikon-d3300410-thumb-aa9f096c.jpg,https://www.smbbmu.edu.pk/beta/uploads/gallery/events/thumbs/1605112523NIKON D3300410_thumb.JPG,https://www.smbbmu.edu.pk/beta/news/details/4th-smbbmu-larkana-convocation-12-14-2019
images/news/1605112505nikon-d33001008-thumb-ebaa4d9c.jpg,https://www.smbbmu.edu.pk/beta/uploads/gallery/events/thumbs/1605112505NIKON D33001008_thumb.JPG,https://www.smbbmu.edu.pk/beta/news/details/4th-smbbmu-larkana-convocation-12-14-2019
images/news/1605112478nikon-d33001048-thumb-db53dad1.jpg,https://www.smbbmu.edu.pk/beta/uploads/gallery/events/thumbs/1605112478NIKON D33001048_thumb.JPG,https://www.smbbmu.edu.pk/beta/news/details/4th-smbbmu-larkana-convocation-12-14-2019
images/news/1605112456nikon-d33001073-thumb-7262e817.jpg,https://www.smbbmu.edu.pk/beta/uploads/gallery/events/thumbs/1605112456NIKON D33001073_thumb.JPG,https://www.smbbmu.edu.pk/beta/news/details/4th-smbbmu-larkana-convocation-12-14-2019
images/news/1605112442nikon-d33001101-thumb-6fdbf3ad.jpg,https://www.smbbmu.edu.pk/beta/uploads/gallery/events/thumbs/1605112442NIKON D33001101_thumb.JPG,https://www.smbbmu.edu.pk/beta/news/details/4th-smbbmu-larkana-convocation-12-14-2019
images/news/1605112438nikon-d33001082-thumb-b6dd2601.jpg,https://www.smbbmu.edu.pk/beta/uploads/gallery/events/thumbs/1605112438NIKON D33001082_thumb.JPG,https://www.smbbmu.edu.pk/beta/news/details/4th-smbbmu-larkana-convocation-12-14-2019
images/news/1605112403nikon-d33001110-thumb-8489de03.jpg,https://www.smbbmu.edu.pk/beta/uploads/gallery/events/thumbs/1605112403NIKON D33001110_thumb.JPG,https://www.smbbmu.edu.pk/beta/news/details/4th-smbbmu-larkana-convocation-12-14-2019
images/news/1605112399nikon-d33001116-thumb-bd2b1d09.jpg,https://www.smbbmu.edu.pk/beta/uploads/gallery/events/thumbs/1605112399NIKON D33001116_thumb.JPG,https://www.smbbmu.edu.pk/beta/news/details/4th-smbbmu-larkana-convocation-12-14-2019
images/news/1605112385nikon-d33001122-thumb-b3fe11e2.jpg,https://www.smbbmu.edu.pk/beta/uploads/gallery/events/thumbs/1605112385NIKON D33001122_thumb.JPG,https://www.smbbmu.edu.pk/beta/news/details/4th-smbbmu-larkana-convocation-12-14-2019
images/news/1605112372nikon-d33001133-thumb-4028495c.jpg,https://www.smbbmu.edu.pk/beta/uploads/gallery/events/thumbs/1605112372NIKON D33001133_thumb.JPG,https://www.smbbmu.edu.pk/beta/news/details/4th-smbbmu-larkana-convocation-12-14-2019
images/news/1605112356nikon-d33001159-thumb-55b1e438.jpg,https://www.smbbmu.edu.pk/beta/uploads/gallery/events/thumbs/1605112356NIKON D33001159_thumb.JPG,https://www.smbbmu.edu.pk/beta/news/details/4th-smbbmu-larkana-convocation-12-14-2019
images/news/1605112351nikon-d33001186-thumb-c280fad0.jpg,https://www.smbbmu.edu.pk/beta/uploads/gallery/events/thumbs/1605112351NIKON D33001186_thumb.JPG,https://www.smbbmu.edu.pk/beta/news/details/4th-smbbmu-larkana-convocation-12-14-2019
images/news/1605112332nikon-d33001229-thumb-19cc3863.jpg,https://www.smbbmu.edu.pk/beta/uploads/gallery/events/thumbs/1605112332NIKON D33001229_thumb.JPG,https://www.smbbmu.edu.pk/beta/news/details/4th-smbbmu-larkana-convocation-12-14-2019
images/news/1605112332nikon-d33001187-thumb-7436f274.jpg,https://www.smbbmu.edu.pk/beta/uploads/gallery/events/thumbs/1605112332NIKON D33001187_thumb.JPG,https://www.smbbmu.edu.pk/beta/news/details/4th-smbbmu-larkana-convocation-12-14-2019
images/news/1605112297nikon-d33001969-thumb-09035db2.jpg,https://www.smbbmu.edu.pk/beta/uploads/gallery/events/thumbs/1605112297NIKON D33001969_thumb.JPG,https://www.smbbmu.edu.pk/beta/news/details/4th-smbbmu-larkana-convocation-12-14-2019
images/news/1605112288nikon-d33002414-thumb-943920a2.jpg,https://www.smbbmu.edu.pk/beta/uploads/gallery/events/thumbs/1605112288NIKON D33002414_thumb.JPG,https://www.smbbmu.edu.pk/beta/news/details/4th-smbbmu-larkana-convocation-12-14-2019
images/news/1605112281nikon-d33002503-thumb-7a84966f.jpg,https://www.smbbmu.edu.pk/beta/uploads/gallery/events/thumbs/1605112281NIKON D33002503_thumb.JPG,https://www.smbbmu.edu.pk/beta/news/details/4th-smbbmu-larkana-convocation-12-14-2019
images/news/1605112270nikon-d33002514-thumb-efcda148.jpg,https://www.smbbmu.edu.pk/beta/uploads/gallery/events/thumbs/1605112270NIKON D33002514_thumb.JPG,https://www.smbbmu.edu.pk/beta/news/details/4th-smbbmu-larkana-convocation-12-14-2019
images/news/1605112265nikon-d33002535-thumb-a3439702.jpg,https://www.smbbmu.edu.pk/beta/uploads/gallery/events/thumbs/1605112265NIKON D33002535_thumb.JPG,https://www.smbbmu.edu.pk/beta/news/details/4th-smbbmu-larkana-convocation-12-14-2019
images/news/1605112256nikon-d33002562-thumb-9c7e85e4.jpg,https://www.smbbmu.edu.pk/beta/uploads/gallery/events/thumbs/1605112256NIKON D33002562_thumb.JPG,https://www.smbbmu.edu.pk/beta/news/details/4th-smbbmu-larkana-convocation-12-14-2019
images/news/1605112253nikon-d33003456-thumb-43e59efe.jpg,https://www.smbbmu.edu.pk/beta/uploads/gallery/events/thumbs/1605112253NIKON D33003456_thumb.JPG,https://www.smbbmu.edu.pk/beta/news/details/4th-smbbmu-larkana-convocation-12-14-2019
images/news/1571121325image8-thumb.jpeg,https://www.smbbmu.edu.pk/beta/uploads/gallery/events/1571121325image8_thumb.jpeg,https://www.smbbmu.edu.pk/beta/news/details/convocation-meeting-10-11-2019
images/news/1571121321image7-thumb.jpeg,https://www.smbbmu.edu.pk/beta/uploads/gallery/events/1571121321image7_thumb.jpeg,https://www.smbbmu.edu.pk/beta/news/details/convocation-meeting-10-11-2019
images/news/1571121317image6-thumb.jpeg,https://www.smbbmu.edu.pk/beta/uploads/gallery/events/1571121317image6_thumb.jpeg,https://www.smbbmu.edu.pk/beta/news/details/convocation-meeting-10-11-2019
images/news/1571121312image3-thumb.jpeg,https://www.smbbmu.edu.pk/beta/uploads/gallery/events/1571121312image3_thumb.jpeg,https://www.smbbmu.edu.pk/beta/news/details/convocation-meeting-10-11-2019
images/news/1571121307image2-thumb.jpeg,https://www.smbbmu.edu.pk/beta/uploads/gallery/events/1571121307image2_thumb.jpeg,https://www.smbbmu.edu.pk/beta/news/details/convocation-meeting-10-11-2019
images/news/1571121303image1-thumb.jpeg,https://www.smbbmu.edu.pk/beta/uploads/gallery/events/1571121303image1_thumb.jpeg,https://www.smbbmu.edu.pk/beta/news/details/convocation-meeting-10-11-2019
images/news/1571121298image4-thumb.jpeg,https://www.smbbmu.edu.pk/beta/uploads/gallery/events/1571121298image4_thumb.jpeg,https://www.smbbmu.edu.pk/beta/news/details/convocation-meeting-10-11-2019
images/news/1571121325image8-thumb-00dc63b1.jpeg,https://www.smbbmu.edu.pk/beta/uploads/gallery/events/thumbs/1571121325image8_thumb.jpeg,https://www.smbbmu.edu.pk/beta/news/details/convocation-meeting-10-11-2019
images/news/1571121321image7-thumb-8969f032.jpeg,https://www.smbbmu.edu.pk/beta/uploads/gallery/events/thumbs/1571121321image7_thumb.jpeg,https://www.smbbmu.edu.pk/beta/news/details/convocation-meeting-10-11-2019
images/news/1571121317image6-thumb-196f1800.jpeg,https://www.smbbmu.edu.pk/beta/uploads/gallery/events/thumbs/1571121317image6_thumb.jpeg,https://www.smbbmu.edu.pk/beta/news/details/convocation-meeting-10-11-2019
images/news/1571121312image3-thumb-8400a46d.jpeg,https://www.smbbmu.edu.pk/beta/uploads/gallery/events/thumbs/1571121312image3_thumb.jpeg,https://www.smbbmu.edu.pk/beta/news/details/convocation-meeting-10-11-2019
images/news/1571121307image2-thumb-e4fd5099.jpeg,https://www.smbbmu.edu.pk/beta/uploads/gallery/events/thumbs/1571121307image2_thumb.jpeg,https://www.smbbmu.edu.pk/beta/news/details/convocation-meeting-10-11-2019
images/news/1571121303image1-thumb-3693c7c4.jpeg,https://www.smbbmu.edu.pk/beta/uploads/gallery/events/thumbs/1571121303image1_thumb.jpeg,https://www.smbbmu.edu.pk/beta/news/details/convocation-meeting-10-11-2019
images/news/1571121298image4-thumb-cbcebbbe.jpeg,https://www.smbbmu.edu.pk/beta/uploads/gallery/events/thumbs/1571121298image4_thumb.jpeg,https://www.smbbmu.edu.pk/beta/news/details/convocation-meeting-10-11-2019
images/news/1571124835image7-thumb.jpeg,https://www.smbbmu.edu.pk/beta/uploads/gallery/events/1571124835image7_thumb.jpeg,https://www.smbbmu.edu.pk/beta/news/details/meeting-on-estate-issues-10-11-2019
images/news/1571124806image6-thumb.jpeg,https://www.smbbmu.edu.pk/beta/uploads/gallery/events/1571124806image6_thumb.jpeg,https://www.smbbmu.edu.pk/beta/news/details/meeting-on-estate-issues-10-11-2019
images/news/1571124744image5-thumb.jpeg,https://www.smbbmu.edu.pk/beta/uploads/gallery/events/1571124744image5_thumb.jpeg,https://www.smbbmu.edu.pk/beta/news/details/meeting-on-estate-issues-10-11-2019
images/news/1571124721image4-thumb.jpeg,https://www.smbbmu.edu.pk/beta/uploads/gallery/events/1571124721image4_thumb.jpeg,https://www.smbbmu.edu.pk/beta/news/details/meeting-on-estate-issues-10-11-2019
images/news/1571124712image3-thumb.jpeg,https://www.smbbmu.edu.pk/beta/uploads/gallery/events/1571124712image3_thumb.jpeg,https://www.smbbmu.edu.pk/beta/news/details/meeting-on-estate-issues-10-11-2019
images/news/1571124694image2-thumb.jpeg,https://www.smbbmu.edu.pk/beta/uploads/gallery/events/1571124694image2_thumb.jpeg,https://www.smbbmu.edu.pk/beta/news/details/meeting-on-estate-issues-10-11-2019
images/news/1571124329image8-thumb.jpeg,https://www.smbbmu.edu.pk/beta/uploads/gallery/events/1571124329image8_thumb.jpeg,https://www.smbbmu.edu.pk/beta/news/details/meeting-on-estate-issues-10-11-2019
images/news/1571124835image7-thumb-cc58fd03.jpeg,https://www.smbbmu.edu.pk/beta/uploads/gallery/events/thumbs/1571124835image7_thumb.jpeg,https://www.smbbmu.edu.pk/beta/news/details/meeting-on-estate-issues-10-11-2019
images/news/1571124806image6-thumb-134f8130.jpeg,https://www.smbbmu.edu.pk/beta/uploads/gallery/events/thumbs/1571124806image6_thumb.jpeg,https://www.smbbmu.edu.pk/beta/news/details/meeting-on-estate-issues-10-11-2019
images/news/1571124744image5-thumb-0ca39f54.jpeg,https://www.smbbmu.edu.pk/beta/uploads/gallery/events/thumbs/1571124744image5_thumb.jpeg,https://www.smbbmu.edu.pk/beta/news/details/meeting-on-estate-issues-10-11-2019
images/news/1571124721image4-thumb-3fa7cba5.jpeg,https://www.smbbmu.edu.pk/beta/uploads/gallery/events/thumbs/1571124721image4_thumb.jpeg,https://www.smbbmu.edu.pk/beta/news/details/meeting-on-estate-issues-10-11-2019
images/news/1571124712image3-thumb-53ca8a76.jpeg,https://www.smbbmu.edu.pk/beta/uploads/gallery/events/thumbs/1571124712image3_thumb.jpeg,https://www.smbbmu.edu.pk/beta/news/details/meeting-on-estate-issues-10-11-2019
images/news/1571124694image2-thumb-45547c29.jpeg,https://www.smbbmu.edu.pk/beta/uploads/gallery/events/thumbs/1571124694image2_thumb.jpeg,https://www.smbbmu.edu.pk/beta/news/details/meeting-on-estate-issues-10-11-2019
images/news/1571124329image8-thumb-ab0750cd.jpeg,https://www.smbbmu.edu.pk/beta/uploads/gallery/events/thumbs/1571124329image8_thumb.jpeg,https://www.smbbmu.edu.pk/beta/news/details/meeting-on-estate-issues-10-11-2019
images/news/1571031027image7-thumb.jpeg,https://www.smbbmu.edu.pk/beta/uploads/gallery/events/1571031027image7_thumb.jpeg,https://www.smbbmu.edu.pk/beta/news/details/selection-board-09-21-2019
images/news/1571031025image6-thumb.jpeg,https://www.smbbmu.edu.pk/beta/uploads/gallery/events/1571031025image6_thumb.jpeg,https://www.smbbmu.edu.pk/beta/news/details/selection-board-09-21-2019
images/news/1571031022image5-thumb.jpeg,https://www.smbbmu.edu.pk/beta/uploads/gallery/events/1571031022image5_thumb.jpeg,https://www.smbbmu.edu.pk/beta/news/details/selection-board-09-21-2019
images/news/1571031020image4-thumb.jpeg,https://www.smbbmu.edu.pk/beta/uploads/gallery/events/1571031020image4_thumb.jpeg,https://www.smbbmu.edu.pk/beta/news/details/selection-board-09-21-2019
images/news/1571031017imag3-thumb.jpeg,https://www.smbbmu.edu.pk/beta/uploads/gallery/events/1571031017imag3_thumb.jpeg,https://www.smbbmu.edu.pk/beta/news/details/selection-board-09-21-2019
images/news/1571031014image2-thumb.jpeg,https://www.smbbmu.edu.pk/beta/uploads/gallery/events/1571031014image2_thumb.jpeg,https://www.smbbmu.edu.pk/beta/news/details/selection-board-09-21-2019
images/news/1571031013image1-thumb.jpeg,https://www.smbbmu.edu.pk/beta/uploads/gallery/events/1571031013image1_thumb.jpeg,https://www.smbbmu.edu.pk/beta/news/details/selection-board-09-21-2019
images/news/1571031027image7-thumb-688845b6.jpeg,https://www.smbbmu.edu.pk/beta/uploads/gallery/events/thumbs/1571031027image7_thumb.jpeg,https://www.smbbmu.edu.pk/beta/news/details/selection-board-09-21-2019
images/news/1571031025image6-thumb-f5543edf.jpeg,https://www.smbbmu.edu.pk/beta/uploads/gallery/events/thumbs/1571031025image6_thumb.jpeg,https://www.smbbmu.edu.pk/beta/news/details/selection-board-09-21-2019
images/news/1571031022image5-thumb-5e120228.jpeg,https://www.smbbmu.edu.pk/beta/uploads/gallery/events/thumbs/1571031022image5_thumb.jpeg,https://www.smbbmu.edu.pk/beta/news/details/selection-board-09-21-2019
images/news/1571031020image4-thumb-4368c30d.jpeg,https://www.smbbmu.edu.pk/beta/uploads/gallery/events/thumbs/1571031020image4_thumb.jpeg,https://www.smbbmu.edu.pk/beta/news/details/selection-board-09-21-2019
images/news/1571031017imag3-thumb-769cb33f.jpeg,https://www.smbbmu.edu.pk/beta/uploads/gallery/events/thumbs/1571031017imag3_thumb.jpeg,https://www.smbbmu.edu.pk/beta/news/details/selection-board-09-21-2019
images/news/1571031014image2-thumb-74476b17.jpeg,https://www.smbbmu.edu.pk/beta/uploads/gallery/events/thumbs/1571031014image2_thumb.jpeg,https://www.smbbmu.edu.pk/beta/news/details/selection-board-09-21-2019
images/news/1571031013image1-thumb-7a4513f8.jpeg,https://www.smbbmu.edu.pk/beta/uploads/gallery/events/thumbs/1571031013image1_thumb.jpeg,https://www.smbbmu.edu.pk/beta/news/details/selection-board-09-21-2019
images/news/1568808568photo11-thumb.jpeg,https://www.smbbmu.edu.pk/beta/uploads/gallery/events/1568808568photo11_thumb.jpeg,https://www.smbbmu.edu.pk/beta/news/details/condolences-with-bds-student-dr-nimerta-chandanis-family-at-ghotki-09-17-2019
images/news/1568808373photo1-thumb.jpeg,https://www.smbbmu.edu.pk/beta/uploads/gallery/events/1568808373photo1_thumb.jpeg,https://www.smbbmu.edu.pk/beta/news/details/condolences-with-bds-student-dr-nimerta-chandanis-family-at-ghotki-09-17-2019
images/news/1568808367photo2-thumb.jpeg,https://www.smbbmu.edu.pk/beta/uploads/gallery/events/1568808367photo2_thumb.jpeg,https://www.smbbmu.edu.pk/beta/news/details/condolences-with-bds-student-dr-nimerta-chandanis-family-at-ghotki-09-17-2019
images/news/1568808363photo3-thumb.jpeg,https://www.smbbmu.edu.pk/beta/uploads/gallery/events/1568808363photo3_thumb.jpeg,https://www.smbbmu.edu.pk/beta/news/details/condolences-with-bds-student-dr-nimerta-chandanis-family-at-ghotki-09-17-2019
images/news/1568808298photo4-thumb.jpeg,https://www.smbbmu.edu.pk/beta/uploads/gallery/events/1568808298photo4_thumb.jpeg,https://www.smbbmu.edu.pk/beta/news/details/condolences-with-bds-student-dr-nimerta-chandanis-family-at-ghotki-09-17-2019
images/news/1568808289photo5-thumb.jpeg,https://www.smbbmu.edu.pk/beta/uploads/gallery/events/1568808289photo5_thumb.jpeg,https://www.smbbmu.edu.pk/beta/news/details/condolences-with-bds-student-dr-nimerta-chandanis-family-at-ghotki-09-17-2019
images/news/1568808282photo6-thumb.jpeg,https://www.smbbmu.edu.pk/beta/uploads/gallery/events/1568808282photo6_thumb.jpeg,https://www.smbbmu.edu.pk/beta/news/details/condolences-with-bds-student-dr-nimerta-chandanis-family-at-ghotki-09-17-2019
images/news/1568808276photo7-thumb.jpeg,https://www.smbbmu.edu.pk/beta/uploads/gallery/events/1568808276photo7_thumb.jpeg,https://www.smbbmu.edu.pk/beta/news/details/condolences-with-bds-student-dr-nimerta-chandanis-family-at-ghotki-09-17-2019
images/news/1568808268photo8-thumb.jpeg,https://www.smbbmu.edu.pk/beta/uploads/gallery/events/1568808268photo8_thumb.jpeg,https://www.smbbmu.edu.pk/beta/news/details/condolences-with-bds-student-dr-nimerta-chandanis-family-at-ghotki-09-17-2019
images/news/1568808257photo10-thumb.jpeg,https://www.smbbmu.edu.pk/beta/uploads/gallery/events/1568808257photo10_thumb.jpeg,https://www.smbbmu.edu.pk/beta/news/details/condolences-with-bds-student-dr-nimerta-chandanis-family-at-ghotki-09-17-2019
images/news/1568808568photo11-thumb-f5311c3c.jpeg,https://www.smbbmu.edu.pk/beta/uploads/gallery/events/thumbs/1568808568photo11_thumb.jpeg,https://www.smbbmu.edu.pk/beta/news/details/condolences-with-bds-student-dr-nimerta-chandanis-family-at-ghotki-09-17-2019
images/news/1568808373photo1-thumb-fed731c9.jpeg,https://www.smbbmu.edu.pk/beta/uploads/gallery/events/thumbs/1568808373photo1_thumb.jpeg,https://www.smbbmu.edu.pk/beta/news/details/condolences-with-bds-student-dr-nimerta-chandanis-family-at-ghotki-09-17-2019
images/news/1568808367photo2-thumb-1d5dd794.jpeg,https://www.smbbmu.edu.pk/beta/uploads/gallery/events/thumbs/1568808367photo2_thumb.jpeg,https://www.smbbmu.edu.pk/beta/news/details/condolences-with-bds-student-dr-nimerta-chandanis-family-at-ghotki-09-17-2019
images/news/1568808363photo3-thumb-6b1e6794.jpeg,https://www.smbbmu.edu.pk/beta/uploads/gallery/events/thumbs/1568808363photo3_thumb.jpeg,https://www.smbbmu.edu.pk/beta/news/details/condolences-with-bds-student-dr-nimerta-chandanis-family-at-ghotki-09-17-2019
images/news/1568808298photo4-thumb-2ad293d0.jpeg,https://www.smbbmu.edu.pk/beta/uploads/gallery/events/thumbs/1568808298photo4_thumb.jpeg,https://www.smbbmu.edu.pk/beta/news/details/condolences-with-bds-student-dr-nimerta-chandanis-family-at-ghotki-09-17-2019
images/news/1568808289photo5-thumb-305455a4.jpeg,https://www.smbbmu.edu.pk/beta/uploads/gallery/events/thumbs/1568808289photo5_thumb.jpeg,https://www.smbbmu.edu.pk/beta/news/details/condolences-with-bds-student-dr-nimerta-chandanis-family-at-ghotki-09-17-2019
images/news/1568808282photo6-thumb-3055cf0e.jpeg,https://www.smbbmu.edu.pk/beta/uploads/gallery/events/thumbs/1568808282photo6_thumb.jpeg,https://www.smbbmu.edu.pk/beta/news/details/condolences-with-bds-student-dr-nimerta-chandanis-family-at-ghotki-09-17-2019
images/news/1568808276photo7-thumb-c75196bc.jpeg,https://www.smbbmu.edu.pk/beta/uploads/gallery/events/thumbs/1568808276photo7_thumb.jpeg,https://www.smbbmu.edu.pk/beta/news/details/condolences-with-bds-student-dr-nimerta-chandanis-family-at-ghotki-09-17-2019
images/news/1568808268photo8-thumb-a282f247.jpeg,https://www.smbbmu.edu.pk/beta/uploads/gallery/events/thumbs/1568808268photo8_thumb.jpeg,https://www.smbbmu.edu.pk/beta/news/details/condolences-with-bds-student-dr-nimerta-chandanis-family-at-ghotki-09-17-2019
images/news/1568808257photo10-thumb-bfcb63a8.jpeg,https://www.smbbmu.edu.pk/beta/uploads/gallery/events/thumbs/1568808257photo10_thumb.jpeg,https://www.smbbmu.edu.pk/beta/news/details/condolences-with-bds-student-dr-nimerta-chandanis-family-at-ghotki-09-17-2019
images/news/1571030835image7-thumb.jpeg,https://www.smbbmu.edu.pk/beta/uploads/gallery/events/1571030835image7_thumb.jpeg,https://www.smbbmu.edu.pk/beta/news/details/entry-test-09-15-2019
images/news/1571030832image1-thumb.jpeg,https://www.smbbmu.edu.pk/beta/uploads/gallery/events/1571030832image1_thumb.jpeg,https://www.smbbmu.edu.pk/beta/news/details/entry-test-09-15-2019
images/news/1571030830image6-thumb.jpeg,https://www.smbbmu.edu.pk/beta/uploads/gallery/events/1571030830image6_thumb.jpeg,https://www.smbbmu.edu.pk/beta/news/details/entry-test-09-15-2019
images/news/1571030054image2-thumb.jpeg,https://www.smbbmu.edu.pk/beta/uploads/gallery/events/1571030054image2_thumb.jpeg,https://www.smbbmu.edu.pk/beta/news/details/entry-test-09-15-2019
images/news/1571030052image3-thumb.jpeg,https://www.smbbmu.edu.pk/beta/uploads/gallery/events/1571030052image3_thumb.jpeg,https://www.smbbmu.edu.pk/beta/news/details/entry-test-09-15-2019
images/news/1571030048image4-thumb.jpeg,https://www.smbbmu.edu.pk/beta/uploads/gallery/events/1571030048image4_thumb.jpeg,https://www.smbbmu.edu.pk/beta/news/details/entry-test-09-15-2019
images/news/1571030044image5-thumb.jpeg,https://www.smbbmu.edu.pk/beta/uploads/gallery/events/1571030044image5_thumb.jpeg,https://www.smbbmu.edu.pk/beta/news/details/entry-test-09-15-2019
images/news/1571030835image7-thumb-e4c1cff6.jpeg,https://www.smbbmu.edu.pk/beta/uploads/gallery/events/thumbs/1571030835image7_thumb.jpeg,https://www.smbbmu.edu.pk/beta/news/details/entry-test-09-15-2019
images/news/1571030832image1-thumb-a004f9e9.jpeg,https://www.smbbmu.edu.pk/beta/uploads/gallery/events/thumbs/1571030832image1_thumb.jpeg,https://www.smbbmu.edu.pk/beta/news/details/entry-test-09-15-2019
images/news/1571030830image6-thumb-23bc808a.jpeg,https://www.smbbmu.edu.pk/beta/uploads/gallery/events/thumbs/1571030830image6_thumb.jpeg,https://www.smbbmu.edu.pk/beta/news/details/entry-test-09-15-2019
images/news/1571030054image2-thumb-7f6dc5af.jpeg,https://www.smbbmu.edu.pk/beta/uploads/gallery/events/thumbs/1571030054image2_thumb.jpeg,https://www.smbbmu.edu.pk/beta/news/details/entry-test-09-15-2019
images/news/1571030052image3-thumb-64125a7b.jpeg,https://www.smbbmu.edu.pk/beta/uploads/gallery/events/thumbs/1571030052image3_thumb.jpeg,https://www.smbbmu.edu.pk/beta/news/details/entry-test-09-15-2019
images/news/1571030048image4-thumb-50399860.jpeg,https://www.smbbmu.edu.pk/beta/uploads/gallery/events/thumbs/1571030048image4_thumb.jpeg,https://www.smbbmu.edu.pk/beta/news/details/entry-test-09-15-2019
images/news/1571030044image5-thumb-da63c16c.jpeg,https://www.smbbmu.edu.pk/beta/uploads/gallery/events/thumbs/1571030044image5_thumb.jpeg,https://www.smbbmu.edu.pk/beta/news/details/entry-test-09-15-2019
images/news/1568620771photo7-thumb.jpeg,https://www.smbbmu.edu.pk/beta/uploads/gallery/events/1568620771photo7_thumb.jpeg,https://www.smbbmu.edu.pk/beta/news/details/national-defence-day-celebrations-09-06-2019
images/news/1568620670photo-thumb.jpeg,https://www.smbbmu.edu.pk/beta/uploads/gallery/events/1568620670photo_thumb.jpeg,https://www.smbbmu.edu.pk/beta/news/details/national-defence-day-celebrations-09-06-2019
images/news/1568620523photo6-thumb.jpeg,https://www.smbbmu.edu.pk/beta/uploads/gallery/events/1568620523photo6_thumb.jpeg,https://www.smbbmu.edu.pk/beta/news/details/national-defence-day-celebrations-09-06-2019
images/news/1568620379photo3-thumb.jpeg,https://www.smbbmu.edu.pk/beta/uploads/gallery/events/1568620379photo3_thumb.jpeg,https://www.smbbmu.edu.pk/beta/news/details/national-defence-day-celebrations-09-06-2019
images/news/1567780047photo-2019-09-06-17-35-13-thumb.jpg,https://www.smbbmu.edu.pk/beta/uploads/gallery/events/1567780047PHOTO-2019-09-06-17-35-13_thumb.jpg,https://www.smbbmu.edu.pk/beta/news/details/national-defence-day-celebrations-09-06-2019
images/news/1567779990photo-2019-09-06-17-33-05-thumb.jpg,https://www.smbbmu.edu.pk/beta/uploads/gallery/events/1567779990PHOTO-2019-09-06-17-33-05_thumb.jpg,https://www.smbbmu.edu.pk/beta/news/details/national-defence-day-celebrations-09-06-2019
images/news/1567779990photo-2019-09-06-17-33-52-thumb.jpg,https://www.smbbmu.edu.pk/beta/uploads/gallery/events/1567779990PHOTO-2019-09-06-17-33-52_thumb.jpg,https://www.smbbmu.edu.pk/beta/news/details/national-defence-day-celebrations-09-06-2019
images/news/1567779965photo-2019-09-06-17-33-48-thumb.jpg,https://www.smbbmu.edu.pk/beta/uploads/gallery/events/1567779965PHOTO-2019-09-06-17-33-48_thumb.jpg,https://www.smbbmu.edu.pk/beta/news/details/national-defence-day-celebrations-09-06-2019
images/news/1567779946photo-2019-09-06-17-33-04-thumb.jpg,https://www.smbbmu.edu.pk/beta/uploads/gallery/events/1567779946PHOTO-2019-09-06-17-33-04_thumb.jpg,https://www.smbbmu.edu.pk/beta/news/details/national-defence-day-celebrations-09-06-2019
images/news/1568620771photo7-thumb-d0815106.jpeg,https://www.smbbmu.edu.pk/beta/uploads/gallery/events/thumbs/1568620771photo7_thumb.jpeg,https://www.smbbmu.edu.pk/beta/news/details/national-defence-day-celebrations-09-06-2019
images/news/1568620670photo-thumb-3c1ba2b3.jpeg,https://www.smbbmu.edu.pk/beta/uploads/gallery/events/thumbs/1568620670photo_thumb.jpeg,https://www.smbbmu.edu.pk/beta/news/details/national-defence-day-celebrations-09-06-2019
images/news/1568620523photo6-thumb-a9729ceb.jpeg,https://www.smbbmu.edu.pk/beta/uploads/gallery/events/thumbs/1568620523photo6_thumb.jpeg,https://www.smbbmu.edu.pk/beta/news/details/national-defence-day-celebrations-09-06-2019
images/news/1568620379photo3-thumb-687b62f4.jpeg,https://www.smbbmu.edu.pk/beta/uploads/gallery/events/thumbs/1568620379photo3_thumb.jpeg,https://www.smbbmu.edu.pk/beta/news/details/national-defence-day-celebrations-09-06-2019
images/news/1567780047photo-2019-09-06-17-35-13-thumb-8fa345ab.jpg,https://www.smbbmu.edu.pk/beta/uploads/gallery/events/thumbs/1567780047PHOTO-2019-09-06-17-35-13_thumb.jpg,https://www.smbbmu.edu.pk/beta/news/details/national-defence-day-celebrations-09-06-2019
images/news/1567779990photo-2019-09-06-17-33-05-thumb-e4a8b77e.jpg,https://www.smbbmu.edu.pk/beta/uploads/gallery/events/thumbs/1567779990PHOTO-2019-09-06-17-33-05_thumb.jpg,https://www.smbbmu.edu.pk/beta/news/details/national-defence-day-celebrations-09-06-2019
images/news/1567779990photo-2019-09-06-17-33-52-thumb-758b0548.jpg,https://www.smbbmu.edu.pk/beta/uploads/gallery/events/thumbs/1567779990PHOTO-2019-09-06-17-33-52_thumb.jpg,https://www.smbbmu.edu.pk/beta/news/details/national-defence-day-celebrations-09-06-2019
images/news/1567779965photo-2019-09-06-17-33-48-thumb-bbe442e9.jpg,https://www.smbbmu.edu.pk/beta/uploads/gallery/events/thumbs/1567779965PHOTO-2019-09-06-17-33-48_thumb.jpg,https://www.smbbmu.edu.pk/beta/news/details/national-defence-day-celebrations-09-06-2019
images/news/1567779946photo-2019-09-06-17-33-04-thumb-4b85bb3f.jpg,https://www.smbbmu.edu.pk/beta/uploads/gallery/events/thumbs/1567779946PHOTO-2019-09-06-17-33-04_thumb.jpg,https://www.smbbmu.edu.pk/beta/news/details/national-defence-day-celebrations-09-06-2019
images/news/1571030745image8-thumb.jpeg,https://www.smbbmu.edu.pk/beta/uploads/gallery/events/1571030745image8_thumb.jpeg,https://www.smbbmu.edu.pk/beta/news/details/vice-chancellor-visit-to-ghulam-muhammad-mahar-medical-college-sukkur-09-03-2019
images/news/1571030743image7-thumb.jpeg,https://www.smbbmu.edu.pk/beta/uploads/gallery/events/1571030743image7_thumb.jpeg,https://www.smbbmu.edu.pk/beta/news/details/vice-chancellor-visit-to-ghulam-muhammad-mahar-medical-college-sukkur-09-03-2019
images/news/1571030739image6-thumb.jpeg,https://www.smbbmu.edu.pk/beta/uploads/gallery/events/1571030739image6_thumb.jpeg,https://www.smbbmu.edu.pk/beta/news/details/vice-chancellor-visit-to-ghulam-muhammad-mahar-medical-college-sukkur-09-03-2019
images/news/1571030738image5-thumb.jpeg,https://www.smbbmu.edu.pk/beta/uploads/gallery/events/1571030738image5_thumb.jpeg,https://www.smbbmu.edu.pk/beta/news/details/vice-chancellor-visit-to-ghulam-muhammad-mahar-medical-college-sukkur-09-03-2019
images/news/1571030727image13-thumb.jpeg,https://www.smbbmu.edu.pk/beta/uploads/gallery/events/1571030727image13_thumb.jpeg,https://www.smbbmu.edu.pk/beta/news/details/vice-chancellor-visit-to-ghulam-muhammad-mahar-medical-college-sukkur-09-03-2019
images/news/1571030724image12-thumb.jpeg,https://www.smbbmu.edu.pk/beta/uploads/gallery/events/1571030724image12_thumb.jpeg,https://www.smbbmu.edu.pk/beta/news/details/vice-chancellor-visit-to-ghulam-muhammad-mahar-medical-college-sukkur-09-03-2019
images/news/1571030721image11-thumb.jpeg,https://www.smbbmu.edu.pk/beta/uploads/gallery/events/1571030721image11_thumb.jpeg,https://www.smbbmu.edu.pk/beta/news/details/vice-chancellor-visit-to-ghulam-muhammad-mahar-medical-college-sukkur-09-03-2019
images/news/1571030720image10-thumb.jpeg,https://www.smbbmu.edu.pk/beta/uploads/gallery/events/1571030720image10_thumb.jpeg,https://www.smbbmu.edu.pk/beta/news/details/vice-chancellor-visit-to-ghulam-muhammad-mahar-medical-college-sukkur-09-03-2019
images/news/1571030673image18-thumb.jpeg,https://www.smbbmu.edu.pk/beta/uploads/gallery/events/1571030673image18_thumb.jpeg,https://www.smbbmu.edu.pk/beta/news/details/vice-chancellor-visit-to-ghulam-muhammad-mahar-medical-college-sukkur-09-03-2019
images/news/1571030669image17-thumb.jpeg,https://www.smbbmu.edu.pk/beta/uploads/gallery/events/1571030669image17_thumb.jpeg,https://www.smbbmu.edu.pk/beta/news/details/vice-chancellor-visit-to-ghulam-muhammad-mahar-medical-college-sukkur-09-03-2019
images/news/1571030666image16-thumb.jpeg,https://www.smbbmu.edu.pk/beta/uploads/gallery/events/1571030666image16_thumb.jpeg,https://www.smbbmu.edu.pk/beta/news/details/vice-chancellor-visit-to-ghulam-muhammad-mahar-medical-college-sukkur-09-03-2019
images/news/1571030665image14-thumb.jpeg,https://www.smbbmu.edu.pk/beta/uploads/gallery/events/1571030665image14_thumb.jpeg,https://www.smbbmu.edu.pk/beta/news/details/vice-chancellor-visit-to-ghulam-muhammad-mahar-medical-college-sukkur-09-03-2019
images/news/1571030664image15-thumb.jpeg,https://www.smbbmu.edu.pk/beta/uploads/gallery/events/1571030664image15_thumb.jpeg,https://www.smbbmu.edu.pk/beta/news/details/vice-chancellor-visit-to-ghulam-muhammad-mahar-medical-college-sukkur-09-03-2019
images/news/1571030440image4-thumb.jpeg,https://www.smbbmu.edu.pk/beta/uploads/gallery/events/1571030440image4_thumb.jpeg,https://www.smbbmu.edu.pk/beta/news/details/vice-chancellor-visit-to-ghulam-muhammad-mahar-medical-college-sukkur-09-03-2019
images/news/1571030434image5-thumb.jpeg,https://www.smbbmu.edu.pk/beta/uploads/gallery/events/1571030434image5_thumb.jpeg,https://www.smbbmu.edu.pk/beta/news/details/vice-chancellor-visit-to-ghulam-muhammad-mahar-medical-college-sukkur-09-03-2019
images/news/1571030423image9-thumb.jpeg,https://www.smbbmu.edu.pk/beta/uploads/gallery/events/1571030423image9_thumb.jpeg,https://www.smbbmu.edu.pk/beta/news/details/vice-chancellor-visit-to-ghulam-muhammad-mahar-medical-college-sukkur-09-03-2019
images/news/1571030745image8-thumb-7a5084e3.jpeg,https://www.smbbmu.edu.pk/beta/uploads/gallery/events/thumbs/1571030745image8_thumb.jpeg,https://www.smbbmu.edu.pk/beta/news/details/vice-chancellor-visit-to-ghulam-muhammad-mahar-medical-college-sukkur-09-03-2019
images/news/1571030743image7-thumb-cbe7b38a.jpeg,https://www.smbbmu.edu.pk/beta/uploads/gallery/events/thumbs/1571030743image7_thumb.jpeg,https://www.smbbmu.edu.pk/beta/news/details/vice-chancellor-visit-to-ghulam-muhammad-mahar-medical-college-sukkur-09-03-2019
images/news/1571030739image6-thumb-1c5d93b6.jpeg,https://www.smbbmu.edu.pk/beta/uploads/gallery/events/thumbs/1571030739image6_thumb.jpeg,https://www.smbbmu.edu.pk/beta/news/details/vice-chancellor-visit-to-ghulam-muhammad-mahar-medical-college-sukkur-09-03-2019
images/news/1571030738image5-thumb-aa9b9fa3.jpeg,https://www.smbbmu.edu.pk/beta/uploads/gallery/events/thumbs/1571030738image5_thumb.jpeg,https://www.smbbmu.edu.pk/beta/news/details/vice-chancellor-visit-to-ghulam-muhammad-mahar-medical-college-sukkur-09-03-2019
images/news/1571030727image13-thumb-46e61d18.jpeg,https://www.smbbmu.edu.pk/beta/uploads/gallery/events/thumbs/1571030727image13_thumb.jpeg,https://www.smbbmu.edu.pk/beta/news/details/vice-chancellor-visit-to-ghulam-muhammad-mahar-medical-college-sukkur-09-03-2019
images/news/1571030724image12-thumb-2f83dabf.jpeg,https://www.smbbmu.edu.pk/beta/uploads/gallery/events/thumbs/1571030724image12_thumb.jpeg,https://www.smbbmu.edu.pk/beta/news/details/vice-chancellor-visit-to-ghulam-muhammad-mahar-medical-college-sukkur-09-03-2019
images/news/1571030721image11-thumb-a71b380b.jpeg,https://www.smbbmu.edu.pk/beta/uploads/gallery/events/thumbs/1571030721image11_thumb.jpeg,https://www.smbbmu.edu.pk/beta/news/details/vice-chancellor-visit-to-ghulam-muhammad-mahar-medical-college-sukkur-09-03-2019
images/news/1571030720image10-thumb-9518dcd7.jpeg,https://www.smbbmu.edu.pk/beta/uploads/gallery/events/thumbs/1571030720image10_thumb.jpeg,https://www.smbbmu.edu.pk/beta/news/details/vice-chancellor-visit-to-ghulam-muhammad-mahar-medical-college-sukkur-09-03-2019
images/news/1571030673image18-thumb-f17164b3.jpeg,https://www.smbbmu.edu.pk/beta/uploads/gallery/events/thumbs/1571030673image18_thumb.jpeg,https://www.smbbmu.edu.pk/beta/news/details/vice-chancellor-visit-to-ghulam-muhammad-mahar-medical-college-sukkur-09-03-2019
images/news/1571030669image17-thumb-7cd309f7.jpeg,https://www.smbbmu.edu.pk/beta/uploads/gallery/events/thumbs/1571030669image17_thumb.jpeg,https://www.smbbmu.edu.pk/beta/news/details/vice-chancellor-visit-to-ghulam-muhammad-mahar-medical-college-sukkur-09-03-2019
images/news/1571030666image16-thumb-ee13b7b5.jpeg,https://www.smbbmu.edu.pk/beta/uploads/gallery/events/thumbs/1571030666image16_thumb.jpeg,https://www.smbbmu.edu.pk/beta/news/details/vice-chancellor-visit-to-ghulam-muhammad-mahar-medical-college-sukkur-09-03-2019
images/news/1571030665image14-thumb-e46804c7.jpeg,https://www.smbbmu.edu.pk/beta/uploads/gallery/events/thumbs/1571030665image14_thumb.jpeg,https://www.smbbmu.edu.pk/beta/news/details/vice-chancellor-visit-to-ghulam-muhammad-mahar-medical-college-sukkur-09-03-2019
images/news/1571030664image15-thumb-09e5af70.jpeg,https://www.smbbmu.edu.pk/beta/uploads/gallery/events/thumbs/1571030664image15_thumb.jpeg,https://www.smbbmu.edu.pk/beta/news/details/vice-chancellor-visit-to-ghulam-muhammad-mahar-medical-college-sukkur-09-03-2019
images/news/1571030440image4-thumb-497d6db2.jpeg,https://www.smbbmu.edu.pk/beta/uploads/gallery/events/thumbs/1571030440image4_thumb.jpeg,https://www.smbbmu.edu.pk/beta/news/details/vice-chancellor-visit-to-ghulam-muhammad-mahar-medical-college-sukkur-09-03-2019
images/news/1571030434image5-thumb-9263710c.jpeg,https://www.smbbmu.edu.pk/beta/uploads/gallery/events/thumbs/1571030434image5_thumb.jpeg,https://www.smbbmu.edu.pk/beta/news/details/vice-chancellor-visit-to-ghulam-muhammad-mahar-medical-college-sukkur-09-03-2019
images/news/1571030423image9-thumb-17063e78.jpeg,https://www.smbbmu.edu.pk/beta/uploads/gallery/events/thumbs/1571030423image9_thumb.jpeg,https://www.smbbmu.edu.pk/beta/news/details/vice-chancellor-visit-to-ghulam-muhammad-mahar-medical-college-sukkur-09-03-2019
images/news/1568719786img-1228-thumb.jpg,https://www.smbbmu.edu.pk/beta/uploads/gallery/events/1568719786IMG_1228_thumb.JPG,https://www.smbbmu.edu.pk/beta/news/details/40th-syndicate-meeting-08-31-2019
images/news/1568719768img-1202-thumb.jpg,https://www.smbbmu.edu.pk/beta/uploads/gallery/events/1568719768IMG_1202_thumb.JPG,https://www.smbbmu.edu.pk/beta/news/details/40th-syndicate-meeting-08-31-2019
images/news/1568624045img-1232-thumb.jpg,https://www.smbbmu.edu.pk/beta/uploads/gallery/events/1568624045IMG_1232_thumb.JPG,https://www.smbbmu.edu.pk/beta/news/details/40th-syndicate-meeting-08-31-2019
images/news/1568623921img-1252-thumb.jpg,https://www.smbbmu.edu.pk/beta/uploads/gallery/events/1568623921IMG_1252_thumb.JPG,https://www.smbbmu.edu.pk/beta/news/details/40th-syndicate-meeting-08-31-2019
images/news/1568623918img-1196-thumb.jpg,https://www.smbbmu.edu.pk/beta/uploads/gallery/events/1568623918IMG_1196_thumb.JPG,https://www.smbbmu.edu.pk/beta/news/details/40th-syndicate-meeting-08-31-2019
images/news/1567837749img-1234-thumb.jpg,https://www.smbbmu.edu.pk/beta/uploads/gallery/events/1567837749IMG_1234_thumb.JPG,https://www.smbbmu.edu.pk/beta/news/details/40th-syndicate-meeting-08-31-2019
images/news/1567837583img-1255-thumb.jpg,https://www.smbbmu.edu.pk/beta/uploads/gallery/events/1567837583IMG_1255_thumb.JPG,https://www.smbbmu.edu.pk/beta/news/details/40th-syndicate-meeting-08-31-2019
images/news/1568719786img-1228-thumb-191517e6.jpg,https://www.smbbmu.edu.pk/beta/uploads/gallery/events/thumbs/1568719786IMG_1228_thumb.JPG,https://www.smbbmu.edu.pk/beta/news/details/40th-syndicate-meeting-08-31-2019
images/news/1568719768img-1202-thumb-7d6ab936.jpg,https://www.smbbmu.edu.pk/beta/uploads/gallery/events/thumbs/1568719768IMG_1202_thumb.JPG,https://www.smbbmu.edu.pk/beta/news/details/40th-syndicate-meeting-08-31-2019
images/news/1568624045img-1232-thumb-7f5e9321.jpg,https://www.smbbmu.edu.pk/beta/uploads/gallery/events/thumbs/1568624045IMG_1232_thumb.JPG,https://www.smbbmu.edu.pk/beta/news/details/40th-syndicate-meeting-08-31-2019
images/news/1568623921img-1252-thumb-42e60c82.jpg,https://www.smbbmu.edu.pk/beta/uploads/gallery/events/thumbs/1568623921IMG_1252_thumb.JPG,https://www.smbbmu.edu.pk/beta/news/details/40th-syndicate-meeting-08-31-2019
images/news/1568623918img-1196-thumb-7c08954d.jpg,https://www.smbbmu.edu.pk/beta/uploads/gallery/events/thumbs/1568623918IMG_1196_thumb.JPG,https://www.smbbmu.edu.pk/beta/news/details/40th-syndicate-meeting-08-31-2019
images/news/1567837749img-1234-thumb-936fabbd.jpg,https://www.smbbmu.edu.pk/beta/uploads/gallery/events/thumbs/1567837749IMG_1234_thumb.JPG,https://www.smbbmu.edu.pk/beta/news/details/40th-syndicate-meeting-08-31-2019
images/news/1567837583img-1255-thumb-537b14a1.jpg,https://www.smbbmu.edu.pk/beta/uploads/gallery/events/thumbs/1567837583IMG_1255_thumb.JPG,https://www.smbbmu.edu.pk/beta/news/details/40th-syndicate-meeting-08-31-2019
images/news/1568626157img-1069-thumb.jpg,https://www.smbbmu.edu.pk/beta/uploads/gallery/events/1568626157IMG_1069_thumb.JPG,https://www.smbbmu.edu.pk/beta/news/details/22nd-academic-council-08-26-2019
images/news/1568625171img-1066-thumb.jpg,https://www.smbbmu.edu.pk/beta/uploads/gallery/events/1568625171IMG_1066_thumb.JPG,https://www.smbbmu.edu.pk/beta/news/details/22nd-academic-council-08-26-2019
images/news/1568625171img-1062-thumb.jpg,https://www.smbbmu.edu.pk/beta/uploads/gallery/events/1568625171IMG_1062_thumb.JPG,https://www.smbbmu.edu.pk/beta/news/details/22nd-academic-council-08-26-2019
images/news/1567794953img-1059-thumb.jpg,https://www.smbbmu.edu.pk/beta/uploads/gallery/events/1567794953IMG_1059_thumb.JPG,https://www.smbbmu.edu.pk/beta/news/details/22nd-academic-council-08-26-2019
images/news/1567794944img-1064-thumb.jpg,https://www.smbbmu.edu.pk/beta/uploads/gallery/events/1567794944IMG_1064_thumb.JPG,https://www.smbbmu.edu.pk/beta/news/details/22nd-academic-council-08-26-2019
images/news/1567794944img-1061-thumb.jpg,https://www.smbbmu.edu.pk/beta/uploads/gallery/events/1567794944IMG_1061_thumb.JPG,https://www.smbbmu.edu.pk/beta/news/details/22nd-academic-council-08-26-2019
images/news/1567794912img-1067-thumb.jpg,https://www.smbbmu.edu.pk/beta/uploads/gallery/events/1567794912IMG_1067_thumb.JPG,https://www.smbbmu.edu.pk/beta/news/details/22nd-academic-council-08-26-2019
images/news/1567794912img-1070-thumb.jpg,https://www.smbbmu.edu.pk/beta/uploads/gallery/events/1567794912IMG_1070_thumb.JPG,https://www.smbbmu.edu.pk/beta/news/details/22nd-academic-council-08-26-2019
images/news/1568626157img-1069-thumb-88636eb0.jpg,https://www.smbbmu.edu.pk/beta/uploads/gallery/events/thumbs/1568626157IMG_1069_thumb.JPG,https://www.smbbmu.edu.pk/beta/news/details/22nd-academic-council-08-26-2019
images/news/1568625171img-1066-thumb-05b7c740.jpg,https://www.smbbmu.edu.pk/beta/uploads/gallery/events/thumbs/1568625171IMG_1066_thumb.JPG,https://www.smbbmu.edu.pk/beta/news/details/22nd-academic-council-08-26-2019
images/news/1568625171img-1062-thumb-a8581006.jpg,https://www.smbbmu.edu.pk/beta/uploads/gallery/events/thumbs/1568625171IMG_1062_thumb.JPG,https://www.smbbmu.edu.pk/beta/news/details/22nd-academic-council-08-26-2019
images/news/1567794953img-1059-thumb-1d67adf4.jpg,https://www.smbbmu.edu.pk/beta/uploads/gallery/events/thumbs/1567794953IMG_1059_thumb.JPG,https://www.smbbmu.edu.pk/beta/news/details/22nd-academic-council-08-26-2019
images/news/1567794944img-1064-thumb-c89ca527.jpg,https://www.smbbmu.edu.pk/beta/uploads/gallery/events/thumbs/1567794944IMG_1064_thumb.JPG,https://www.smbbmu.edu.pk/beta/news/details/22nd-academic-council-08-26-2019
images/news/1567794944img-1061-thumb-5770e176.jpg,https://www.smbbmu.edu.pk/beta/uploads/gallery/events/thumbs/1567794944IMG_1061_thumb.JPG,https://www.smbbmu.edu.pk/beta/news/details/22nd-academic-council-08-26-2019
images/news/1567794912img-1067-thumb-6f0ef3ae.jpg,https://www.smbbmu.edu.pk/beta/uploads/gallery/events/thumbs/1567794912IMG_1067_thumb.JPG,https://www.smbbmu.edu.pk/beta/news/details/22nd-academic-council-08-26-2019
images/news/1567794912img-1070-thumb-9cfac445.jpg,https://www.smbbmu.edu.pk/beta/uploads/gallery/events/thumbs/1567794912IMG_1070_thumb.JPG,https://www.smbbmu.edu.pk/beta/news/details/22nd-academic-council-08-26-2019
images/news/1567838438img-0246-thumb.jpg,https://www.smbbmu.edu.pk/beta/uploads/gallery/events/1567838438IMG_0246_thumb.JPG,https://www.smbbmu.edu.pk/beta/news/details/pm-visit-to-smbbmu-08-19-2019
images/news/1567838426123546-thumb.jpg,https://www.smbbmu.edu.pk/beta/uploads/gallery/events/1567838426123546_thumb.JPG,https://www.smbbmu.edu.pk/beta/news/details/pm-visit-to-smbbmu-08-19-2019
images/news/1567838417img-0329-thumb.jpg,https://www.smbbmu.edu.pk/beta/uploads/gallery/events/1567838417IMG_0329_thumb.JPG,https://www.smbbmu.edu.pk/beta/news/details/pm-visit-to-smbbmu-08-19-2019
images/news/1567838403img-0418-thumb.jpg,https://www.smbbmu.edu.pk/beta/uploads/gallery/events/1567838403IMG_0418_thumb.JPG,https://www.smbbmu.edu.pk/beta/news/details/pm-visit-to-smbbmu-08-19-2019
images/news/1567838370img-0773-thumb.jpg,https://www.smbbmu.edu.pk/beta/uploads/gallery/events/1567838370IMG_0773_thumb.JPG,https://www.smbbmu.edu.pk/beta/news/details/pm-visit-to-smbbmu-08-19-2019
images/news/1567838355img-0838-thumb.jpg,https://www.smbbmu.edu.pk/beta/uploads/gallery/events/1567838355IMG_0838_thumb.JPG,https://www.smbbmu.edu.pk/beta/news/details/pm-visit-to-smbbmu-08-19-2019
images/news/1567838278img-0859-thumb.jpg,https://www.smbbmu.edu.pk/beta/uploads/gallery/events/1567838278IMG_0859_thumb.JPG,https://www.smbbmu.edu.pk/beta/news/details/pm-visit-to-smbbmu-08-19-2019
images/news/1567838438img-0246-thumb-9240f284.jpg,https://www.smbbmu.edu.pk/beta/uploads/gallery/events/thumbs/1567838438IMG_0246_thumb.JPG,https://www.smbbmu.edu.pk/beta/news/details/pm-visit-to-smbbmu-08-19-2019
images/news/1567838426123546-thumb-0346670d.jpg,https://www.smbbmu.edu.pk/beta/uploads/gallery/events/thumbs/1567838426123546_thumb.JPG,https://www.smbbmu.edu.pk/beta/news/details/pm-visit-to-smbbmu-08-19-2019
images/news/1567838417img-0329-thumb-72ab4314.jpg,https://www.smbbmu.edu.pk/beta/uploads/gallery/events/thumbs/1567838417IMG_0329_thumb.JPG,https://www.smbbmu.edu.pk/beta/news/details/pm-visit-to-smbbmu-08-19-2019
images/news/1567838403img-0418-thumb-5a7a6b96.jpg,https://www.smbbmu.edu.pk/beta/uploads/gallery/events/thumbs/1567838403IMG_0418_thumb.JPG,https://www.smbbmu.edu.pk/beta/news/details/pm-visit-to-smbbmu-08-19-2019
images/news/1567838370img-0773-thumb-56a01943.jpg,https://www.smbbmu.edu.pk/beta/uploads/gallery/events/thumbs/1567838370IMG_0773_thumb.JPG,https://www.smbbmu.edu.pk/beta/news/details/pm-visit-to-smbbmu-08-19-2019
images/news/1567838355img-0838-thumb-a3249508.jpg,https://www.smbbmu.edu.pk/beta/uploads/gallery/events/thumbs/1567838355IMG_0838_thumb.JPG,https://www.smbbmu.edu.pk/beta/news/details/pm-visit-to-smbbmu-08-19-2019
images/news/1567838278img-0859-thumb-469bedb2.jpg,https://www.smbbmu.edu.pk/beta/uploads/gallery/events/thumbs/1567838278IMG_0859_thumb.JPG,https://www.smbbmu.edu.pk/beta/news/details/pm-visit-to-smbbmu-08-19-2019
images/news/1568624977img-0040-thumb.jpg,https://www.smbbmu.edu.pk/beta/uploads/gallery/events/1568624977IMG_0040_thumb.JPG,https://www.smbbmu.edu.pk/beta/news/details/independence-day-celebrations-08-14-2019
images/news/1568624972img-0020-thumb.jpg,https://www.smbbmu.edu.pk/beta/uploads/gallery/events/1568624972IMG_0020_thumb.JPG,https://www.smbbmu.edu.pk/beta/news/details/independence-day-celebrations-08-14-2019
images/news/1568624891img-9974-thumb.jpg,https://www.smbbmu.edu.pk/beta/uploads/gallery/events/1568624891IMG_9974_thumb.JPG,https://www.smbbmu.edu.pk/beta/news/details/independence-day-celebrations-08-14-2019
images/news/1568624747img-9973-thumb.jpg,https://www.smbbmu.edu.pk/beta/uploads/gallery/events/1568624747IMG_9973_thumb.JPG,https://www.smbbmu.edu.pk/beta/news/details/independence-day-celebrations-08-14-2019
images/news/1568624744img-9969-thumb.jpg,https://www.smbbmu.edu.pk/beta/uploads/gallery/events/1568624744IMG_9969_thumb.JPG,https://www.smbbmu.edu.pk/beta/news/details/independence-day-celebrations-08-14-2019
images/news/1568624742img-9953-thumb.jpg,https://www.smbbmu.edu.pk/beta/uploads/gallery/events/1568624742IMG_9953_thumb.JPG,https://www.smbbmu.edu.pk/beta/news/details/independence-day-celebrations-08-14-2019
images/news/1568624739img-9951-thumb.jpg,https://www.smbbmu.edu.pk/beta/uploads/gallery/events/1568624739IMG_9951_thumb.JPG,https://www.smbbmu.edu.pk/beta/news/details/independence-day-celebrations-08-14-2019
images/news/1568624739img-9946-thumb.jpg,https://www.smbbmu.edu.pk/beta/uploads/gallery/events/1568624739IMG_9946_thumb.JPG,https://www.smbbmu.edu.pk/beta/news/details/independence-day-celebrations-08-14-2019
images/news/1568624977img-0040-thumb-3ddbe307.jpg,https://www.smbbmu.edu.pk/beta/uploads/gallery/events/thumbs/1568624977IMG_0040_thumb.JPG,https://www.smbbmu.edu.pk/beta/news/details/independence-day-celebrations-08-14-2019
images/news/1568624972img-0020-thumb-1c7fec88.jpg,https://www.smbbmu.edu.pk/beta/uploads/gallery/events/thumbs/1568624972IMG_0020_thumb.JPG,https://www.smbbmu.edu.pk/beta/news/details/independence-day-celebrations-08-14-2019
images/news/1568624891img-9974-thumb-6c87c262.jpg,https://www.smbbmu.edu.pk/beta/uploads/gallery/events/thumbs/1568624891IMG_9974_thumb.JPG,https://www.smbbmu.edu.pk/beta/news/details/independence-day-celebrations-08-14-2019
images/news/1568624747img-9973-thumb-1f0ed2ea.jpg,https://www.smbbmu.edu.pk/beta/uploads/gallery/events/thumbs/1568624747IMG_9973_thumb.JPG,https://www.smbbmu.edu.pk/beta/news/details/independence-day-celebrations-08-14-2019
images/news/1568624744img-9969-thumb-c08cad33.jpg,https://www.smbbmu.edu.pk/beta/uploads/gallery/events/thumbs/1568624744IMG_9969_thumb.JPG,https://www.smbbmu.edu.pk/beta/news/details/independence-day-celebrations-08-14-2019
images/news/1568624742img-9953-thumb-66e116e0.jpg,https://www.smbbmu.edu.pk/beta/uploads/gallery/events/thumbs/1568624742IMG_9953_thumb.JPG,https://www.smbbmu.edu.pk/beta/news/details/independence-day-celebrations-08-14-2019
images/news/1568624739img-9951-thumb-f878446a.jpg,https://www.smbbmu.edu.pk/beta/uploads/gallery/events/thumbs/1568624739IMG_9951_thumb.JPG,https://www.smbbmu.edu.pk/beta/news/details/independence-day-celebrations-08-14-2019
images/news/1568624739img-9946-thumb-06d1829a.jpg,https://www.smbbmu.edu.pk/beta/uploads/gallery/events/thumbs/1568624739IMG_9946_thumb.JPG,https://www.smbbmu.edu.pk/beta/news/details/independence-day-celebrations-08-14-2019
images/news/1568625663img-9860-thumb.jpg,https://www.smbbmu.edu.pk/beta/uploads/gallery/events/1568625663IMG_9860_thumb.JPG,https://www.smbbmu.edu.pk/beta/news/details/selection-board-for-administrative-positions-08-09-2019
images/news/1568625588img-9927-thumb.jpg,https://www.smbbmu.edu.pk/beta/uploads/gallery/events/1568625588IMG_9927_thumb.JPG,https://www.smbbmu.edu.pk/beta/news/details/selection-board-for-administrative-positions-08-09-2019
images/news/1568625587img-9899-thumb.jpg,https://www.smbbmu.edu.pk/beta/uploads/gallery/events/1568625587IMG_9899_thumb.JPG,https://www.smbbmu.edu.pk/beta/news/details/selection-board-for-administrative-positions-08-09-2019
images/news/1568625586img-9911-thumb.jpg,https://www.smbbmu.edu.pk/beta/uploads/gallery/events/1568625586IMG_9911_thumb.JPG,https://www.smbbmu.edu.pk/beta/news/details/selection-board-for-administrative-positions-08-09-2019
images/news/1567839055img-9910-thumb.jpg,https://www.smbbmu.edu.pk/beta/uploads/gallery/events/1567839055IMG_9910_thumb.JPG,https://www.smbbmu.edu.pk/beta/news/details/selection-board-for-administrative-positions-08-09-2019
images/news/1567838952img-9924-thumb.jpg,https://www.smbbmu.edu.pk/beta/uploads/gallery/events/1567838952IMG_9924_thumb.JPG,https://www.smbbmu.edu.pk/beta/news/details/selection-board-for-administrative-positions-08-09-2019
images/news/1567838916img-9898-thumb.jpg,https://www.smbbmu.edu.pk/beta/uploads/gallery/events/1567838916IMG_9898_thumb.JPG,https://www.smbbmu.edu.pk/beta/news/details/selection-board-for-administrative-positions-08-09-2019
images/news/1568625663img-9860-thumb-0c4e3d81.jpg,https://www.smbbmu.edu.pk/beta/uploads/gallery/events/thumbs/1568625663IMG_9860_thumb.JPG,https://www.smbbmu.edu.pk/beta/news/details/selection-board-for-administrative-positions-08-09-2019
images/news/1568625588img-9927-thumb-493bb8f4.jpg,https://www.smbbmu.edu.pk/beta/uploads/gallery/events/thumbs/1568625588IMG_9927_thumb.JPG,https://www.smbbmu.edu.pk/beta/news/details/selection-board-for-administrative-positions-08-09-2019
images/news/1568625587img-9899-thumb-0a7b6188.jpg,https://www.smbbmu.edu.pk/beta/uploads/gallery/events/thumbs/1568625587IMG_9899_thumb.JPG,https://www.smbbmu.edu.pk/beta/news/details/selection-board-for-administrative-positions-08-09-2019
images/news/1568625586img-9911-thumb-41b7e708.jpg,https://www.smbbmu.edu.pk/beta/uploads/gallery/events/thumbs/1568625586IMG_9911_thumb.JPG,https://www.smbbmu.edu.pk/beta/news/details/selection-board-for-administrative-positions-08-09-2019
images/news/1567839055img-9910-thumb-71a479cc.jpg,https://www.smbbmu.edu.pk/beta/uploads/gallery/events/thumbs/1567839055IMG_9910_thumb.JPG,https://www.smbbmu.edu.pk/beta/news/details/selection-board-for-administrative-positions-08-09-2019
images/news/1567838952img-9924-thumb-cb06f3be.jpg,https://www.smbbmu.edu.pk/beta/uploads/gallery/events/thumbs/1567838952IMG_9924_thumb.JPG,https://www.smbbmu.edu.pk/beta/news/details/selection-board-for-administrative-positions-08-09-2019
images/news/1567838916img-9898-thumb-9f91e7d3.jpg,https://www.smbbmu.edu.pk/beta/uploads/gallery/events/thumbs/1567838916IMG_9898_thumb.JPG,https://www.smbbmu.edu.pk/beta/news/details/selection-board-for-administrative-positions-08-09-2019
images/news/1558259499photo-2019-05-18-15-44-02-thumb.jpg,https://www.smbbmu.edu.pk/beta/uploads/gallery/events/1558259499PHOTO-2019-05-18-15-44-02_thumb.jpg,https://www.smbbmu.edu.pk/beta/news/details/39th-syndicate-meeting-05-14-2019
images/news/1558259471photo-2019-05-18-15-43-16-thumb.jpg,https://www.smbbmu.edu.pk/beta/uploads/gallery/events/1558259471PHOTO-2019-05-18-15-43-16_thumb.jpg,https://www.smbbmu.edu.pk/beta/news/details/39th-syndicate-meeting-05-14-2019
images/news/1558259466photo-2019-05-18-15-42-52-thumb.jpg,https://www.smbbmu.edu.pk/beta/uploads/gallery/events/1558259466PHOTO-2019-05-18-15-42-52_thumb.jpg,https://www.smbbmu.edu.pk/beta/news/details/39th-syndicate-meeting-05-14-2019
images/news/1558259463photo-2019-05-18-15-38-04-thumb.jpg,https://www.smbbmu.edu.pk/beta/uploads/gallery/events/1558259463PHOTO-2019-05-18-15-38-04_thumb.jpg,https://www.smbbmu.edu.pk/beta/news/details/39th-syndicate-meeting-05-14-2019
images/news/1558259461photo-2019-05-18-15-38-03-thumb.jpg,https://www.smbbmu.edu.pk/beta/uploads/gallery/events/1558259461PHOTO-2019-05-18-15-38-03_thumb.jpg,https://www.smbbmu.edu.pk/beta/news/details/39th-syndicate-meeting-05-14-2019
images/news/1558259499photo-2019-05-18-15-44-02-thumb-548118ef.jpg,https://www.smbbmu.edu.pk/beta/uploads/gallery/events/thumbs/1558259499PHOTO-2019-05-18-15-44-02_thumb.jpg,https://www.smbbmu.edu.pk/beta/news/details/39th-syndicate-meeting-05-14-2019
images/news/1558259471photo-2019-05-18-15-43-16-thumb-db6cb797.jpg,https://www.smbbmu.edu.pk/beta/uploads/gallery/events/thumbs/1558259471PHOTO-2019-05-18-15-43-16_thumb.jpg,https://www.smbbmu.edu.pk/beta/news/details/39th-syndicate-meeting-05-14-2019
images/news/1558259466photo-2019-05-18-15-42-52-thumb-9d9e1b40.jpg,https://www.smbbmu.edu.pk/beta/uploads/gallery/events/thumbs/1558259466PHOTO-2019-05-18-15-42-52_thumb.jpg,https://www.smbbmu.edu.pk/beta/news/details/39th-syndicate-meeting-05-14-2019
images/news/1558259463photo-2019-05-18-15-38-04-thumb-6947e385.jpg,https://www.smbbmu.edu.pk/beta/uploads/gallery/events/thumbs/1558259463PHOTO-2019-05-18-15-38-04_thumb.jpg,https://www.smbbmu.edu.pk/beta/news/details/39th-syndicate-meeting-05-14-2019
images/news/1558259461photo-2019-05-18-15-38-03-thumb-5e1016df.jpg,https://www.smbbmu.edu.pk/beta/uploads/gallery/events/thumbs/1558259461PHOTO-2019-05-18-15-38-03_thumb.jpg,https://www.smbbmu.edu.pk/beta/news/details/39th-syndicate-meeting-05-14-2019
images/news/1553491032img-8533-thumb.jpg,https://www.smbbmu.edu.pk/beta/uploads/gallery/events/1553491032IMG_8533_thumb.JPG,https://www.smbbmu.edu.pk/beta/news/details/pakistan-day-celebrations-03-23-2019
images/news/1553491012img-8599-thumb.jpg,https://www.smbbmu.edu.pk/beta/uploads/gallery/events/1553491012IMG_8599_thumb.JPG,https://www.smbbmu.edu.pk/beta/news/details/pakistan-day-celebrations-03-23-2019
images/news/1553490997img-8539-thumb.jpg,https://www.smbbmu.edu.pk/beta/uploads/gallery/events/1553490997IMG_8539_thumb.JPG,https://www.smbbmu.edu.pk/beta/news/details/pakistan-day-celebrations-03-23-2019
images/news/1553490995img-8564-thumb.jpg,https://www.smbbmu.edu.pk/beta/uploads/gallery/events/1553490995IMG_8564_thumb.JPG,https://www.smbbmu.edu.pk/beta/news/details/pakistan-day-celebrations-03-23-2019
images/news/1553490827img-8584-thumb.jpg,https://www.smbbmu.edu.pk/beta/uploads/gallery/events/1553490827IMG_8584_thumb.JPG,https://www.smbbmu.edu.pk/beta/news/details/pakistan-day-celebrations-03-23-2019
images/news/1553491032img-8533-thumb-644b1291.jpg,https://www.smbbmu.edu.pk/beta/uploads/gallery/events/thumbs/1553491032IMG_8533_thumb.JPG,https://www.smbbmu.edu.pk/beta/news/details/pakistan-day-celebrations-03-23-2019
images/news/1553491012img-8599-thumb-c8e877ca.jpg,https://www.smbbmu.edu.pk/beta/uploads/gallery/events/thumbs/1553491012IMG_8599_thumb.JPG,https://www.smbbmu.edu.pk/beta/news/details/pakistan-day-celebrations-03-23-2019
images/news/1553490997img-8539-thumb-bb1a3076.jpg,https://www.smbbmu.edu.pk/beta/uploads/gallery/events/thumbs/1553490997IMG_8539_thumb.JPG,https://www.smbbmu.edu.pk/beta/news/details/pakistan-day-celebrations-03-23-2019
images/news/1553490995img-8564-thumb-0e7d60fd.jpg,https://www.smbbmu.edu.pk/beta/uploads/gallery/events/thumbs/1553490995IMG_8564_thumb.JPG,https://www.smbbmu.edu.pk/beta/news/details/pakistan-day-celebrations-03-23-2019
images/news/1553490827img-8584-thumb-873521ba.jpg,https://www.smbbmu.edu.pk/beta/uploads/gallery/events/thumbs/1553490827IMG_8584_thumb.JPG,https://www.smbbmu.edu.pk/beta/news/details/pakistan-day-celebrations-03-23-2019
images/news/1552024182img-8300-thumb.jpg,https://www.smbbmu.edu.pk/beta/uploads/gallery/events/1552024182IMG_8300_thumb.JPG,https://www.smbbmu.edu.pk/beta/news/details/38th-syndicate-meeting-03-05-2019
images/news/1552024180img-8304-thumb.jpg,https://www.smbbmu.edu.pk/beta/uploads/gallery/events/1552024180IMG_8304_thumb.JPG,https://www.smbbmu.edu.pk/beta/news/details/38th-syndicate-meeting-03-05-2019
images/news/1552024163img-8306-thumb.jpg,https://www.smbbmu.edu.pk/beta/uploads/gallery/events/1552024163IMG_8306_thumb.JPG,https://www.smbbmu.edu.pk/beta/news/details/38th-syndicate-meeting-03-05-2019
images/news/1552024160img-8316-thumb.jpg,https://www.smbbmu.edu.pk/beta/uploads/gallery/events/1552024160IMG_8316_thumb.JPG,https://www.smbbmu.edu.pk/beta/news/details/38th-syndicate-meeting-03-05-2019
images/news/1552024182img-8300-thumb-a009b357.jpg,https://www.smbbmu.edu.pk/beta/uploads/gallery/events/thumbs/1552024182IMG_8300_thumb.JPG,https://www.smbbmu.edu.pk/beta/news/details/38th-syndicate-meeting-03-05-2019
images/news/1552024180img-8304-thumb-2a9f5d0a.jpg,https://www.smbbmu.edu.pk/beta/uploads/gallery/events/thumbs/1552024180IMG_8304_thumb.JPG,https://www.smbbmu.edu.pk/beta/news/details/38th-syndicate-meeting-03-05-2019
images/news/1552024163img-8306-thumb-4f2a38b7.jpg,https://www.smbbmu.edu.pk/beta/uploads/gallery/events/thumbs/1552024163IMG_8306_thumb.JPG,https://www.smbbmu.edu.pk/beta/news/details/38th-syndicate-meeting-03-05-2019
images/news/1552024160img-8316-thumb-3796b84b.jpg,https://www.smbbmu.edu.pk/beta/uploads/gallery/events/thumbs/1552024160IMG_8316_thumb.JPG,https://www.smbbmu.edu.pk/beta/news/details/38th-syndicate-meeting-03-05-2019
images/news/1551851310img-8238-thumb.jpg,https://www.smbbmu.edu.pk/beta/uploads/gallery/events/1551851310IMG_8238_thumb.JPG,https://www.smbbmu.edu.pk/beta/news/details/spring-tree-plantation-ceremony-cmc-03-04-2019
images/news/1551851247img-8246-thumb.jpg,https://www.smbbmu.edu.pk/beta/uploads/gallery/events/1551851247IMG_8246_thumb.JPG,https://www.smbbmu.edu.pk/beta/news/details/spring-tree-plantation-ceremony-cmc-03-04-2019
images/news/1551850703img-8233-thumb.jpg,https://www.smbbmu.edu.pk/beta/uploads/gallery/events/1551850703IMG_8233_thumb.JPG,https://www.smbbmu.edu.pk/beta/news/details/spring-tree-plantation-ceremony-cmc-03-04-2019
images/news/1551851310img-8238-thumb-681a54bc.jpg,https://www.smbbmu.edu.pk/beta/uploads/gallery/events/thumbs/1551851310IMG_8238_thumb.JPG,https://www.smbbmu.edu.pk/beta/news/details/spring-tree-plantation-ceremony-cmc-03-04-2019
images/news/1551851247img-8246-thumb-ae2540d1.jpg,https://www.smbbmu.edu.pk/beta/uploads/gallery/events/thumbs/1551851247IMG_8246_thumb.JPG,https://www.smbbmu.edu.pk/beta/news/details/spring-tree-plantation-ceremony-cmc-03-04-2019
images/news/1551850703img-8233-thumb-6bb874f3.jpg,https://www.smbbmu.edu.pk/beta/uploads/gallery/events/thumbs/1551850703IMG_8233_thumb.JPG,https://www.smbbmu.edu.pk/beta/news/details/spring-tree-plantation-ceremony-cmc-03-04-2019
images/news/1550037690photo-2019-02-12-19-02-20-thumb.jpg,https://www.smbbmu.edu.pk/beta/uploads/gallery/events/1550037690PHOTO-2019-02-12-19-02-20_thumb.jpg,https://www.smbbmu.edu.pk/beta/news/details/laptop-distribution-ceremony-gmmmc-02-12-2019
images/news/1550037687photo-2019-02-12-19-02-19-thumb.jpg,https://www.smbbmu.edu.pk/beta/uploads/gallery/events/1550037687PHOTO-2019-02-12-19-02-19_thumb.jpg,https://www.smbbmu.edu.pk/beta/news/details/laptop-distribution-ceremony-gmmmc-02-12-2019
images/news/1550037684photo-2019-02-12-19-02-18-thumb.jpg,https://www.smbbmu.edu.pk/beta/uploads/gallery/events/1550037684PHOTO-2019-02-12-19-02-18_thumb.jpg,https://www.smbbmu.edu.pk/beta/news/details/laptop-distribution-ceremony-gmmmc-02-12-2019
images/news/1550037682photo-2019-02-12-19-02-17-thumb.jpg,https://www.smbbmu.edu.pk/beta/uploads/gallery/events/1550037682PHOTO-2019-02-12-19-02-17_thumb.jpg,https://www.smbbmu.edu.pk/beta/news/details/laptop-distribution-ceremony-gmmmc-02-12-2019
images/news/1550037679photo-2019-02-12-19-02-14-thumb.jpg,https://www.smbbmu.edu.pk/beta/uploads/gallery/events/1550037679PHOTO-2019-02-12-19-02-14_thumb.jpg,https://www.smbbmu.edu.pk/beta/news/details/laptop-distribution-ceremony-gmmmc-02-12-2019
images/news/1550037677photo-2019-02-12-19-02-13-thumb.jpg,https://www.smbbmu.edu.pk/beta/uploads/gallery/events/1550037677PHOTO-2019-02-12-19-02-13_thumb.jpg,https://www.smbbmu.edu.pk/beta/news/details/laptop-distribution-ceremony-gmmmc-02-12-2019
images/news/1550037674photo-2019-02-12-14-33-09-thumb.jpg,https://www.smbbmu.edu.pk/beta/uploads/gallery/events/1550037674PHOTO-2019-02-12-14-33-09_thumb.jpg,https://www.smbbmu.edu.pk/beta/news/details/laptop-distribution-ceremony-gmmmc-02-12-2019
images/news/1550037673photo-2019-02-12-14-33-06-thumb.jpg,https://www.smbbmu.edu.pk/beta/uploads/gallery/events/1550037673PHOTO-2019-02-12-14-33-06_thumb.jpg,https://www.smbbmu.edu.pk/beta/news/details/laptop-distribution-ceremony-gmmmc-02-12-2019
images/news/1550037663photo-2019-02-12-14-31-21-thumb.jpg,https://www.smbbmu.edu.pk/beta/uploads/gallery/events/1550037663PHOTO-2019-02-12-14-31-21_thumb.jpg,https://www.smbbmu.edu.pk/beta/news/details/laptop-distribution-ceremony-gmmmc-02-12-2019
images/news/1550037661photo-2019-02-12-14-31-28-thumb.jpg,https://www.smbbmu.edu.pk/beta/uploads/gallery/events/1550037661PHOTO-2019-02-12-14-31-28_thumb.jpg,https://www.smbbmu.edu.pk/beta/news/details/laptop-distribution-ceremony-gmmmc-02-12-2019
images/news/1550037690photo-2019-02-12-19-02-20-thumb-92079b36.jpg,https://www.smbbmu.edu.pk/beta/uploads/gallery/events/thumbs/1550037690PHOTO-2019-02-12-19-02-20_thumb.jpg,https://www.smbbmu.edu.pk/beta/news/details/laptop-distribution-ceremony-gmmmc-02-12-2019
images/news/1550037687photo-2019-02-12-19-02-19-thumb-2dfd4120.jpg,https://www.smbbmu.edu.pk/beta/uploads/gallery/events/thumbs/1550037687PHOTO-2019-02-12-19-02-19_thumb.jpg,https://www.smbbmu.edu.pk/beta/news/details/laptop-distribution-ceremony-gmmmc-02-12-2019
images/news/1550037684photo-2019-02-12-19-02-18-thumb-1dec04bd.jpg,https://www.smbbmu.edu.pk/beta/uploads/gallery/events/thumbs/1550037684PHOTO-2019-02-12-19-02-18_thumb.jpg,https://www.smbbmu.edu.pk/beta/news/details/laptop-distribution-ceremony-gmmmc-02-12-2019
images/news/1550037682photo-2019-02-12-19-02-17-thumb-b66ed4df.jpg,https://www.smbbmu.edu.pk/beta/uploads/gallery/events/thumbs/1550037682PHOTO-2019-02-12-19-02-17_thumb.jpg,https://www.smbbmu.edu.pk/beta/news/details/laptop-distribution-ceremony-gmmmc-02-12-2019
images/news/1550037679photo-2019-02-12-19-02-14-thumb-a74520b8.jpg,https://www.smbbmu.edu.pk/beta/uploads/gallery/events/thumbs/1550037679PHOTO-2019-02-12-19-02-14_thumb.jpg,https://www.smbbmu.edu.pk/beta/news/details/laptop-distribution-ceremony-gmmmc-02-12-2019
images/news/1550037677photo-2019-02-12-19-02-13-thumb-5c9a2ab7.jpg,https://www.smbbmu.edu.pk/beta/uploads/gallery/events/thumbs/1550037677PHOTO-2019-02-12-19-02-13_thumb.jpg,https://www.smbbmu.edu.pk/beta/news/details/laptop-distribution-ceremony-gmmmc-02-12-2019
images/news/1550037674photo-2019-02-12-14-33-09-thumb-c869d117.jpg,https://www.smbbmu.edu.pk/beta/uploads/gallery/events/thumbs/1550037674PHOTO-2019-02-12-14-33-09_thumb.jpg,https://www.smbbmu.edu.pk/beta/news/details/laptop-distribution-ceremony-gmmmc-02-12-2019
images/news/1550037673photo-2019-02-12-14-33-06-thumb-f664ed0d.jpg,https://www.smbbmu.edu.pk/beta/uploads/gallery/events/thumbs/1550037673PHOTO-2019-02-12-14-33-06_thumb.jpg,https://www.smbbmu.edu.pk/beta/news/details/laptop-distribution-ceremony-gmmmc-02-12-2019
images/news/1550037663photo-2019-02-12-14-31-21-thumb-a10eefb5.jpg,https://www.smbbmu.edu.pk/beta/uploads/gallery/events/thumbs/1550037663PHOTO-2019-02-12-14-31-21_thumb.jpg,https://www.smbbmu.edu.pk/beta/news/details/laptop-distribution-ceremony-gmmmc-02-12-2019
images/news/1550037661photo-2019-02-12-14-31-28-thumb-531fb54d.jpg,https://www.smbbmu.edu.pk/beta/uploads/gallery/events/thumbs/1550037661PHOTO-2019-02-12-14-31-28_thumb.jpg,https://www.smbbmu.edu.pk/beta/news/details/laptop-distribution-ceremony-gmmmc-02-12-2019
images/news/1548660214ac-2-thumb.jpg,https://www.smbbmu.edu.pk/beta/uploads/gallery/events/1548660214AC  (2)_thumb.JPG,https://www.smbbmu.edu.pk/beta/news/details/who-team-visit-to-smbbmu-01-25-2019
images/news/1548660204ac-6-thumb.jpg,https://www.smbbmu.edu.pk/beta/uploads/gallery/events/1548660204AC  (6)_thumb.JPG,https://www.smbbmu.edu.pk/beta/news/details/who-team-visit-to-smbbmu-01-25-2019
images/news/1548655341ac-11-thumb.jpg,https://www.smbbmu.edu.pk/beta/uploads/gallery/events/1548655341AC  (11)_thumb.JPG,https://www.smbbmu.edu.pk/beta/news/details/who-team-visit-to-smbbmu-01-25-2019
images/news/1548655323ac-5-thumb.jpg,https://www.smbbmu.edu.pk/beta/uploads/gallery/events/1548655323AC  (5)_thumb.JPG,https://www.smbbmu.edu.pk/beta/news/details/who-team-visit-to-smbbmu-01-25-2019
images/news/1548660214ac-2-thumb-f8654fe7.jpg,https://www.smbbmu.edu.pk/beta/uploads/gallery/events/thumbs/1548660214AC  (2)_thumb.JPG,https://www.smbbmu.edu.pk/beta/news/details/who-team-visit-to-smbbmu-01-25-2019
images/news/1548660204ac-6-thumb-b43e28d8.jpg,https://www.smbbmu.edu.pk/beta/uploads/gallery/events/thumbs/1548660204AC  (6)_thumb.JPG,https://www.smbbmu.edu.pk/beta/news/details/who-team-visit-to-smbbmu-01-25-2019
images/news/1548655341ac-11-thumb-128fb1bf.jpg,https://www.smbbmu.edu.pk/beta/uploads/gallery/events/thumbs/1548655341AC  (11)_thumb.JPG,https://www.smbbmu.edu.pk/beta/news/details/who-team-visit-to-smbbmu-01-25-2019
images/news/1548655323ac-5-thumb-ca2635d6.jpg,https://www.smbbmu.edu.pk/beta/uploads/gallery/events/thumbs/1548655323AC  (5)_thumb.JPG,https://www.smbbmu.edu.pk/beta/news/details/who-team-visit-to-smbbmu-01-25-2019
images/news/1547966220photo-2019-01-17-18-49-47-thumb.jpg,https://www.smbbmu.edu.pk/beta/uploads/gallery/events/1547966220PHOTO-2019-01-17-18-49-47_thumb.jpg,https://www.smbbmu.edu.pk/beta/news/details/laptop-distribution-ceremony-01-18-2019
images/news/1547966218photo-2019-01-17-18-49-56-2-thumb.jpg,https://www.smbbmu.edu.pk/beta/uploads/gallery/events/1547966218PHOTO-2019-01-17-18-49-56 2_thumb.jpg,https://www.smbbmu.edu.pk/beta/news/details/laptop-distribution-ceremony-01-18-2019
images/news/1547966216photo-2019-01-17-18-49-55-2-thumb.jpg,https://www.smbbmu.edu.pk/beta/uploads/gallery/events/1547966216PHOTO-2019-01-17-18-49-55 2_thumb.jpg,https://www.smbbmu.edu.pk/beta/news/details/laptop-distribution-ceremony-01-18-2019
images/news/1547966215photo-2019-01-17-18-49-55-thumb.jpg,https://www.smbbmu.edu.pk/beta/uploads/gallery/events/1547966215PHOTO-2019-01-17-18-49-55_thumb.jpg,https://www.smbbmu.edu.pk/beta/news/details/laptop-distribution-ceremony-01-18-2019
images/news/1547966211photo-2019-01-17-18-49-54-thumb.jpg,https://www.smbbmu.edu.pk/beta/uploads/gallery/events/1547966211PHOTO-2019-01-17-18-49-54_thumb.jpg,https://www.smbbmu.edu.pk/beta/news/details/laptop-distribution-ceremony-01-18-2019
images/news/1547966125photo-2019-01-17-18-49-58-2-thumb.jpg,https://www.smbbmu.edu.pk/beta/uploads/gallery/events/1547966125PHOTO-2019-01-17-18-49-58 2_thumb.jpg,https://www.smbbmu.edu.pk/beta/news/details/laptop-distribution-ceremony-01-18-2019
images/news/1547966122photo-2019-01-17-18-49-57-thumb.jpg,https://www.smbbmu.edu.pk/beta/uploads/gallery/events/1547966122PHOTO-2019-01-17-18-49-57_thumb.jpg,https://www.smbbmu.edu.pk/beta/news/details/laptop-distribution-ceremony-01-18-2019
images/news/1547966115photo-2019-01-17-18-49-59-2-thumb.jpg,https://www.smbbmu.edu.pk/beta/uploads/gallery/events/1547966115PHOTO-2019-01-17-18-49-59 2_thumb.jpg,https://www.smbbmu.edu.pk/beta/news/details/laptop-distribution-ceremony-01-18-2019
images/news/1547966114photo-2019-01-17-18-49-59-thumb.jpg,https://www.smbbmu.edu.pk/beta/uploads/gallery/events/1547966114PHOTO-2019-01-17-18-49-59_thumb.jpg,https://www.smbbmu.edu.pk/beta/news/details/laptop-distribution-ceremony-01-18-2019
images/news/1547966110photo-2019-01-17-18-50-01-thumb.jpg,https://www.smbbmu.edu.pk/beta/uploads/gallery/events/1547966110PHOTO-2019-01-17-18-50-01_thumb.jpg,https://www.smbbmu.edu.pk/beta/news/details/laptop-distribution-ceremony-01-18-2019
images/news/1547965448.jpg,https://www.smbbmu.edu.pk/beta/uploads/news/images/1547965448.jpg,https://www.smbbmu.edu.pk/beta/news/details/laptop-distribution-ceremony-01-18-2019
images/news/1547966220photo-2019-01-17-18-49-47-thumb-785f09f9.jpg,https://www.smbbmu.edu.pk/beta/uploads/gallery/events/thumbs/1547966220PHOTO-2019-01-17-18-49-47_thumb.jpg,https://www.smbbmu.edu.pk/beta/news/details/laptop-distribution-ceremony-01-18-2019
images/news/1547966218photo-2019-01-17-18-49-56-2-thumb-b1dadfab.jpg,https://www.smbbmu.edu.pk/beta/uploads/gallery/events/thumbs/1547966218PHOTO-2019-01-17-18-49-56 2_thumb.jpg,https://www.smbbmu.edu.pk/beta/news/details/laptop-distribution-ceremony-01-18-2019
images/news/1547966216photo-2019-01-17-18-49-55-2-thumb-f11e7e16.jpg,https://www.smbbmu.edu.pk/beta/uploads/gallery/events/thumbs/1547966216PHOTO-2019-01-17-18-49-55 2_thumb.jpg,https://www.smbbmu.edu.pk/beta/news/details/laptop-distribution-ceremony-01-18-2019
images/news/1547966215photo-2019-01-17-18-49-55-thumb-bc30f11f.jpg,https://www.smbbmu.edu.pk/beta/uploads/gallery/events/thumbs/1547966215PHOTO-2019-01-17-18-49-55_thumb.jpg,https://www.smbbmu.edu.pk/beta/news/details/laptop-distribution-ceremony-01-18-2019
images/news/1547966211photo-2019-01-17-18-49-54-thumb-559d2b2b.jpg,https://www.smbbmu.edu.pk/beta/uploads/gallery/events/thumbs/1547966211PHOTO-2019-01-17-18-49-54_thumb.jpg,https://www.smbbmu.edu.pk/beta/news/details/laptop-distribution-ceremony-01-18-2019
images/news/1547966125photo-2019-01-17-18-49-58-2-thumb-fbf64e12.jpg,https://www.smbbmu.edu.pk/beta/uploads/gallery/events/thumbs/1547966125PHOTO-2019-01-17-18-49-58 2_thumb.jpg,https://www.smbbmu.edu.pk/beta/news/details/laptop-distribution-ceremony-01-18-2019
images/news/1547966122photo-2019-01-17-18-49-57-thumb-7ca4c7b1.jpg,https://www.smbbmu.edu.pk/beta/uploads/gallery/events/thumbs/1547966122PHOTO-2019-01-17-18-49-57_thumb.jpg,https://www.smbbmu.edu.pk/beta/news/details/laptop-distribution-ceremony-01-18-2019
images/news/1547966115photo-2019-01-17-18-49-59-2-thumb-5f70d8ad.jpg,https://www.smbbmu.edu.pk/beta/uploads/gallery/events/thumbs/1547966115PHOTO-2019-01-17-18-49-59 2_thumb.jpg,https://www.smbbmu.edu.pk/beta/news/details/laptop-distribution-ceremony-01-18-2019
images/news/1547966114photo-2019-01-17-18-49-59-thumb-d3a86f87.jpg,https://www.smbbmu.edu.pk/beta/uploads/gallery/events/thumbs/1547966114PHOTO-2019-01-17-18-49-59_thumb.jpg,https://www.smbbmu.edu.pk/beta/news/details/laptop-distribution-ceremony-01-18-2019
images/news/1547966110photo-2019-01-17-18-50-01-thumb-72220210.jpg,https://www.smbbmu.edu.pk/beta/uploads/gallery/events/thumbs/1547966110PHOTO-2019-01-17-18-50-01_thumb.jpg,https://www.smbbmu.edu.pk/beta/news/details/laptop-distribution-ceremony-01-18-2019
images/news/1547971317img-3940-thumb.jpg,https://www.smbbmu.edu.pk/beta/uploads/gallery/events/1547971317IMG_3940_thumb.JPG,https://www.smbbmu.edu.pk/beta/news/details/16th-day-one-celebration-of-gmmmc-smbbmu-01-10-2019
images/news/1547971312img-3931-thumb.jpg,https://www.smbbmu.edu.pk/beta/uploads/gallery/events/1547971312IMG_3931_thumb.JPG,https://www.smbbmu.edu.pk/beta/news/details/16th-day-one-celebration-of-gmmmc-smbbmu-01-10-2019
images/news/1547971312img-3923-thumb.jpg,https://www.smbbmu.edu.pk/beta/uploads/gallery/events/1547971312IMG_3923_thumb.JPG,https://www.smbbmu.edu.pk/beta/news/details/16th-day-one-celebration-of-gmmmc-smbbmu-01-10-2019
images/news/1547971259img-3963-thumb.jpg,https://www.smbbmu.edu.pk/beta/uploads/gallery/events/1547971259IMG_3963_thumb.JPG,https://www.smbbmu.edu.pk/beta/news/details/16th-day-one-celebration-of-gmmmc-smbbmu-01-10-2019
images/news/1547971253img-3964-thumb.jpg,https://www.smbbmu.edu.pk/beta/uploads/gallery/events/1547971253IMG_3964_thumb.JPG,https://www.smbbmu.edu.pk/beta/news/details/16th-day-one-celebration-of-gmmmc-smbbmu-01-10-2019
images/news/1547971253img-3965-thumb.jpg,https://www.smbbmu.edu.pk/beta/uploads/gallery/events/1547971253IMG_3965_thumb.JPG,https://www.smbbmu.edu.pk/beta/news/details/16th-day-one-celebration-of-gmmmc-smbbmu-01-10-2019
images/news/1547971317img-3940-thumb-2b74ce6f.jpg,https://www.smbbmu.edu.pk/beta/uploads/gallery/events/thumbs/1547971317IMG_3940_thumb.JPG,https://www.smbbmu.edu.pk/beta/news/details/16th-day-one-celebration-of-gmmmc-smbbmu-01-10-2019
images/news/1547971312img-3931-thumb-527d7b54.jpg,https://www.smbbmu.edu.pk/beta/uploads/gallery/events/thumbs/1547971312IMG_3931_thumb.JPG,https://www.smbbmu.edu.pk/beta/news/details/16th-day-one-celebration-of-gmmmc-smbbmu-01-10-2019
images/news/1547971312img-3923-thumb-41e47887.jpg,https://www.smbbmu.edu.pk/beta/uploads/gallery/events/thumbs/1547971312IMG_3923_thumb.JPG,https://www.smbbmu.edu.pk/beta/news/details/16th-day-one-celebration-of-gmmmc-smbbmu-01-10-2019
images/news/1547971259img-3963-thumb-d56e63bb.jpg,https://www.smbbmu.edu.pk/beta/uploads/gallery/events/thumbs/1547971259IMG_3963_thumb.JPG,https://www.smbbmu.edu.pk/beta/news/details/16th-day-one-celebration-of-gmmmc-smbbmu-01-10-2019
images/news/1547971253img-3964-thumb-8f81c7be.jpg,https://www.smbbmu.edu.pk/beta/uploads/gallery/events/thumbs/1547971253IMG_3964_thumb.JPG,https://www.smbbmu.edu.pk/beta/news/details/16th-day-one-celebration-of-gmmmc-smbbmu-01-10-2019
images/news/1547971253img-3965-thumb-4d86c1d2.jpg,https://www.smbbmu.edu.pk/beta/uploads/gallery/events/thumbs/1547971253IMG_3965_thumb.JPG,https://www.smbbmu.edu.pk/beta/news/details/16th-day-one-celebration-of-gmmmc-smbbmu-01-10-2019
images/news/1546234781ab-22-thumb.jpg,https://www.smbbmu.edu.pk/beta/uploads/gallery/events/1546234781AB (22)_thumb.JPG,https://www.smbbmu.edu.pk/beta/news/details/47th-day-one-celebration-of-cmc-smbbmu-12-29-2018
images/news/1546234746ab-3-thumb.jpg,https://www.smbbmu.edu.pk/beta/uploads/gallery/events/1546234746AB (3)_thumb.JPG,https://www.smbbmu.edu.pk/beta/news/details/47th-day-one-celebration-of-cmc-smbbmu-12-29-2018
images/news/1546234728ab-16-thumb.jpg,https://www.smbbmu.edu.pk/beta/uploads/gallery/events/1546234728AB (16)_thumb.JPG,https://www.smbbmu.edu.pk/beta/news/details/47th-day-one-celebration-of-cmc-smbbmu-12-29-2018
images/news/1546234672ab-23-thumb.jpg,https://www.smbbmu.edu.pk/beta/uploads/gallery/events/1546234672AB (23)_thumb.JPG,https://www.smbbmu.edu.pk/beta/news/details/47th-day-one-celebration-of-cmc-smbbmu-12-29-2018
images/news/1546234654ab-17-thumb.jpg,https://www.smbbmu.edu.pk/beta/uploads/gallery/events/1546234654AB (17)_thumb.JPG,https://www.smbbmu.edu.pk/beta/news/details/47th-day-one-celebration-of-cmc-smbbmu-12-29-2018
images/news/1546234637ab-19-thumb.jpg,https://www.smbbmu.edu.pk/beta/uploads/gallery/events/1546234637AB (19)_thumb.JPG,https://www.smbbmu.edu.pk/beta/news/details/47th-day-one-celebration-of-cmc-smbbmu-12-29-2018
images/news/1546234554ab-14-thumb.jpg,https://www.smbbmu.edu.pk/beta/uploads/gallery/events/1546234554AB (14)_thumb.JPG,https://www.smbbmu.edu.pk/beta/news/details/47th-day-one-celebration-of-cmc-smbbmu-12-29-2018
images/news/1546234781ab-22-thumb-909a480a.jpg,https://www.smbbmu.edu.pk/beta/uploads/gallery/events/thumbs/1546234781AB (22)_thumb.JPG,https://www.smbbmu.edu.pk/beta/news/details/47th-day-one-celebration-of-cmc-smbbmu-12-29-2018
images/news/1546234746ab-3-thumb-5d110e12.jpg,https://www.smbbmu.edu.pk/beta/uploads/gallery/events/thumbs/1546234746AB (3)_thumb.JPG,https://www.smbbmu.edu.pk/beta/news/details/47th-day-one-celebration-of-cmc-smbbmu-12-29-2018
images/news/1546234728ab-16-thumb-bc1cdaf5.jpg,https://www.smbbmu.edu.pk/beta/uploads/gallery/events/thumbs/1546234728AB (16)_thumb.JPG,https://www.smbbmu.edu.pk/beta/news/details/47th-day-one-celebration-of-cmc-smbbmu-12-29-2018
images/news/1546234672ab-23-thumb-e1489524.jpg,https://www.smbbmu.edu.pk/beta/uploads/gallery/events/thumbs/1546234672AB (23)_thumb.JPG,https://www.smbbmu.edu.pk/beta/news/details/47th-day-one-celebration-of-cmc-smbbmu-12-29-2018
images/news/1546234654ab-17-thumb-fc0a7234.jpg,https://www.smbbmu.edu.pk/beta/uploads/gallery/events/thumbs/1546234654AB (17)_thumb.JPG,https://www.smbbmu.edu.pk/beta/news/details/47th-day-one-celebration-of-cmc-smbbmu-12-29-2018
images/news/1546234637ab-19-thumb-32c4ab48.jpg,https://www.smbbmu.edu.pk/beta/uploads/gallery/events/thumbs/1546234637AB (19)_thumb.JPG,https://www.smbbmu.edu.pk/beta/news/details/47th-day-one-celebration-of-cmc-smbbmu-12-29-2018
images/news/1546234554ab-14-thumb-d1b0e276.jpg,https://www.smbbmu.edu.pk/beta/uploads/gallery/events/thumbs/1546234554AB (14)_thumb.JPG,https://www.smbbmu.edu.pk/beta/news/details/47th-day-one-celebration-of-cmc-smbbmu-12-29-2018
images/news/1540184600b-15-thumb.jpg,https://www.smbbmu.edu.pk/beta/uploads/gallery/events/1540184600B (15)_thumb.JPG,https://www.smbbmu.edu.pk/beta/news/details/seminar-on-breast-cancer-awareness-day-10-15-2018
images/news/1540184595b-16-thumb.jpg,https://www.smbbmu.edu.pk/beta/uploads/gallery/events/1540184595B (16)_thumb.JPG,https://www.smbbmu.edu.pk/beta/news/details/seminar-on-breast-cancer-awareness-day-10-15-2018
images/news/1540184583b-14-thumb.jpg,https://www.smbbmu.edu.pk/beta/uploads/gallery/events/1540184583B (14)_thumb.JPG,https://www.smbbmu.edu.pk/beta/news/details/seminar-on-breast-cancer-awareness-day-10-15-2018
images/news/1540184572ab-thumb.jpg,https://www.smbbmu.edu.pk/beta/uploads/gallery/events/1540184572AB_thumb.JPG,https://www.smbbmu.edu.pk/beta/news/details/seminar-on-breast-cancer-awareness-day-10-15-2018
images/news/1540184572b-13-thumb.jpg,https://www.smbbmu.edu.pk/beta/uploads/gallery/events/1540184572B (13)_thumb.JPG,https://www.smbbmu.edu.pk/beta/news/details/seminar-on-breast-cancer-awareness-day-10-15-2018
images/news/1540184566b-12-thumb.jpg,https://www.smbbmu.edu.pk/beta/uploads/gallery/events/1540184566B (12)_thumb.JPG,https://www.smbbmu.edu.pk/beta/news/details/seminar-on-breast-cancer-awareness-day-10-15-2018
images/news/1540184555b-11-thumb.jpg,https://www.smbbmu.edu.pk/beta/uploads/gallery/events/1540184555B (11)_thumb.JPG,https://www.smbbmu.edu.pk/beta/news/details/seminar-on-breast-cancer-awareness-day-10-15-2018
images/news/1540184549b-7-thumb.jpg,https://www.smbbmu.edu.pk/beta/uploads/gallery/events/1540184549B (7)_thumb.JPG,https://www.smbbmu.edu.pk/beta/news/details/seminar-on-breast-cancer-awareness-day-10-15-2018
images/news/1540184600b-15-thumb-75d0f6e3.jpg,https://www.smbbmu.edu.pk/beta/uploads/gallery/events/thumbs/1540184600B (15)_thumb.JPG,https://www.smbbmu.edu.pk/beta/news/details/seminar-on-breast-cancer-awareness-day-10-15-2018
images/news/1540184595b-16-thumb-8e7157a9.jpg,https://www.smbbmu.edu.pk/beta/uploads/gallery/events/thumbs/1540184595B (16)_thumb.JPG,https://www.smbbmu.edu.pk/beta/news/details/seminar-on-breast-cancer-awareness-day-10-15-2018
images/news/1540184583b-14-thumb-9be6bfe1.jpg,https://www.smbbmu.edu.pk/beta/uploads/gallery/events/thumbs/1540184583B (14)_thumb.JPG,https://www.smbbmu.edu.pk/beta/news/details/seminar-on-breast-cancer-awareness-day-10-15-2018
images/news/1540184572ab-thumb-263f0f01.jpg,https://www.smbbmu.edu.pk/beta/uploads/gallery/events/thumbs/1540184572AB_thumb.JPG,https://www.smbbmu.edu.pk/beta/news/details/seminar-on-breast-cancer-awareness-day-10-15-2018
images/news/1540184572b-13-thumb-a3f5831f.jpg,https://www.smbbmu.edu.pk/beta/uploads/gallery/events/thumbs/1540184572B (13)_thumb.JPG,https://www.smbbmu.edu.pk/beta/news/details/seminar-on-breast-cancer-awareness-day-10-15-2018
images/news/1540184566b-12-thumb-08ce0878.jpg,https://www.smbbmu.edu.pk/beta/uploads/gallery/events/thumbs/1540184566B (12)_thumb.JPG,https://www.smbbmu.edu.pk/beta/news/details/seminar-on-breast-cancer-awareness-day-10-15-2018
images/news/1540184555b-11-thumb-289e102f.jpg,https://www.smbbmu.edu.pk/beta/uploads/gallery/events/thumbs/1540184555B (11)_thumb.JPG,https://www.smbbmu.edu.pk/beta/news/details/seminar-on-breast-cancer-awareness-day-10-15-2018
images/news/1540184549b-7-thumb-08e23925.jpg,https://www.smbbmu.edu.pk/beta/uploads/gallery/events/thumbs/1540184549B (7)_thumb.JPG,https://www.smbbmu.edu.pk/beta/news/details/seminar-on-breast-cancer-awareness-day-10-15-2018
images/news/15392382386ea23296-caf6-422a-bc37-8ec7e97be540-thumb.jpg,https://www.smbbmu.edu.pk/beta/uploads/gallery/events/15392382386ea23296-caf6-422a-bc37-8ec7e97be540_thumb.jpg,https://www.smbbmu.edu.pk/beta/news/details/seminar-on-careers-in-pakistan-navy-10-09-2018
images/news/15392382364866ef1f-25ca-4e38-b7c1-fe5228c33891-thumb.jpg,https://www.smbbmu.edu.pk/beta/uploads/gallery/events/15392382364866ef1f-25ca-4e38-b7c1-fe5228c33891_thumb.jpg,https://www.smbbmu.edu.pk/beta/news/details/seminar-on-careers-in-pakistan-navy-10-09-2018
images/news/15392382347b091b71-8064-4569-a9c2-001050d00954-1-thumb.jpg,https://www.smbbmu.edu.pk/beta/uploads/gallery/events/15392382347b091b71-8064-4569-a9c2-001050d00954 (1)_thumb.jpg,https://www.smbbmu.edu.pk/beta/news/details/seminar-on-careers-in-pakistan-navy-10-09-2018
images/news/15392382386ea23296-caf6-422a-bc37-8ec7e97be540-thumb-49cffa78.jpg,https://www.smbbmu.edu.pk/beta/uploads/gallery/events/thumbs/15392382386ea23296-caf6-422a-bc37-8ec7e97be540_thumb.jpg,https://www.smbbmu.edu.pk/beta/news/details/seminar-on-careers-in-pakistan-navy-10-09-2018
images/news/15392382364866ef1f-25ca-4e38-b7c1-fe5228c33891-thumb-4866f8bd.jpg,https://www.smbbmu.edu.pk/beta/uploads/gallery/events/thumbs/15392382364866ef1f-25ca-4e38-b7c1-fe5228c33891_thumb.jpg,https://www.smbbmu.edu.pk/beta/news/details/seminar-on-careers-in-pakistan-navy-10-09-2018
images/news/15392382347b091b71-8064-4569-a9c2-001050d00954-1-thumb-9de335b6.jpg,https://www.smbbmu.edu.pk/beta/uploads/gallery/events/thumbs/15392382347b091b71-8064-4569-a9c2-001050d00954 (1)_thumb.jpg,https://www.smbbmu.edu.pk/beta/news/details/seminar-on-careers-in-pakistan-navy-10-09-2018
images/news/1699939566.jpg,https://www.smbbmu.edu.pk/beta/uploads/news/images/1699939566.jpg,https://www.smbbmu.edu.pk/beta/announcements/details/admission-for-certification-in-health-professionals-education-c-hpe-session-2024-batch-04-11-14-2023
images/news/1699946057.jpg,https://www.smbbmu.edu.pk/beta/uploads/news/images/1699946057.jpg,https://www.smbbmu.edu.pk/beta/announcements/details/resutl-of-postgraduate-degree-diploma-theory-examination-march-2023-held-in-the-month-of-october-2023-11-14-2023
images/news/1699859095.jpg,https://www.smbbmu.edu.pk/beta/uploads/news/images/1699859095.jpg,https://www.smbbmu.edu.pk/beta/announcements/details/extension-of-date-for-submission-of-forms-for-induction-in-university-courses-mcps-11-10-2023
images/news/1702978588.png,https://www.smbbmu.edu.pk/beta/uploads/news/images/1702978588.png,https://www.smbbmu.edu.pk/beta/announcements/details/5th-smbbmu-convocation-11-10-2023
images/news/1699163159.jpg,https://www.smbbmu.edu.pk/beta/uploads/news/images/1699163159.jpg,https://www.smbbmu.edu.pk/beta/announcements/details/result-postgraduate-degree-and-diploma-theory-examination-march-2023-held-in-the-month-of-october-2023-11-04-2023
images/news/1698815921.jpg,https://www.smbbmu.edu.pk/beta/uploads/news/images/1698815921.jpg,https://www.smbbmu.edu.pk/beta/announcements/details/corrigendum-for-advertisement-for-admissions-in-various-postgraduate-programs-for-the-session-january-2024-10-31-2023
images/attachments/ms-md-exam-16988162953.jpg,"https://www.smbbmu.edu.pk/beta/news/downloadFile/MS,+MD+EXAM+_16988162953.jpg",https://www.smbbmu.edu.pk/beta/announcements/details/time-table-for-postgraduate-examination-10-31-2023
images/attachments/m-16988162952.jpg,https://www.smbbmu.edu.pk/beta/news/downloadFile/M_16988162952.jpg,https://www.smbbmu.edu.pk/beta/announcements/details/time-table-for-postgraduate-examination-10-31-2023
images/attachments/m-16988162951.jpg,https://www.smbbmu.edu.pk/beta/news/downloadFile/M_16988162951.jpg,https://www.smbbmu.edu.pk/beta/announcements/details/time-table-for-postgraduate-examination-10-31-2023
images/attachments/diploma-exam-16988162950.jpg,https://www.smbbmu.edu.pk/beta/news/downloadFile/DIPLOMA+EXAM_16988162950.jpg,https://www.smbbmu.edu.pk/beta/announcements/details/time-table-for-postgraduate-examination-10-31-2023
images/news/1697922081.jpg,https://www.smbbmu.edu.pk/beta/uploads/news/images/1697922081.jpg,https://www.smbbmu.edu.pk/beta/announcements/details/result-of-postgraduate-diploma-theory-examinations-march-2023-held-in-the-month-of-october-2023-10-21-2023
images/news/1697980973.jpg,https://www.smbbmu.edu.pk/beta/uploads/news/images/1697980973.jpg,https://www.smbbmu.edu.pk/beta/announcements/details/admission-for-postgraduate-courses-for-session-january-2024-10-21-2023
images/news/1697696374.jpg,https://www.smbbmu.edu.pk/beta/uploads/news/images/1697696374.jpg,https://www.smbbmu.edu.pk/beta/announcements/details/result-of-postgraduate-degree-diploma-theory-examination-march-2023-held-in-the-month-of-october-2023-10-18-2023
images/news/1696397498.png,https://www.smbbmu.edu.pk/beta/uploads/news/images/1696397498.png,https://www.smbbmu.edu.pk/beta/announcements/details/result-of-first-professional-dpt-first-semester-re-sit-examination-session-2021-2022-of-iprs-smbbmu-larkana-moomal-institute-of-physiotherapy-allied-health-sciences-hyderabad-and-shaaf-institute-institute-of-medical-modern-sciences-larkana-10-03-2023
images/news/1696397526.jpg,https://www.smbbmu.edu.pk/beta/uploads/news/images/1696397526.jpg,https://www.smbbmu.edu.pk/beta/announcements/details/result-of-second-professional-dpt-third-semester-re-sit-examination-session-2020-2021-of-moomal-institute-of-physiotherapy-allied-health-sciences-hyderabad-held-in-the-month-of-september-2023-10-03-2023
images/news/1696397563.jpg,https://www.smbbmu.edu.pk/beta/uploads/news/images/1696397563.jpg,https://www.smbbmu.edu.pk/beta/announcements/details/result-of-third-professional-dpt-fifth-semester-re-sit-examination-session-2019-2020-of-institute-of-physiotherapy-rehabilitation-sciences-irs-smbbmu-larkana-held-in-the-month-of-august-2023-10-03-2023
images/attachments/schedule-mid-term-16963977672.jpg,https://www.smbbmu.edu.pk/beta/news/downloadFile/schedule+Mid-Term_16963977672.jpg,https://www.smbbmu.edu.pk/beta/announcements/details/examination-schedule-of-postgraduate-courses-session-march-2023-10-02-2023
images/attachments/schedule-ms-16963977671.jpg,https://www.smbbmu.edu.pk/beta/news/downloadFile/schedule+MS_16963977671.jpg,https://www.smbbmu.edu.pk/beta/announcements/details/examination-schedule-of-postgraduate-courses-session-march-2023-10-02-2023
images/attachments/schedule-diploma-16963977670.jpg,https://www.smbbmu.edu.pk/beta/news/downloadFile/schedule+diploma_16963977670.jpg,https://www.smbbmu.edu.pk/beta/announcements/details/examination-schedule-of-postgraduate-courses-session-march-2023-10-02-2023
images/news/1695367025.jpg,https://www.smbbmu.edu.pk/beta/uploads/news/images/1695367025.jpg,https://www.smbbmu.edu.pk/beta/announcements/details/result-of-postgraduate-diploma-clinical-examinations-of-diploma-in-psychiatric-medicine-september-2022-held-in-the-month-of-september-2023-09-22-2023
images/news/1694602175.jpg,https://www.smbbmu.edu.pk/beta/uploads/news/images/1694602175.jpg,https://www.smbbmu.edu.pk/beta/announcements/details/result-of-postgraduate-diploma-clinical-examination-september-2022-held-in-the-month-of-september-2023-09-13-2023
images/news/1694602328.jpg,https://www.smbbmu.edu.pk/beta/uploads/news/images/1694602328.JPG,https://www.smbbmu.edu.pk/beta/announcements/details/result-of-bs-generic-year-ii-semester-vi-re-sit-examination-session-2018-19-of-benazir-college-of-nursing-smbbmu-larkana-held-in-the-month-of-august-2023-09-13-2023
images/news/1694158200.jpg,https://www.smbbmu.edu.pk/beta/uploads/news/images/1694158200.jpg,https://www.smbbmu.edu.pk/beta/announcements/details/time-table-of-diploma-in-psychiatric-medicine-dpm-clinical-examination-september-2022-09-08-2023
images/news/1694158284.jpg,https://www.smbbmu.edu.pk/beta/uploads/news/images/1694158284.jpg,https://www.smbbmu.edu.pk/beta/announcements/details/time-table-of-diploma-in-dermatology-dderm-examination-september-2022-09-08-2023
images/news/1694067589.jpg,https://www.smbbmu.edu.pk/beta/uploads/news/images/1694067589.jpg,https://www.smbbmu.edu.pk/beta/announcements/details/result-of-postgraduate-degree-diploma-theory-examinations-september-2022-held-in-the-month-of-may-2023-09-06-2023
images/news/1695196098.jpg,https://www.smbbmu.edu.pk/beta/uploads/news/images/1695196098.jpg,https://www.smbbmu.edu.pk/beta/announcements/details/time-table-of-diploma-in-gynaecology-and-obstetrics-dgo-examination-september-2022-09-06-2023
images/news/1691848890.jpeg,https://www.smbbmu.edu.pk/beta/uploads/news/images/1691848890.jpeg,https://www.smbbmu.edu.pk/beta/announcements/details/circular-for-celebrating-76th-independence-day-at-smbbmu-08-11-2023
images/news/1691519680.jpg,https://www.smbbmu.edu.pk/beta/uploads/news/images/1691519680.jpg,https://www.smbbmu.edu.pk/beta/announcements/details/auction-for-various-unserviceable-properties-scrap-and-wastedumped-materials-08-08-2023
images/news/1691479812.jpg,https://www.smbbmu.edu.pk/beta/uploads/news/images/1691479812.jpg,https://www.smbbmu.edu.pk/beta/announcements/details/interviews-of-postgraduate-courses-for-session-july-2023-08-07-2023
images/news/1691306916.jpeg,https://www.smbbmu.edu.pk/beta/uploads/news/images/1691306916.jpeg,https://www.smbbmu.edu.pk/beta/announcements/details/vacant-space-available-for-renting-purpose-near-chandka-medical-college-smbbmu-larkana-08-05-2023
images/news/1690964895.jpeg,https://www.smbbmu.edu.pk/beta/uploads/news/images/1690964895.jpeg,https://www.smbbmu.edu.pk/beta/announcements/details/schedule-of-entry-test-for-university-courses-session-july-2023-08-02-2023
images/news/1689229247.jpg,https://www.smbbmu.edu.pk/beta/uploads/news/images/1689229247.jpg,https://www.smbbmu.edu.pk/beta/announcements/details/result-declaration-of-the-entry-test-of-postgraduate-course-07-10-2023
images/news/1688624999.jpg,https://www.smbbmu.edu.pk/beta/uploads/news/images/1688624999.jpg,https://www.smbbmu.edu.pk/beta/announcements/details/results-of-postgraduate-degree-theory-examination-september-2022-held-in-the-month-of-may-2023-07-05-2023
images/news/1688625077.jpg,https://www.smbbmu.edu.pk/beta/uploads/news/images/1688625077.jpg,https://www.smbbmu.edu.pk/beta/announcements/details/result-of-postgraduate-diploma-clinical-examination-march-2022-held-in-the-month-of-june-2023-07-05-2023
images/news/1688454054.jpeg,https://www.smbbmu.edu.pk/beta/uploads/news/images/1688454054.jpeg,https://www.smbbmu.edu.pk/beta/announcements/details/admissions-for-postgraduate-courses-for-session-july-2023-07-01-2023
images/news/1687173770.jpg,https://www.smbbmu.edu.pk/beta/uploads/news/images/1687173770.jpg,https://www.smbbmu.edu.pk/beta/announcements/details/interactive-seminar-on-usmle-and-residency-application-in-usa-at-chandka-medical-college-larkana-06-19-2023
images/news/1686565116.jpg,https://www.smbbmu.edu.pk/beta/uploads/news/images/1686565116.jpg,https://www.smbbmu.edu.pk/beta/announcements/details/time-table-of-md-pediatric-medicinemidterm-and-dch-examination-06-12-2023
images/news/1686304081.jpg,https://www.smbbmu.edu.pk/beta/uploads/news/images/1686304081.jpg,https://www.smbbmu.edu.pk/beta/announcements/details/time-table-of-dip-card-diploma-in-cardiology-clinical-examination-march-2022-06-08-2023
images/news/1686304232.jpg,https://www.smbbmu.edu.pk/beta/uploads/news/images/1686304232.jpg,https://www.smbbmu.edu.pk/beta/announcements/details/circular-of-postgraduate-examinations-of-session-march-2023-in-all-degree-and-diploma-courses-06-08-2023
images/news/1685602688.jpeg,https://www.smbbmu.edu.pk/beta/uploads/news/images/1685602688.jpeg,https://www.smbbmu.edu.pk/beta/announcements/details/condolence-of-mr-sarfraz-ali-soomro-ps-to-vice-chancellor-06-01-2023
images/news/1685517522.jpg,https://www.smbbmu.edu.pk/beta/uploads/news/images/1685517522.jpg,https://www.smbbmu.edu.pk/beta/announcements/details/admission-for-certificate-in-health-professions-education-c-hpe-session-2023-05-30-2023
images/news/1685423174.jpeg,https://www.smbbmu.edu.pk/beta/uploads/news/images/1685423174.jpeg,https://www.smbbmu.edu.pk/beta/announcements/details/result-of-postgraduate-degree-theory-examination-september-2022-held-in-the-month-of-may-2023-05-26-2023
images/news/1684760553.jpeg,https://www.smbbmu.edu.pk/beta/uploads/news/images/1684760553.jpeg,https://www.smbbmu.edu.pk/beta/announcements/details/result-of-bs-post-rn-additional-subjects-examination-session-2012-14-of-benazir-college-of-nursing-smbbmu-larkana-held-in-the-month-of-december-2022-05-22-2023
images/news/1684760704.jpeg,https://www.smbbmu.edu.pk/beta/uploads/news/images/1684760704.jpeg,https://www.smbbmu.edu.pk/beta/announcements/details/result-of-bsn-generic-year-ll-semester-v-regular-examination-session-2019-20-of-benazir-college-of-nursing-smbbmu-larkana-held-in-the-month-of-march-2023-05-22-2023
images/news/1684762342.jpeg,https://www.smbbmu.edu.pk/beta/uploads/news/images/1684762342.jpeg,https://www.smbbmu.edu.pk/beta/announcements/details/result-of-postgraduate-degree-clinical-examination-march-2022-held-in-the-month-of-may-2023-05-22-2023
images/news/1683110296.png,https://www.smbbmu.edu.pk/beta/uploads/news/images/1683110296.png,https://www.smbbmu.edu.pk/beta/announcements/details/admissions-for-english-language-certification-courses-05-03-2023
images/news/1679896946.jpg,https://www.smbbmu.edu.pk/beta/uploads/news/images/1679896946.jpg,https://www.smbbmu.edu.pk/beta/announcements/details/corrigendum-for-admission-in-leftover-postgraduate-courses-session-jan-2023-03-24-2023
images/news/1677047685.jpg,https://www.smbbmu.edu.pk/beta/uploads/news/images/1677047685.jpg,https://www.smbbmu.edu.pk/beta/announcements/details/notice-for-day-one-celebration-of-batch-51-of-chandka-medical-college-and-batch-12-of-bibi-aseefa-dental-college-larkana-02-21-2023
images/news/1674894070.jpeg,https://www.smbbmu.edu.pk/beta/uploads/news/images/1674894070.jpeg,https://www.smbbmu.edu.pk/beta/announcements/details/declaration-of-result-of-post-graduate-examination-of-diploma-in-dermatology-session-march-2022-held-in-the-month-of-january-2023-01-28-2023
images/news/1674200208.jpeg,https://www.smbbmu.edu.pk/beta/uploads/news/images/1674200208.jpeg,https://www.smbbmu.edu.pk/beta/announcements/details/time-table-for-clinical-examination-of-diploma-in-dermatology-march-2022-01-19-2023
images/news/1673708505.jpg,https://www.smbbmu.edu.pk/beta/uploads/news/images/1673708505.jpg,https://www.smbbmu.edu.pk/beta/announcements/details/applications-are-invited-for-admissions-to-bs-nursinggeneric-bsc-nursing-post-rn-at-benazir-college-of-nursing-smbbmu-larkana-01-14-2023
images/news/1673708597.jpg,https://www.smbbmu.edu.pk/beta/uploads/news/images/1673708597.jpg,https://www.smbbmu.edu.pk/beta/announcements/details/applications-are-invited-from-interested-candidates-for-admissions-to-1-st-year-pharm-d-dpt-course-session-2022-23-at-smbbmu-larkana-01-14-2023
images/news/1673365369.jpeg,https://www.smbbmu.edu.pk/beta/uploads/news/images/1673365369.jpeg,https://www.smbbmu.edu.pk/beta/announcements/details/postgraduate-interview-schedule-for-the-session-january-2023-at-smbb-medical-university-larkana-01-10-2023
images/news/1672820842.jpeg,https://www.smbbmu.edu.pk/beta/uploads/news/images/1672820842.jpeg,https://www.smbbmu.edu.pk/beta/announcements/details/schedule-of-examination-for-4th-and-5th-mbbs-professional-session-2018-19-2017-18-enrolled-at-smbb-medical-university-larkana-and-its-constituent-collages-01-04-2023
images/news/1672229897.jpeg,https://www.smbbmu.edu.pk/beta/uploads/news/images/1672229897.jpeg,https://www.smbbmu.edu.pk/beta/announcements/details/schedule-for-the-entry-test-of-msc-msph-diploma-mcps-courses-december-2022-at-smbb-medical-university-larkana-12-28-2022
images/news/1672230205.jpeg,https://www.smbbmu.edu.pk/beta/uploads/news/images/1672230205.jpeg,https://www.smbbmu.edu.pk/beta/announcements/details/schedule-for-entry-test-for-the-phd-and-mphil-course-december-2022-at-smbb-medical-university-larkana-12-28-2022
images/news/1672230338.jpeg,https://www.smbbmu.edu.pk/beta/uploads/news/images/1672230338.jpeg,https://www.smbbmu.edu.pk/beta/announcements/details/schedule-for-entry-test-md-ms-part-i-december-2022-at-smbb-medical-university-larkana-12-28-2022
images/news/1672230715.jpeg,https://www.smbbmu.edu.pk/beta/uploads/news/images/1672230715.jpeg,https://www.smbbmu.edu.pk/beta/announcements/details/schedule-for-entry-tests-fcps-ii-training-programs-december-2022-at-smbb-medical-university-larkana-12-28-2022
images/news/1671514747.jpg,https://www.smbbmu.edu.pk/beta/uploads/news/images/1671514747.jpg,https://www.smbbmu.edu.pk/beta/announcements/details/result-of-sucessful-candidates-of-chpe-training-12-20-2022
images/news/1669807925.jpg,https://www.smbbmu.edu.pk/beta/uploads/news/images/1669807925.jpg,https://www.smbbmu.edu.pk/beta/announcements/details/pplications-on-prescribed-forms-are-invited-from-interested-in-service-private-candidates-for-admissions-to-trainingresidency-programs-as-given-below-for-the-session-january-2023-at-smbbmu-larkana-11-30-2022
images/news/1669874907.jpg,https://www.smbbmu.edu.pk/beta/uploads/news/images/1669874907.jpg,https://www.smbbmu.edu.pk/beta/announcements/details/admission-for-certificate-in-health-professions-education-c-hpe-session-2023-11-30-2022
images/news/1668102868.jpeg,https://www.smbbmu.edu.pk/beta/uploads/news/images/1668102868.jpeg,https://www.smbbmu.edu.pk/beta/announcements/details/notice-of-instruction-for-the-candidates-appearing-in-mdcat-test-11-10-2022
images/news/1666436381.jpeg,https://www.smbbmu.edu.pk/beta/uploads/news/images/1666436381.jpeg,https://www.smbbmu.edu.pk/beta/announcements/details/circular-for-diwali-holiday-for-hindu-community-10-22-2022
images/news/1665728385.jpeg,https://www.smbbmu.edu.pk/beta/uploads/news/images/1665728385.jpeg,https://www.smbbmu.edu.pk/beta/announcements/details/circular-for-postgraduate-examination-of-session-september-2022-10-13-2022
images/news/1663353033.jpeg,https://www.smbbmu.edu.pk/beta/uploads/news/images/1663353033.jpeg,https://www.smbbmu.edu.pk/beta/announcements/details/notification-regarding-resuming-of-academic-activities-at-smbb-medical-university-and-its-constituent-collages-09-16-2022
images/news/1662879961.jpeg,https://www.smbbmu.edu.pk/beta/uploads/news/images/1662879961.jpeg,https://www.smbbmu.edu.pk/beta/announcements/details/declaration-of-results-of-postgraduate-examination-held-in-august-2022-09-11-2022
images/news/1662880527.jpg,https://www.smbbmu.edu.pk/beta/uploads/news/images/1662880527.jpg,https://www.smbbmu.edu.pk/beta/announcements/details/declaration-of-results-of-postgraduate-examination-held-in-june-2022-09-11-2022
images/news/1661880812.jpeg,https://www.smbbmu.edu.pk/beta/uploads/news/images/1661880812.jpeg,https://www.smbbmu.edu.pk/beta/announcements/details/establishment-of-contact-committee-for-students-to-participate-in-flood-relief-camp-at-smbb-medical-university-and-its-constituent-collages-institutes-08-30-2022
images/news/1661001774.jpeg,https://www.smbbmu.edu.pk/beta/uploads/news/images/1661001774.jpeg,https://www.smbbmu.edu.pk/beta/announcements/details/circular-for-suspension-of-academic-activities-due-to-heavy-rainfall-08-20-2022
images/news/1660770531.jpeg,https://www.smbbmu.edu.pk/beta/uploads/news/images/1660770531.jpeg,https://www.smbbmu.edu.pk/beta/announcements/details/circular-for-holiday-due-to-heavy-rainfall-08-17-2022
images/news/1660849405.jpeg,https://www.smbbmu.edu.pk/beta/uploads/news/images/1660849405.jpeg,https://www.smbbmu.edu.pk/beta/announcements/details/circular-for-suspension-of-academic-activities-due-to-heavy-rainfall-08-17-2022
images/news/1660666676.jpeg,https://www.smbbmu.edu.pk/beta/uploads/news/images/1660666676.jpeg,https://www.smbbmu.edu.pk/beta/announcements/details/declaration-of-results-of-postgraduate-examination-held-in-june-and-july-2022-08-16-2022
images/news/1660666800.jpeg,https://www.smbbmu.edu.pk/beta/uploads/news/images/1660666800.jpeg,https://www.smbbmu.edu.pk/beta/announcements/details/declaration-of-results-of-postgraduate-examination-held-in-august-2022-08-16-2022
images/news/1659421674.jpeg,https://www.smbbmu.edu.pk/beta/uploads/news/images/1659421674.jpeg,https://www.smbbmu.edu.pk/beta/announcements/details/circular-for-rain-emergency-at-smbb-medical-university-larkana-08-01-2022
images/news/1659187303.jpeg,https://www.smbbmu.edu.pk/beta/uploads/news/images/1659187303.jpeg,https://www.smbbmu.edu.pk/beta/announcements/details/office-order-for-extension-in-summer-vacation-2022-at-smbb-medical-university-larkana-07-30-2022
images/news/1659035707.jpg,https://www.smbbmu.edu.pk/beta/uploads/news/images/1659035707.jpg,https://www.smbbmu.edu.pk/beta/announcements/details/list-of-affiliated-collages-with-smbb-medical-university-larkana-07-28-2022
images/news/1658923804.jpeg,https://www.smbbmu.edu.pk/beta/uploads/news/images/1658923804.jpeg,https://www.smbbmu.edu.pk/beta/announcements/details/announcement-if-result-of-post-graduate-entry-test-june-2022-session-july-2022-at-smbb-medical-university-larkana-07-27-2022
images/news/1658924041.jpg,https://www.smbbmu.edu.pk/beta/uploads/news/images/1658924041.jpg,https://www.smbbmu.edu.pk/beta/announcements/details/call-for-interviews-of-successful-candidates-of-post-graduate-entry-test-june-2022-session-july-2022-at-smbb-medical-university-larkana-07-27-2022
images/news/advertisement-page-0001.jpg,https://www.smbbmu.edu.pk/beta/uploads/news/images/advertisement_page-0001.jpg,https://www.smbbmu.edu.pk/beta/announcements/details/announcement-of-entry-test-interview-for-admissions-in-postgraduate-courses-session-july-2022-at-smbb-medical-university-larkana
images/news/1657099798.jpg,https://www.smbbmu.edu.pk/beta/uploads/news/images/1657099798.jpg,https://www.smbbmu.edu.pk/beta/announcements/details/notification-for-formation-of-committee-for-academic-calendar-of-all-contituent-collages-institutes-of-smbb-medical-university-larkana-07-06-2022
images/news/1656345814.jpg,https://www.smbbmu.edu.pk/beta/uploads/news/images/1656345814.jpg,https://www.smbbmu.edu.pk/beta/announcements/details/postponed-of-postgraduate-entry-test-for-the-july-2022-session-smbb-medical-university-larkana-06-27-2022
images/news/1655197581.jpg,https://www.smbbmu.edu.pk/beta/uploads/news/images/1655197581.jpg,https://www.smbbmu.edu.pk/beta/announcements/details/corrigendum-for-postgraduate-programs-for-the-session-july-2022-at-smbb-medical-university-larkana-06-14-2022
images/news/1654343578.jpeg,https://www.smbbmu.edu.pk/beta/uploads/news/images/1654343578.jpeg,https://www.smbbmu.edu.pk/beta/announcements/details/notification-regarding-reduced-40-pol-06-04-2022
images/news/1654107958.jpeg,https://www.smbbmu.edu.pk/beta/uploads/news/images/1654107958.jpeg,https://www.smbbmu.edu.pk/beta/announcements/details/workshop-schedule-for-the-supervisors-and-postgraduate-trainees-06-01-2022
images/news/1653919151.jpg,https://www.smbbmu.edu.pk/beta/uploads/news/images/1653919151.jpg,https://www.smbbmu.edu.pk/beta/announcements/details/admissions-of-postgraduate-courses-for-the-session-of-july-2022-at-smbb-medical-university-larkana-05-30-2022
images/news/1653551292.jpeg,https://www.smbbmu.edu.pk/beta/uploads/news/images/1653551292.jpeg,https://www.smbbmu.edu.pk/beta/announcements/details/applications-are-invited-to-fill-the-vacant-seats-of-bsc-nursing-post-rn-05-26-2022
images/news/1650291450.jpg,https://www.smbbmu.edu.pk/beta/uploads/news/images/1650291450.jpg,https://www.smbbmu.edu.pk/beta/announcements/details/admission-for-certificate-in-health-professions-education-c-hpe-session-2022-04-18-2022
images/attachments/img-20220420-wa0007-16505235520.jpg,https://www.smbbmu.edu.pk/beta/news/downloadFile/IMG-20220420-WA0007_16505235520.jpg,https://www.smbbmu.edu.pk/beta/announcements/details/admissions-to-1st-year-bsngeneric-on-ueap-local-basis-for-session-2021-22-04-18-2022
images/news/1650291840.jpg,https://www.smbbmu.edu.pk/beta/uploads/news/images/1650291840.jpg,https://www.smbbmu.edu.pk/beta/announcements/details/admissions-to-1st-year-bsngeneric-on-ueap-local-basis-for-session-2021-22-04-18-2022
images/news/1650288051.jpg,https://www.smbbmu.edu.pk/beta/uploads/news/images/1650288051.jpg,https://www.smbbmu.edu.pk/beta/announcements/details/notice-for-workshop-on-assessment-of-competence-04-16-2022
images/news/1648463044.jpg,https://www.smbbmu.edu.pk/beta/uploads/news/images/1648463044.jpg,https://www.smbbmu.edu.pk/beta/announcements/details/result-of-postgraduate-examination-held-in-september-2021-03-28-2022
images/news/1646763135.jpeg,https://www.smbbmu.edu.pk/beta/uploads/news/images/1646763135.jpeg,https://www.smbbmu.edu.pk/beta/announcements/details/notice-for-workshop-on-education-planning-and-evaluation-03-08-2022
images/news/1646636658.jpeg,https://www.smbbmu.edu.pk/beta/uploads/news/images/1646636658.jpeg,https://www.smbbmu.edu.pk/beta/announcements/details/result-of-postgraduate-degreeclinical-examination-september-2021-held-in-the-month-of-february-2022-03-07-2022
images/attachments/bsn-e-16465812900.jpeg,https://www.smbbmu.edu.pk/beta/news/downloadFile/bsn-e_16465812900.jpeg,https://www.smbbmu.edu.pk/beta/announcements/details/answer-key-for-entry-test-held-on-06-03-2022-for-admission-into-bsngeneric-for-session-2021-22-03-06-2022
images/attachments/bsn-u-16465793884.jpeg,https://www.smbbmu.edu.pk/beta/news/downloadFile/bsn-u_16465793884.jpeg,https://www.smbbmu.edu.pk/beta/announcements/details/answer-key-for-entry-test-held-on-06-03-2022-for-admission-into-bsngeneric-for-session-2021-22-03-06-2022
images/attachments/bsn-t-16465793883.jpeg,https://www.smbbmu.edu.pk/beta/news/downloadFile/bsn-t_16465793883.jpeg,https://www.smbbmu.edu.pk/beta/announcements/details/answer-key-for-entry-test-held-on-06-03-2022-for-admission-into-bsngeneric-for-session-2021-22-03-06-2022
images/attachments/bsn-s-16465793882.jpeg,https://www.smbbmu.edu.pk/beta/news/downloadFile/bsn-s_16465793882.jpeg,https://www.smbbmu.edu.pk/beta/announcements/details/answer-key-for-entry-test-held-on-06-03-2022-for-admission-into-bsngeneric-for-session-2021-22-03-06-2022
images/attachments/bsn-q-16465793881.jpeg,https://www.smbbmu.edu.pk/beta/news/downloadFile/bsn-q_16465793881.jpeg,https://www.smbbmu.edu.pk/beta/announcements/details/answer-key-for-entry-test-held-on-06-03-2022-for-admission-into-bsngeneric-for-session-2021-22-03-06-2022
images/attachments/post-rn-t-16465795794.jpeg,https://www.smbbmu.edu.pk/beta/news/downloadFile/post-rn-t_16465795794.jpeg,https://www.smbbmu.edu.pk/beta/announcements/details/answer-key-for-entry-test-held-on-06-03-2022-for-admission-into-bscpostrn-for-session-2021-22-03-06-2022
images/attachments/post-rn-n-16465795793.jpeg,https://www.smbbmu.edu.pk/beta/news/downloadFile/post-rn-n_16465795793.jpeg,https://www.smbbmu.edu.pk/beta/announcements/details/answer-key-for-entry-test-held-on-06-03-2022-for-admission-into-bscpostrn-for-session-2021-22-03-06-2022
images/attachments/post-rn-g-16465795792.jpeg,https://www.smbbmu.edu.pk/beta/news/downloadFile/post-rn-G_16465795792.jpeg,https://www.smbbmu.edu.pk/beta/announcements/details/answer-key-for-entry-test-held-on-06-03-2022-for-admission-into-bscpostrn-for-session-2021-22-03-06-2022
images/attachments/post-rn-e-16465795791.jpeg,https://www.smbbmu.edu.pk/beta/news/downloadFile/post-rn-e_16465795791.jpeg,https://www.smbbmu.edu.pk/beta/announcements/details/answer-key-for-entry-test-held-on-06-03-2022-for-admission-into-bscpostrn-for-session-2021-22-03-06-2022
images/attachments/post-rn-a-16465795790.jpeg,https://www.smbbmu.edu.pk/beta/news/downloadFile/post-RN-A_16465795790.jpeg,https://www.smbbmu.edu.pk/beta/announcements/details/answer-key-for-entry-test-held-on-06-03-2022-for-admission-into-bscpostrn-for-session-2021-22-03-06-2022
images/news/1645518272.jpeg,https://www.smbbmu.edu.pk/beta/uploads/news/images/1645518272.jpeg,https://www.smbbmu.edu.pk/beta/announcements/details/notice-for-commencement-of-classes-of-chandka-medical-college-larkana-02-22-2022
images/news/1645518391.jpeg,https://www.smbbmu.edu.pk/beta/uploads/news/images/1645518391.jpeg,https://www.smbbmu.edu.pk/beta/announcements/details/notice-for-day-one-celebration-of-golden-jubilee-batch-50-of-chandka-medical-college-larkana-02-22-2022
images/news/1644825481.jpg,https://www.smbbmu.edu.pk/beta/uploads/news/images/1644825481.jpg,https://www.smbbmu.edu.pk/beta/announcements/details/notice-for-academic-session-2022-of-mbbs-at-chandka-medical-college-larkana-02-12-2022
images/news/1644505872.jpeg,https://www.smbbmu.edu.pk/beta/uploads/news/images/1644505872.jpeg,https://www.smbbmu.edu.pk/beta/announcements/details/recommendation-of-41st-selection-board-held-on-28th-january-2022-02-10-2022
images/news/1644506263.png,https://www.smbbmu.edu.pk/beta/uploads/news/images/1644506263.png,https://www.smbbmu.edu.pk/beta/announcements/details/recommendation-of-42nd-selection-board-held-on-29th-january-2022-02-10-2022
images/news/1640677997.jpeg,https://www.smbbmu.edu.pk/beta/uploads/news/images/1640677997.jpeg,https://www.smbbmu.edu.pk/beta/announcements/details/workshop-on-research-methodology-biostatics-and-spss-referencing-software-12-24-2021
images/attachments/whatsapp-image-2021-12-23-at-11-16402474200.jpeg,https://www.smbbmu.edu.pk/beta/news/downloadFile/WhatsApp+Image+2021-12-23+at+11_16402474200.jpeg,https://www.smbbmu.edu.pk/beta/announcements/details/result-of-postgraduate-entry-tests-and-mdms-part-i-examination-december-2021-12-22-2021
images/news/1640678703.jpg,https://www.smbbmu.edu.pk/beta/uploads/news/images/1640678703.jpg,https://www.smbbmu.edu.pk/beta/announcements/details/notice-for-interviews-of-fcps-ii-for-session-january-2021-22-12-22-2021
images/news/1639364285.jpg,https://www.smbbmu.edu.pk/beta/uploads/news/images/1639364285.jpg,https://www.smbbmu.edu.pk/beta/announcements/details/admissions-for-mbbsbds-for-session-2021-22-12-12-2021
images/news/1637844226.jpeg,https://www.smbbmu.edu.pk/beta/uploads/news/images/1637844226.jpeg,https://www.smbbmu.edu.pk/beta/announcements/details/notice-for-resumption-of-academic-activities-of-constituent-colleges-of-smbbmu-11-25-2021
images/news/1634830355.jpeg,https://www.smbbmu.edu.pk/beta/uploads/news/images/1634830355.jpeg,https://www.smbbmu.edu.pk/beta/announcements/details/notice-for-position-for-director-finance-at-chandka-medical-college-hospital-has-been-canceledwithdrawn-10-21-2021
images/news/1632214103.jpg,https://www.smbbmu.edu.pk/beta/uploads/news/images/1632214103.jpg,https://www.smbbmu.edu.pk/beta/announcements/details/notice-for-submission-of-research-papers-in-journal-of-smbb-medical-university-larkana-09-16-2021
images/news/1630306683.jpeg,https://www.smbbmu.edu.pk/beta/uploads/news/images/1630306683.jpeg,https://www.smbbmu.edu.pk/beta/announcements/details/notice-for-academic-activities-physical-classes-resumption-at-smbb-medical-university-and-its-constituent-colleges-08-28-2021
images/news/academic-activities.jpg,https://www.smbbmu.edu.pk/beta/uploads/news/images/academic-activities.jpg,https://www.smbbmu.edu.pk/beta/announcements/details/notice-for-academic-activities-physical-classes-resumption-at-smbb-medical-university-and-its-constituent-colleges-08-23-2021
images/news/1627150454.jpg,https://www.smbbmu.edu.pk/beta/uploads/news/images/1627150454.jpg,https://www.smbbmu.edu.pk/beta/announcements/details/notice-for-closure-of-academic-activities-physical-classes-at-smbb-medical-university-and-its-constituent-colleges-07-24-2021
images/news/1626438877.jpg,https://www.smbbmu.edu.pk/beta/uploads/news/images/1626438877.jpg,https://www.smbbmu.edu.pk/beta/announcements/details/notice-for-closure-of-smbbmu-and-its-constituent-colleges-on-eid-ul-adha-07-16-2021
images/news/1624346448.jpeg,https://www.smbbmu.edu.pk/beta/uploads/news/images/1624346448.jpeg,https://www.smbbmu.edu.pk/beta/announcements/details/notice-for-interviews-of-successful-candidates-of-different-specialties-for-session-july-2021-06-22-2021
images/news/1623820927.jpeg,https://www.smbbmu.edu.pk/beta/uploads/news/images/1623820927.jpeg,https://www.smbbmu.edu.pk/beta/announcements/details/notice-for-invitation-of-applications-for-promotion-from-professor-bs-21-to-meritorious-professor-bs-22-06-15-2021
images/news/1623229145.jpeg,https://www.smbbmu.edu.pk/beta/uploads/news/images/1623229145.jpeg,https://www.smbbmu.edu.pk/beta/announcements/details/notice-for-academic-activities-physical-classes-resumption-at-smbb-medical-university-and-its-constituent-colleges-06-07-2021
images/news/1622786499.jpeg,https://www.smbbmu.edu.pk/beta/uploads/news/images/1622786499.jpeg,https://www.smbbmu.edu.pk/beta/announcements/details/result-of-diploma-in-medical-radio-diagnosisdmrd-part-i-06-03-2021
images/news/1622788590.jpeg,https://www.smbbmu.edu.pk/beta/uploads/news/images/1622788590.jpeg,https://www.smbbmu.edu.pk/beta/announcements/details/time-table-of-entry-test-for-mphil-diploma-mcps-courses-06-03-2021
images/news/1622789273.jpeg,https://www.smbbmu.edu.pk/beta/uploads/news/images/1622789273.jpeg,https://www.smbbmu.edu.pk/beta/announcements/details/time-table-of-entry-test-for-mdms-part-i-examination-06-03-2021
images/news/1620649870.jpg,https://www.smbbmu.edu.pk/beta/uploads/news/images/1620649870.jpg,https://www.smbbmu.edu.pk/beta/announcements/details/circular-for-eid-ul-fitr-2021-holidays-05-07-2021
images/news/1620649934.jpg,https://www.smbbmu.edu.pk/beta/uploads/news/images/1620649934.jpg,https://www.smbbmu.edu.pk/beta/announcements/details/circular-for-online-classes-05-07-2021
images/attachments/photo-2021-04-28-17-00-47-16196492920.jpg,https://www.smbbmu.edu.pk/beta/news/downloadFile/PHOTO-2021-04-28-17-00-47_16196492920.jpg,https://www.smbbmu.edu.pk/beta/announcements/details/result-of-fourth-professional-mbbs-fourth-year-annual-examination-04-28-2021
images/news/1619649252.jpg,https://www.smbbmu.edu.pk/beta/uploads/news/images/1619649252.jpg,https://www.smbbmu.edu.pk/beta/announcements/details/result-of-fourth-professional-mbbs-fourth-year-annual-examination-04-28-2021
images/news/1619076620.jpg,https://www.smbbmu.edu.pk/beta/uploads/news/images/1619076620.jpg,https://www.smbbmu.edu.pk/beta/announcements/details/result-of-first-professional-bds-first-year-supplementary-examination-04-22-2021
images/news/1619076685.jpg,https://www.smbbmu.edu.pk/beta/uploads/news/images/1619076685.jpg,https://www.smbbmu.edu.pk/beta/announcements/details/result-of-second-professional-bds-second-year-supplementary-examination-04-22-2021
images/attachments/page-2-16189003090.jpg,https://www.smbbmu.edu.pk/beta/news/downloadFile/page-2_16189003090.jpg,https://www.smbbmu.edu.pk/beta/announcements/details/result-of-final-professional-mbbs-final-year-annual-examination-session-2015-16-04-19-2021
images/news/1618900244.jpg,https://www.smbbmu.edu.pk/beta/uploads/news/images/1618900244.jpg,https://www.smbbmu.edu.pk/beta/announcements/details/result-of-final-professional-mbbs-final-year-annual-examination-session-2015-16-04-19-2021
images/news/1617730196.jpg,https://www.smbbmu.edu.pk/beta/uploads/news/images/1617730196.jpg,https://www.smbbmu.edu.pk/beta/announcements/details/time-table-for-postgraduate-degree-diploma-theory-examinations-march-2021-04-05-2021
images/news/1612725171.jpg,https://www.smbbmu.edu.pk/beta/uploads/news/images/1612725171.jpg,https://www.smbbmu.edu.pk/beta/announcements/details/result-of-mid-term-examination-of-ms-gynecology-obsterics-02-05-2021
images/news/1609514574.jpg,https://www.smbbmu.edu.pk/beta/uploads/news/images/1609514574.jpg,https://www.smbbmu.edu.pk/beta/announcements/details/admissions-for-mbbsbds-for-session-2020-21-01-01-2021
images/news/1608320252.jpg,https://www.smbbmu.edu.pk/beta/uploads/news/images/1608320252.jpg,https://www.smbbmu.edu.pk/beta/announcements/details/notice-for-interviews-for-successful-postgraduate-students-of-different-specialties-12-18-2020
images/news/1608103889.jpg,https://www.smbbmu.edu.pk/beta/uploads/news/images/1608103889.jpg,https://www.smbbmu.edu.pk/beta/announcements/details/result-of-entry-test-of-diploma-msph-msc-msmd-phd-mphil-and-fcps-ii-12-16-2020
images/attachments/12345-16080118790.jpeg,https://www.smbbmu.edu.pk/beta/news/downloadFile/12345_16080118790.jpeg,https://www.smbbmu.edu.pk/beta/announcements/details/admissions-for-bs-nursing-generic-bsc-nursing-post-rn-at-benazir-college-of-nursing-smbbmu-larkana-12-11-2020
images/news/1607930554.jpg,https://www.smbbmu.edu.pk/beta/uploads/news/images/1607930554.jpg,https://www.smbbmu.edu.pk/beta/announcements/details/admissions-for-bs-nursing-generic-bsc-nursing-post-rn-at-benazir-college-of-nursing-smbbmu-larkana-12-11-2020
images/news/1605528081.jpg,https://www.smbbmu.edu.pk/beta/uploads/news/images/1605528081.jpg,https://www.smbbmu.edu.pk/beta/announcements/details/result-of-bscn-year-ii-semester-iii-regular-examination-session-2017-18-11-16-2020
images/news/1605527376.jpg,https://www.smbbmu.edu.pk/beta/uploads/news/images/1605527376.jpg,https://www.smbbmu.edu.pk/beta/announcements/details/result-of-first-professional-pham-d-first-year-supplementary-examination-session-2017-18-11-14-2020
images/news/1605527417.jpg,https://www.smbbmu.edu.pk/beta/uploads/news/images/1605527417.jpg,https://www.smbbmu.edu.pk/beta/announcements/details/result-of-second-professional-pham-d-second-year-supplementary-examination-session-2018-19-11-14-2020
images/news/1605527491.jpg,https://www.smbbmu.edu.pk/beta/uploads/news/images/1605527491.jpg,https://www.smbbmu.edu.pk/beta/announcements/details/result-of-third-professional-bds-third-year-annual-examination-session-2016-17-11-14-2020
images/news/1604994669.jpeg,https://www.smbbmu.edu.pk/beta/uploads/news/images/1604994669.jpeg,https://www.smbbmu.edu.pk/beta/announcements/details/result-of-first-professional-mbbs-first-year-supplementary-examination-10-16-2020
images/news/1603357545.jpeg,https://www.smbbmu.edu.pk/beta/uploads/news/images/1603357545.jpeg,https://www.smbbmu.edu.pk/beta/announcements/details/result-of-third-professional-mbbs-third-year-supplementary-examination-10-16-2020
images/news/1603346375.jpeg,https://www.smbbmu.edu.pk/beta/uploads/news/images/1603346375.jpeg,https://www.smbbmu.edu.pk/beta/announcements/details/result-of-second-professional-mbbs-second-year-supplementary-examination-10-15-2020
images/news/1603349243.jpg,https://www.smbbmu.edu.pk/beta/uploads/news/images/1603349243.jpg,https://www.smbbmu.edu.pk/beta/announcements/details/notice-for-ehsaas-undergraduate-scholarship-project-phase-ii-10-15-2020
images/news/1602659486.jpg,https://www.smbbmu.edu.pk/beta/uploads/news/images/1602659486.jpg,https://www.smbbmu.edu.pk/beta/announcements/details/notice-for-mandatory-workshops-for-the-post-graduate-trainees-enrolled-in-various-programs-of-the-university-10-13-2020
images/news/1600231004.jpg,https://www.smbbmu.edu.pk/beta/uploads/news/images/1600231004.jpg,https://www.smbbmu.edu.pk/beta/announcements/details/schedule-for-1st-and-2nd-professional-mbbssupplementary-theory-ospe-examinations-09-15-2020
images/news/1600231034.jpg,https://www.smbbmu.edu.pk/beta/uploads/news/images/1600231034.jpg,https://www.smbbmu.edu.pk/beta/announcements/details/schedule-for-3rd-and-4th-professional-mbbssupplementary-theory-ospe-examinations-09-15-2020
images/news/1600231117.jpg,https://www.smbbmu.edu.pk/beta/uploads/news/images/1600231117.jpg,https://www.smbbmu.edu.pk/beta/announcements/details/schedule-for-4th-professional-bds-annual-theory-ospe-osce-examinations-09-15-2020
images/news/1600149175.jpg,https://www.smbbmu.edu.pk/beta/uploads/news/images/1600149175.jpg,https://www.smbbmu.edu.pk/beta/announcements/details/notice-for-re-opening-of-the-university-from-15th-september-2020-09-14-2020
images/news/1598340423.jpg,https://www.smbbmu.edu.pk/beta/uploads/news/images/1598340423.jpg,https://www.smbbmu.edu.pk/beta/announcements/details/ehsaas-undergraduate-scholarship-project-phase-ii-08-21-2020
images/news/1598340266.jpg,https://www.smbbmu.edu.pk/beta/uploads/news/images/1598340266.jpg,https://www.smbbmu.edu.pk/beta/announcements/details/notice-for-mdms-mid-termpart-ii-final-mphil-diploma-examination-march-2020-08-19-2020
images/attachments/phd-n-15966146790.jpg,https://www.smbbmu.edu.pk/beta/news/downloadFile/phd_n_15966146790.jpg,https://www.smbbmu.edu.pk/beta/announcements/details/result-of-entry-test-of-phd-mphil-msph-mcps-mdms-i-and-diploma-courses-for-session-july-2020-08-05-2020
images/attachments/mcps-15966145115.jpg,https://www.smbbmu.edu.pk/beta/news/downloadFile/mcps_15966145115.jpg,https://www.smbbmu.edu.pk/beta/announcements/details/result-of-entry-test-of-phd-mphil-msph-mcps-mdms-i-and-diploma-courses-for-session-july-2020-08-05-2020
images/attachments/ms-15966145114.jpg,https://www.smbbmu.edu.pk/beta/news/downloadFile/ms_15966145114.jpg,https://www.smbbmu.edu.pk/beta/announcements/details/result-of-entry-test-of-phd-mphil-msph-mcps-mdms-i-and-diploma-courses-for-session-july-2020-08-05-2020
images/attachments/md-15966145113.jpg,https://www.smbbmu.edu.pk/beta/news/downloadFile/md_15966145113.jpg,https://www.smbbmu.edu.pk/beta/announcements/details/result-of-entry-test-of-phd-mphil-msph-mcps-mdms-i-and-diploma-courses-for-session-july-2020-08-05-2020
images/attachments/msph-15966145102.jpg,https://www.smbbmu.edu.pk/beta/news/downloadFile/msph_15966145102.jpg,https://www.smbbmu.edu.pk/beta/announcements/details/result-of-entry-test-of-phd-mphil-msph-mcps-mdms-i-and-diploma-courses-for-session-july-2020-08-05-2020
images/attachments/mphil-15966145101.jpg,https://www.smbbmu.edu.pk/beta/news/downloadFile/mphil_15966145101.jpg,https://www.smbbmu.edu.pk/beta/announcements/details/result-of-entry-test-of-phd-mphil-msph-mcps-mdms-i-and-diploma-courses-for-session-july-2020-08-05-2020
images/news/1596606674.jpg,https://www.smbbmu.edu.pk/beta/uploads/news/images/1596606674.jpg,https://www.smbbmu.edu.pk/beta/announcements/details/time-table-for-1st-and-2nd-professional-mbbs-supplementary-examination-08-04-2020
images/news/1595927423.jpg,https://www.smbbmu.edu.pk/beta/uploads/news/images/1595927423.jpg,https://www.smbbmu.edu.pk/beta/announcements/details/result-of-final-professional-mbbs-supplementary-online-examination-07-25-2020
images/news/1592564115.jpg,https://www.smbbmu.edu.pk/beta/uploads/news/images/1592564115.jpg,https://www.smbbmu.edu.pk/beta/announcements/details/notice-for-closure-of-university-and-its-constituent-colleges-06-19-2020
images/news/1591817644.jpg,https://www.smbbmu.edu.pk/beta/uploads/news/images/1591817644.jpg,https://www.smbbmu.edu.pk/beta/announcements/details/notice-for-supplementary-examination-06-10-2020
images/news/1591853957.jpg,https://www.smbbmu.edu.pk/beta/uploads/news/images/1591853957.jpg,https://www.smbbmu.edu.pk/beta/announcements/details/time-table-for-final-professional-mbbs-online-supplementary-examination-06-10-2020
images/news/1588856608.jpg,https://www.smbbmu.edu.pk/beta/uploads/news/images/1588856608.jpg,https://www.smbbmu.edu.pk/beta/announcements/details/notice-of-training-of-teaching-faculty-for-online-classes-05-07-2020
images/news/1588839195.jpg,https://www.smbbmu.edu.pk/beta/uploads/news/images/1588839195.jpg,https://www.smbbmu.edu.pk/beta/announcements/details/notice-for-it-coordinationfocal-personstechnical-support-for-online-classes-05-06-2020
images/news/1587900195.jpg,https://www.smbbmu.edu.pk/beta/uploads/news/images/1587900195.jpg,https://www.smbbmu.edu.pk/beta/announcements/details/notice-for-registration-of-students-for-online-classes-04-25-2020
images/news/1585593871.jpg,https://www.smbbmu.edu.pk/beta/uploads/news/images/1585593871.jpg,https://www.smbbmu.edu.pk/beta/announcements/details/notice-for-extension-of-due-date-of-submission-of-annual-fees-03-30-2020
images/news/1584563712.jpg,https://www.smbbmu.edu.pk/beta/uploads/news/images/1584563712.jpg,https://www.smbbmu.edu.pk/beta/announcements/details/notice-for-the-closure-of-smbb-medical-university-and-its-constituent-colleges-03-18-2020
images/news/1584563838.jpg,https://www.smbbmu.edu.pk/beta/uploads/news/images/1584563838.jpg,https://www.smbbmu.edu.pk/beta/announcements/details/corrigendum-for-the-closure-of-smbb-medical-university-and-its-constituent-colleges-03-18-2020
images/news/1584125372.jpg,https://www.smbbmu.edu.pk/beta/uploads/news/images/1584125372.jpg,https://www.smbbmu.edu.pk/beta/announcements/details/notice-for-closure-of-university-and-its-constituent-colleges-03-13-2020
images/news/1582296348.jpeg,https://www.smbbmu.edu.pk/beta/uploads/news/images/1582296348.jpeg,https://www.smbbmu.edu.pk/beta/announcements/details/interview-schedule-for-ehsaas-undergraduate-scholarship-02-21-2020
images/news/1582530882.jpg,https://www.smbbmu.edu.pk/beta/uploads/news/images/1582530882.jpg,https://www.smbbmu.edu.pk/beta/announcements/details/notice-for-mdms-mid-termpart-ii-final-mphil-diploma-examination-march-2020-02-21-2020
images/news/1581916052.jpg,https://www.smbbmu.edu.pk/beta/uploads/news/images/1581916052.jpg,https://www.smbbmu.edu.pk/beta/announcements/details/notice-for-orientation-day-of-1st-year-bds-of-batch-09-02-14-2020
images/news/1580473712.jpg,https://www.smbbmu.edu.pk/beta/uploads/news/images/1580473712.jpg,https://www.smbbmu.edu.pk/beta/announcements/details/notice-for-extension-in-joining-period-to-newly-selected-teaching-faculty-upto-27th-february-2020-01-31-2020
images/news/1578649918.jpg,https://www.smbbmu.edu.pk/beta/uploads/news/images/1578649918.jpg,https://www.smbbmu.edu.pk/beta/announcements/details/result-of-md-internal-medicine-mid-termtheory-examination-september-2019-01-09-2020
images/news/1577857481.jpg,https://www.smbbmu.edu.pk/beta/uploads/news/images/1577857481.jpg,https://www.smbbmu.edu.pk/beta/announcements/details/result-of-final-professional-bds-examination-supplementary-for-session-2014-15-of-bibi-aseefa-dental-college-larkana-held-in-the-month-of-december-2019-12-31-2019
images/attachments/md-ms-part-1-15766508620.jpg,https://www.smbbmu.edu.pk/beta/news/downloadFile/md-ms-part-1_15766508620.jpg,https://www.smbbmu.edu.pk/beta/announcements/details/result-of-entry-test-of-diploma-fcps-ii-training-mdms-part-i-examination-for-session-january-2019-12-17-2019
images/news/1575535302.jpg,https://www.smbbmu.edu.pk/beta/uploads/news/images/1575535302.jpg,https://www.smbbmu.edu.pk/beta/announcements/details/list-of-candidates-selected-on-reserved-seats-of-dow-university-of-health-sciences-karachi-for-session-2019-20-12-05-2019
images/news/1575535376.jpg,https://www.smbbmu.edu.pk/beta/uploads/news/images/1575535376.jpg,https://www.smbbmu.edu.pk/beta/announcements/details/list-of-candidates-selected-on-reserved-seats-of-jinnah-sindh-medical-university-karachi-for-session-2019-20-12-05-2019
images/news/1575535238.jpg,https://www.smbbmu.edu.pk/beta/uploads/news/images/1575535238.jpg,https://www.smbbmu.edu.pk/beta/announcements/details/list-of-candidates-selected-on-reserved-seats-of-fatima-jinnah-sindh-medical-university-lahore-for-session-2019-20-12-05-2019
images/news/1575107509.jpg,https://www.smbbmu.edu.pk/beta/uploads/news/images/1575107509.jpg,https://www.smbbmu.edu.pk/beta/announcements/details/admissions-to-1st-year-mbbsbds-on-reserved-seats-of-overseas-pakistanis-11-29-2019
images/news/1575107557.jpg,https://www.smbbmu.edu.pk/beta/uploads/news/images/1575107557.jpg,https://www.smbbmu.edu.pk/beta/announcements/details/admissions-to-1st-year-mbbsbds-on-ueap-local-basis-11-29-2019
images/news/1572693120.jpg,https://www.smbbmu.edu.pk/beta/uploads/news/images/1572693120.jpg,https://www.smbbmu.edu.pk/beta/announcements/details/recommendation-of-selection-board-of-smbb-medical-university-larkana-held-on-21st-september-2019-11-02-2019
images/news/1567492621.jpg,https://www.smbbmu.edu.pk/beta/uploads/news/images/1567492621.jpg,https://www.smbbmu.edu.pk/beta/announcements/details/recommendation-of-selection-board-of-smbb-medical-university-larkana-held-on-9th-10th-august-2019-08-31-2019
images/news/1562761648.jpg,https://www.smbbmu.edu.pk/beta/uploads/news/images/1562761648.jpg,https://www.smbbmu.edu.pk/beta/announcements/details/result-of-pre-interview-written-test-for-the-post-of-physiotherapistbps-17-held-smbbmu-areeja-campus-on-09-07-2019-07-10-2019
images/news/1562676221.jpg,https://www.smbbmu.edu.pk/beta/uploads/news/images/1562676221.jpg,https://www.smbbmu.edu.pk/beta/announcements/details/answer-key-for-pre-interview-written-test-for-the-post-of-physiotherapistbps-17-held-smbbmu-areeja-campus-on-09-07-2019-07-09-2019
images/news/1562063181.jpg,https://www.smbbmu.edu.pk/beta/uploads/news/images/1562063181.jpg,https://www.smbbmu.edu.pk/beta/announcements/details/pre-interview-written-test-for-the-post-of-physiotherapistbps-17-07-02-2019
images/news/1561957399.jpg,https://www.smbbmu.edu.pk/beta/uploads/news/images/1561957399.jpg,https://www.smbbmu.edu.pk/beta/announcements/details/notification-of-extension-of-summer-vacation-06-27-2019
images/news/1560499011.jpg,https://www.smbbmu.edu.pk/beta/uploads/news/images/1560499011.jpg,https://www.smbbmu.edu.pk/beta/announcements/details/notification-of-extension-of-summer-vacation-06-14-2019
images/news/1560842022.jpg,https://www.smbbmu.edu.pk/beta/uploads/news/images/1560842022.jpg,https://www.smbbmu.edu.pk/beta/announcements/details/result-of-first-professional-mbbs-first-year-supplementary-examination-session-2017-18-06-13-2019
images/news/1560842342.jpg,https://www.smbbmu.edu.pk/beta/uploads/news/images/1560842342.jpg,https://www.smbbmu.edu.pk/beta/announcements/details/result-of-second-professional-mbbs-second-year-supplementary-examination-session-2016-17-06-13-2019
images/news/1560842442.jpg,https://www.smbbmu.edu.pk/beta/uploads/news/images/1560842442.jpg,https://www.smbbmu.edu.pk/beta/announcements/details/result-of-third-professional-mbbs-third-year-supplementary-examination-session-2015-16-06-13-2019
images/news/1560842707.jpg,https://www.smbbmu.edu.pk/beta/uploads/news/images/1560842707.jpg,https://www.smbbmu.edu.pk/beta/announcements/details/result-of-fourth-professional-mbbs-fourth-year-supplementary-examination-session-2014-15-06-13-2019
images/news/1560842762.jpg,https://www.smbbmu.edu.pk/beta/uploads/news/images/1560842762.jpg,https://www.smbbmu.edu.pk/beta/announcements/details/result-of-fifth-professional-mbbs-fifth-year-supplementary-examination-session-2013-14-06-13-2019
images/news/1557826094.png,https://www.smbbmu.edu.pk/beta/uploads/news/images/1557826094.png,https://www.smbbmu.edu.pk/beta/announcements/details/result-of-selection-board-of-smbbmu-held-on-11th-may-2019-05-14-2019
images/news/1556614969.jpg,https://www.smbbmu.edu.pk/beta/uploads/news/images/1556614969.JPG,https://www.smbbmu.edu.pk/beta/announcements/details/result-of-first-prof-pharm-d-supplementary-examination-session-2016-17-04-29-2019
images/news/1556615100.jpg,https://www.smbbmu.edu.pk/beta/uploads/news/images/1556615100.JPG,https://www.smbbmu.edu.pk/beta/announcements/details/result-of-bsn-generic-first-semester-regular-examination-session-2017-18-04-29-2019
images/news/1556616402.jpg,https://www.smbbmu.edu.pk/beta/uploads/news/images/1556616402.JPG,https://www.smbbmu.edu.pk/beta/announcements/details/result-of-bsn-post-rn-first-semester-regular-examination-session-2017-18-04-29-2019
images/news/1547616009.jpg,https://www.smbbmu.edu.pk/beta/uploads/news/images/1547616009.jpg,https://www.smbbmu.edu.pk/beta/announcements/details/result-of-first-year-pharm-d-examination-session-2016-17-01-14-2019
images/news/1545114483.jpg,https://www.smbbmu.edu.pk/beta/uploads/news/images/1545114483.jpg,https://www.smbbmu.edu.pk/beta/announcements/details/result-of-mdms-part-i-examination-december-2018-12-17-2018
images/news/1541746186.jpg,https://www.smbbmu.edu.pk/beta/uploads/news/images/1541746186.jpg,https://www.smbbmu.edu.pk/beta/announcements/details/result-of-final-professional-bds-annual-examination-session-2013-14-11-01-2018
images/news/1539699922.jpg,https://www.smbbmu.edu.pk/beta/uploads/news/images/1539699922.jpg,https://www.smbbmu.edu.pk/beta/announcements/details/notice-for-modification-of-schedule-of-election-of-syndicate-10-16-2018
images/news/1539587821.jpg,https://www.smbbmu.edu.pk/beta/uploads/news/images/1539587821.JPG,https://www.smbbmu.edu.pk/beta/announcements/details/result-of-third-professional-bds-supplementary-examination-10-15-2018
images/news/1538459812.jpg,https://www.smbbmu.edu.pk/beta/uploads/news/images/1538459812.jpg,https://www.smbbmu.edu.pk/beta/announcements/details/circular-of-microsoft-office-specialist-exam-10-01-2018
images/news/1537781745.jpg,https://www.smbbmu.edu.pk/beta/uploads/news/images/1537781745.JPG,https://www.smbbmu.edu.pk/beta/announcements/details/result-of-diploma-in-clinical-neurology-dcn-clinical-examination-march-2018-09-24-2018
