url,type,title,date,status_code
https://www.smbbmu.edu.pk/beta/,home,INSTITUTES,,200
http://gmail.com,external,,,
https://smbbmulibraries.blogspot.com/,external,,,
http://admissions.smbbmu.edu.pk,external,,,
http://cmc.edu.pk,external,,,
https://www.gmc-suk.edu.pk/,external,,,
https://finex.smbbmu.edu.pk/web/fees/online,external,,,
https://twitter.com/smbbmulrk,external,,,
https://www.facebook.com/smbbmu2009,external,,,
https://www.youtube.com/@smbbmularkana-ji6nm,external,,,
https://www.instagram.com/smbbmu2009/,external,,,
https://www.linkedin.com/company/smbbmu2009/,external,,,
https://www.smbbmu.edu.pk/beta/images/7th-convocation.jpeg,image,7th-convocation-b8f7e61f.jpeg,,200
https://www.smbbmu.edu.pk/beta/images/flag-hoisting.jpeg,image,flag-hoisting-e4455499.jpeg,,200
https://www.smbbmu.edu.pk/beta/images/warah-camp.jpeg,image,warah-camp-b880f0c5.jpeg,,200
https://www.smbbmu.edu.pk/beta/images/smbbmu-ranked.jpeg,image,smbbmu-ranked-595ab8ba.jpeg,,200
https://www.smbbmu.edu.pk/beta/images/kashmir-day-2024.jpeg,image,kashmir-day-2024-bea4c65c.jpeg,,200
https://www.smbbmu.edu.pk/beta/images/golden-jubilee-cmc.jpeg,image,golden-jubilee-cmc-254ee31a.jpeg,,200
https://www.smbbmu.edu.pk/beta/images/first-international-conference.jpeg,image,first-international-conference-c4404caf.jpeg,,200
https://www.smbbmu.edu.pk/beta/images/convocation-2024.jpeg,image,convocation-2024-df081a28.jpeg,,200
https://www.smbbmu.edu.pk/beta/images/laptop-distribution.jpeg,image,laptop-distribution-9dfaf206.jpeg,,200
https://www.smbbmu.edu.pk/beta/images/logo.png,image,logo-6d5623cf.png,,200
https://www.smbbmu.edu.pk/beta/images/cmclogo.jpg,image,chandka-medical-college-larkana-aa423193.jpg,,200
https://www.smbbmu.edu.pk/beta/images/gmc-logo.gif,image,ghulam-muhammad-mahar-medical-college-sukkur-29167fd8.gif,,200
https://www.smbbmu.edu.pk/beta/images/badclogo.jpg,image,bibi-aseefa-dental-college-larkana-737b5350.jpg,,200
https://www.smbbmu.edu.pk/beta/images/binachs.jpg,image,benazir-college-of-nursing-4eb8f64a.jpg,,200
https://www.smbbmu.edu.pk/beta/images/pharmacyLogo.jpeg,image,institute-of-pharmacy-db1cbaef.jpeg,,200
https://www.smbbmu.edu.pk/beta/images/physiotherapylogo.jpg,image,institute-of-physiotherapy-rehabilitation-sciences-7524f6a3.jpg,,200
https://www.smbbmu.edu.pk/beta/announcements/all,announcement_list,Notifications,,200
https://www.smbbmu.edu.pk/beta/announcements/admission,announcement_list,Admission,,200
https://www.smbbmu.edu.pk/beta/announcements/examination,announcement_list,Examination,,200
https://www.smbbmu.edu.pk/beta/announcements/notifications,announcement_list,Notifications,,200
https://www.smbbmu.edu.pk/beta/announcements/tender,announcement_list,Tender,,200
https://www.smbbmu.edu.pk/beta/announcements/other,announcement_list,Other,,200
https://www.smbbmu.edu.pk/beta/jobs,announcement_list,Shaheed Mohtarma Benazir Bhutto Medical University,,200
https://www.smbbmu.edu.pk/beta/news/downloadFile/advertisement-jobs_17803125750.jpg,image,advertisement-jobs-17803125750-1ca988ad.jpg,,200
https://www.smbbmu.edu.pk/beta/news/downloadFile/eligibilty-criteria_17803125751.pdf,pdf,eligibilty-criteria-17803125751-6200f7d1.pdf,,200
https://www.smbbmu.edu.pk/beta/news/downloadFile/Eligibility-Criteria-of-PN-MC-ESTABLISHMENT-NURSING-EDUCATIONAL-INSTITUTIONS-DEGREE-PROGRAMS-2021_17803125752.pdf,pdf,eligibility-criteria-of-pn-mc-establishment-nursing-educational-institutions-degree-programs-2021-17803125752-df60f35a.pdf,,200
https://www.smbbmu.edu.pk/beta/news/downloadFile/HEC-Medical_Non_Clinical_July_2013_17803125753.pdf,pdf,hec-medical-non-clinical-july-2013-17803125753-6232eb76.pdf,,200
https://www.smbbmu.edu.pk/beta/news/downloadFile/HEC-Medical-Sciences-Clinical-Sciences-disciplines-July+2013_17803125754.pdf,pdf,hec-medical-sciences-clinical-sciences-disciplines-july-2013-17803125754-74d1eb92.pdf,,200
https://www.smbbmu.edu.pk/beta/news/downloadFile/Teaching-Regulations-2025-PM-DC_17803125755.pdf,pdf,teaching-regulations-2025-pm-dc-17803125755-dbf8f269.pdf,,200
https://www.smbbmu.edu.pk/beta/news/downloadFile/Published-in-Newspapers_17803125756.pdf,pdf,published-in-newspapers-17803125756-f89f76db.pdf,,200
https://www.smbbmu.edu.pk/beta/news/downloadFile/Application-Form-Teaching_17803125758.pdf,pdf,application-form-teaching-17803125758-e2f2a6c6.pdf,,200
https://docs.google.com/forms/d/e/1FAIpQLScBQUCSRAO-xuhSWaLnA9wAQWaKQMMAfiD3aPGpO5hZwhErxQ/viewform?pli=1&pli=1,external,,,
https://www.smbbmu.edu.pk/beta/newsandevents/events,events_list,Flag Hositing and Plantation Drive mark  Youm-e-Az...,2025-08-14,200
https://www.smbbmu.edu.pk/beta/faculty/index/basic,faculty,Faculty of Basic Medical Sciences,,200
https://www.smbbmu.edu.pk/beta/faculty/index/medicine,faculty,DEPARTMENT OF MEDICINE,,200
https://www.smbbmu.edu.pk/beta/faculty/index/surgery,faculty,DEPARTMENT OF SURGERY,,200
https://www.smbbmu.edu.pk/beta/faculty/index/community,faculty,Faculty of Community Medicine & Public Health Sciences,,200
https://www.smbbmu.edu.pk/beta/faculty/index/foreign,faculty,Dr Erum Qalbani,,200
https://www.smbbmu.edu.pk/beta/faculty/index/dental,faculty,Bibi Aseefa Dental College,,200
https://www.smbbmu.edu.pk/beta/faculty,faculty,Faculty of Basic Medical Sciences,,200
https://www.smbbmu.edu.pk/beta/alumni,page,Alumni Registration,,200
https://www.smbbmu.edu.pk/beta/convocation,page,Convocation,,200
https://forms.gle/wA7oBza6wGLZ8ezW8,external,,,
https://forms.gle/ZqRzHH8YmwSFcMxC9,external,,,
https://www.smbbmu.edu.pk/beta/about,page,History,,200
https://www.smbbmu.edu.pk/beta/administration,page,Vice Chancellor Secretariat,,200
https://www.smbbmu.edu.pk/beta/qec,page,Introduction,2025-06-10,200
https://www.smbbmu.edu.pk/beta/news/downloadFile/activity-calendar_17521568610.pdf,pdf,activity-calendar-17521568610-40a13fe8.pdf,,200
https://www.smbbmu.edu.pk/beta/news/downloadFile/1-HEC_Self_Assessment_Manual_1492068343.pdf,pdf,1-hec-self-assessment-manual-1492068343-31aede12.pdf,,200
https://www.smbbmu.edu.pk/beta/news/downloadFile/2-HEC_Quality_Assurance_Manual_for_Higher_Education_in_Pakistan_1492068343.pdf,pdf,2-hec-quality-assurance-manual-for-higher-education-in-pakistan-1492068343-d51e00dd.pdf,,200
https://www.smbbmu.edu.pk/beta/news/downloadFile/3-Performance_Evaluation_Standards_for_HEIsGDG_1492068343.pdf,pdf,3-performance-evaluation-standards-for-heisgdg-1492068343-b74f5431.pdf,,200
https://www.smbbmu.edu.pk/beta/news/downloadFile/4-Plagiarism_Policy_1492068180.pdf,pdf,4-plagiarism-policy-1492068180-bb4ebcff.pdf,,200
https://www.smbbmu.edu.pk/beta/news/downloadFile/5-Turnitin_Policy_1492068180.pdf,pdf,5-turnitin-policy-1492068180-353f861b.pdf,,200
https://www.smbbmu.edu.pk/beta/news/downloadFile/6-Standard_Operating_Procedure_1492068180.pdf,pdf,6-standard-operating-procedure-1492068180-5b0101ff.pdf,,200
https://www.smbbmu.edu.pk/beta/news/downloadFile/7-MPHIL-Phd-Criteria_1492068180.pdf,pdf,7-mphil-phd-criteria-1492068180-93101191.pdf,,200
https://www.smbbmu.edu.pk/beta/news/downloadFile/8-Notification_1492067968.jpg,image,8-notification-1492067968-0079ab20.jpg,,200
https://www.smbbmu.edu.pk/beta/news/downloadFile/9-Little_Book_of_Plagiarism_1492067968.pdf,pdf,9-little-book-of-plagiarism-1492067968-bd76ca87.pdf,,200
https://www.smbbmu.edu.pk/beta/news/downloadFile/8-Notification_1492067964.jpg,image,8-notification-1492067964-a2a77266.jpg,,200
https://www.smbbmu.edu.pk/beta/news/downloadFile/9-Little_Book_of_Plagiarism_1492067964.pdf,pdf,9-little-book-of-plagiarism-1492067964-2137c50a.pdf,,200
https://www.smbbmu.edu.pk/beta/news/downloadFile/Proforma-1-Student-Course-Evaluation-Questionnaire_1492070163.pdf,pdf,proforma-1-student-course-evaluation-questionnaire-1492070163-2c673252.pdf,,200
https://www.smbbmu.edu.pk/beta/news/downloadFile/Proforma-2-Faculty-Course-Review-Report_1492070163.pdf,pdf,proforma-2-faculty-course-review-report-1492070163-f1d9598d.pdf,,200
https://www.smbbmu.edu.pk/beta/news/downloadFile/Proforma-3-Survey-of-Graduating-Students_1492070163.pdf,pdf,proforma-3-survey-of-graduating-students-1492070163-b29c5e4a.pdf,,200
https://www.smbbmu.edu.pk/beta/news/downloadFile/Proforma-4-Research-Student-Progress-Review-Form_1492070163.pdf,pdf,proforma-4-research-student-progress-review-form-1492070163-51118a14.pdf,,200
https://www.smbbmu.edu.pk/beta/news/downloadFile/Proforma-5-Faculty-Survey_1492070024.pdf,pdf,proforma-5-faculty-survey-1492070024-b15fad87.pdf,,200
https://www.smbbmu.edu.pk/beta/news/downloadFile/Proforma-6-Survey-of-Department-Offering-PhD_1492070024.pdf,pdf,proforma-6-survey-of-department-offering-phd-1492070024-9c230f95.pdf,,200
https://www.smbbmu.edu.pk/beta/news/downloadFile/Proforma-7-Alumni-Survey_1492070024.pdf,pdf,proforma-7-alumni-survey-1492070024-89c2fc08.pdf,,200
https://www.smbbmu.edu.pk/beta/news/downloadFile/Proforma-8-Employer-Survey_1492070024.pdf,pdf,proforma-8-employer-survey-1492070024-72cfe2b7.pdf,,200
https://www.smbbmu.edu.pk/beta/news/downloadFile/Proforma-9-Faculty+Resume_1492070024.pdf,pdf,proforma-9-faculty-resume-1492070024-2e3b233a.pdf,,200
https://www.smbbmu.edu.pk/beta/news/downloadFile/Proforma-10-Teacher-Evaluation-Form_1492070024.pdf,pdf,proforma-10-teacher-evaluation-form-1492070024-f5bef4cb.pdf,,200
https://www.smbbmu.edu.pk/beta/dme,page,Introduction,,200
https://www.smbbmu.edu.pk/beta/news/downloadFile/CHPE-FORM_17480011360.pdf,pdf,chpe-form-17480011360-71038ab2.pdf,,200
https://www.smbbmu.edu.pk/beta/news/downloadFile/CHPE+Form_17307923770.pdf,pdf,chpe-form-17307923770-20455493.pdf,,200
https://www.smbbmu.edu.pk/beta/news/downloadFile/Form_17147199670.pdf,pdf,form-17147199670-22e36cb9.pdf,,200
https://www.smbbmu.edu.pk/beta/news/downloadFile/Form_16700505710.pdf,pdf,form-16700505710-b3b9f813.pdf,,200
https://www.smbbmu.edu.pk/beta/news/downloadFile/Notice+of+Workshops_16541080670.pdf,pdf,notice-of-workshops-16541080670-d2fcdc23.pdf,,200
https://www.smbbmu.edu.pk/beta/news/downloadFile/osce-template_16795973341.pdf,pdf,osce-template-16795973341-9ff80798.pdf,,200
https://www.smbbmu.edu.pk/beta/news/downloadFile/Refund+Claim+form+ok_16029354070.pdf,pdf,refund-claim-form-ok-16029354070-3e016073.pdf,,200
https://www.smbbmu.edu.pk/beta/news/downloadFile/MBBS-learning-Outcome_16795977050.pdf,pdf,mbbs-learning-outcome-16795977050-78522fbd.pdf,,200
https://www.smbbmu.edu.pk/beta/news/downloadFile/workshop+registration+form_16043905590.pdf,pdf,workshop-registration-form-16043905590-a2134eb6.pdf,,200
https://www.smbbmu.edu.pk/beta/news/downloadFile/BDS-Learning-outcomes_16795978090.pdf,pdf,bds-learning-outcomes-16795978090-8bd48dc5.pdf,,200
https://www.smbbmu.edu.pk/beta/news/downloadFile/BCQ+SUBMISSION+PROFORMA_16144163370.pdf,pdf,bcq-submission-proforma-16144163370-e66370e3.pdf,,200
https://www.smbbmu.edu.pk/beta/news/downloadFile/DPT-LEARNING-OUTCOMES_16795978820.pdf,pdf,dpt-learning-outcomes-16795978820-4333646c.pdf,,200
https://www.smbbmu.edu.pk/beta/news/downloadFile/Pharmacy-Learning-outcomes_16795978821.pdf,pdf,pharmacy-learning-outcomes-16795978821-71ce3ba8.pdf,,200
https://www.smbbmu.edu.pk/beta/news/downloadFile/BCON++Learning+Outcome-BSN-+BScN-PostRN_16795979310.pdf,pdf,bcon-learning-outcome-bsn-bscn-postrn-16795979310-5c9e5567.pdf,,200
https://www.smbbmu.edu.pk/beta/news/downloadFile/ospe-template_16795973340.pdf,pdf,ospe-template-16795973340-94c95f70.pdf,,200
https://www.smbbmu.edu.pk/beta/policies,page,Policies,,200
https://www.smbbmu.edu.pk/beta/news/downloadFile/DOC-20250606-WA0019_250606_172809_page-0001_17496365390.jpg,image,doc-20250606-wa0019-250606-172809-page-0001-17496365390-659369bb.jpg,,200
https://smbbmu.edu.pk/policies/diversity-non-diversity-policy,external,,,
https://www.smbbmu.edu.pk/beta/news/downloadFile/allotment-policy.pdf,pdf,allotment-policy-11e350bf.pdf,,200
https://www.smbbmu.edu.pk/beta/news/downloadFile/SMBBMU+SC+policy_16841259850.pdf,pdf,smbbmu-sc-policy-16841259850-a951cc49.pdf,,200
https://www.smbbmu.edu.pk/beta/financialaids,page,Introduction,,200
https://www.smbbmu.edu.pk/beta/studentResources/index,page,Students Resources,,200
https://www.smbbmu.edu.pk/beta/downloads,page,Downloads,,200
https://www.smbbmu.edu.pk/beta/news/downloadFile/SMBBMUL-Form-for-P_15729553181.pdf,pdf,smbbmul-form-for-p-15729553181-810e6021.pdf,,200
https://www.smbbmu.edu.pk/beta/news/downloadFile/Challan+of+Controller+Postgraduate_15729553180.pdf,pdf,challan-of-controller-postgraduate-15729553180-5ee6692e.pdf,,200
https://www.smbbmu.edu.pk/beta/news/downloadFile/log-book-medicine.pdf,pdf,log-book-medicine-deb4f111.pdf,,200
https://www.smbbmu.edu.pk/beta/contactus,page,Contact Us,,200
https://www.smbbmu.edu.pk/beta/annualreport,page,Annual Report,,200
https://www.smbbmu.edu.pk/beta/news/downloadFile/annual-report-2023-24_17822370580.pdf,pdf,annual-report-2023-24-17822370580-6b3d95f6.pdf,,200
https://www.smbbmu.edu.pk/beta/news/downloadFile/annual-report-2024-25_17579302060.pdf,pdf,annual-report-2024-25-17579302060-bb44d158.pdf,,200
https://www.smbbmu.edu.pk/beta/news/downloadFile/annual-report-2023_17497274680.pdf,pdf,annual-report-2023-17497274680-58551a2b.pdf,,200
https://www.smbbmu.edu.pk/beta/affiliated-colleges,page,Affiliated Colleges,,200
https://www.smbbmu.edu.pk/beta/admissions/post-graduate,page,Admissions,,200
https://www.smbbmu.edu.pk/beta/campuses/bibi-aseefa-dental-college-larkana,campus,Introduction,,200
https://www.smbbmu.edu.pk/beta/news/downloadFile/pif_17822958851.pdf,pdf,pif-17822958851-f0056819.pdf,,200
https://www.smbbmu.edu.pk/beta/news/downloadFile/ciculum-mds_17822958840.pdf,pdf,ciculum-mds-17822958840-eb79e857.pdf,,200
https://www.smbbmu.edu.pk/beta/uploads/employees/images/1490774862.jpg,image,dr-syed-yousif-ali-shah-b13d5d46.jpg,,200
https://www.smbbmu.edu.pk/beta/uploads/employees/images/1490773022.jpg,image,dr-muhammad-rafique-tagar-142f0f5b.jpg,,200
https://www.smbbmu.edu.pk/beta/uploads/employees/images/1490773441.jpg,image,dr-saira-baby-76185e91.jpg,,200
https://www.smbbmu.edu.pk/beta/uploads/employees/images/1782282938.jpeg,image,prof-dr-qaimuddin-shaikh-cab4a6a4.jpeg,,200
https://www.smbbmu.edu.pk/beta/uploads/employees/images/1782283811.jpeg,image,dr-aswad-ahmed-79c9b59f.jpeg,,200
https://www.smbbmu.edu.pk/beta/uploads/employees/images/1782283826.jpeg,image,dr-asfar-hussain-cf493af2.jpeg,,200
https://www.smbbmu.edu.pk/beta/uploads/employees/images/1782283989.jpeg,image,dr-kinza-fatima-5e1ed74f.jpeg,,200
https://www.smbbmu.edu.pk/beta/uploads/employees/images/1782283864.jpeg,image,dr-naeem-mustafa-4d20e5f6.jpeg,,200
https://www.smbbmu.edu.pk/beta/uploads/employees/images/1782283845.jpeg,image,dr-bharti-kumari-7c1dba0c.jpeg,,200
https://www.smbbmu.edu.pk/beta/uploads/employees/images/1782283887.jpeg,image,dr-priya-kumari-b9fcae17.jpeg,,200
https://www.smbbmu.edu.pk/beta/uploads/employees/images/1490772576.jpg,image,dr-almas-rahoojo-1e5bae81.jpg,,200
https://www.smbbmu.edu.pk/beta/uploads/employees/images/1490772537.jpg,image,dr-ali-gul-tunio-6c146945.jpg,,200
https://www.smbbmu.edu.pk/beta/uploads/employees/images/1490772733.jpg,image,dr-asif-ali-f7e64a78.jpg,,200
https://www.smbbmu.edu.pk/beta/uploads/employees/images/1490774989.jpg,image,prof-amar-lal-gurbakhshani-6dd956df.jpg,,200
https://www.smbbmu.edu.pk/beta/uploads/employees/images/1490772611.jpg,image,dr-amit-kumar-cb4c317a.jpg,,200
https://www.smbbmu.edu.pk/beta/uploads/employees/images/1488798764.jpg,image,dr-shahid-ali-mirani-52601e76.jpg,,200
https://www.smbbmu.edu.pk/beta/uploads/employees/images/1490773475.jpg,image,dr-sandeep-kumar-8ef3d147.jpg,,200
https://www.smbbmu.edu.pk/beta/campuses/benazir-college-of-nursing-larkana,campus,Introduction,,200
https://www.smbbmu.edu.pk/beta/uploads/employees/images/1768935130.jpeg,image,mr-nazeer-ali-5b537c46.jpeg,,200
https://www.smbbmu.edu.pk/beta/uploads/employees/images/1719214805.jpeg,image,mr-ghulam-abbas-panhwar-9de4d838.jpeg,,200
https://www.smbbmu.edu.pk/beta/uploads/employees/images/1480664528.jpg,image,ms-sara-chandio-9fd4c277.jpg,,200
https://www.smbbmu.edu.pk/beta/uploads/employees/images/1480664449.jpg,image,ms-humera-wagan-f13a4251.jpg,,200
https://www.smbbmu.edu.pk/beta/uploads/employees/images/1770015628.jpeg,image,mr-aftab-ghouri-e0d274cf.jpeg,,200
https://www.smbbmu.edu.pk/beta/uploads/employees/images/1480663449.png,image,mr-abdul-wahid-bhayo-05b908ea.png,,200
https://www.smbbmu.edu.pk/beta/uploads/employees/images/1480664493.jpg,image,ms-faiza-jokhio-24c7439f.jpg,,200
https://www.smbbmu.edu.pk/beta/uploads/employees/images/1480663314.jpg,image,mr-saifullah-soomro-747a6a44.jpg,,200
https://www.smbbmu.edu.pk/beta/uploads/employees/images/1480664404.jpg,image,mr-ali-asghar-9d0403aa.jpg,,200
https://www.smbbmu.edu.pk/beta/uploads/employees/images/1480664309.jpg,image,mr-asif-ali-magsi-358cdc79.jpg,,200
https://www.smbbmu.edu.pk/beta/uploads/employees/images/1480664191.jpg,image,ms-kaneez-fiza-9a8d4b72.jpg,,200
https://www.smbbmu.edu.pk/beta/uploads/employees/images/1480664117.jpg,image,mr-asif-jamali-689ff484.jpg,,200
https://www.smbbmu.edu.pk/beta/campuses/department-of-pharmacy,campus,Introduction,,200
https://www.smbbmu.edu.pk/beta/uploads/employees/images/1744965081.jpeg,image,dr-waseem-abbas-malhani-2d758daa.jpeg,,200
https://www.smbbmu.edu.pk/beta/uploads/employees/images/1560969347.jpeg,image,dr-abdul-rauf-khaskheli-50ea4757.jpeg,,200
https://www.smbbmu.edu.pk/beta/uploads/employees/images/1435217543.png,image,prof-dr-nadeem-baloch-85a78900.png,,200
https://www.smbbmu.edu.pk/beta/uploads/employees/images/1435218025.png,image,mr-ayaz-ali-unar-42b6e712.png,,200
https://www.smbbmu.edu.pk/beta/uploads/employees/images/1698817417.jpeg,image,dr-athar-ali-7b1a4754.jpeg,,200
https://www.smbbmu.edu.pk/beta/campuses/institute-of-physiotherapy,campus,Introduction,,200
https://www.smbbmu.edu.pk/beta/uploads/employees/images/1688546645.jpeg,image,dr-mukesh-kumar-7b779dde.jpeg,,200
https://www.smbbmu.edu.pk/beta/uploads/employees/images/1688541965.jpeg,image,dr-vikash-7401cac4.jpeg,,200
https://www.smbbmu.edu.pk/beta/uploads/employees/images/1688541876.jpeg,image,dr-naseebullah-e1e93f05.jpeg,,200
https://www.smbbmu.edu.pk/beta/uploads/employees/images/1688541822.jpeg,image,dr-adil-ameer-ali-9474e181.jpeg,,200
https://www.smbbmu.edu.pk/beta/uploads/employees/images/1688541983.jpeg,image,dr-natasha-bhutto-1f0d889b.jpeg,,200
https://www.smbbmu.edu.pk/beta/uploads/employees/images/1688542006.jpeg,image,dr-shobha-e0893647.jpeg,,200
https://www.smbbmu.edu.pk/beta/uploads/employees/images/1688541720.jpeg,image,dr-sunny-kumar-189f33db.jpeg,,200
https://www.smbbmu.edu.pk/beta/uploads/employees/images/1688541785.jpeg,image,dr-komal-6424aecc.jpeg,,200
https://www.smbbmu.edu.pk/beta/uploads/employees/images/1688541935.jpeg,image,dr-sonam-534aa510.jpeg,,200
https://www.smbbmu.edu.pk/beta/uploads/employees/images/1688541907.jpeg,image,dr-shahmeer-khan-4d19a24a.jpeg,,200
https://www.smbbmu.edu.pk/beta/uploads/employees/images/1688541760.jpeg,image,dr-fayaz-hussain-900d50f5.jpeg,,200
https://www.smbbmu.edu.pk/beta/campuses/college-of-medical-technology,campus,Introduction,,200
https://www.smbbmu.edu.pk/beta/uploads/employees/images/1766837440.png,image,introduction-hod-641bf033.png,,200
https://www.smbbmu.edu.pk/beta/campuses/sukkur-college-of-nursing,campus,Introduction,,200
https://www.smbbmu.edu.pk/beta/news/details/flag-hositing-and-plantation-drive-mark-youm-e-azadi-celebrations-at-smbbmu-08-14-2025,news,Flag Hositing and Plantation Drive mark  Youm-e-Azadi Celebrations at SMBBMU,2025-08-14,200
https://www.smbbmu.edu.pk/beta/uploads/gallery/events/1755755246533165260_731608203209229_7036468186271868761_n_thumb.jpg,image,1755755246533165260-731608203209229-7036468186271868761-n-thumb-b41e3f14.jpg,,200
https://www.smbbmu.edu.pk/beta/uploads/gallery/events/1755755246533421358_731608136542569_552492457768752228_n_thumb.jpg,image,1755755246533421358-731608136542569-552492457768752228-n-thumb-c154aee9.jpg,,200
https://www.smbbmu.edu.pk/beta/uploads/gallery/events/thumbs/1755755246533165260_731608203209229_7036468186271868761_n_thumb.jpg,image,1755755246533165260-731608203209229-7036468186271868761-n-thumb-589f41ae.jpg,,200
https://www.smbbmu.edu.pk/beta/uploads/gallery/events/thumbs/1755755246533421358_731608136542569_552492457768752228_n_thumb.jpg,image,1755755246533421358-731608136542569-552492457768752228-n-thumb-268aefbd.jpg,,200
https://www.smbbmu.edu.pk/beta/news/details/free-mega-medical-camp-in-celebration-of-jashn-e-azadi-08-07-2025,news,Free Mega Medical Camp in Celebration of Jashn-e-Azadi,2025-08-07,200
https://www.smbbmu.edu.pk/beta/uploads/gallery/events/17561076221_thumb.png,image,17561076221-thumb-73a4ff92.png,,200
https://www.smbbmu.edu.pk/beta/uploads/gallery/events/17561076152_thumb.png,image,17561076152-thumb-7360f42d.png,,200
https://www.smbbmu.edu.pk/beta/uploads/gallery/events/17561075857_thumb.png,image,17561075857-thumb-b3c92280.png,,200
https://www.smbbmu.edu.pk/beta/uploads/gallery/events/17561075843_thumb.png,image,17561075843-thumb-712f2b0e.png,,200
https://www.smbbmu.edu.pk/beta/uploads/gallery/events/175610757114_thumb.png,image,175610757114-thumb-fd96b0b4.png,,200
https://www.smbbmu.edu.pk/beta/uploads/gallery/events/175610757019_thumb.png,image,175610757019-thumb-167dca00.png,,200
https://www.smbbmu.edu.pk/beta/uploads/gallery/events/17561075486_thumb.png,image,17561075486-thumb-a29a2f9d.png,,200
https://www.smbbmu.edu.pk/beta/uploads/gallery/events/175610754715_thumb.png,image,175610754715-thumb-c4bf981f.png,,200
https://www.smbbmu.edu.pk/beta/uploads/gallery/events/thumbs/17561076221_thumb.png,image,17561076221-thumb-d876a7c4.png,,200
https://www.smbbmu.edu.pk/beta/uploads/gallery/events/thumbs/17561076152_thumb.png,image,17561076152-thumb-ec4d241b.png,,200
https://www.smbbmu.edu.pk/beta/uploads/gallery/events/thumbs/17561075857_thumb.png,image,17561075857-thumb-2af07805.png,,200
https://www.smbbmu.edu.pk/beta/uploads/gallery/events/thumbs/17561075843_thumb.png,image,17561075843-thumb-647344a4.png,,200
https://www.smbbmu.edu.pk/beta/uploads/gallery/events/thumbs/175610757114_thumb.png,image,175610757114-thumb-7e9d838b.png,,200
https://www.smbbmu.edu.pk/beta/uploads/gallery/events/thumbs/175610757019_thumb.png,image,175610757019-thumb-66f5f760.png,,200
https://www.smbbmu.edu.pk/beta/uploads/gallery/events/thumbs/17561075486_thumb.png,image,17561075486-thumb-7b299d36.png,,200
https://www.smbbmu.edu.pk/beta/uploads/gallery/events/thumbs/175610754715_thumb.png,image,175610754715-thumb-4cc9086f.png,,200
https://www.smbbmu.edu.pk/beta/news/details/smbbmu-observed-youm-e-istehsal-e-kashmir-08-05-2024,news,SMBBMU Observed Youm-e-Istehsal e Kashmir,2024-08-05,200
https://www.smbbmu.edu.pk/beta/uploads/gallery/events/1722932204event10_thumb.jpeg,image,1722932204event10-thumb-f7609db0.jpeg,,200
https://www.smbbmu.edu.pk/beta/uploads/gallery/events/1722932186event8_thumb.jpeg,image,1722932186event8-thumb-e8a040c0.jpeg,,200
https://www.smbbmu.edu.pk/beta/uploads/gallery/events/1722932134event9_thumb.jpeg,image,1722932134event9-thumb-5d3cab45.jpeg,,200
https://www.smbbmu.edu.pk/beta/uploads/gallery/events/1722932070event7_thumb.jpeg,image,1722932070event7-thumb-b50ab541.jpeg,,200
https://www.smbbmu.edu.pk/beta/uploads/gallery/events/1722932066event6_thumb.jpeg,image,1722932066event6-thumb-a68b166b.jpeg,,200
https://www.smbbmu.edu.pk/beta/uploads/gallery/events/1722931964event5_thumb.jpeg,image,1722931964event5-thumb-b0817c5f.jpeg,,200
https://www.smbbmu.edu.pk/beta/uploads/gallery/events/1722931825event4_thumb.jpeg,image,1722931825event4-thumb-60be5a90.jpeg,,200
https://www.smbbmu.edu.pk/beta/uploads/gallery/events/1722931790event3_thumb.jpeg,image,1722931790event3-thumb-370fb595.jpeg,,200
https://www.smbbmu.edu.pk/beta/uploads/gallery/events/1722931622event1_thumb.jpeg,image,1722931622event1-thumb-5db2a2e0.jpeg,,200
https://www.smbbmu.edu.pk/beta/uploads/gallery/events/1722931612event2_thumb.jpeg,image,1722931612event2-thumb-8e7f66d1.jpeg,,200
https://www.smbbmu.edu.pk/beta/uploads/gallery/events/thumbs/1722932204event10_thumb.jpeg,image,1722932204event10-thumb-3cc447a6.jpeg,,200
https://www.smbbmu.edu.pk/beta/uploads/gallery/events/thumbs/1722932186event8_thumb.jpeg,image,1722932186event8-thumb-353f0e00.jpeg,,200
https://www.smbbmu.edu.pk/beta/uploads/gallery/events/thumbs/1722932134event9_thumb.jpeg,image,1722932134event9-thumb-eb2e32a4.jpeg,,200
https://www.smbbmu.edu.pk/beta/uploads/gallery/events/thumbs/1722932070event7_thumb.jpeg,image,1722932070event7-thumb-566d130a.jpeg,,200
https://www.smbbmu.edu.pk/beta/uploads/gallery/events/thumbs/1722932066event6_thumb.jpeg,image,1722932066event6-thumb-a9d93667.jpeg,,200
https://www.smbbmu.edu.pk/beta/uploads/gallery/events/thumbs/1722931964event5_thumb.jpeg,image,1722931964event5-thumb-154bad1d.jpeg,,200
https://www.smbbmu.edu.pk/beta/uploads/gallery/events/thumbs/1722931825event4_thumb.jpeg,image,1722931825event4-thumb-73231c56.jpeg,,200
https://www.smbbmu.edu.pk/beta/uploads/gallery/events/thumbs/1722931790event3_thumb.jpeg,image,1722931790event3-thumb-ad58723a.jpeg,,200
https://www.smbbmu.edu.pk/beta/uploads/gallery/events/thumbs/1722931622event1_thumb.jpeg,image,1722931622event1-thumb-a3ffc599.jpeg,,200
https://www.smbbmu.edu.pk/beta/uploads/gallery/events/thumbs/1722931612event2_thumb.jpeg,image,1722931612event2-thumb-fd687fb8.jpeg,,200
https://www.smbbmu.edu.pk/beta/news/details/the-50th-golden-jubilee-ceremony-of-chandka-medical-college-02-24-2024,news,The 50th Golden Jubilee Ceremony of Chandka Medical College,2024-02-24,200
https://www.smbbmu.edu.pk/beta/uploads/gallery/events/1711088006PHOTO-2024-03-04-20-45-34 10_thumb.jpg,image,1711088006photo-2024-03-04-20-45-34-10-thumb-c5f8c75e.jpg,,200
https://www.smbbmu.edu.pk/beta/uploads/gallery/events/1711087992PHOTO-2024-03-04-20-45-34_thumb.jpg,image,1711087992photo-2024-03-04-20-45-34-thumb-dc504866.jpg,,200
https://www.smbbmu.edu.pk/beta/uploads/gallery/events/1711087993PHOTO-2024-03-04-20-45-35 2_thumb.jpg,image,1711087993photo-2024-03-04-20-45-35-2-thumb-c072c5e6.jpg,,200
https://www.smbbmu.edu.pk/beta/uploads/gallery/events/1711087746PHOTO-2024-03-04-20-45-33 3_thumb.jpg,image,1711087746photo-2024-03-04-20-45-33-3-thumb-9121829e.jpg,,200
https://www.smbbmu.edu.pk/beta/uploads/gallery/events/1711087745PHOTO-2024-03-04-20-45-33 2_thumb.jpg,image,1711087745photo-2024-03-04-20-45-33-2-thumb-822e55a7.jpg,,200
https://www.smbbmu.edu.pk/beta/uploads/gallery/events/1711087711PHOTO-2024-03-04-20-45-31 2_thumb.jpg,image,1711087711photo-2024-03-04-20-45-31-2-thumb-6eaf7229.jpg,,200
https://www.smbbmu.edu.pk/beta/uploads/gallery/events/1711087700PHOTO-2024-03-04-20-45-30 2_thumb.jpg,image,1711087700photo-2024-03-04-20-45-30-2-thumb-176249ac.jpg,,200
https://www.smbbmu.edu.pk/beta/uploads/gallery/events/1711087700PHOTO-2024-03-04-20-45-33 4_thumb.jpg,image,1711087700photo-2024-03-04-20-45-33-4-thumb-f51a4137.jpg,,200
https://www.smbbmu.edu.pk/beta/uploads/gallery/events/1711087688PHOTO-2024-03-04-20-45-30 4_thumb.jpg,image,1711087688photo-2024-03-04-20-45-30-4-thumb-4937b504.jpg,,200
https://www.smbbmu.edu.pk/beta/uploads/gallery/events/1711087680PHOTO-2024-03-04-20-45-30 5_thumb.jpg,image,1711087680photo-2024-03-04-20-45-30-5-thumb-f45d5605.jpg,,200
https://www.smbbmu.edu.pk/beta/uploads/gallery/events/thumbs/1711088006PHOTO-2024-03-04-20-45-34 10_thumb.jpg,image,1711088006photo-2024-03-04-20-45-34-10-thumb-e4949eea.jpg,,200
https://www.smbbmu.edu.pk/beta/uploads/gallery/events/thumbs/1711087992PHOTO-2024-03-04-20-45-34_thumb.jpg,image,1711087992photo-2024-03-04-20-45-34-thumb-107d825f.jpg,,200
https://www.smbbmu.edu.pk/beta/uploads/gallery/events/thumbs/1711087993PHOTO-2024-03-04-20-45-35 2_thumb.jpg,image,1711087993photo-2024-03-04-20-45-35-2-thumb-675cca97.jpg,,200
https://www.smbbmu.edu.pk/beta/uploads/gallery/events/thumbs/1711087746PHOTO-2024-03-04-20-45-33 3_thumb.jpg,image,1711087746photo-2024-03-04-20-45-33-3-thumb-600cf36c.jpg,,200
https://www.smbbmu.edu.pk/beta/uploads/gallery/events/thumbs/1711087745PHOTO-2024-03-04-20-45-33 2_thumb.jpg,image,1711087745photo-2024-03-04-20-45-33-2-thumb-c85311c1.jpg,,200
https://www.smbbmu.edu.pk/beta/uploads/gallery/events/thumbs/1711087711PHOTO-2024-03-04-20-45-31 2_thumb.jpg,image,1711087711photo-2024-03-04-20-45-31-2-thumb-4b9b5e20.jpg,,200
https://www.smbbmu.edu.pk/beta/uploads/gallery/events/thumbs/1711087700PHOTO-2024-03-04-20-45-30 2_thumb.jpg,image,1711087700photo-2024-03-04-20-45-30-2-thumb-c841081a.jpg,,200
https://www.smbbmu.edu.pk/beta/uploads/gallery/events/thumbs/1711087700PHOTO-2024-03-04-20-45-33 4_thumb.jpg,image,1711087700photo-2024-03-04-20-45-33-4-thumb-4586242b.jpg,,200
https://www.smbbmu.edu.pk/beta/uploads/gallery/events/thumbs/1711087688PHOTO-2024-03-04-20-45-30 4_thumb.jpg,image,1711087688photo-2024-03-04-20-45-30-4-thumb-960d3916.jpg,,200
https://www.smbbmu.edu.pk/beta/uploads/gallery/events/thumbs/1711087680PHOTO-2024-03-04-20-45-30 5_thumb.jpg,image,1711087680photo-2024-03-04-20-45-30-5-thumb-8826f315.jpg,,200
https://www.smbbmu.edu.pk/beta/news/details/the-first-international-conference-on-emerging-trends-in-basic-medical-sciences-02-12-2024,news,The First International Conference on “Emerging Trends in Basic Medical Sciences”,2024-02-12,200
https://www.smbbmu.edu.pk/beta/uploads/gallery/events/1712300340426626805_336038369432883_8718383016331860125_n_thumb.jpg,image,1712300340426626805-336038369432883-8718383016331860125-n-thumb-3075f9c8.jpg,,200
https://www.smbbmu.edu.pk/beta/uploads/gallery/events/1712300339427711508_336038382766215_9064867939534359668_n_thumb.jpg,image,1712300339427711508-336038382766215-9064867939534359668-n-thumb-f173f413.jpg,,200
https://www.smbbmu.edu.pk/beta/uploads/gallery/events/1712300331426613716_336038989432821_8038061667718307401_n_thumb.jpg,image,1712300331426613716-336038989432821-8038061667718307401-n-thumb-56a17faa.jpg,,200
https://www.smbbmu.edu.pk/beta/uploads/gallery/events/1712300328427695986_336039069432813_8305553569599280446_n_thumb.jpg,image,1712300328427695986-336039069432813-8305553569599280446-n-thumb-82dca0cb.jpg,,200
https://www.smbbmu.edu.pk/beta/uploads/gallery/events/1712300327426612896_336038869432833_5698749327570411095_n (1)_thumb.jpg,image,1712300327426612896-336038869432833-5698749327570411095-n-1-thumb-a6a54fa0.jpg,,200
https://www.smbbmu.edu.pk/beta/uploads/gallery/events/thumbs/1712300340426626805_336038369432883_8718383016331860125_n_thumb.jpg,image,1712300340426626805-336038369432883-8718383016331860125-n-thumb-e03cbb72.jpg,,200
https://www.smbbmu.edu.pk/beta/uploads/gallery/events/thumbs/1712300339427711508_336038382766215_9064867939534359668_n_thumb.jpg,image,1712300339427711508-336038382766215-9064867939534359668-n-thumb-c56bea39.jpg,,200
https://www.smbbmu.edu.pk/beta/uploads/gallery/events/thumbs/1712300331426613716_336038989432821_8038061667718307401_n_thumb.jpg,image,1712300331426613716-336038989432821-8038061667718307401-n-thumb-20737374.jpg,,200
https://www.smbbmu.edu.pk/beta/uploads/gallery/events/thumbs/1712300328427695986_336039069432813_8305553569599280446_n_thumb.jpg,image,1712300328427695986-336039069432813-8305553569599280446-n-thumb-a0a50477.jpg,,200
https://www.smbbmu.edu.pk/beta/uploads/gallery/events/thumbs/1712300327426612896_336038869432833_5698749327570411095_n (1)_thumb.jpg,image,1712300327426612896-336038869432833-5698749327570411095-n-1-thumb-2ca42093.jpg,,200
https://www.smbbmu.edu.pk/beta/news/details/the-5th-smbbmu-convocation-01-08-2024,news,The 5th SMBBMU Convocation,2024-01-08,200
https://www.smbbmu.edu.pk/beta/uploads/gallery/events/1706460819c14_thumb.jpeg,image,1706460819c14-thumb-b2bddf9c.jpeg,,200
https://www.smbbmu.edu.pk/beta/uploads/gallery/events/1706460818c15_thumb.jpeg,image,1706460818c15-thumb-c5a676ef.jpeg,,200
https://www.smbbmu.edu.pk/beta/uploads/gallery/events/1706460814c5_thumb.jpeg,image,1706460814c5-thumb-508741e9.jpeg,,200
https://www.smbbmu.edu.pk/beta/uploads/gallery/events/1706460811c6_thumb.jpeg,image,1706460811c6-thumb-041487f9.jpeg,,200
https://www.smbbmu.edu.pk/beta/uploads/gallery/events/1706460807c7_thumb.jpeg,image,1706460807c7-thumb-137abf1c.jpeg,,200
https://www.smbbmu.edu.pk/beta/uploads/gallery/events/1706460803c8_thumb.jpeg,image,1706460803c8-thumb-8c430053.jpeg,,200
https://www.smbbmu.edu.pk/beta/uploads/gallery/events/1706460801c4_thumb.jpeg,image,1706460801c4-thumb-6bb4556e.jpeg,,200
https://www.smbbmu.edu.pk/beta/uploads/gallery/events/1706460798c13_thumb.jpeg,image,1706460798c13-thumb-2005da39.jpeg,,200
https://www.smbbmu.edu.pk/beta/uploads/gallery/events/1706460790c3_thumb.jpeg,image,1706460790c3-thumb-48ca2d90.jpeg,,200
https://www.smbbmu.edu.pk/beta/uploads/gallery/events/1706460788c12_thumb.jpeg,image,1706460788c12-thumb-24e45b48.jpeg,,200
https://www.smbbmu.edu.pk/beta/uploads/gallery/events/1706460783c2_thumb.jpeg,image,1706460783c2-thumb-540a7c67.jpeg,,200
https://www.smbbmu.edu.pk/beta/uploads/gallery/events/1706460782c11_thumb.jpeg,image,1706460782c11-thumb-272646cb.jpeg,,200
https://www.smbbmu.edu.pk/beta/uploads/gallery/events/1706460774c1_thumb.jpeg,image,1706460774c1-thumb-f66378aa.jpeg,,200
https://www.smbbmu.edu.pk/beta/uploads/gallery/events/thumbs/1706460819c14_thumb.jpeg,image,1706460819c14-thumb-eebb9a49.jpeg,,200
https://www.smbbmu.edu.pk/beta/uploads/gallery/events/thumbs/1706460818c15_thumb.jpeg,image,1706460818c15-thumb-82b46035.jpeg,,200
https://www.smbbmu.edu.pk/beta/uploads/gallery/events/thumbs/1706460814c5_thumb.jpeg,image,1706460814c5-thumb-e8fae400.jpeg,,200
https://www.smbbmu.edu.pk/beta/uploads/gallery/events/thumbs/1706460811c6_thumb.jpeg,image,1706460811c6-thumb-256b2351.jpeg,,200
https://www.smbbmu.edu.pk/beta/uploads/gallery/events/thumbs/1706460807c7_thumb.jpeg,image,1706460807c7-thumb-e369b698.jpeg,,200
https://www.smbbmu.edu.pk/beta/uploads/gallery/events/thumbs/1706460803c8_thumb.jpeg,image,1706460803c8-thumb-39262fd1.jpeg,,200
https://www.smbbmu.edu.pk/beta/uploads/gallery/events/thumbs/1706460801c4_thumb.jpeg,image,1706460801c4-thumb-ffd01e88.jpeg,,200
https://www.smbbmu.edu.pk/beta/uploads/gallery/events/thumbs/1706460798c13_thumb.jpeg,image,1706460798c13-thumb-155d43b0.jpeg,,200
https://www.smbbmu.edu.pk/beta/uploads/gallery/events/thumbs/1706460790c3_thumb.jpeg,image,1706460790c3-thumb-2492e733.jpeg,,200
https://www.smbbmu.edu.pk/beta/uploads/gallery/events/thumbs/1706460788c12_thumb.jpeg,image,1706460788c12-thumb-5ce8cc13.jpeg,,200
https://www.smbbmu.edu.pk/beta/uploads/gallery/events/thumbs/1706460783c2_thumb.jpeg,image,1706460783c2-thumb-e814f6a4.jpeg,,200
https://www.smbbmu.edu.pk/beta/uploads/gallery/events/thumbs/1706460782c11_thumb.jpeg,image,1706460782c11-thumb-e0e10060.jpeg,,200
https://www.smbbmu.edu.pk/beta/uploads/gallery/events/thumbs/1706460774c1_thumb.jpeg,image,1706460774c1-thumb-6cf79e84.jpeg,,200
https://www.smbbmu.edu.pk/beta/news/details/laptop-distribution-ceremony-at-smbbmu-01-10-2024,news,Laptop Distribution Ceremony at SMBBMU,2024-01-10,200
https://www.smbbmu.edu.pk/beta/uploads/gallery/events/17064606298_thumb.jpeg,image,17064606298-thumb-daecd1ca.jpeg,,200
https://www.smbbmu.edu.pk/beta/uploads/gallery/events/17064606297_thumb.jpeg,image,17064606297-thumb-a42fb503.jpeg,,200
https://www.smbbmu.edu.pk/beta/uploads/gallery/events/17064606276_thumb.jpeg,image,17064606276-thumb-4a3127f4.jpeg,,200
https://www.smbbmu.edu.pk/beta/uploads/gallery/events/17064606265_thumb.jpeg,image,17064606265-thumb-ac770bd9.jpeg,,200
https://www.smbbmu.edu.pk/beta/uploads/gallery/events/17064606234_thumb.jpeg,image,17064606234-thumb-df5bd0c0.jpeg,,200
https://www.smbbmu.edu.pk/beta/uploads/gallery/events/17064606233_thumb.jpeg,image,17064606233-thumb-2053fb3e.jpeg,,200
https://www.smbbmu.edu.pk/beta/uploads/gallery/events/17064606212_thumb.jpeg,image,17064606212-thumb-94f9cce1.jpeg,,200
https://www.smbbmu.edu.pk/beta/uploads/gallery/events/17064606211_thumb.jpeg,image,17064606211-thumb-0b8770c6.jpeg,,200
https://www.smbbmu.edu.pk/beta/uploads/gallery/events/thumbs/17064606298_thumb.jpeg,image,17064606298-thumb-2f3e1b40.jpeg,,200
https://www.smbbmu.edu.pk/beta/uploads/gallery/events/thumbs/17064606297_thumb.jpeg,image,17064606297-thumb-6a072350.jpeg,,200
https://www.smbbmu.edu.pk/beta/uploads/gallery/events/thumbs/17064606276_thumb.jpeg,image,17064606276-thumb-cfc576af.jpeg,,200
https://www.smbbmu.edu.pk/beta/uploads/gallery/events/thumbs/17064606265_thumb.jpeg,image,17064606265-thumb-e244e1e3.jpeg,,200
https://www.smbbmu.edu.pk/beta/uploads/gallery/events/thumbs/17064606234_thumb.jpeg,image,17064606234-thumb-ae0704b0.jpeg,,200
https://www.smbbmu.edu.pk/beta/uploads/gallery/events/thumbs/17064606233_thumb.jpeg,image,17064606233-thumb-dd7b5dd5.jpeg,,200
https://www.smbbmu.edu.pk/beta/uploads/gallery/events/thumbs/17064606212_thumb.jpeg,image,17064606212-thumb-6da04a1f.jpeg,,200
https://www.smbbmu.edu.pk/beta/uploads/gallery/events/thumbs/17064606211_thumb.jpeg,image,17064606211-thumb-516b0a42.jpeg,,200
https://www.smbbmu.edu.pk/beta/news/details/photos-and-highlights-of-nahe-trainings-06-10-2025,news,Photos and Highlights of NAHE Trainings,2025-06-10,200
https://www.smbbmu.edu.pk/beta/uploads/gallery/events/1749545401IMG_0181_thumb.JPG,image,1749545401img-0181-thumb-2c44ce30.jpg,,200
https://www.smbbmu.edu.pk/beta/uploads/gallery/events/1749545395IMG_0546_thumb.JPG,image,1749545395img-0546-thumb-b26a6b8d.jpg,,200
https://www.smbbmu.edu.pk/beta/uploads/gallery/events/1749545394IMG_0410_thumb.JPG,image,1749545394img-0410-thumb-d505321a.jpg,,200
https://www.smbbmu.edu.pk/beta/uploads/gallery/events/1749545383IMG_0317_thumb.JPG,image,1749545383img-0317-thumb-91313085.jpg,,200
https://www.smbbmu.edu.pk/beta/uploads/gallery/events/1749545381IMG_0306_thumb.JPG,image,1749545381img-0306-thumb-66e07741.jpg,,200
https://www.smbbmu.edu.pk/beta/uploads/gallery/events/1749545364IMG_1761_thumb.JPG,image,1749545364img-1761-thumb-4009977f.jpg,,200
https://www.smbbmu.edu.pk/beta/uploads/gallery/events/1749545362IMG_1760_thumb.JPG,image,1749545362img-1760-thumb-aa9f717d.jpg,,200
https://www.smbbmu.edu.pk/beta/uploads/gallery/events/1749545297IMG_0181 (1)_thumb.JPG,image,1749545297img-0181-1-thumb-c5755d84.jpg,,200
https://www.smbbmu.edu.pk/beta/uploads/gallery/events/1749545297IMG_1363_thumb.JPG,image,1749545297img-1363-thumb-6a486113.jpg,,200
https://www.smbbmu.edu.pk/beta/uploads/gallery/events/thumbs/1749545401IMG_0181_thumb.JPG,image,1749545401img-0181-thumb-66a10e1f.jpg,,200
https://www.smbbmu.edu.pk/beta/uploads/gallery/events/thumbs/1749545395IMG_0546_thumb.JPG,image,1749545395img-0546-thumb-3760c154.jpg,,200
https://www.smbbmu.edu.pk/beta/uploads/gallery/events/thumbs/1749545394IMG_0410_thumb.JPG,image,1749545394img-0410-thumb-ae4d7c09.jpg,,200
https://www.smbbmu.edu.pk/beta/uploads/gallery/events/thumbs/1749545383IMG_0317_thumb.JPG,image,1749545383img-0317-thumb-69529262.jpg,,200
https://www.smbbmu.edu.pk/beta/uploads/gallery/events/thumbs/1749545381IMG_0306_thumb.JPG,image,1749545381img-0306-thumb-ff80b994.jpg,,200
https://www.smbbmu.edu.pk/beta/uploads/gallery/events/thumbs/1749545364IMG_1761_thumb.JPG,image,1749545364img-1761-thumb-b2cfdf4b.jpg,,200
https://www.smbbmu.edu.pk/beta/uploads/gallery/events/thumbs/1749545362IMG_1760_thumb.JPG,image,1749545362img-1760-thumb-b7c1797f.jpg,,200
https://www.smbbmu.edu.pk/beta/uploads/gallery/events/thumbs/1749545297IMG_0181 (1)_thumb.JPG,image,1749545297img-0181-1-thumb-85fae9e0.jpg,,200
https://www.smbbmu.edu.pk/beta/uploads/gallery/events/thumbs/1749545297IMG_1363_thumb.JPG,image,1749545297img-1363-thumb-c55a796e.jpg,,200
https://www.smbbmu.edu.pk/beta/news/details/review-of-institutional-performance-and-enhancement-ripe-psg-2023-orientation-05-27-2025,news,Review of Institutional Performance and Enhancement (RIPE) & PSG-2023 Orientation,2025-05-27,200
https://www.smbbmu.edu.pk/beta/uploads/gallery/events/1749551968IMG_2087_thumb.JPG,image,1749551968img-2087-thumb-c0e44096.jpg,,200
https://www.smbbmu.edu.pk/beta/uploads/gallery/events/1749551956IMG_0519_thumb.JPG,image,1749551956img-0519-thumb-7e0aeec7.jpg,,200
https://www.smbbmu.edu.pk/beta/uploads/gallery/events/1749551956IMG_0533_thumb.JPG,image,1749551956img-0533-thumb-46c57951.jpg,,200
https://www.smbbmu.edu.pk/beta/uploads/gallery/events/thumbs/1749551968IMG_2087_thumb.JPG,image,1749551968img-2087-thumb-956f4f47.jpg,,200
https://www.smbbmu.edu.pk/beta/uploads/gallery/events/thumbs/1749551956IMG_0519_thumb.JPG,image,1749551956img-0519-thumb-af77e0a6.jpg,,200
https://www.smbbmu.edu.pk/beta/uploads/gallery/events/thumbs/1749551956IMG_0533_thumb.JPG,image,1749551956img-0533-thumb-724d03d7.jpg,,200
https://www.smbbmu.edu.pk/beta/news/details/program-review-for-effectiveness-enhancement-pree-05-26-2025,news,Program Review for Effectiveness & Enhancement (PREE),2025-05-26,200
https://www.smbbmu.edu.pk/beta/uploads/gallery/events/1749551861IMG_2065_thumb.JPG,image,1749551861img-2065-thumb-81309ce6.jpg,,200
https://www.smbbmu.edu.pk/beta/uploads/gallery/events/1749551854IMG_2074_thumb.JPG,image,1749551854img-2074-thumb-46fe7988.jpg,,200
https://www.smbbmu.edu.pk/beta/uploads/gallery/events/1749551853IMG_2067_thumb.JPG,image,1749551853img-2067-thumb-7e33f64a.jpg,,200
https://www.smbbmu.edu.pk/beta/uploads/gallery/events/thumbs/1749551861IMG_2065_thumb.JPG,image,1749551861img-2065-thumb-476011f0.jpg,,200
https://www.smbbmu.edu.pk/beta/uploads/gallery/events/thumbs/1749551854IMG_2074_thumb.JPG,image,1749551854img-2074-thumb-c3a4349f.jpg,,200
https://www.smbbmu.edu.pk/beta/uploads/gallery/events/thumbs/1749551853IMG_2067_thumb.JPG,image,1749551853img-2067-thumb-12bdf3c2.jpg,,200
https://www.smbbmu.edu.pk/beta/news/details/shaheed-mohtarma-benazir-bhutto-medical-university-signs-mou-with-begum-nusrat-bhutto-women-university-sukkur-12-24-2024,news,Shaheed Mohtarma Benazir Bhutto Medical University signs MoU with Begum Nusrat Bhutto Women University Sukkur,2024-12-24,200
https://www.smbbmu.edu.pk/beta/uploads/gallery/events/1735618465470664283_548026091567442_9002771475376985990_n_thumb.jpg,image,1735618465470664283-548026091567442-9002771475376985990-n-thumb-3c46f262.jpg,,200
https://www.smbbmu.edu.pk/beta/uploads/gallery/events/1735618463471187952_548025234900861_3074029321368068217_n_thumb.jpg,image,1735618463471187952-548025234900861-3074029321368068217-n-thumb-b9ccefc0.jpg,,200
https://www.smbbmu.edu.pk/beta/uploads/gallery/events/1735618463471396470_548025364900848_9147773758143450056_n_thumb.jpg,image,1735618463471396470-548025364900848-9147773758143450056-n-thumb-bdbe9751.jpg,,200
https://www.smbbmu.edu.pk/beta/uploads/gallery/events/1735618460471215098_548025254900859_2051627538207337797_n_thumb.jpg,image,1735618460471215098-548025254900859-2051627538207337797-n-thumb-e56505f6.jpg,,200
https://www.smbbmu.edu.pk/beta/uploads/gallery/events/thumbs/1735618465470664283_548026091567442_9002771475376985990_n_thumb.jpg,image,1735618465470664283-548026091567442-9002771475376985990-n-thumb-0996ecee.jpg,,200
https://www.smbbmu.edu.pk/beta/uploads/gallery/events/thumbs/1735618463471187952_548025234900861_3074029321368068217_n_thumb.jpg,image,1735618463471187952-548025234900861-3074029321368068217-n-thumb-baf15db4.jpg,,200
https://www.smbbmu.edu.pk/beta/uploads/gallery/events/thumbs/1735618463471396470_548025364900848_9147773758143450056_n_thumb.jpg,image,1735618463471396470-548025364900848-9147773758143450056-n-thumb-9ac3e5c1.jpg,,200
https://www.smbbmu.edu.pk/beta/uploads/gallery/events/thumbs/1735618460471215098_548025254900859_2051627538207337797_n_thumb.jpg,image,1735618460471215098-548025254900859-2051627538207337797-n-thumb-980f4866.jpg,,200
https://www.smbbmu.edu.pk/beta/news/details/smbbmu-organized-a-two-day-stem-teacher-training-workshop-12-21-2024,news,SMBBMU Organized a Two-Day STEM Teacher Training Workshop,2024-12-21,200
https://www.smbbmu.edu.pk/beta/uploads/gallery/events/1735618719470575923_546983461671705_5901678991507561728_n_thumb.jpg,image,1735618719470575923-546983461671705-5901678991507561728-n-thumb-68d6efb8.jpg,,200
https://www.smbbmu.edu.pk/beta/uploads/gallery/events/1735618719471174722_546982455005139_937878254017248693_n_thumb.jpg,image,1735618719471174722-546982455005139-937878254017248693-n-thumb-d29e850e.jpg,,200
https://www.smbbmu.edu.pk/beta/uploads/gallery/events/1735618718471198267_546982838338434_1955692717659401157_n_thumb.jpg,image,1735618718471198267-546982838338434-1955692717659401157-n-thumb-70f47ee6.jpg,,200
https://www.smbbmu.edu.pk/beta/uploads/gallery/events/1735618717470542565_546982825005102_6335860702960129790_n_thumb.jpg,image,1735618717470542565-546982825005102-6335860702960129790-n-thumb-3b90692b.jpg,,200
https://www.smbbmu.edu.pk/beta/uploads/gallery/events/1735618717471155855_546982878338430_7966779698761056928_n_thumb.jpg,image,1735618717471155855-546982878338430-7966779698761056928-n-thumb-21ece814.jpg,,200
https://www.smbbmu.edu.pk/beta/uploads/gallery/events/1735618716471049448_546982921671759_503999558972621463_n_thumb.jpg,image,1735618716471049448-546982921671759-503999558972621463-n-thumb-56607e01.jpg,,200
https://www.smbbmu.edu.pk/beta/uploads/gallery/events/thumbs/1735618719470575923_546983461671705_5901678991507561728_n_thumb.jpg,image,1735618719470575923-546983461671705-5901678991507561728-n-thumb-42250782.jpg,,200
https://www.smbbmu.edu.pk/beta/uploads/gallery/events/thumbs/1735618719471174722_546982455005139_937878254017248693_n_thumb.jpg,image,1735618719471174722-546982455005139-937878254017248693-n-thumb-b38db4a9.jpg,,200
https://www.smbbmu.edu.pk/beta/uploads/gallery/events/thumbs/1735618718471198267_546982838338434_1955692717659401157_n_thumb.jpg,image,1735618718471198267-546982838338434-1955692717659401157-n-thumb-53efa16f.jpg,,200
https://www.smbbmu.edu.pk/beta/uploads/gallery/events/thumbs/1735618717470542565_546982825005102_6335860702960129790_n_thumb.jpg,image,1735618717470542565-546982825005102-6335860702960129790-n-thumb-eb003477.jpg,,200
https://www.smbbmu.edu.pk/beta/uploads/gallery/events/thumbs/1735618717471155855_546982878338430_7966779698761056928_n_thumb.jpg,image,1735618717471155855-546982878338430-7966779698761056928-n-thumb-d9a7e467.jpg,,200
https://www.smbbmu.edu.pk/beta/uploads/gallery/events/thumbs/1735618716471049448_546982921671759_503999558972621463_n_thumb.jpg,image,1735618716471049448-546982921671759-503999558972621463-n-thumb-b0cabcd7.jpg,,200
https://www.smbbmu.edu.pk/beta/news/details/vice-chancellor-of-smbbmu-participated-as-guest-of-honour-at-the-opening-ceremony-of-the-21st-international-conference-on-statistical-sciences-by-islamic-countries-society-of-statistical-sciences-isoss-12-09-2024,news,Vice Chancellor of SMBBMU participated as Guest of Honour at the Opening Ceremony of the 21st International Conference on Statistical Sciences by Islamic Countries Society of Statistical Sciences (ISOSS),2024-12-09,200
https://www.smbbmu.edu.pk/beta/uploads/gallery/events/17339883580_thumb.jpeg,image,17339883580-thumb-00039fd7.jpeg,,200
https://www.smbbmu.edu.pk/beta/uploads/gallery/events/17339883571_thumb.jpeg,image,17339883571-thumb-5d3d86f7.jpeg,,200
https://www.smbbmu.edu.pk/beta/uploads/gallery/events/17339883564_thumb.jpeg,image,17339883564-thumb-126b8495.jpeg,,200
https://www.smbbmu.edu.pk/beta/uploads/gallery/events/17339883556_thumb.jpeg,image,17339883556-thumb-3241fdfa.jpeg,,200
https://www.smbbmu.edu.pk/beta/uploads/gallery/events/17339883555_thumb.jpeg,image,17339883555-thumb-58ca389b.jpeg,,200
https://www.smbbmu.edu.pk/beta/uploads/gallery/events/thumbs/17339883580_thumb.jpeg,image,17339883580-thumb-eea77322.jpeg,,200
https://www.smbbmu.edu.pk/beta/uploads/gallery/events/thumbs/17339883571_thumb.jpeg,image,17339883571-thumb-17e50ec7.jpeg,,200
https://www.smbbmu.edu.pk/beta/uploads/gallery/events/thumbs/17339883564_thumb.jpeg,image,17339883564-thumb-56befe4b.jpeg,,200
https://www.smbbmu.edu.pk/beta/uploads/gallery/events/thumbs/17339883556_thumb.jpeg,image,17339883556-thumb-6656949d.jpeg,,200
https://www.smbbmu.edu.pk/beta/uploads/gallery/events/thumbs/17339883555_thumb.jpeg,image,17339883555-thumb-9574858e.jpeg,,200
https://www.smbbmu.edu.pk/beta/news/details/6th-smbbmu-convocation-12-07-2024,news,6th SMBBMU Convocation,2024-12-07,200
https://www.smbbmu.edu.pk/beta/news/details/interactive-lecture-on-public-health-management-11-30-2024,news,Interactive lecture on Public Health Management,2024-11-30,200
https://www.smbbmu.edu.pk/beta/uploads/gallery/events/1733122645WhatsApp Image 2024-11-30 at 10_thumb.jpeg,image,1733122645whatsapp-image-2024-11-30-at-10-thumb.jpeg,,403
https://www.smbbmu.edu.pk/beta/uploads/gallery/events/1733122643WhatsApp Image 2024-11-30 at 10_thumb.jpeg,image,1733122643whatsapp-image-2024-11-30-at-10-thumb.jpeg,,403
https://www.smbbmu.edu.pk/beta/uploads/gallery/events/1733122642WhatsApp Image 2024-11-30 at 10_thumb.jpeg,image,1733122642whatsapp-image-2024-11-30-at-10-thumb.jpeg,,403
https://www.smbbmu.edu.pk/beta/uploads/gallery/events/1733122641WhatsApp Image 2024-11-30 at 10_thumb.jpeg,image,1733122641whatsapp-image-2024-11-30-at-10-thumb.jpeg,,403
https://www.smbbmu.edu.pk/beta/uploads/gallery/events/1733122640WhatsApp Image 2024-11-30 at 10_thumb.jpeg,image,1733122640whatsapp-image-2024-11-30-at-10-thumb.jpeg,,403
https://www.smbbmu.edu.pk/beta/uploads/gallery/events/1733122639WhatsApp Image 2024-11-30 at 10_thumb.jpeg,image,1733122639whatsapp-image-2024-11-30-at-10-thumb.jpeg,,403
https://www.smbbmu.edu.pk/beta/uploads/gallery/events/1733122638WhatsApp Image 2024-11-30 at 10_thumb.jpeg,image,1733122638whatsapp-image-2024-11-30-at-10-thumb.jpeg,,403
https://www.smbbmu.edu.pk/beta/uploads/gallery/events/1733122637WhatsApp Image 2024-11-30 at 10_thumb.jpeg,image,1733122637whatsapp-image-2024-11-30-at-10-thumb.jpeg,,403
https://www.smbbmu.edu.pk/beta/uploads/gallery/events/thumbs/1733122645WhatsApp Image 2024-11-30 at 10_thumb.jpeg,image,1733122645whatsapp-image-2024-11-30-at-10-thumb.jpeg,,403
https://www.smbbmu.edu.pk/beta/uploads/gallery/events/thumbs/1733122643WhatsApp Image 2024-11-30 at 10_thumb.jpeg,image,1733122643whatsapp-image-2024-11-30-at-10-thumb.jpeg,,403
https://www.smbbmu.edu.pk/beta/uploads/gallery/events/thumbs/1733122642WhatsApp Image 2024-11-30 at 10_thumb.jpeg,image,1733122642whatsapp-image-2024-11-30-at-10-thumb.jpeg,,403
https://www.smbbmu.edu.pk/beta/uploads/gallery/events/thumbs/1733122641WhatsApp Image 2024-11-30 at 10_thumb.jpeg,image,1733122641whatsapp-image-2024-11-30-at-10-thumb.jpeg,,403
https://www.smbbmu.edu.pk/beta/uploads/gallery/events/thumbs/1733122640WhatsApp Image 2024-11-30 at 10_thumb.jpeg,image,1733122640whatsapp-image-2024-11-30-at-10-thumb.jpeg,,403
https://www.smbbmu.edu.pk/beta/uploads/gallery/events/thumbs/1733122639WhatsApp Image 2024-11-30 at 10_thumb.jpeg,image,1733122639whatsapp-image-2024-11-30-at-10-thumb.jpeg,,403
https://www.smbbmu.edu.pk/beta/uploads/gallery/events/thumbs/1733122638WhatsApp Image 2024-11-30 at 10_thumb.jpeg,image,1733122638whatsapp-image-2024-11-30-at-10-thumb.jpeg,,403
https://www.smbbmu.edu.pk/beta/uploads/gallery/events/thumbs/1733122637WhatsApp Image 2024-11-30 at 10_thumb.jpeg,image,1733122637whatsapp-image-2024-11-30-at-10-thumb.jpeg,,403
https://www.smbbmu.edu.pk/beta/news/details/examination-certificate-fees-challan-07-01-2026,news,Examination Certificate Fees Challan,2026-07-01,200
https://www.smbbmu.edu.pk/beta/news/downloadFile/transcript-certificate_17555917310.jpg,image,transcript-certificate-17555917310-4af4a859.jpg,,200
https://www.smbbmu.edu.pk/beta/news/downloadFile/degree-certificate_17555916620.jpg,image,degree-certificate-17555916620-c56cb8d2.jpg,,200
https://www.smbbmu.edu.pk/beta/news/downloadFile/VERIFICATION+FORM_17555916050.jpg,image,verification-form-17555916050-e8db937e.jpg,,200
https://www.smbbmu.edu.pk/beta/news/downloadFile/examination-fees-challan_17103531280_17103538380.jpg,image,examination-fees-challan-17103531280-17103538380-5cc37b96.jpg,,200
https://www.smbbmu.edu.pk/beta/uploads/news/images/1782983041.jpeg,image,1782983041-e9fb0436.jpeg,,200
https://www.smbbmu.edu.pk/beta/news/details/result-of-postgraduate-entry-test-for-session-july-2026-06-24-2026,news,Result of Postgraduate Entry Test for Session July -2026,2026-06-24,200
https://www.smbbmu.edu.pk/beta/news/downloadFile/CamScanner+24-06-2026+16_17823163670.pdf,pdf,camscanner-24-06-2026-16-17823163670-676f7cb3.pdf,,200
https://www.smbbmu.edu.pk/beta/news/details/result-of-bsn-generic-year-ii-semester-iii-regular-examination-session-2023-24-06-23-2026,news,"RESULT OF BSN (GENERIC) YEAR-II, SEMESTER-III REGULAR EXAMINATION SESSION 2023-24",2026-06-23,200
https://www.smbbmu.edu.pk/beta/news/downloadFile/bsn-result_17823186350.pdf,pdf,bsn-result-17823186350-073f7c79.pdf,,200
https://www.smbbmu.edu.pk/beta/news/details/rescheduling-of-interviews-for-various-positions-in-the-colleges-institutes-and-departments-of-shaheed-mohtarma-benazir-bhutto-medical-university-06-22-2026,news,"Rescheduling of interviews for various positions in the Colleges, Institutes, and Departments of Shaheed Mohtarma Benazir Bhutto Medical University",2026-06-22,200
https://www.smbbmu.edu.pk/beta/uploads/news/images/1782132758.jpeg,image,1782132758-ee0defb3.jpeg,,200
https://www.smbbmu.edu.pk/beta/news/details/revised-time-table-of-3rd-professional-mbbs-supplementary-ospe-examination-session-2022-23-of-smbb-medical-university-larakana-06-18-2026,news,Revised Time Table of 3rd Professional MBBS  (Supplementary) OSPE Examination Session 2022 - 23 OF SMBB Medical University Larakana,2026-06-18,200
https://www.smbbmu.edu.pk/beta/uploads/news/images/1781854616.jpeg,image,1781854616-5e2939d3.jpeg,,200
https://www.smbbmu.edu.pk/beta/news/details/time-table-for-supplementary-examination-for-1st-2nd-and-3rd-year-mbbs-examinations-06-17-2026,news,"Time Table for Supplementary Examination for 1st, 2nd and 3rd Year MBBS Examinations",2026-06-17,200
https://www.smbbmu.edu.pk/beta/uploads/news/images/1781702550.jpeg,image,1781702550-29c95c39.jpeg,,200
https://www.smbbmu.edu.pk/beta/news/details/rescheduling-of-interviews-for-admission-to-postgraduate-courses-session-july-2026-06-17-2026,news,Rescheduling of Interviews for Admission to Postgraduate Courses Session July-2026,2026-06-17,200
https://www.smbbmu.edu.pk/beta/uploads/news/images/1781702710.jpg,image,1781702710-974964a2.jpg,,200
https://www.smbbmu.edu.pk/beta/news/details/time-table-for-the-supplementary-examination-of-1st-year-mbbs-term-back-06-17-2026,news,Time Table for the Supplementary Examination of 1st Year MBBS Term-Back,2026-06-17,200
https://www.smbbmu.edu.pk/beta/uploads/news/images/1781702811.jpeg,image,1781702811-e1b1b5b9.jpeg,,200
https://www.smbbmu.edu.pk/beta/news/details/postgraduate-entry-test-for-session-july-2026-06-15-2026,news,Postgraduate Entry Test for Session July - 2026,2026-06-15,200
https://www.smbbmu.edu.pk/beta/uploads/news/images/1781681054.jpeg,image,1781681054-744def4f.jpeg,,200
https://www.smbbmu.edu.pk/beta/news/details/result-of-final-professional-mbbs-final-year-supplementary-examination-session-2020-2021-06-11-2026,news,"Result of Final Professional MBBS, Final Year (Supplementary) Examination, Session 2020-2021",2026-06-11,200
https://www.smbbmu.edu.pk/beta/uploads/news/images/1781251435.jpeg,image,1781251435-8cc9292a.jpeg,,200
https://www.smbbmu.edu.pk/beta/announcements/details/examination-certificate-fees-challan-07-01-2026,announcement,Examination Certificate Fees Challan,2026-07-01,200
https://www.smbbmu.edu.pk/beta/news/details/eligibility-criteria-for-prime-ministers-fee-reimbursement-scheme,news,,,FAILED
https://www.smbbmu.edu.pk/beta/news/details/entry-test-forms-for-post-graduate-courses-04-26-2019,news,Entry Test forms for Post Graduate Courses,2019-04-26,200
https://www.smbbmu.edu.pk/beta/news/details/award-of-phd-scholarships-under-faculty-development-program-03-17-2017,news,,,FAILED
https://www.smbbmu.edu.pk/beta/announcements/details/result-of-postgraduate-entry-test-for-session-july-2026-06-24-2026,announcement,Result of Postgraduate Entry Test for Session July -2026,2026-06-24,200
https://www.smbbmu.edu.pk/beta/announcements/details/result-of-bsn-generic-year-ii-semester-iii-regular-examination-session-2023-24-06-23-2026,announcement,"RESULT OF BSN (GENERIC) YEAR-II, SEMESTER-III REGULAR EXAMINATION SESSION 2023-24",2026-06-23,200
https://www.smbbmu.edu.pk/beta/announcements/details/rescheduling-of-interviews-for-various-positions-in-the-colleges-institutes-and-departments-of-shaheed-mohtarma-benazir-bhutto-medical-university-06-22-2026,announcement,"Rescheduling of interviews for various positions in the Colleges, Institutes, and Departments of Shaheed Mohtarma Benazir Bhutto Medical University",2026-06-22,200
https://www.smbbmu.edu.pk/beta/announcements/details/revised-time-table-of-3rd-professional-mbbs-supplementary-ospe-examination-session-2022-23-of-smbb-medical-university-larakana-06-18-2026,announcement,Revised Time Table of 3rd Professional MBBS  (Supplementary) OSPE Examination Session 2022 - 23 OF SMBB Medical University Larakana,2026-06-18,200
https://www.smbbmu.edu.pk/beta/announcements/details/time-table-for-supplementary-examination-for-1st-2nd-and-3rd-year-mbbs-examinations-06-17-2026,announcement,"Time Table for Supplementary Examination for 1st, 2nd and 3rd Year MBBS Examinations",2026-06-17,200
https://www.smbbmu.edu.pk/beta/announcements/details/rescheduling-of-interviews-for-admission-to-postgraduate-courses-session-july-2026-06-17-2026,announcement,Rescheduling of Interviews for Admission to Postgraduate Courses Session July-2026,2026-06-17,200
https://www.smbbmu.edu.pk/beta/announcements/details/time-table-for-the-supplementary-examination-of-1st-year-mbbs-term-back-06-17-2026,announcement,Time Table for the Supplementary Examination of 1st Year MBBS Term-Back,2026-06-17,200
https://www.smbbmu.edu.pk/beta/announcements/details/postgraduate-entry-test-for-session-july-2026-06-15-2026,announcement,Postgraduate Entry Test for Session July - 2026,2026-06-15,200
https://www.smbbmu.edu.pk/beta/announcements/details/result-of-final-professional-mbbs-final-year-supplementary-examination-session-2020-2021-06-11-2026,announcement,"Result of Final Professional MBBS, Final Year (Supplementary) Examination, Session 2020-2021",2026-06-11,200
https://www.smbbmu.edu.pk/beta/announcements/details/result-of-fourth-professional-dpt-eighth-semester-regular-examination-session-2020-2021-06-10-2026,announcement,"Result of Fourth Professional DPT, Eighth Semester Regular Examination Session 2020-2021",2026-06-10,200
https://www.smbbmu.edu.pk/beta/uploads/news/images/1781251332.jpeg,image,1781251332-bd7a5ca0.jpeg,,200
https://www.smbbmu.edu.pk/beta/announcements/details/smbbmu-phd-policy-05-22-2026,announcement,SMBBMU PHD Policy,2026-05-22,200
https://www.smbbmu.edu.pk/beta/news/downloadFile/phd-policy-of-smbbmu_17796503530.pdf,pdf,phd-policy-of-smbbmu-17796503530-fe7e1125.pdf,,200
https://www.smbbmu.edu.pk/beta/announcements/details/admission-for-certificate-in-health-professions-education-c-hpe-session-2026-batch-09-05-21-2026,announcement,Admission for Certificate in Health Professions Education (C-HPE) Session 2026 Batch-09,2026-05-21,200
https://www.smbbmu.edu.pk/beta/news/downloadFile/chpe-form-new_17794278320.pdf,pdf,chpe-form-new-17794278320-fdfd6d36.pdf,,200
https://www.smbbmu.edu.pk/beta/uploads/news/images/1779427799.jpg,image,1779427799-be075484.jpg,,200
https://www.smbbmu.edu.pk/beta/announcements/details/result-of-bs-post-rn-year-ll-semester-ili-regular-examination-session-2023-24-05-21-2026,announcement,"Result of BS (POST-RN) Year-ll, Semester-IlI Regular Examination Session 2023-24",2026-05-21,200
https://www.smbbmu.edu.pk/beta/uploads/news/images/1779428381.jpeg,image,1779428381-a241950d.jpeg,,200
https://www.smbbmu.edu.pk/beta/announcements/details/time-table-of-2nd-professional-dpt-4th-semester-regular-examination-session2023-24-05-21-2026,announcement,Time Table of 2nd Professional DPT 4th Semester Regular Examination Session(2023-24),2026-05-21,200
https://www.smbbmu.edu.pk/beta/uploads/news/images/1779428543.jpeg,image,1779428543-74e307c7.jpeg,,200
https://www.smbbmu.edu.pk/beta/announcements/details/time-table-theory-bsn-generic-post-rn-year-i-semester-ii-regular-examination-session-2024-25-05-21-2026,announcement,"Time Table (Theory) BSN (Generic & Post-Rn) Year-I, Semester-II Regular Examination Session (2024-25)",2026-05-21,200
https://www.smbbmu.edu.pk/beta/uploads/news/images/1779428668.jpeg,image,1779428668-80f7569c.jpeg,,200
https://www.smbbmu.edu.pk/beta/announcements/details/time-table-1st-2nd-and-3rd-professional-mbbssupplementary-theory-examination-of-cmc-larkana-gmmmc-sukkur-05-21-2026,announcement,"Time Table 1st, 2nd and 3rd Professional MBBS(Supplementary) Theory Examination of CMC, Larkana & GMMMC Sukkur",2026-05-21,200
https://www.smbbmu.edu.pk/beta/uploads/news/images/1779428787.jpeg,image,1779428787-03508d88.jpeg,,200
https://www.smbbmu.edu.pk/beta/announcements/details/result-of-final-professional-pharm-d-final-year-annual-examination-session-2019-2020-of-institute-of-pharmacy-smbbmu-larkana-held-in-the-month-of-february-2026-05-19-2026,announcement,"Result of Final Professional Pharm-D, Final Year (Annual) Examination, Session 2019-2020 of Institute of Pharmacy, SMBBMU Larkana held in the month of February 2026",2026-05-19,200
https://www.smbbmu.edu.pk/beta/uploads/news/images/1779428306.jpeg,image,1779428306-2163a832.jpeg,,200
https://www.smbbmu.edu.pk/beta/announcements/details/result-of-fourth-professional-mbbs-fourth-year-supplementary-examination-session-2021-2022-of-chandka-medical-college-larkana-and-gulam-muhammad-mahar-medical-college-sukkur-held-in-the-month-of-april-2026-05-14-2026,announcement,"Result of Fourth Professional MBBS, Fourth Year (Supplementary) Examination, Session 2021-2022 of Chandka Medical College Larkana and Gulam Muhammad Mahar Medical College Sukkur held in the month of April 2026",2026-05-14,200
https://www.smbbmu.edu.pk/beta/uploads/news/images/1778770587.jpeg,image,1778770587-9a69a286.jpeg,,200
https://www.smbbmu.edu.pk/beta/announcements/details/admissions-for-postgraduate-studies-session-2025-26-05-14-2026,announcement,Admissions for Postgraduate Studies Session 2025-26,2026-05-14,200
https://www.smbbmu.edu.pk/beta/uploads/news/images/1778770722.jpeg,image,1778770722-eea43cc6.jpeg,,200
https://www.smbbmu.edu.pk/beta/announcements/details/result-of-first-professional-mbbs-first-year-modular-examination-session-2024-2025-of-chandka-medical-college-larkana-ghulam-muhammad-mahar-medical-college-sukkur-held-in-the-month-of-january-05-08-2026,announcement,"Result of First Professional MBBS, First Year (Modular) Examination, Session 2024-2025 of Chandka Medical College Larkana & Ghulam Muhammad Mahar Medical College Sukkur held in the month of January",2026-05-08,200
https://www.smbbmu.edu.pk/beta/news/downloadFile/first-year-result_17782361810.pdf,pdf,first-year-result-17782361810-1a8b8e66.pdf,,200
https://www.smbbmu.edu.pk/beta/announcements/details/notice-of-final-year-supplementary-viva-examination-scheduled-to-be-held-on-08-05-2026-05-07-2026,announcement,Notice of Final Year Supplementary Viva Examination scheduled to be held on 08-05-2026,2026-05-07,200
https://www.smbbmu.edu.pk/beta/uploads/news/images/1778135211.jpeg,image,1778135211-19b14c9d.jpeg,,200
https://www.smbbmu.edu.pk/beta/announcements/details/declaration-of-withheld-result-of-third-year-mbbs-annual-examination-session-2022-23-05-05-2026,announcement,Declaration of withheld result of Third Year MBBS Annual Examination  Session 2022-23,2026-05-05,200
https://www.smbbmu.edu.pk/beta/uploads/news/images/1778044158.jpeg,image,1778044158-af8696b9.jpeg,,200
https://www.smbbmu.edu.pk/beta/announcements/details/declaration-of-withheld-result-of-second-year-mbbs-annual-examination-session-2023-24-05-05-2026,announcement,Declaration of withheld result of Second Year MBBS Annual Examination Session 2023-24,2026-05-05,200
https://www.smbbmu.edu.pk/beta/uploads/news/images/1778044168.jpeg,image,1778044168-e7880311.jpeg,,200
https://www.smbbmu.edu.pk/beta/announcements/details/notice-for-examiners-for-viva-voce-examination-of-medicine-for-supplementary-examination-05-04-2026,announcement,Notice for Examiners for Viva Voce Examination of Medicine for Supplementary Examination,2026-05-04,200
https://www.smbbmu.edu.pk/beta/uploads/news/images/1778042868.jpeg,image,1778042868-92f65376.jpeg,,200
https://www.smbbmu.edu.pk/beta/announcements/details/result-of-bsn-generic-year-iii-semester-vi-re-sit-examination-202122-05-04-2026,announcement,Result of BSN (Generic) Year III Semester VI Re-Sit Examination 2021–22,2026-05-04,200
https://www.smbbmu.edu.pk/beta/uploads/news/images/1778042849.jpeg,image,1778042849-dbdf49c2.jpeg,,200
https://www.smbbmu.edu.pk/beta/announcements/details/notice-for-examiner-for-conducting-viva-voce-examinations-for-5th-year-supplementary-examination-05-04-2026,announcement,Notice for Examiner for conducting Viva Voce Examinations for 5th Year Supplementary Examination.,2026-05-04,200
https://www.smbbmu.edu.pk/beta/uploads/news/images/1778215257.jpeg,image,1778215257-6cfa327f.jpeg,,200
https://www.smbbmu.edu.pk/beta/announcements/details/badc-downloads-05-01-2026,announcement,BADC Downloads,2026-05-01,200
https://www.smbbmu.edu.pk/beta/announcements/details/timetable-of-5th-professional-mbbs-supplementary-viva-voce-examinations-session-202021-04-27-2026,announcement,Timetable of 5th Professional MBBS (Supplementary) Viva Voce Examinations (Session 2020–21),2026-04-27,200
https://www.smbbmu.edu.pk/beta/uploads/news/images/1778043694.jpeg,image,1778043694-0dc825d5.jpeg,,200
https://www.smbbmu.edu.pk/beta/announcements/details/result-of-mphil-physiology-thesis-defense-examination-session-march-2026-04-27-2026,announcement,Result of M.Phil Physiology Thesis Defense Examination Session March-2026,2026-04-27,200
https://www.smbbmu.edu.pk/beta/uploads/news/images/1778043108.jpeg,image,1778043108-cb8c3b0e.jpeg,,200
https://www.smbbmu.edu.pk/beta/announcements/all/2,announcement_list,Notifications,,200
https://www.smbbmu.edu.pk/beta/announcements/all/3,announcement_list,Notifications,,200
https://www.smbbmu.edu.pk/beta/announcements/all/4,announcement_list,Notifications,,200
https://www.smbbmu.edu.pk/beta/announcements/all/5,announcement_list,Notifications,,200
https://www.smbbmu.edu.pk/beta/announcements/all/6,announcement_list,Notifications,,200
https://www.smbbmu.edu.pk/beta/announcements/all/7,announcement_list,Notifications,,200
https://www.smbbmu.edu.pk/beta/announcements/all/8,announcement_list,Notifications,,200
https://www.smbbmu.edu.pk/beta/announcements/all/9,announcement_list,Notifications,,200
https://www.smbbmu.edu.pk/beta/announcements/all/10,announcement_list,Notifications,,200
https://www.smbbmu.edu.pk/beta/announcements/details/migrationtransfer-policy-of-the-university-for-mbbsbds-students-10-26-2021,announcement,Migration/Transfer Policy of the University for MBBS/BDS students,2021-10-26,200
https://www.smbbmu.edu.pk/beta/announcements/details/notice-for-candidates-domiciled-in-the-province-of-sindh-to-fill-the-online-form-10-18-2021,announcement,Notice for candidates domiciled in the province of Sindh to fill the online form,2021-10-18,200
https://admissions.smbbmu.edu.pk,external,,,
https://www.smbbmu.edu.pk/beta/announcements/details/tution-fee-for-various-categories-of-admission-in-mbbsbds-course-related-to-all-constituent-colleges-of-smbbmu-09-03-2021,announcement,Tution Fee for Various Categories of Admission in MBBS/BDS Course related to all constituent colleges of SMBBMU,2021-09-03,200
https://www.smbbmu.edu.pk/beta/announcements/details/notice-for-modification-of-date-of-entry-test-for-admission-for-postgraduate-courses-for-session-july-2021-05-26-2021,announcement,Notice for modification of date of entry test for admission for postgraduate courses for session july 2021,2021-05-26,200
https://www.smbbmu.edu.pk/beta/uploads/news/images/1622101553.jpg,image,1622101553-bdde6d9a.jpg,,200
https://www.smbbmu.edu.pk/beta/announcements/details/admissions-for-postgraduate-courses-for-the-session-july-2021-04-20-2021,announcement,Admissions for Postgraduate courses for the Session July 2021,2021-04-20,200
https://www.smbbmu.edu.pk/beta/uploads/news/images/1619001965.jpg,image,1619001965-ea0c4f14.jpg,,200
https://www.smbbmu.edu.pk/beta/announcements/details/provisional-list-of-candidates-who-have-applied-for-admission-to-dptpharm-d-courses-for-session-2020-21-02-26-2021,announcement,Provisional List of Candidates who have Applied for Admission to  DPT/PHARM-D Courses for Session 2020-21,2021-02-26,200
http://111.68.108.138/admission/public/objectionForm,external,,,
https://www.smbbmu.edu.pk/beta/news/downloadFile/list_dpt_pharm_D_16143520650.pdf,pdf,list-dpt-pharm-d-16143520650-04ed04b6.pdf,,200
https://www.smbbmu.edu.pk/beta/announcements/details/provisional-list-of-candidates-who-applied-for-admission-to-bsc-nursingpost-rn-at-smbbmu-larkana-02-02-2021,announcement,"Provisional list of candidates who applied for admission to BSc Nursing(Post-RN) at SMBBMU, Larkana",2021-02-02,200
https://www.smbbmu.edu.pk/beta/news/downloadFile/postrn_16122493660.pdf,pdf,postrn-16122493660-e2984e84.pdf,,200
https://www.smbbmu.edu.pk/beta/announcements/details/schedule-of-interview-for-the-candidates-provisionally-selected-to-1st-year-mbbs-session-2020-21-for-gmmmc-center-01-27-2021,announcement,Schedule of interview for the candidates provisionally selected to 1st year MBBS session 2020-21 for GMMMC Center,2021-01-27,200
https://www.smbbmu.edu.pk/beta/announcements/details/provisional-list-of-candidates-who-have-applied-for-admission-to-mbbs-bds-courses-on-ueap-local-basis-for-session-2020-21-at-chandka-medical-college-larkana-01-25-2021,announcement,Provisional List of Candidates who have applied for Admission to MBBS /BDS Courses on UEAP local basis for Session 2020-21 at Chandka Medical College Larkana,2021-01-25,200
http://admissions.smbbmu.edu.pk/public/objectionForm,external,,,
https://www.smbbmu.edu.pk/beta/news/downloadFile/k-shd-_new_16116608360.pdf,pdf,k-shd-new-16116608360-96e3d91d.pdf,,200
https://www.smbbmu.edu.pk/beta/news/downloadFile/shp_16115954752.pdf,pdf,shp-16115954752-44f4c9b5.pdf,,200
https://www.smbbmu.edu.pk/beta/news/downloadFile/nfz_16115954751.pdf,pdf,nfz-16115954751-c598cc08.pdf,,200
https://www.smbbmu.edu.pk/beta/news/downloadFile/lrk_16115954750.pdf,pdf,lrk-16115954750-ce6c2aa4.pdf,,200
https://www.smbbmu.edu.pk/beta/news/downloadFile/kshm_16115953272.pdf,pdf,kshm-16115953272-f9b47cff.pdf,,200
https://www.smbbmu.edu.pk/beta/news/downloadFile/jcd_16115953271.pdf,pdf,jcd-16115953271-29288525.pdf,,200
https://www.smbbmu.edu.pk/beta/news/downloadFile/dadu_16115953270.pdf,pdf,dadu-16115953270-f12b4c59.pdf,,200
https://www.smbbmu.edu.pk/beta/announcements/details/provisional-list-of-candidates-who-have-applied-for-admission-to-mbbs-bds-courses-on-ueap-local-basis-for-session-2020-21-at-ghulam-muhammad-mahar-medical-college-sukkur-01-25-2021,announcement,Provisional List of Candidates who have applied for Admission to MBBS /BDS Courses on UEAP local basis for Session 2020-21 at Ghulam Muhammad Mahar Medical College Sukkur,2021-01-25,200
https://www.smbbmu.edu.pk/beta/news/downloadFile/suk_16115954172.pdf,pdf,suk-16115954172-0fa43bdb.pdf,,200
https://www.smbbmu.edu.pk/beta/news/downloadFile/khp_16115954171.pdf,pdf,khp-16115954171-a02a66c8.pdf,,200
https://www.smbbmu.edu.pk/beta/news/downloadFile/ghotki_16115954170.pdf,pdf,ghotki-16115954170-e96eb0c0.pdf,,200
https://www.smbbmu.edu.pk/beta/announcements/details/schedule-of-interview-for-the-candidates-provisionally-selected-to-1st-year-mbbs-session-2020-21-for-cmc-center-01-21-2021,announcement,Schedule of interview for the candidates provisionally selected to 1st year MBBS session 2020-21 for CMC Center,2021-01-21,200
https://www.smbbmu.edu.pk/beta/announcements/details/provisional-list-of-candidates-who-have-applied-for-admission-to-mbbs-bds-courses-for-session-2020-21-at-chandka-medical-college-larkana-as-on-18-01-2021-01-19-2021,announcement,Provisional List of Candidates who have Applied for Admission to MBBS /BDS Courses for Session 2020-21 at Chandka Medical College Larkana as on 18-01-2021,2021-01-19,200
https://www.smbbmu.edu.pk/beta/news/downloadFile/shp_16110667496.pdf,pdf,shp-16110667496-90cb1d80.pdf,,200
https://www.smbbmu.edu.pk/beta/news/downloadFile/nfz_16110667495.pdf,pdf,nfz-16110667495-b2165170.pdf,,200
https://www.smbbmu.edu.pk/beta/news/downloadFile/lrk_16110667494.pdf,pdf,lrk-16110667494-855c7640.pdf,,200
https://www.smbbmu.edu.pk/beta/news/downloadFile/k-shd_16110667493.pdf,pdf,k-shd-16110667493-9535c5be.pdf,,200
https://www.smbbmu.edu.pk/beta/news/downloadFile/kshm_16110667492.pdf,pdf,kshm-16110667492-a783d5b8.pdf,,200
https://www.smbbmu.edu.pk/beta/news/downloadFile/jcd_16110667491.pdf,pdf,jcd-16110667491-9e956a80.pdf,,200
https://www.smbbmu.edu.pk/beta/news/downloadFile/dadu_16110667490.pdf,pdf,dadu-16110667490-a97a4deb.pdf,,200
https://www.smbbmu.edu.pk/beta/announcements/details/provisional-list-of-candidates-who-have-applied-for-admission-to-mbbs-bds-courses-for-session-2020-21-at-ghulam-muhammad-mahar-medical-college-sukkur-as-on-18-01-2021-01-19-2021,announcement,Provisional List of Candidates who have Applied for Admission to MBBS /BDS Courses for Session 2020-21 at Ghulam Muhammad Mahar Medical College Sukkur as on 18-01-2021,2021-01-19,200
https://www.smbbmu.edu.pk/beta/news/downloadFile/GMMMC+KHP_16110675770.pdf,pdf,gmmmc-khp-16110675770-9bf4517f.pdf,,200
https://www.smbbmu.edu.pk/beta/news/downloadFile/GMMMC+SUK_16110669822.pdf,pdf,gmmmc-suk-16110669822-1cdc364c.pdf,,200
https://www.smbbmu.edu.pk/beta/news/downloadFile/GMMMC+GHOTKI_16110669820.pdf,pdf,gmmmc-ghotki-16110669820-7ae07b29.pdf,,200
https://www.smbbmu.edu.pk/beta/announcements/details/candidate-selected-on-reserved-seat-for-disabled-candidate-for-session-2020-21-01-19-2021,announcement,Candidate Selected on Reserved Seat for Disabled Candidate for Session 2020-21,2021-01-19,200
https://www.smbbmu.edu.pk/beta/news/downloadFile/DISABLE+QUOTA_16110671060.pdf,pdf,disable-quota-16110671060-adff5844.pdf,,200
https://www.smbbmu.edu.pk/beta/announcements/details/list-of-candidates-selected-on-reserved-seats-of-duhs-karachijsmu-karachi-and-fjmu-lahore-for-session-2021-at-smbbmu-cmc-center-01-19-2021,announcement,"List of Candidates Selected on Reserved Seats of DUHS Karachi,JSMU Karachi and FJMU Lahore for Session 2021 at SMBBMU CMC Center",2021-01-19,200
https://www.smbbmu.edu.pk/beta/news/downloadFile/reciprocal-lrk_16110673600.pdf,pdf,reciprocal-lrk-16110673600-c83bcd83.pdf,,200
https://www.smbbmu.edu.pk/beta/announcements/details/list-of-candidates-selected-on-reserved-seats-of-duhs-karachijsmu-karachi-and-fjmu-lahore-for-session-2021-at-smbbmu-gmmmc-center-01-19-2021,announcement,"List of Candidates Selected on Reserved Seats of DUHS Karachi,JSMU Karachi and FJMU Lahore for Session 2021 at SMBBMU GMMMC Center",2021-01-19,200
https://www.smbbmu.edu.pk/beta/news/downloadFile/SUKGMMCDUHSJSMU_16111356710.pdf,pdf,sukgmmcduhsjsmu-16111356710-98174924.pdf,,200
https://www.smbbmu.edu.pk/beta/announcements/details/admissions-for-dptpharm-d-course-for-session-2020-21-01-19-2021,announcement,Admissions for DPT/PHARM-D course for Session 2020-21,2021-01-19,200
https://www.smbbmu.edu.pk/beta/uploads/news/images/1611068165.jpg,image,1611068165-e6c51409.jpg,,200
https://www.smbbmu.edu.pk/beta/announcements/details/advertisement-for-admission-into-1st-year-mbbsbds-on-ueap-local-basis-for-session-2020-21-01-16-2021,announcement,Advertisement for admission into 1st year MBBS/BDS on UEAP Local basis for session 2020-21,2021-01-16,200
https://www.smbbmu.edu.pk/beta/news/downloadFile/application+form+for+ueap+local+cmc++b+49+2020+2021_16108024400.pdf,pdf,application-form-for-ueap-local-cmc-b-49-2020-2021-16108024400-a196da4e.pdf,,200
https://www.smbbmu.edu.pk/beta/uploads/news/images/1610797097.jpg,image,1610797097-419660b0.jpg,,200
https://www.smbbmu.edu.pk/beta/announcements/details/provisional-list-of-candidates-who-have-applied-for-admission-into-1st-year-mbbs-bds-courses-for-session-2020-2021-at-chandka-medical-college-larkana-01-14-2021,announcement,Provisional list of candidates who have applied for Admission into 1st: year MBBS /BDS courses for session 2020-2021 at  Chandka Medical College Larkana,2021-01-14,200
https://www.smbbmu.edu.pk/beta/news/downloadFile/nfz_16107123230.pdf,pdf,nfz-16107123230-b63b00f2.pdf,,200
https://www.smbbmu.edu.pk/beta/news/downloadFile/jcd_16107122540.pdf,pdf,jcd-16107122540-1b24100b.pdf,,200
https://www.smbbmu.edu.pk/beta/news/downloadFile/lrk_16107121290.pdf,pdf,lrk-16107121290-6e683fa5.pdf,,200
https://www.smbbmu.edu.pk/beta/news/downloadFile/SHP_16106278852.pdf,pdf,shp-16106278852-531301e0.pdf,,200
https://www.smbbmu.edu.pk/beta/news/downloadFile/K-SHD_16106273912.pdf,pdf,k-shd-16106273912-63e5a0f0.pdf,,200
https://www.smbbmu.edu.pk/beta/news/downloadFile/KSHM_16106273911.pdf,pdf,kshm-16106273911-ae1a6014.pdf,,200
https://www.smbbmu.edu.pk/beta/news/downloadFile/DADU_16106272560.pdf,pdf,dadu-16106272560-0d91cf33.pdf,,200
https://www.smbbmu.edu.pk/beta/announcements/details/provisional-list-of-candidates-who-have-applied-for-admission-into-1st-year-mbbs-bds-courses-for-session-2020-2021-at-ghulam-muhammad-mahar-medical-college-sukkur-01-14-2021,announcement,Provisional list of candidates who have applied for Admission into 1st: year MBBS /BDS courses for session 2020-2021 at Ghulam Muhammad Mahar Medical College Sukkur,2021-01-14,200
https://www.smbbmu.edu.pk/beta/news/downloadFile/KHP_16107790671.pdf,pdf,khp-16107790671-aece5c05.pdf,,200
https://www.smbbmu.edu.pk/beta/news/downloadFile/SUKUR_16107790670.pdf,pdf,sukur-16107790670-a30e60de.pdf,,200
https://www.smbbmu.edu.pk/beta/news/downloadFile/GHOTKI_16106269292.pdf,pdf,ghotki-16106269292-ecd806bf.pdf,,200
https://www.smbbmu.edu.pk/beta/announcements/details/list-of-rejected-not-eligible-candidates-who-have-applied-for-admission-into-mbbsbds-course-session-2020-21-smbbmu-larkana-01-14-2021,announcement,List of rejected / not eligible candidates who have applied for admission into MBBS/BDS course session 2020-21 @ SMBBMU Larkana,2021-01-14,200
https://www.smbbmu.edu.pk/beta/news/downloadFile/LIST+OF++REJECTED+FILES++-+_16106281770.pdf,pdf,list-of-rejected-files-16106281770-21e49dec.pdf,,200
https://www.smbbmu.edu.pk/beta/announcements/details/provisional-list-of-candidates-who-applied-for-admission-to-bsc-nursinggeneric-at-smbbmu-larkana-01-09-2021,announcement,"Provisional list of candidates who applied for admission to BSc Nursing(Generic) at SMBBMU, Larkana",2021-01-09,200
https://www.smbbmu.edu.pk/beta/news/downloadFile/UNTOUCH+BSN+REJECTED++04+year-_16101801481.pdf,pdf,untouch-bsn-rejected-04-year-16101801481-0d4e5629.pdf,,200
https://www.smbbmu.edu.pk/beta/news/downloadFile/UNTOUCH+BSN+GENERIC+4+YEAR+2020-21+-+_16101801480.pdf,pdf,untouch-bsn-generic-4-year-2020-21-16101801480-3c5d922b.pdf,,200
https://www.smbbmu.edu.pk/beta/announcements/details/provisional-list-of-candidates-who-applied-for-admission-to-bsc-nursingpost-rn-at-smbbmu-larkana-01-09-2021,announcement,"Provisional list of candidates who applied for admission to BSc Nursing(Post RN) at SMBBMU, Larkana",2021-01-09,200
https://www.smbbmu.edu.pk/beta/news/downloadFile/bsn-post-rn_16101933460.pdf,pdf,bsn-post-rn-16101933460-1791fbea.pdf,,200
https://www.smbbmu.edu.pk/beta/announcements/details/notice-for-interviews-of-disabled-candidates-who-have-applied-for-admission-for-mbbsbds-01-09-2021,announcement,Notice for interviews of disabled candidates who have applied for admission for MBBS/BDS,2021-01-09,200
https://www.smbbmu.edu.pk/beta/announcements/details/notice-for-interviews-of-hafiz-e-quran-candidates-who-have-applied-for-admission-for-mbbsbds-01-06-2021,announcement,Notice for interviews of hafiz-e-quran candidates who have applied for admission for MBBS/BDS,2021-01-06,200
https://www.smbbmu.edu.pk/beta/announcements/details/corrigendum-for-admission-in-postgraduate-programs-for-session-january-2020-11-19-2020,announcement,Corrigendum for admission in Postgraduate programs for session January 2020,2020-11-19,200
https://www.smbbmu.edu.pk/beta/uploads/news/images/1605848829.jpg,image,1605848829-14316bea.jpg,,200
https://www.smbbmu.edu.pk/beta/announcements/details/admissions-for-postgraduate-courses-for-the-session-january-2021-11-02-2020,announcement,Admissions for Postgraduate courses for the Session January 2021,2020-11-02,200
https://www.smbbmu.edu.pk/beta/uploads/news/images/1604311530.jpg,image,1604311530-e0e0e374.jpg,,200
https://www.smbbmu.edu.pk/beta/announcements/details/admission-in-public-and-private-sector-medical-and-dental-universitiescolleges-of-sindh-province-for-session-2020-21-09-18-2020,announcement,Admission in Public and Private Sector Medical and Dental Universities/Colleges of Sindh Province for Session 2020-21,2020-09-18,200
https://www.smbbmu.edu.pk/beta/uploads/news/images/1600434862.jpg,image,1600434862-1408ded4.jpg,,200
https://www.smbbmu.edu.pk/beta/announcements/details/addendum-for-admissions-of-post-graduate-courses-for-the-session-july-2020-07-23-2020,announcement,"Addendum for Admissions of Post Graduate Courses for the Session July, 2020",2020-07-23,200
https://www.smbbmu.edu.pk/beta/uploads/news/images/1595496184.jpg,image,1595496184-04e4243c.jpg,,200
https://www.smbbmu.edu.pk/beta/announcements/details/admissions-for-postgraduate-courses-for-the-session-july-2020-07-06-2020,announcement,Admissions for Postgraduate courses for the Session July 2020,2020-07-06,200
https://www.smbbmu.edu.pk/beta/uploads/news/images/1594100898.jpg,image,1594100898-076fa721.jpg,,200
https://www.smbbmu.edu.pk/beta/announcements/admission/2,announcement_list,Admission,,200
https://www.smbbmu.edu.pk/beta/announcements/admission/3,announcement_list,Admission,,200
https://www.smbbmu.edu.pk/beta/announcements/details/timetable-of-4th-professional-mbbs-supplementary-viva-voce-examinations-session-202122-04-24-2026,announcement,Timetable of 4th Professional MBBS (Supplementary) Viva Voce Examinations (Session 2021–22),2026-04-24,200
https://www.smbbmu.edu.pk/beta/uploads/news/images/1778043179.jpeg,image,1778043179-e63e8c23.jpeg,,200
https://www.smbbmu.edu.pk/beta/announcements/details/result-of-bs-generic-year-iv-semester-vili-re-sit-examination-session-2020-21-04-23-2026,announcement,"Result of BS (GENERIC) Year-IV, Semester-VIlI Re-Sit Examination Session 2020-21",2026-04-23,200
https://www.smbbmu.edu.pk/beta/uploads/news/images/1778043303.jpeg,image,1778043303-cad9f1b2.jpeg,,200
https://www.smbbmu.edu.pk/beta/announcements/details/time-table-theory-bsn-generic-year-iv-semester-vii-regular-examination-session-2021-22-04-20-2026,announcement,"Time Table (Theory) BSN (Generic) Year - IV, Semester - VII Regular Examination (Session 2021 - 22)",2026-04-20,200
https://www.smbbmu.edu.pk/beta/uploads/news/images/1778043439.jpeg,image,1778043439-d24bb2b8.jpeg,,200
https://www.smbbmu.edu.pk/beta/announcements/details/timetable-theory-bsn-generic-year-iii-semester-vi-re-sit-examination-session-202122-04-14-2026,announcement,Timetable (Theory): BSN (Generic) Year III Semester VI Re-Sit Examination (Session 2021–22),2026-04-14,200
https://www.smbbmu.edu.pk/beta/announcements/details/result-of-2nd-professional-mbbs-examination-04-13-2026,announcement,Result of 2nd Professional MBBS Examination,2026-04-13,200
https://www.smbbmu.edu.pk/beta/news/downloadFile/mbbs-second-year-2_17760702681.jpeg,image,mbbs-second-year-2-17760702681-82e213ba.jpeg,,200
https://www.smbbmu.edu.pk/beta/news/downloadFile/mbbs-second-year-1_17760702680.jpeg,image,mbbs-second-year-1-17760702680-b631e67e.jpeg,,200
https://www.smbbmu.edu.pk/beta/announcements/details/result-of-diploma-of-dermatology-clinical-examination-session-september-2025-held-in-the-month-of-march-2026-03-26-2026,announcement,Result of Diploma of Dermatology (Clinical) Examination Session September 2025 held in the month of March 2026.,2026-03-26,200
https://www.smbbmu.edu.pk/beta/uploads/news/images/1774591716.jpeg,image,1774591716-90fd6c15.jpeg,,200
https://www.smbbmu.edu.pk/beta/announcements/details/timetable-of-ms-surgery-mid-term-part-ii-clinical-examinations-session-september-2025-03-26-2026,announcement,Timetable of MS Surgery Mid-Term & Part-II Clinical Examinations Session September 2025,2026-03-26,200
https://www.smbbmu.edu.pk/beta/uploads/news/images/1774591797.jpeg,image,1774591797-3ed7b9e0.jpeg,,200
https://www.smbbmu.edu.pk/beta/announcements/details/timetable-of-1st-professional-dpt-2nd-semester-examination-session-2024-25-of-smbbmu-larkana-03-25-2026,announcement,Timetable of 1st Professional DPT 2nd Semester Examination Session 2024-25 of SMBBMU Larkana,2026-03-25,200
https://www.smbbmu.edu.pk/beta/uploads/news/images/1774500747.jpeg,image,1774500747-01d83980.jpeg,,200
https://www.smbbmu.edu.pk/beta/announcements/details/result-of-postgraduate-diploma-anasthesia-viva-voce-examination-session-of-september-2025-held-in-the-month-of-march-2026-03-24-2026,announcement,Result of  Postgraduate Diploma Anasthesia (Viva Voce) Examination Session of September 2025 held in the month of March 2026.,2026-03-24,200
https://www.smbbmu.edu.pk/beta/uploads/news/images/1774500918.jpeg,image,1774500918-92190141.jpeg,,200
https://www.smbbmu.edu.pk/beta/announcements/details/circular-for-postgraduate-examinations-of-session-march-2026-in-all-degree-and-diploma-courses-03-16-2026,announcement,Circular for  Postgraduate Examinations of Session March-2026 in all Degree and Diploma courses.,2026-03-16,200
https://www.smbbmu.edu.pk/beta/uploads/news/images/1774501128.jpeg,image,1774501128-6f780b02.jpeg,,200
https://www.smbbmu.edu.pk/beta/announcements/details/result-of-final-professional-mbbs-final-year-annual-examination-session-2020-2021-of-chandka-medical-college-larkana-ghulam-muhammad-mahar-medical-college-sukkur-and-gambat-medical-college-gambat-held-in-the-month-of-december-2025-03-04-2026,announcement,"Result of Final Professional MBBS, Final Year (Annual) Examination, Session 2020-2021 of Chandka Medical College Larkana, Ghulam Muhammad Mahar Medical College Sukkur and Gambat Medical College Gambat held in the month of December 2025",2026-03-04,200
https://www.smbbmu.edu.pk/beta/news/downloadFile/WhatsApp+Image+2026-03-04+at+11_17726079350.pdf,pdf,whatsapp-image-2026-03-04-at-11-17726079350-fd814150.pdf,,200
https://www.smbbmu.edu.pk/beta/announcements/details/time-table-of-3rd-professional-pharm-d-annual-theory-ospe-examinations-session-2022-23-of-smbbmu-larkana-03-03-2026,announcement,Time Table of 3rd Professional Pharm-D (Annual) Theory & OSPE Examinations (Session 2022 - 23) OF SMBBMU Larkana,2026-03-03,200
https://www.smbbmu.edu.pk/beta/uploads/news/images/1772531646.jpeg,image,1772531646-46c3248c.jpeg,,200
https://www.smbbmu.edu.pk/beta/announcements/details/time-table-of-3rd-professional-pharm-d-supplementary-theory-examination-session-2021-22-of-smbbmu-larkana-03-03-2026,announcement,Time Table of 3rd Professional Pharm-D (Supplementary) Theory Examination (Session 2021 - 22) Of SMBBMU LARKANA,2026-03-03,200
https://www.smbbmu.edu.pk/beta/uploads/news/images/1772531682.jpeg,image,1772531682-1c683bb8.jpeg,,200
https://www.smbbmu.edu.pk/beta/announcements/details/postgraduate-degree-theory-clinical-examination-september-2025-held-in-the-month-of-january-2026-03-02-2026,announcement,"Postgraduate Degree (Theory & Clinical) Examination September, 2025 held in the Month of January, 2026",2026-03-02,200
https://www.smbbmu.edu.pk/beta/uploads/news/images/1772531409.jpeg,image,1772531409-5eaa8398.jpeg,,200
https://www.smbbmu.edu.pk/beta/announcements/details/postgraduate-degree-diploma-theory-viva-voce-examination-session-september-2025-held-in-the-month-of-january-february-2026-03-02-2026,announcement,Postgraduate Degree & Diploma (Theory & Viva Voce) Examination Session September 2025 held in the month of January & February 2026.,2026-03-02,200
https://www.smbbmu.edu.pk/beta/uploads/news/images/1772531495.jpeg,image,1772531495-b1d0c312.jpeg,,200
https://www.smbbmu.edu.pk/beta/announcements/details/timetable-of-1st-professional-dpt-1st-semester-re-sit-examination-sessions-2024-25-of-smbbmu-larkana-03-02-2026,announcement,Timetable of 1ST Professional DPT 1st Semester Re-sit Examination (Sessions 2024 - 25) of SMBBMU Larkana,2026-03-02,200
https://www.smbbmu.edu.pk/beta/announcements/details/time-table-of-1st-2nd-professional-pharm-d-annual-theory-ospe-examinations-session-2024-25-2023-24-of-smbbmu-larkana-01-28-2026,announcement,Time Table of 1ST & 2ND Professional Pharm - D (Annual) Theory & OSPE Examinations (Session 2024 - 25 & 2023 - 24) OF SMBBMU Larkana,2026-01-28,200
https://www.smbbmu.edu.pk/beta/uploads/news/images/1769667953.jpeg,image,1769667953-9d37eecc.jpeg,,200
https://www.smbbmu.edu.pk/beta/announcements/details/result-of-bsn-generic-year-iv-semester-vii-re-sit-examination-session-of-affliated-colleges-01-19-2026,announcement,"Result of BSN (GENERIC) Year-IV, Semester-VII Re-Sit Examination Session of Affliated Colleges",2026-01-19,200
https://www.smbbmu.edu.pk/beta/uploads/news/images/1768934294.jpeg,image,1768934294-af9dfd63.jpeg,,200
https://www.smbbmu.edu.pk/beta/announcements/details/notice-for-postgraduate-theory-examinations-session-september-2025-01-12-2026,announcement,Notice for Postgraduate Theory Examinations Session September 2025,2026-01-12,200
https://www.smbbmu.edu.pk/beta/uploads/news/images/1768934384.jpeg,image,1768934384-49062fde.jpeg,,200
https://www.smbbmu.edu.pk/beta/announcements/details/result-of-third-professional-pharm-d-third-year-annual-examination-session-2021-2022-of-institute-of-pharmacy-smbbmu-larkana-held-in-the-month-of-september-2025-01-12-2026,announcement,"Result of Third Professional Pharm-D, Third Year (Annual) Examination, Session 2021-2022 of Institute of Pharmacy, SMBBMU Larkana, held in the month of September 2025",2026-01-12,200
https://www.smbbmu.edu.pk/beta/uploads/news/images/1768934461.jpeg,image,1768934461-9c0deccb.jpeg,,200
https://www.smbbmu.edu.pk/beta/announcements/details/result-of-first-professional-dpt-first-semester-regular-examination-session-2024-2025-01-12-2026,announcement,"Result of First Professional DPT, First Semester Regular Examination Session 2024-2025",2026-01-12,200
https://www.smbbmu.edu.pk/beta/uploads/news/images/1768934532.jpeg,image,1768934532-d3ff90b0.jpeg,,200
https://www.smbbmu.edu.pk/beta/announcements/details/revised-timetable-of-bsn-generic-year-iii-semester-v-regular-examination-session-2022-23-01-12-2026,announcement,"REVISED TIMETABLE OF BSN (GENERIC) YEAR - III, SEMESTER - V REGULAR EXAMINATION (SESSION 2022 - 23)",2026-01-12,200
https://www.smbbmu.edu.pk/beta/uploads/news/images/1768934594.jpeg,image,1768934594-395a0fdd.jpeg,,200
https://www.smbbmu.edu.pk/beta/announcements/details/time-table-of-1st-2nd-and-3rd-professional-mbbs-annual-examination-01-12-2026,announcement,Time Table of 1st 2nd and 3rd Professional MBBS Annual Examination,2026-01-12,200
https://www.smbbmu.edu.pk/beta/uploads/news/images/1768934795.jpeg,image,1768934795-1160ec6c.jpeg,,200
https://www.smbbmu.edu.pk/beta/announcements/details/time-table-of-2nd-professional-dpt-3rd-semester-regular-examination-12-13-2025,announcement,Time Table of 2nd Professional DPT 3rd Semester Regular Examination,2025-12-13,200
https://www.smbbmu.edu.pk/beta/uploads/news/images/1765778887.jpeg,image,1765778887-1d7a876f.jpeg,,200
https://www.smbbmu.edu.pk/beta/announcements/details/time-table-of-3rd-professional-dpt-6th-semester-regular-examination-12-13-2025,announcement,Time Table of 3rd Professional DPT 6th Semester Regular Examination,2025-12-13,200
https://www.smbbmu.edu.pk/beta/uploads/news/images/1765779388.jpeg,image,1765779388-a98ef196.jpeg,,200
https://www.smbbmu.edu.pk/beta/announcements/details/time-table-of-3rd-professional-dpt-5th-semester-regular-examination-12-13-2025,announcement,Time Table of 3rd Professional DPT 5th Semester Regular Examination,2025-12-13,200
https://www.smbbmu.edu.pk/beta/uploads/news/images/1765780264.jpeg,image,1765780264-88939b86.jpeg,,200
https://www.smbbmu.edu.pk/beta/announcements/details/timet-table-of-1st-2nd-and-3rd-professional-mbbs-examination-12-11-2025,announcement,"Timet Table of 1st, 2nd and 3rd Professional MBBS Examination",2025-12-11,200
https://www.smbbmu.edu.pk/beta/uploads/news/images/1765778756.jpeg,image,1765778756-c675d53e.jpeg,,200
https://www.smbbmu.edu.pk/beta/announcements/details/result-of-second-professional-dpt-fourth-semester-re-sit-examination-session-2022-2023-12-04-2025,announcement,"Result of Second Professional DPT, Fourth Semester Re-Sit Examination Session 2022-2023",2025-12-04,200
https://www.smbbmu.edu.pk/beta/uploads/news/images/1764841011.jpeg,image,1764841011-334742db.jpeg,,200
https://www.smbbmu.edu.pk/beta/announcements/details/result-of-bsn-generic-year-i-semster-i-re-sit-examinaion-session-2023-24-12-04-2025,announcement,"Result OF BSN (GENERIC) YEAR-I, Semster-I| Re-Sit Examinaion Session 2023-24",2025-12-04,200
https://www.smbbmu.edu.pk/beta/uploads/news/images/1764841061.jpeg,image,1764841061-5fdcf7d6.jpeg,,200
https://www.smbbmu.edu.pk/beta/announcements/details/result-of-bsn-post-rn-year-i-semester-ll-re-sit-examination-session-2023-24-12-04-2025,announcement,"Result of BSN (POST-RN) Year-I, Semester-ll Re-Sit Examination Session 2023-24",2025-12-04,200
https://www.smbbmu.edu.pk/beta/uploads/news/images/1764841240.jpeg,image,1764841240-b27be7fb.jpeg,,200
https://www.smbbmu.edu.pk/beta/announcements/details/timetable-theory-bsngeneric-postrn-year-ii-semester-iii-regular-examination-session-2023-24-11-24-2025,announcement,Timetable Theory BSN(Generic & PostRN) Year-II Semester-III Regular Examination (Session 2023-24),2025-11-24,200
https://www.smbbmu.edu.pk/beta/uploads/news/images/1764051762.jpeg,image,1764051762-5a20b740.jpeg,,200
https://www.smbbmu.edu.pk/beta/announcements/details/result-of-postgraduate-diploma-examinationtheory-clinical-march-2025-held-in-the-month-of-november-2025-11-12-2025,announcement,"Result of Postgraduate Diploma Examination(Theory & Clinical) March, 2025 held in the month of November 2025",2025-11-12,200
https://www.smbbmu.edu.pk/beta/uploads/news/images/1762932291.jpeg,image,1762932291-5fe6cfac.jpeg,,200
https://www.smbbmu.edu.pk/beta/announcements/details/result-of-postgraduate-mphil-programthesis-defense-examination-september-2025-held-in-the-month-of-november-2025-11-12-2025,announcement,"Result of Postgraduate MPhil Program(Thesis Defense) Examination September, 2025 held in the month of November 2025",2025-11-12,200
https://www.smbbmu.edu.pk/beta/uploads/news/images/1762932461.jpeg,image,1762932461-ecb9ece4.jpeg,,200
https://www.smbbmu.edu.pk/beta/announcements/details/result-of-5th-professional-dpt-tenth-semester-regular-examination-session-2019-20-11-10-2025,announcement,"Result of 5th Professional DPT, Tenth Semester Regular Examination Session 2019-20",2025-11-10,200
https://www.smbbmu.edu.pk/beta/uploads/news/images/1762772384.jpeg,image,1762772384-33190c8a.jpeg,,200
https://www.smbbmu.edu.pk/beta/announcements/details/timetable-of-4th-5th-professional-mbbs-regular-examination-11-06-2025,announcement,Timetable of 4th & 5th Professional MBBS Regular Examination,2025-11-06,200
https://www.smbbmu.edu.pk/beta/uploads/news/images/1764055613.jpeg,image,1764055613-374fcdc9.jpeg,,200
https://www.smbbmu.edu.pk/beta/announcements/details/timetable-for-1st-professional-dpt-2nd-semester-re-sit-examination-09-09-2025,announcement,Timetable for 1st Professional DPT 2nd Semester Re-Sit Examination,2025-09-09,200
https://www.smbbmu.edu.pk/beta/uploads/news/images/1757406206.jpeg,image,1757406206-b62bf6be.jpeg,,200
https://www.smbbmu.edu.pk/beta/announcements/details/timetable-for-5th-professional-dpt-9th-semester-re-sit-examination-09-09-2025,announcement,Timetable for 5th Professional DPT 9th Semester Re-Sit Examination,2025-09-09,200
https://www.smbbmu.edu.pk/beta/uploads/news/images/1757406268.jpeg,image,1757406268-ed2f2d06.jpeg,,200
https://www.smbbmu.edu.pk/beta/announcements/details/timetable-for-bsn-year-iii-semester-v-re-sit-examination-09-09-2025,announcement,Timetable for BSN Year-III Semester - V  Re-Sit Examination,2025-09-09,200
https://www.smbbmu.edu.pk/beta/news/downloadFile/timetable-bsn-year-III-semester-V_17574065501.jpeg,image,timetable-bsn-year-iii-semester-v-17574065501-9508725c.jpeg,,200
https://www.smbbmu.edu.pk/beta/news/downloadFile/time-table-bsn-year-III-semester-v_17574065500.jpeg,image,time-table-bsn-year-iii-semester-v-17574065500-91c5bbf0.jpeg,,200
https://www.smbbmu.edu.pk/beta/announcements/details/result-of-postgraduate-examination-session-march-2025-held-in-the-month-of-august-2025-09-08-2025,announcement,Result of Postgraduate Examination Session March-2025 held in the month of August-2025,2025-09-08,200
https://www.smbbmu.edu.pk/beta/announcements/details/result-of-bsnpost-rn-year-ii-semester-iv-regular-examination-session-2022-23-09-04-2025,announcement,Result of BSN(POST-RN) Year-II Semester -IV Regular Examination Session 2022-23,2025-09-04,200
https://www.smbbmu.edu.pk/beta/uploads/news/images/1757407008.jpeg,image,1757407008-2c56e088.jpeg,,200
https://www.smbbmu.edu.pk/beta/announcements/details/timetable-of-1st-2nd-3rd-4th-professional-bds-supplementary-theory-ospe-osce-examination-09-03-2025,announcement,"Timetable of 1st, 2nd, 3rd & 4th Professional BDS Supplementary (Theory & OSPE / OSCE ) Examination",2025-09-03,200
https://www.smbbmu.edu.pk/beta/uploads/news/images/1757407144.jpeg,image,1757407144-4083d83c.jpeg,,200
https://www.smbbmu.edu.pk/beta/announcements/details/result-of-4th-professional-bds-examination-session-2020-21-of-bibi-aseefa-dental-college-held-in-the-month-of-july-2025-08-27-2025,announcement,"Result of 4th Professional BDS Examination Session 2020-21 of Bibi Aseefa Dental College, held in the month of July 2025",2025-08-27,200
https://www.smbbmu.edu.pk/beta/announcements/details/result-of-third-professional-examination-supplementary-session-2021-22-08-06-2025,announcement,Result of Third Professional Examination (Supplementary) Session 2021-22,2025-08-06,200
https://www.smbbmu.edu.pk/beta/uploads/news/images/1754475126.jpeg,image,1754475126-861276eb.jpeg,,200
https://www.smbbmu.edu.pk/beta/announcements/details/result-of-fourth-professional-examination-supplementary-session-2020-21-08-06-2025,announcement,Result of Fourth Professional Examination (Supplementary) Session 2020-21,2025-08-06,200
https://www.smbbmu.edu.pk/beta/uploads/news/images/1754475138.jpeg,image,1754475138-7bb63f5e.jpeg,,200
https://www.smbbmu.edu.pk/beta/announcements/details/result-of-1st-year-bds-annual-examination-session-2023-24-08-05-2025,announcement,Result of 1st Year BDS Annual Examination Session 2023-24,2025-08-05,200
https://www.smbbmu.edu.pk/beta/uploads/news/images/1754475095.jpeg,image,1754475095-d74f7884.jpeg,,200
https://www.smbbmu.edu.pk/beta/announcements/details/result-of-second-professional-bds-examination-session-2022-23-08-05-2025,announcement,Result of Second Professional BDS Examination Session 2022-23,2025-08-05,200
https://www.smbbmu.edu.pk/beta/uploads/news/images/1754475111.jpeg,image,1754475111-f4006015.jpeg,,200
https://www.smbbmu.edu.pk/beta/announcements/details/result-of-diploma-entry-test-and-mdms-part-i-examinations-session-july-2025-07-10-2025,announcement,Result of Diploma Entry Test and MD/MS Part-I Examinations Session July-2025,2025-07-10,200
https://www.smbbmu.edu.pk/beta/news/downloadFile/result-md-ms-part-i-examinations_17521356300.pdf,pdf,result-md-ms-part-i-examinations-17521356300-c9b0a7bb.pdf,,200
https://www.smbbmu.edu.pk/beta/announcements/details/result-of-third-professional-bds-annual-examination-session-2021-22-07-02-2025,announcement,Result of Third Professional BDS Annual Examination Session 2021-22,2025-07-02,200
https://www.smbbmu.edu.pk/beta/uploads/news/images/1751444133.jpeg,image,1751444133-0c24fcfb.jpeg,,200
https://www.smbbmu.edu.pk/beta/announcements/details/result-of-bsn-post-rn-year-ii-semester-ii-re-sit-examination-session-2022-23-07-02-2025,announcement,Result of BSN (POST-RN) Year-II Semester-II Re-sit Examination Session 2022-23,2025-07-02,200
https://www.smbbmu.edu.pk/beta/uploads/news/images/1751444224.jpeg,image,1751444224-f64ebdf1.jpeg,,200
https://www.smbbmu.edu.pk/beta/announcements/details/timetable-of-postgraduate-entry-test-part-i-examination-session-july-2025-06-26-2025,announcement,Timetable of Postgraduate Entry Test & Part-I Examination Session July - 2025,2025-06-26,200
https://www.smbbmu.edu.pk/beta/uploads/news/images/1751013773.jpeg,image,1751013773-7695fd5c.jpeg,,200
https://www.smbbmu.edu.pk/beta/announcements/details/result-of-first-professional-pharm-d-annual-examination-session-2023-24-06-11-2025,announcement,Result of First Professional Pharm-D Annual Examination Session 2023-24,2025-06-11,200
https://www.smbbmu.edu.pk/beta/uploads/news/images/1749729519.jpeg,image,1749729519-f57b7d57.jpeg,,200
https://www.smbbmu.edu.pk/beta/announcements/details/result-of-second-professional-pharm-d-annual-examination-session-2022-23-06-11-2025,announcement,Result of Second Professional Pharm-D Annual Examination Session 2022-23,2025-06-11,200
https://www.smbbmu.edu.pk/beta/announcements/details/result-of-bsngeneric-year-iii-semester-vi-re-sit-examination-session-2020-21-06-11-2025,announcement,"Result of BSN(Generic) Year-III, Semester VI Re-Sit Examination Session 2020-21",2025-06-11,200
https://www.smbbmu.edu.pk/beta/uploads/news/images/1749729737.jpeg,image,1749729737-25465476.jpeg,,200
https://www.smbbmu.edu.pk/beta/announcements/details/timetable-of-1st-professional-mbbssupplementary-theory-ospe-examiation-06-02-2025,announcement,Timetable of 1st Professional MBBS(Supplementary) Theory & OSPE Examiation,2025-06-02,200
https://www.smbbmu.edu.pk/beta/uploads/news/images/1764051115.jpeg,image,1764051115-be718d36.jpeg,,200
https://www.smbbmu.edu.pk/beta/announcements/details/result-of-postgraduate-degree-diploma-theory-viva-voce-examinations-session-september-2024-held-in-the-month-of-may-2025-05-22-2025,announcement,Result of Postgraduate Degree &  Diploma (Theory & Viva Voce) Examinations Session September-2024 held in the month of May-2025,2025-05-22,200
https://www.smbbmu.edu.pk/beta/uploads/news/images/1747898322.jpeg,image,1747898322-1f32f297.jpeg,,200
https://www.smbbmu.edu.pk/beta/announcements/details/result-of-postgraduate-degree-diplomaclinical-theory-examination-session-sept-2024-held-in-the-month-of-may-2025-05-20-2025,announcement,Result of Postgraduate Degree & Diploma(Clinical / Theory) Examination Session Sept-2024 held in the month of May 2025,2025-05-20,200
https://www.smbbmu.edu.pk/beta/announcements/details/notice-for-postponement-of-supplementary-examination-of-2nd-4th-year-of-mbbs-05-19-2025,announcement,Notice for Postponement of Supplementary Examination of  2nd & 4th Year of MBBS,2025-05-19,200
https://www.smbbmu.edu.pk/beta/uploads/news/images/1747733690.jpeg,image,1747733690-3c38a208.jpeg,,200
https://www.smbbmu.edu.pk/beta/announcements/details/re-totaling-of-marks-on-applications-forwarded-by-students-of-cmc-gmmmc-05-19-2025,announcement,Re-totaling of Marks on Applications forwarded by students of CMC & GMMMC,2025-05-19,200
https://www.smbbmu.edu.pk/beta/uploads/news/images/1747733746.jpeg,image,1747733746-052f78c3.jpeg,,200
https://www.smbbmu.edu.pk/beta/announcements/details/declaration-of-withheld-result-of-2nd-4th-year-of-mbbs-05-19-2025,announcement,Declaration of Withheld result of 2nd & 4th Year of MBBS,2025-05-19,200
https://www.smbbmu.edu.pk/beta/announcements/details/result-of-final-professional-pharm-d-examination-for-session-2018-19-05-16-2025,announcement,Result of Final Professional Pharm-D Examination for Session 2018-19,2025-05-16,200
https://www.smbbmu.edu.pk/beta/uploads/news/images/1747545726.jpeg,image,1747545726-9a9e7b70.jpeg,,200
https://www.smbbmu.edu.pk/beta/announcements/details/result-of-second-professional-dpt-third-semester-re-sit-examination-session-2022-23-05-15-2025,announcement,"Result of Second Professional DPT, Third Semester Re-Sit Examination Session 2022-23",2025-05-15,200
https://www.smbbmu.edu.pk/beta/uploads/news/images/1747545672.jpeg,image,1747545672-010797f5.jpeg,,200
https://www.smbbmu.edu.pk/beta/announcements/details/result-of-second-professional-dpt-fourth-semester-re-sit-examination-session-2023-24-05-14-2025,announcement,"Result of Second Professional DPT, Fourth Semester Re-Sit Examination Session 2023-24",2025-05-14,200
https://www.smbbmu.edu.pk/beta/uploads/news/images/1747545705.jpeg,image,1747545705-331d208a.jpeg,,200
https://www.smbbmu.edu.pk/beta/announcements/details/postgraduate-theory-examination-session-march-2025-05-14-2025,announcement,Postgraduate Theory Examination Session March - 2025,2025-05-14,200
https://www.smbbmu.edu.pk/beta/uploads/news/images/1747545924.jpeg,image,1747545924-f3bd888f.jpeg,,200
https://www.smbbmu.edu.pk/beta/announcements/details/result-of-postgraduate-theory-diploma-examination-session-sept-2024-05-13-2025,announcement,Result of Postgraduate Theory & Diploma Examination Session Sept-2024,2025-05-13,200
https://www.smbbmu.edu.pk/beta/uploads/news/images/1747632044.jpeg,image,1747632044-a1874183.jpeg,,200
https://www.smbbmu.edu.pk/beta/announcements/details/result-of-third-professional-dpt-sixth-semester-re-sit-examination-session-2020-21-05-09-2025,announcement,"Result of Third Professional DPT, Sixth Semester Re-Sit Examination Session 2020-21",2025-05-09,200
https://www.smbbmu.edu.pk/beta/uploads/news/images/1747632235.jpeg,image,1747632235-5b377e32.jpeg,,200
https://www.smbbmu.edu.pk/beta/announcements/details/result-of-fourth-professional-dpt-eighth-semester-re-sit-examination-session-2019-20-05-09-2025,announcement,"Result of Fourth Professional DPT, Eighth Semester Re-Sit Examination Session 2019-20",2025-05-09,200
https://www.smbbmu.edu.pk/beta/uploads/news/images/1747632336.jpeg,image,1747632336-69984036.jpeg,,200
https://www.smbbmu.edu.pk/beta/announcements/details/withheld-result-of-the-candidates-of-4th-year-04-25-2025,announcement,Withheld Result of the candidates of 4th Year,2025-04-25,200
https://www.smbbmu.edu.pk/beta/uploads/news/images/1745669534.jpeg,image,1745669534-ae430594.jpeg,,200
https://www.smbbmu.edu.pk/beta/announcements/details/result-of-fourth-professional-mbbs-fourth-year-annual-examination-session-2020-2021-04-24-2025,announcement,"Result of Fourth Professional MBBS, Fourth Year (Annual) Examination, Session 2020-2021",2025-04-24,200
https://www.smbbmu.edu.pk/beta/news/downloadFile/WhatsApp+Image+2025-04-24+at+1_17456693031.jpeg,image,whatsapp-image-2025-04-24-at-1-17456693031-9de37413.jpeg,,200
https://www.smbbmu.edu.pk/beta/news/downloadFile/WhatsApp+Image+2025-04-24+at+1_17456693030.jpeg,image,whatsapp-image-2025-04-24-at-1-17456693030-ad6e730a.jpeg,,200
https://www.smbbmu.edu.pk/beta/announcements/details/result-of-md-internal-medicine-part-ll-04-24-2025,announcement,Result of MD Internal Medicine Part-ll,2025-04-24,200
https://www.smbbmu.edu.pk/beta/uploads/news/images/1745669401.jpeg,image,1745669401-b6069613.jpeg,,200
https://www.smbbmu.edu.pk/beta/announcements/details/result-of-bsn-generic-year-iii-semester-vi-regular-examination-session-2020-21-04-22-2025,announcement,"Result of BSN (GENERIC) Year-III, Semester-VI Regular Examination Session 2020-21",2025-04-22,200
https://www.smbbmu.edu.pk/beta/news/downloadFile/bsn-3rdyear-page-2_17456689371.jpeg,image,bsn-3rdyear-page-2-17456689371-e95b8103.jpeg,,200
https://www.smbbmu.edu.pk/beta/news/downloadFile/bsn-3rdyear-page-1_17456689370.jpeg,image,bsn-3rdyear-page-1-17456689370-ec0a5fc4.jpeg,,200
https://www.smbbmu.edu.pk/beta/announcements/details/result-of-third-professional-mbbs-third-year-annual-examination-session-2021-2022-of-chandka-medical-college-larkana-ghulam-muhammad-mahar-medical-college-sukkur-and-gambat-medical-college-gambat-held-in-the-month-of-january-2025-04-18-2025,announcement,"Result of Third Professional MBBS, Third Year (Annual) Examination, Session 2021-2022 of Chandka Medical College Larkana, Ghulam Muhammad Mahar Medical College Sukkur and Gambat Medical College Gambat held in the month of January 2025",2025-04-18,200
https://www.smbbmu.edu.pk/beta/news/downloadFile/mbbs-3rd-year-page-2_17456687561.jpeg,image,mbbs-3rd-year-page-2-17456687561-720556a8.jpeg,,200
https://www.smbbmu.edu.pk/beta/news/downloadFile/mbbs-3rd-year-page-1_17456687370.jpeg,image,mbbs-3rd-year-page-1-17456687370-b8424876.jpeg,,200
https://www.smbbmu.edu.pk/beta/announcements/details/result-of-bsn-generic-year-ii-semester-iii-regular-examination-session-2022-23-04-17-2025,announcement,"Result of BSN (Generic) Year-II, Semester-III Regular Examination Session 2022-23",2025-04-17,200
https://www.smbbmu.edu.pk/beta/news/downloadFile/bsn-2_17456685611.jpeg,image,bsn-2-17456685611-75021568.jpeg,,200
https://www.smbbmu.edu.pk/beta/news/downloadFile/WhatsApp+Image+2025-04-17+at+1_17456685610.jpeg,image,whatsapp-image-2025-04-17-at-1-17456685610-f5635121.jpeg,,200
https://www.smbbmu.edu.pk/beta/announcements/details/result-of-postgraduate-degree-and-diploma-theory-examinations-session-september-2024-held-in-the-month-of-march-2024-04-16-2025,announcement,Result of Postgraduate Degree and Diploma (Theory) Examinations Session September-2024 held in the month of March- 2024,2025-04-16,200
https://www.smbbmu.edu.pk/beta/uploads/news/images/1745666430.jpeg,image,1745666430-0302fdc6.jpeg,,200
https://www.smbbmu.edu.pk/beta/announcements/details/result-of-bsngeneric-year-ii-semester-iv-re-sit-examination-session-2021-22-04-15-2025,announcement,"Result of BSN(Generic) Year-II, Semester-IV Re-Sit Examination, Session 2021-22",2025-04-15,200
https://www.smbbmu.edu.pk/beta/uploads/news/images/1744778542.jpeg,image,1744778542-3c0dca55.jpeg,,200
https://www.smbbmu.edu.pk/beta/announcements/details/time-table-for-1st-professional-bds-annualtheory-ospe-examination-session-2023-24-04-15-2025,announcement,Time Table for 1st Professional BDS Annual(Theory & OSPE) Examination Session 2023-24,2025-04-15,200
https://www.smbbmu.edu.pk/beta/uploads/news/images/1744778938.jpeg,image,1744778938-503e8294.jpeg,,200
https://www.smbbmu.edu.pk/beta/announcements/details/time-table-for-bsn-generic-year-iii-semester-v-examination-04-15-2025,announcement,Time Table for BSN Generic Year-III Semester -V Examination,2025-04-15,200
https://www.smbbmu.edu.pk/beta/news/downloadFile/WhatsApp+Image+2025-04-14+at+2_17447800402.jpeg,image,whatsapp-image-2025-04-14-at-2-17447800402-ab52e95d.jpeg,,200
https://www.smbbmu.edu.pk/beta/news/downloadFile/WhatsApp+Image+2025-04-14+at+2_17447800401.jpeg,image,whatsapp-image-2025-04-14-at-2-17447800401-a5c48249.jpeg,,200
https://www.smbbmu.edu.pk/beta/news/downloadFile/WhatsApp+Image+2025-04-14+at+2_17447800400.jpeg,image,whatsapp-image-2025-04-14-at-2-17447800400-0abe36c4.jpeg,,200
https://www.smbbmu.edu.pk/beta/news/downloadFile/WhatsApp+Image+2025-04-14+at+2_17447799171.jpeg,image,whatsapp-image-2025-04-14-at-2-17447799171-7d71e85c.jpeg,,200
https://www.smbbmu.edu.pk/beta/news/downloadFile/WhatsApp+Image+2025-04-14+at+2_17447799170.jpeg,image,whatsapp-image-2025-04-14-at-2-17447799170-8762b04d.jpeg,,200
https://www.smbbmu.edu.pk/beta/announcements/details/declaration-of-withheld-result-of-final-professional-mbbs-final-year-annual-examination-session-2019-2020-04-14-2025,announcement,"Declaration of Withheld Result of Final Professional MBBS, Final Year (Annual) Examination, Session 2019-2020",2025-04-14,200
https://www.smbbmu.edu.pk/beta/uploads/news/images/1744612436.jpg,image,1744612436-b46758ad.jpg,,200
https://www.smbbmu.edu.pk/beta/announcements/details/time-table-for-mphil-microbiology-thesis-defence-examination-session-september-2024-04-14-2025,announcement,Time Table for MPHIL Microbiology Thesis Defence Examination Session September - 2024,2025-04-14,200
https://www.smbbmu.edu.pk/beta/uploads/news/images/1744778783.jpg,image,1744778783-c0145de9.jpg,,200
https://www.smbbmu.edu.pk/beta/announcements/details/declaration-of-withheld-result-of-final-professional-mbbs-final-year-annual-examination-session-2019-2020-04-10-2025,announcement,"Declaration of Withheld Result of Final Professional MBBS, Final Year (Annual) Examination, Session 2019-2020",2025-04-10,200
https://www.smbbmu.edu.pk/beta/uploads/news/images/1744612411.jpg,image,1744612411-97b19987.jpg,,200
https://www.smbbmu.edu.pk/beta/announcements/details/declaration-of-withheld-result-of-final-professional-mbbs-final-year-annual-examination-session-2019-2020-04-09-2025,announcement,"Declaration of Withheld Result of Final Professional MBBS, Final Year (Annual) Examination, Session 2019-2020",2025-04-09,200
https://www.smbbmu.edu.pk/beta/uploads/news/images/1744612478.jpg,image,1744612478-15637281.jpg,,200
https://www.smbbmu.edu.pk/beta/announcements/details/result-of-final-professional-mbbs-final-year-annual-examination-session-2019-2020-04-05-2025,announcement,"Result of Final Professional MBBS, Final Year (Annual) Examination, Session 2019-2020",2025-04-05,200
https://www.smbbmu.edu.pk/beta/news/downloadFile/final-year-mbbs-2025_17438550620.pdf,pdf,final-year-mbbs-2025-17438550620-c34fbcd1.pdf,,200
https://www.smbbmu.edu.pk/beta/announcements/details/result-of-bsn-generic-year-iv-semester-viii-regular-examination-session-2019-20-of-benazir-college-of-nursing-smbbmu-larkana-held-in-the-month-of-february-2025-03-26-2025,announcement,"Result of BSN (GENERIC) Year-IV Semester-VIII Regular Examination Session 2019-20 of Benazir College of Nursing, SMBBMU Larkana, held in the month of February, 2025",2025-03-26,200
https://www.smbbmu.edu.pk/beta/uploads/news/images/1743058340.jpeg,image,1743058340-cc30d032.jpeg,,200
https://www.smbbmu.edu.pk/beta/announcements/details/notice-for-postgraduate-theory-examination-03-21-2025,announcement,Notice for Postgraduate Theory Examination,2025-03-21,200
https://www.smbbmu.edu.pk/beta/uploads/news/images/1742630218.jpeg,image,1742630218-e7680bbc.jpeg,,200
https://www.smbbmu.edu.pk/beta/announcements/details/academic-calendar-2025-03-19-2025,announcement,Academic Calendar - 2025,2025-03-19,200
https://www.smbbmu.edu.pk/beta/news/downloadFile/academic-calendar-pharm-d_17423257762.pdf,pdf,academic-calendar-pharm-d-17423257762-bc236504.pdf,,200
https://www.smbbmu.edu.pk/beta/news/downloadFile/academic-calendar-dpt_17423257761.pdf,pdf,academic-calendar-dpt-17423257761-af66f6f1.pdf,,200
https://www.smbbmu.edu.pk/beta/news/downloadFile/academic-calendar-mbbs_17423257760.pdf,pdf,academic-calendar-mbbs-17423257760-61c92e5d.pdf,,200
https://www.smbbmu.edu.pk/beta/announcements/details/time-table-for-postgraduate-theory-examination-september-2024-03-18-2025,announcement,Time Table for Postgraduate Theory Examination September 2024,2025-03-18,200
https://www.smbbmu.edu.pk/beta/news/downloadFile/time-table-septmber-2024_17423255570.pdf,pdf,time-table-septmber-2024-17423255570-6e5b67cf.pdf,,200
https://www.smbbmu.edu.pk/beta/announcements/details/time-table-of-diploma-in-medical-jurisprudence-dmj-part-ii-03-18-2025,announcement,Time Table of Diploma in Medical Jurisprudence (DMJ) PART-II,2025-03-18,200
https://www.smbbmu.edu.pk/beta/uploads/news/images/1742325654.jpeg,image,1742325654-34025cd0.jpeg,,200
https://www.smbbmu.edu.pk/beta/announcements/details/result-of-third-professional-dpt-sixth-semester-regular-examination-session-2020-21-03-06-2025,announcement,"Result of Third Professional DPT, Sixth Semester Regular Examination Session 2020-21",2025-03-06,200
https://www.smbbmu.edu.pk/beta/uploads/news/images/1741802836.jpeg,image,1741802836-aa72ebd7.jpeg,,200
https://www.smbbmu.edu.pk/beta/announcements/details/result-of-fourth-professional-dpt-eighth-semester-regular-examination-session-2019-220-02-27-2025,announcement,"Result of Fourth Professional DPT, Eighth Semester Regular Examination Session 2019-220",2025-02-27,200
https://www.smbbmu.edu.pk/beta/uploads/news/images/1741802685.jpeg,image,1741802685-8ca05be8.jpeg,,200
https://www.smbbmu.edu.pk/beta/announcements/details/result-of-second-professional-dpt-third-semester-regular-examination-session-2022-23-02-27-2025,announcement,"Result of Second Professional DPT, Third Semester Regular Examination Session 2022-23",2025-02-27,200
https://www.smbbmu.edu.pk/beta/uploads/news/images/1741802749.jpeg,image,1741802749-cecc5ef6.jpeg,,200
https://www.smbbmu.edu.pk/beta/announcements/details/timetable-for-postgraduate-degree-theory-examination-session-september-2024-02-24-2025,announcement,Timetable for Postgraduate Degree Theory Examination Session September-2024,2025-02-24,200
"https://www.smbbmu.edu.pk/beta/news/downloadFile/Time+table,+postgraduate+Theory+exam+Sept-2024+(1)_17404639190.pdf",pdf,time-table-postgraduate-theory-exam-sept-2024-1-17404639190.pdf,,0
https://www.smbbmu.edu.pk/beta/announcements/details/result-of-bsngeneric-year-i-semester-i-regular-examination-session-2023-24-02-24-2025,announcement,"Result of BSN(Generic) Year-I, Semester-I Regular Examination Session 2023-24",2025-02-24,200
https://www.smbbmu.edu.pk/beta/news/downloadFile/bsn-result-page-2_17404641711.jpeg,image,bsn-result-page-2-17404641711-7b00602d.jpeg,,200
https://www.smbbmu.edu.pk/beta/news/downloadFile/bsn-result-page-I_17404641710.jpeg,image,bsn-result-page-i-17404641710-0f89c1c1.jpeg,,200
https://www.smbbmu.edu.pk/beta/announcements/details/circular-for-postgraduate-theory-examinations-of-session-september-2024-01-16-2025,announcement,Circular for Postgraduate Theory Examinations of Session September-2024,2025-01-16,200
https://www.smbbmu.edu.pk/beta/uploads/news/images/1737097294.jpeg,image,1737097294-5ce80823.jpeg,,200
https://www.smbbmu.edu.pk/beta/announcements/details/result-of-first-professional-dpt-first-semester-regular-examination-session-2023-2024-01-09-2025,announcement,"Result of First Professional DPT, First Semester Regular Examination Session 2023-2024",2025-01-09,200
https://www.smbbmu.edu.pk/beta/uploads/news/images/1736501926.jpeg,image,1736501926-a9ee2c39.jpeg,,200
https://www.smbbmu.edu.pk/beta/announcements/details/result-of-ms-gynaecology-obsterics-part-ii-session-march-2024-held-in-the-month-of-january-01-06-2025,announcement,"Result of MS Gynaecology & Obsterics PART-II Session March-2024 held in the month of January,",2025-01-06,200
https://www.smbbmu.edu.pk/beta/uploads/news/images/1736159019.jpeg,image,1736159019-a30fe7fc.jpeg,,200
https://www.smbbmu.edu.pk/beta/announcements/details/result-of-diploma-in-dermatology-examinations-session-march-2024-held-in-the-month-of-october-2024-01-06-2025,announcement,Result of Diploma in Dermatology Examinations Session March 2024 held in the month of October 2024,2025-01-06,200
https://www.smbbmu.edu.pk/beta/uploads/news/images/1736159161.jpeg,image,1736159161-90770f06.jpeg,,200
https://www.smbbmu.edu.pk/beta/announcements/details/result-of-md-internal-medicine-part-ll-examinations-session-march-2024-held-in-the-month-of-october-2024-01-06-2025,announcement,Result of MD Internal Medicine Part-ll Examinations Session March 2024 held in the month of October 2024.,2025-01-06,200
https://www.smbbmu.edu.pk/beta/uploads/news/images/1736159211.jpeg,image,1736159211-d5775c3d.jpeg,,200
https://www.smbbmu.edu.pk/beta/announcements/details/result-of-postgraduate-degree-and-diploma-clinical-examinations-session-march-2024-held-in-the-month-of-december-2024-12-31-2024,announcement,"Result of Postgraduate Degree and Diploma (Clinical) Examinations Session March-2024 held in the month of December, 2024",2024-12-31,200
https://www.smbbmu.edu.pk/beta/announcements/details/result-of-ms-general-surgery-part-i-examinations-session-march-2024-held-in-the-month-of-october-2024-12-26-2024,announcement,Result of  MS General Surgery Part-I Examinations Session  March 2024 held in the month of October 2024,2024-12-26,200
https://www.smbbmu.edu.pk/beta/uploads/news/images/1735573217.jpeg,image,1735573217-185bf8bc.jpeg,,200
https://www.smbbmu.edu.pk/beta/announcements/details/result-of-bsn-post-rn-year-ii-semester-iv-regular-examination-session-2021-22-12-11-2024,announcement,Result of BSN (Post-RN) Year - II Semester- IV Regular Examination Session 2021-22,2024-12-11,200
https://www.smbbmu.edu.pk/beta/uploads/news/images/1733993754.jpg,image,1733993754-568cf4cd.jpg,,200
https://www.smbbmu.edu.pk/beta/announcements/details/result-of-part-imdms-entry-testphdmphilmsphmsn-and-induction-of-training-merit-test-fcps-ii-session-january-2025-12-10-2024,announcement,"Result of Part-I(MD/MS), Entry Test(PHD,MPHIL,MSPH,MSN) and Induction of Training Merit Test FCPS-II Session January 2025",2024-12-10,200
"https://www.smbbmu.edu.pk/beta/news/downloadFile/result+MD,MS,+PH_17338283440.pdf",pdf,result-md-ms-ph-17338283440-dce6bd75.pdf,,200
https://www.smbbmu.edu.pk/beta/announcements/details/result-of-postgraduate-degree-diplomatheory-examinations-session-march-2024-held-in-the-month-of-september-2024-11-18-2024,announcement,Result of Postgraduate Degree & Diploma(Theory) Examinations Session March-2024 held in the month of September-2024,2024-11-18,200
https://www.smbbmu.edu.pk/beta/uploads/news/images/1732004538.jpg,image,1732004538-3fd0a803.jpg,,200
https://www.smbbmu.edu.pk/beta/announcements/details/result-of-fourth-professional-dpt-seventh-semester-re-sit-examination-session-2019-2020-of-institute-of-physiotherapy-rehabilitation-sciences-iprs-smbbmu-larkana-held-in-the-month-of-october-2024-10-29-2024,announcement,"Result of Fourth Professional DPT, Seventh Semester Re-Sit Examination Session 2019-2020 of Institute of Physiotherapy & Rehabilitation Sciences (IPRS), SMBBMU Larkana, held in the month of October 2024",2024-10-29,200
https://www.smbbmu.edu.pk/beta/uploads/news/images/1730224912.jpeg,image,1730224912-f63f0979.jpeg,,200
https://www.smbbmu.edu.pk/beta/announcements/details/date-extended-notification-of-postgraduate-examination-10-28-2024,announcement,Date Extended Notification of Postgraduate Examination,2024-10-28,200
https://www.smbbmu.edu.pk/beta/uploads/news/images/1730225148.jpeg,image,1730225148-02d7ccf2.jpeg,,200
https://www.smbbmu.edu.pk/beta/announcements/details/result-of-bsngeneric-year-iv-semester-vii-regular-examination-session-2019-of-benazir-college-of-nursing-larkana-10-17-2024,announcement,Result of BSN(Generic) Year-IV Semester-VII Regular Examination Session 2019 of Benazir College of Nursing Larkana,2024-10-17,200
https://www.smbbmu.edu.pk/beta/uploads/news/images/1729232101.jpg,image,1729232101-9f3ac66b.jpg,,200
https://www.smbbmu.edu.pk/beta/announcements/details/result-of-final-professional-bds-final-yearsupplementary-examination-session-2019-20-of-bibi-aseefa-dental-college-larkana-held-in-the-month-of-september-2024-10-17-2024,announcement,"Result of Final Professional BDS, Final Year(Supplementary) Examination, Session 2019-20 of Bibi Aseefa Dental College, Larkana, held in the month of September 2024",2024-10-17,200
https://www.smbbmu.edu.pk/beta/announcements/details/result-of-ms-general-surgery-mid-term-postgraduate-degree-clinical-examination-session-september-2023-held-in-september-2024-09-30-2024,announcement,"Result of MS General Surgery Mid-term Postgraduate Degree (Clinical) Examination Session September 2023 held in September, 2024.",2024-09-30,200
https://www.smbbmu.edu.pk/beta/uploads/news/images/1727709509.jpg,image,1727709509-0b91c8ad.jpg,,200
https://www.smbbmu.edu.pk/beta/announcements/details/result-of-bsn-generic-year-i-semester-ii-regular-examination-session-2022-23-09-30-2024,announcement,"Result of  BSN (GENERIC) YEAR-I, SEMESTER-II REGULAR EXAMINATION SESSION 2022-23",2024-09-30,200
https://www.smbbmu.edu.pk/beta/news/downloadFile/result-bsn-2_17277095981.jpg,image,result-bsn-2-17277095981-c3230177.jpg,,200
https://www.smbbmu.edu.pk/beta/news/downloadFile/result-bsn-1_17277095980.jpg,image,result-bsn-1-17277095980-98199fe8.jpg,,200
https://www.smbbmu.edu.pk/beta/announcements/details/result-of-postgraduate-mphil-programs-theory-and-practical-examinations-march-2024-held-in-the-month-of-july-2024-09-27-2024,announcement,"Result of  Postgraduate M.Phil programs (Theory and Practical) Examinations March, 2024 held in the month of July, 2024.",2024-09-27,200
https://www.smbbmu.edu.pk/beta/uploads/news/images/1727413764.jpg,image,1727413764-da5a276d.jpg,,200
https://www.smbbmu.edu.pk/beta/announcements/details/time-table-for-mphil-microbiology-part-i-and-mphil-physiology-viva-examination-09-19-2024,announcement,Time Table for M.Phil Microbiology Part-I and M.PHIL Physiology Viva Examination,2024-09-19,200
https://www.smbbmu.edu.pk/beta/uploads/news/images/1726760097.jpg,image,1726760097-2ce46b07.jpg,,200
https://www.smbbmu.edu.pk/beta/announcements/details/circular-for-postgraduate-examinations-of-mphil-programs-in-biochemistry-physiology-pharmacology-for-the-session-september-2024-09-19-2024,announcement,"Circular for Postgraduate Examinations of M.Phil Programs in Biochemistry, Physiology & Pharmacology for the Session September, 2024",2024-09-19,200
https://www.smbbmu.edu.pk/beta/uploads/news/images/1726760139.jpg,image,1726760139-748476cf.jpg,,200
https://www.smbbmu.edu.pk/beta/announcements/details/result-of-second-professional-bds-second-year-supplementary-examination-session-2021-2022-of-bibi-aseefa-dental-college-larkana-held-in-the-month-of-august-2024-09-12-2024,announcement,"Result of Second Professional BDS, Second Year (Supplementary) Examination, Session 2021-2022 of Bibi Aseefa Dental College, Larkana Held in the month of August 2024",2024-09-12,200
https://www.smbbmu.edu.pk/beta/uploads/news/images/1726137327.jpeg,image,1726137327-9f388afe.jpeg,,200
https://www.smbbmu.edu.pk/beta/announcements/details/result-of-first-professional-dpt-second-semester-regular-examination-session-2022-2023-09-10-2024,announcement,"Result of First Professional DPT, Second Semester Regular Examination Session 2022-2023",2024-09-10,200
https://www.smbbmu.edu.pk/beta/uploads/news/images/1725992121.jpeg,image,1725992121-8834d7a9.jpeg,,200
https://www.smbbmu.edu.pk/beta/announcements/details/result-of-fourth-professional-pharm-d-fourth-year-supplementary-examination-session-2018-2019-of-institute-of-pharmacy-smbbmu-larkana-held-in-the-month-of-august-2024-09-05-2024,announcement,"Result of Fourth Professional Pharm-D, Fourth Year (Supplementary) Examination, Session 2018-2019 of Institute of Pharmacy, SMBBMU Larkana, held in the month of August 2024",2024-09-05,200
https://www.smbbmu.edu.pk/beta/uploads/news/images/1725992030.jpeg,image,1725992030-0a75c111.jpeg,,200
https://www.smbbmu.edu.pk/beta/announcements/details/result-of-third-professional-pharm-d-third-year-supplementary-examination-session-2019-2020-of-institute-of-pharmacy-smbbmu-larkana-held-in-the-month-of-august-2024-09-05-2024,announcement,"Result of Third Professional Pharm-D, Third Year (Supplementary) Examination, Session 2019-2020 of Institute of Pharmacy, SMBBMU Larkana, held in the month of August 2024",2024-09-05,200
https://www.smbbmu.edu.pk/beta/uploads/news/images/1725992067.jpeg,image,1725992067-a7082322.jpeg,,200
https://www.smbbmu.edu.pk/beta/announcements/details/result-of-third-professional-dpt-fifth-semester-regular-examination-session-2020-2021-09-02-2024,announcement,"Result of Third Professional DPT, Fifth Semester Regular Examination Session 2020-2021",2024-09-02,200
https://www.smbbmu.edu.pk/beta/uploads/news/images/1725255801.jpeg,image,1725255801-5f48124d.jpeg,,200
https://www.smbbmu.edu.pk/beta/announcements/details/result-of-ms-ophthalmology-part-ii-and-diploma-in-ophthalmology-08-26-2024,announcement,Result of MS Ophthalmology Part-II and Diploma in Ophthalmology,2024-08-26,200
https://www.smbbmu.edu.pk/beta/uploads/news/images/1724745696.jpg,image,1724745696-f08c6913.jpg,,200
https://www.smbbmu.edu.pk/beta/announcements/details/result-of-first-professional-bds-first-year-supplementary-examination-session-2022-2023-of-bibi-aseefa-dental-college-larkana-held-in-the-month-of-july-2024-08-23-2024,announcement,"Result of First Professional BDS, First Year (Supplementary) Examination, Session 2022-2023 of Bibi  Aseefa Dental College, Larkana. Held in the month of July 2024",2024-08-23,200
https://www.smbbmu.edu.pk/beta/uploads/news/images/1724481430.jpeg,image,1724481430-c1b75959.jpeg,,200
https://www.smbbmu.edu.pk/beta/announcements/details/result-of-diploma-in-medical-radio-diagnosis-part-i-and-part-ii-practical-viva-held-in-the-month-of-august-2024-08-22-2024,announcement,Result of Diploma in Medical Radio-Diagnosis Part-I and Part-II (Practical & VIVA) held in the month of August-2024,2024-08-22,200
https://www.smbbmu.edu.pk/beta/uploads/news/images/1724480719.jpeg,image,1724480719-9dd3993a.jpeg,,200
https://www.smbbmu.edu.pk/beta/announcements/details/date-extended-notification-of-postgraduate-examination-08-22-2024,announcement,Date Extended Notification of Postgraduate Examination,2024-08-22,200
https://www.smbbmu.edu.pk/beta/uploads/news/images/1724664839.jpg,image,1724664839-1d40b2ca.jpg,,200
https://www.smbbmu.edu.pk/beta/announcements/details/result-of-postgraduate-diploma-theory-examination-september-2023-held-in-the-month-of-may-2024-08-17-2024,announcement,"Result of Postgraduate Diploma (Theory) Examination September 2023 held in the month of May, 2024.",2024-08-17,200
https://www.smbbmu.edu.pk/beta/uploads/news/images/1724056449.jpeg,image,1724056449-77a74c3f.jpeg,,200
https://www.smbbmu.edu.pk/beta/announcements/details/time-table-ms-gynaecology-and-obsterics-part-ii-and-dgo-clinical-examination-session-september-2023-07-31-2024,announcement,Time Table MS Gynaecology and Obsterics Part-II and DGO Clinical Examination - Session September 2023,2024-07-31,200
https://www.smbbmu.edu.pk/beta/announcements/details/result-of-first-professional-pharm-d-annual-examination-session-2022-2023-of-institute-of-pharmacy-smbbmu-larkana-held-in-the-month-of-june-2024-07-30-2024,announcement,"Result of First Professional Pharm-D (Annual) Examination Session 2022-2023 of Institute of Pharmacy, SMBBMU Larkana Held in the month of June 2024",2024-07-30,200
https://www.smbbmu.edu.pk/beta/uploads/news/images/1722336315.jpeg,image,1722336315-9bda44b0.jpeg,,200
https://www.smbbmu.edu.pk/beta/announcements/details/result-of-postgraduate-degree-clinical-examinations-september-2023-held-in-the-month-of-july-2024-07-29-2024,announcement,"Result of Postgraduate Degree (Clinical) Examinations September, 2023 held in the month of July, 2024",2024-07-29,200
https://www.smbbmu.edu.pk/beta/uploads/news/images/1722410219.jpg,image,1722410219-56562ee3.jpg,,200
https://www.smbbmu.edu.pk/beta/announcements/details/results-of-supplementary-examination-of-first-second-third-fourth-and-final-year-of-mbbs-07-22-2024,announcement,"Results of Supplementary Examination of (First , Second , Third , Fourth and Final Year of  MBBS",2024-07-22,200
https://www.smbbmu.edu.pk/beta/news/downloadFile/final-professional_17218134784.jpeg,image,final-professional-17218134784-b6fa38dc.jpeg,,200
https://www.smbbmu.edu.pk/beta/news/downloadFile/fourth-professional_17218134783.jpeg,image,fourth-professional-17218134783-bb48bcf5.jpeg,,200
https://www.smbbmu.edu.pk/beta/news/downloadFile/third-professional_17218134782.jpeg,image,third-professional-17218134782-1ae79e07.jpeg,,200
https://www.smbbmu.edu.pk/beta/news/downloadFile/second-professional_17218134781.jpeg,image,second-professional-17218134781-7e2239e8.jpeg,,200
https://www.smbbmu.edu.pk/beta/news/downloadFile/first-professional_17218134780.jpeg,image,first-professional-17218134780-f1885c79.jpeg,,200
https://www.smbbmu.edu.pk/beta/announcements/details/result-of-entry-test-fcps-ii-july-2024-06-14-2024,announcement,Result of Entry Test FCPS-II July 2024,2024-06-14,200
https://www.smbbmu.edu.pk/beta/news/downloadFile/result-fcps-2_17183805540.pdf,pdf,result-fcps-2-17183805540-1ba17a4d.pdf,,200
https://www.smbbmu.edu.pk/beta/announcements/details/result-of-postgraduate-degree-theory-examinations-september-2023-held-in-the-month-of-may-2024-06-11-2024,announcement,"Result of Postgraduate Degree (Theory) Examinations September, 2023 held in the month of May, 2024.",2024-06-11,200
https://www.smbbmu.edu.pk/beta/uploads/news/images/1718189744.jpg,image,1718189744-3945d5ca.jpg,,200
https://www.smbbmu.edu.pk/beta/announcements/details/timetable-for-postgraduate-entry-tests-for-fcps-ii-programs-session-july-2024-06-11-2024,announcement,Timetable for Postgraduate Entry Tests for FCPS-II Programs Session July 2024,2024-06-11,200
https://www.smbbmu.edu.pk/beta/uploads/news/images/1718189949.jpg,image,1718189949-fffa2644.jpg,,200
https://www.smbbmu.edu.pk/beta/announcements/details/4h-professional-mbbs-supplementary-theory-spe-osce-examinations-05-30-2024,announcement,4™H PROFESSIONAL MBBS (SUPPLEMENTARY) THEORY & SPE / OSCE EXAMINATIONS,2024-05-30,200
https://www.smbbmu.edu.pk/beta/uploads/news/images/1717391484.jpeg,image,1717391484-be8c3326.jpeg,,200
https://www.smbbmu.edu.pk/beta/announcements/details/result-of-first-professional-bds-first-year-annual-examination-session-2022-2023-of-bibi-aseofa-dental-college-larkana-held-in-the-month-of-march-2024-05-24-2024,announcement,"Result of First Professional BDS, First Year (Annual) Examination, Session 2022-2023 of Bibi Aseofa Dental College, Larkana. Held in the month of March 2024",2024-05-24,200
https://www.smbbmu.edu.pk/beta/uploads/news/images/1716544744.jpg,image,1716544744-99bb023c.jpg,,200
https://www.smbbmu.edu.pk/beta/announcements/details/postgraduate-examinations-of-session-march-2024-for-mphil-biochemistry-and-mphil-pharmacology-programs-05-16-2024,announcement,"Postgraduate Examinations of Session March, 2024 for M.Phil Biochemistry and M.Phil Pharmacology programs.",2024-05-16,200
https://www.smbbmu.edu.pk/beta/uploads/news/images/1715924303.jpg,image,1715924303-7491e101.jpg,,200
https://www.smbbmu.edu.pk/beta/announcements/details/result-of-fourth-professional-mbbs-fourth-year-annual-examination-session-2019-2020-05-16-2024,announcement,"Result of Fourth Professional MBBS, Fourth Year (Annual) Examination, Session 2019-2020",2024-05-16,200
https://www.smbbmu.edu.pk/beta/news/downloadFile/fourth-professional-2_17159247301.jpeg,image,fourth-professional-2-17159247301-39177305.jpeg,,200
https://www.smbbmu.edu.pk/beta/news/downloadFile/fourh-professional-1_17159247300.jpeg,image,fourh-professional-1-17159247300-cc5fa23b.jpeg,,200
https://www.smbbmu.edu.pk/beta/announcements/details/result-of-first-professional-dpt-second-semester-re-sit-examination-session-2021-2022-05-11-2024,announcement,"Result of First Professional DPT, Second Semester Re-Sit Examination Session 2021-2022",2024-05-11,200
https://www.smbbmu.edu.pk/beta/uploads/news/images/1715924655.jpeg,image,1715924655-bf963cc0.jpeg,,200
https://www.smbbmu.edu.pk/beta/announcements/details/result-of-fourth-professional-pharm-d-fourth-year-annual-examination-session-2018-2019-of-institute-of-pharmacy-smbbmu-larkana-held-in-the-month-of-march-2024-05-10-2024,announcement,"Result of Fourth Professional Pharm-D, Fourth Year (Annual) Examination, Session 2018-2019 of Institute of Pharmacy, SMBBMU Larkana Held in the month of March 2024",2024-05-10,200
https://www.smbbmu.edu.pk/beta/uploads/news/images/1715454079.jpeg,image,1715454079-f6025cc5.jpeg,,200
https://www.smbbmu.edu.pk/beta/announcements/details/result-of-first-professional-mbbs-first-year-annual-examination-session-2022-2023-of-chandka-medical-college-larkana-ghulam-muhammad-mahar-medical-college-sukkur-held-in-the-month-of-december-2023-05-10-2024,announcement,"Result of First Professional MBBS, First Year (Annual) Examination, Session 2022-2023 of Chandka Medical College Larkana & Ghulam Muhammad Mahar Medical College Sukkur held in the month of December 2023",2024-05-10,200
https://www.smbbmu.edu.pk/beta/news/downloadFile/page-2_17154542501.jpeg,image,page-2-17154542501-0d46a559.jpeg,,200
https://www.smbbmu.edu.pk/beta/news/downloadFile/pag-1_17154542500.jpeg,image,pag-1-17154542500-36d29725.jpeg,,200
https://www.smbbmu.edu.pk/beta/announcements/details/result-of-final-professional-mbbs-final-year-annual-examination-session-2018-2019-of-gambat-medical-college-gambat-held-in-the-month-of-january-2024-04-23-2024,announcement,"Result of Final Professional MBBS, Final Year (Annual) Examination, Session 2018-2019 of Gambat Medical College Gambat held in the month of January 2024.",2024-04-23,200
https://www.smbbmu.edu.pk/beta/uploads/news/images/1713939547.jpg,image,1713939547-3e78d306.jpg,,200
https://www.smbbmu.edu.pk/beta/announcements/details/result-of-bs-generic-year-iv-semester-viii-regular-examination-session-2018-19-of-benazir-college-of-nursing-smbbmu-larkana-held-in-the-month-of-march-2024-04-20-2024,announcement,"Result of BS (GENERIC) Year-IV Semester-VIII Regular Examination Session 2018-19 of Benazir College of Nursing, SMBBMU Larkana, held in the month of March 2024",2024-04-20,200
https://www.smbbmu.edu.pk/beta/uploads/news/images/1713592668.jpeg,image,1713592668-c6623e43.jpeg,,200
https://www.smbbmu.edu.pk/beta/announcements/details/result-of-final-professional-pharm-d-final-year-annual-examination-session-2017-2018-of-institute-of-pharmacy-smbbmu-larkana-held-in-the-month-of-march-2024-04-19-2024,announcement,"Result of Final Professional Pharm-D, Final Year (Annual) Examination, Session 2017-2018 of Institute of Pharmacy, SMBBMU Larkana held in the month of March 2024",2024-04-19,200
https://www.smbbmu.edu.pk/beta/uploads/news/images/1713592620.jpeg,image,1713592620-3e4393ec.jpeg,,200
https://www.smbbmu.edu.pk/beta/announcements/details/result-of-second-professional-mbbs-second-year-annual-examination-session-2021-2022-of-chandka-medical-college-larkana-and-ghulam-muhammad-mahar-medical-college-sukkur-held-in-the-month-of-december-2023-04-15-2024,announcement,"Result of Second Professional MBBS, Second Year (Annual) Examination, Session 2021-2022 of Chandka Medical College Larkana and Ghulam Muhammad Mahar Medical College Sukkur held in the month of December 2023",2024-04-15,200
https://www.smbbmu.edu.pk/beta/news/downloadFile/result-b-51_17131955160.pdf,pdf,result-b-51-17131955160-385fa6ec.pdf,,200
https://www.smbbmu.edu.pk/beta/announcements/details/result-of-final-professional-mbbs-final-year-annual-examination-session-2018-2019-of-chandka-medical-college-larkana-and-g-h-u-l-a-r-muhammad-mahar-medical-college-sukkur-hold-in-the-month-of-january-2024-04-08-2024,announcement,"Result of Final Professional MBBS, Final Year (Annual) Examination, Session 2018-2019 of Chandka Medical College Larkana and G h u l a r Muhammad Mahar Medical College Sukkur hold in the month of January 2024",2024-04-08,200
https://www.smbbmu.edu.pk/beta/news/downloadFile/final-year-result_17126441860.pdf,pdf,final-year-result-17126441860-16888cbf.pdf,,200
https://www.smbbmu.edu.pk/beta/announcements/details/schedule-of-postgraduate-theory-examinations-of-session-september-2023-04-05-2024,announcement,"Schedule of Postgraduate Theory examinations of Session September, 2023",2024-04-05,200
https://www.smbbmu.edu.pk/beta/uploads/news/images/1712643869.jpg,image,1712643869-3aa28ac8.jpg,,200
https://www.smbbmu.edu.pk/beta/announcements/details/schedule-of-examination-for-1st-2nd-and-3rd-mbbs-professional-session-2021-22-2020-21-2019-20-enrolled-at-smbb-medical-university-larkana-and-its-constituent-collages-01-04-2023,announcement,"Schedule of Examination for 1st, 2nd and 3rd  MBBS Professional  (Session 2021 - 22, 2020 - 21 - 2019 -  20) enrolled at SMBB Medical University Larkana and It's constituent Collages",2023-01-04,200
https://www.smbbmu.edu.pk/beta/uploads/news/images/1672820470.jpeg,image,1672820470-b85745b8.jpeg,,200
https://www.smbbmu.edu.pk/beta/announcements/examination/2,announcement_list,Examination,,200
https://www.smbbmu.edu.pk/beta/announcements/examination/3,announcement_list,Examination,,200
https://www.smbbmu.edu.pk/beta/announcements/examination/4,announcement_list,Examination,,200
https://www.smbbmu.edu.pk/beta/announcements/examination/5,announcement_list,Examination,,200
https://www.smbbmu.edu.pk/beta/announcements/examination/6,announcement_list,Examination,,200
https://www.smbbmu.edu.pk/beta/announcements/details/notice-inviting-tender-provie-suppy-printing-material-office-stationary-it-equipment-for-examinations-department-smbb-medical-university-larkana-12-29-2025,announcement,"Notice Inviting Tender Provie & Suppy Printing Material, Office Stationary & IT Equipment for Examinations Department, SMBB Medical University Larkana",2025-12-29,200
https://www.smbbmu.edu.pk/beta/news/downloadFile/SBDs+of+Examination+Department_17670406620.pdf,pdf,sbds-of-examination-department-17670406620-fd451021.pdf,,200
https://www.smbbmu.edu.pk/beta/announcements/details/provide-supply-of-furniture-fixture-for-centraldigital-library-under-the-project-title-establishment-of-centre-for-advanced-research-in-molecular-genetic-allied-facilitates-at-shaheed-mohtarma-benazir-bhutto-medical-university-larkana-12-22-2025,announcement,"Provide & Supply of Furniture & Fixture for Central/Digital  Library Under The Project Title “Establishment of Centre for  Advanced Research in Molecular, Genetic & Allied Facilitates  at Shaheed Mohtarma Benazir Bhutto Medical University,  Larkana.",2025-12-22,200
https://www.smbbmu.edu.pk/beta/news/downloadFile/DOC-20251222-WA0009_17666089340.pdf,pdf,doc-20251222-wa0009-17666089340-891a692c.pdf,,200
https://www.smbbmu.edu.pk/beta/announcements/details/notice-for-quotations-for-demolition-and-debris-removal-works-at-chandka-medical-college-larkana-12-12-2025,announcement,Notice for Quotations for Demolition and Debris Removal Works at Chandka Medical College Larkana.,2025-12-12,200
https://www.smbbmu.edu.pk/beta/uploads/news/images/1765689183.jpg,image,1765689183-764fffea.jpg,,200
https://www.smbbmu.edu.pk/beta/announcements/details/notice-inviting-tender-for-provide-supply-office-stationary-petty-articles-other-miscellanous-items-for-smbb-medical-university-larkana-11-11-2025,announcement,"Notice Inviting Tender for Provide & Supply Office Stationary, Petty Articles & other Miscellanous Items for SMBB Medical University, Larkana",2025-11-11,200
https://www.smbbmu.edu.pk/beta/news/downloadFile/SBDs+&+NIT_17629319580.pdf,pdf,sbds-nit-17629319580-b61c5a15.pdf,,200
https://www.smbbmu.edu.pk/beta/announcements/details/notice-inviting-tender-provide-supply-of-fixture-furniture-for-centraldigital-library-under-the-project-title-establishment-of-center-for-advance-research-in-molecular-genetic-allied-facilities-at-smbb-medical-unviersity-larkana-11-05-2025,announcement,"Notice Inviting Tender Provide & Supply of Fixture Furniture for Central/Digital Library Under the project Title Establishment of Center for Advance Research in Molecular, Genetic & Allied Facilities at SMBB Medical Unviersity Larkana",2025-11-05,200
https://www.smbbmu.edu.pk/beta/news/downloadFile/SBDs+&+NIT_17627722060.pdf,pdf,sbds-nit-17627722060-f39ad55c.pdf,,200
https://www.smbbmu.edu.pk/beta/announcements/details/notice-inviting-tender-for-remaining-work-central-masjid-at-arija-10-22-2025,announcement,Notice Inviting Tender for Remaining work Central Masjid at (Arija),2025-10-22,200
https://www.smbbmu.edu.pk/beta/uploads/news/images/1761288506.jpeg,image,1761288506-3a39becd.jpeg,,200
https://www.smbbmu.edu.pk/beta/announcements/details/notice-inviting-tender-for-supply-installation-of-opg-cbct-digital-x-ray-machine-for-smbb-medical-university-larkana-09-30-2025,announcement,Notice Inviting Tender for Supply & Installation of OPG-CBCT Digital  X-Ray Machine for SMBB Medical  University Larkana,2025-09-30,200
https://www.smbbmu.edu.pk/beta/news/downloadFile/SBDs+of+OPG+X-Ray+Machine_17592533801.pdf,pdf,sbds-of-opg-x-ray-machine-17592533801-36d69ce0.pdf,,200
https://www.smbbmu.edu.pk/beta/news/downloadFile/NIT-1_17592533800.pdf,pdf,nit-1-17592533800-a33ac77f.pdf,,200
https://www.smbbmu.edu.pk/beta/announcements/details/notice-inviting-tender-for-development-implementation-of-customized-modules-for-erp-system-06-05-2025,announcement,Notice Inviting Tender for Development & Implementation of Customized Modules for ERP System,2025-06-05,200
https://www.smbbmu.edu.pk/beta/news/downloadFile/Tender+Document+Technical_17496268250.pdf,pdf,tender-document-technical-17496268250-a20e1ca3.pdf,,200
https://www.smbbmu.edu.pk/beta/news/downloadFile/NIT-erp_17496265270.pdf,pdf,nit-erp-17496265270-fa62410f.pdf,,200
https://www.smbbmu.edu.pk/beta/announcements/details/quotation-for-supply-of-medical-books-for-the-fy-2024-25-05-21-2025,announcement,Quotation for supply of Medical Books for the FY - 2024-25,2025-05-21,200
https://www.smbbmu.edu.pk/beta/news/downloadFile/central-library-arija-books_17483417920.pdf,pdf,central-library-arija-books-17483417920-2d3d59a7.pdf,,200
https://www.smbbmu.edu.pk/beta/news/downloadFile/list-of-books-badc_17479836820.pdf,pdf,list-of-books-badc-17479836820-6c8dedea.pdf,,200
https://www.smbbmu.edu.pk/beta/news/downloadFile/Institute+of+phsiothrapy+Quot+aug+2023_013106_17478967034.pdf,pdf,institute-of-phsiothrapy-quot-aug-2023-013106-17478967034-2a05ad7e.pdf,,200
https://www.smbbmu.edu.pk/beta/news/downloadFile/List+of+Books+for+Central+Library+_17478967032.pdf,pdf,list-of-books-for-central-library-17478967032-9a864fc3.pdf,,200
https://www.smbbmu.edu.pk/beta/news/downloadFile/List+of+Books+from+GMMMC+Sukkur_17478967031.pdf,pdf,list-of-books-from-gmmmc-sukkur-17478967031-9ebb417f.pdf,,200
https://www.smbbmu.edu.pk/beta/news/downloadFile/Chandaka+Medical+Colleg+books+req_17478967030.pdf,pdf,chandaka-medical-colleg-books-req-17478967030-7afac653.pdf,,200
https://www.smbbmu.edu.pk/beta/uploads/news/images/1748257573.jpg,image,1748257573-3ca30e40.jpg,,200
https://www.smbbmu.edu.pk/beta/announcements/details/notice-inviting-tender-for-provide-supply-of-air-conditioners-for-smbb-medical-university-larkana-04-30-2025,announcement,"Notice Inviting Tender for Provide & Supply of Air Conditioners for SMBB Medical University, Larkana",2025-04-30,200
https://www.smbbmu.edu.pk/beta/news/downloadFile/SBDs+&+NIT_17460093690.pdf,pdf,sbds-nit-17460093690-5e4a18a2.pdf,,200
https://www.smbbmu.edu.pk/beta/announcements/details/notice-inviting-tender-for-provide-supply-of-office-stationary-other-miscellaneous-items-for-smbb-medical-university-larkana-04-23-2025,announcement,"Notice Inviting Tender for Provide & Supply of Office Stationary & other Miscellaneous Items for SMBB Medical University, Larkana",2025-04-23,200
https://www.smbbmu.edu.pk/beta/news/downloadFile/SBDs+&+NIT+(1)_17460117020.pdf,pdf,sbds-nit-1-17460117020.pdf,,0
https://www.smbbmu.edu.pk/beta/announcements/details/notice-inviting-tender-for-provide-supply-of-office-stationary-for-examination-department-smbb-medical-university-larkana-03-03-2025,announcement,"Notice Inviting Tender for Provide & Supply of Office Stationary for Examination Department, SMBB Medical University Larkana",2025-03-03,200
https://www.smbbmu.edu.pk/beta/news/downloadFile/Final+Tender+Document+Exam_17418025241.pdf,pdf,final-tender-document-exam-17418025241-88538d39.pdf,,200
https://www.smbbmu.edu.pk/beta/news/downloadFile/NIT(1)_17418025240.pdf,pdf,nit-1-17418025240.pdf,,0
https://www.smbbmu.edu.pk/beta/announcements/details/corrigendum-for-expression-of-interest-for-hiring-of-an-individual-consultant-on-short-term-basis-as-finance-consultant-12-24-2024,announcement,Corrigendum for Expression of Interest  for hiring of an individual consultant on short term basis as Finance Consultant,2024-12-24,200
https://www.smbbmu.edu.pk/beta/uploads/news/images/1735572943.jpeg,image,1735572943-b23479fa.jpeg,,200
https://www.smbbmu.edu.pk/beta/announcements/details/notice-inviting-tender-to-provide-supply-of-printing-material-office-stationary-items-and-it-equipmentsmachinery-for-examinations-department-smbb-medical-university-larkana-12-09-2024,announcement,"Notice Inviting Tender to Provide & Supply of Printing Material, Office Stationary Items and IT Equipments/Machinery for Examinations Department, SMBB Medical University Larkana",2024-12-09,200
https://www.smbbmu.edu.pk/beta/news/downloadFile/Tender+Document+Exam_17338293031.pdf,pdf,tender-document-exam-17338293031-4dd574e1.pdf,,200
https://www.smbbmu.edu.pk/beta/news/downloadFile/NIT+Newpapers_17338293030.pdf,pdf,nit-newpapers-17338293030-efd85e14.pdf,,200
https://www.smbbmu.edu.pk/beta/announcements/details/notice-inviting-tender-for-construction-of-external-development-work-of-centraldigital-library-central-masjid-of-establishment-of-centre-for-advanced-research-in-molecular-genetic-and-allied-facilities-at-smbb-medical-university-larkana-10-14-2024,announcement,"Notice Inviting Tender for Construction of External Development work of Central/Digital Library & Central Masjid of Establishment of Centre for Advanced Research in Molecular, Genetic and Allied Facilities, at SMBB Medical University, Larkana",2024-10-14,200
https://www.smbbmu.edu.pk/beta/news/downloadFile/bidding-docs-digital-library_17288941101.pdf,pdf,bidding-docs-digital-library-17288941101-ff554ba0.pdf,,200
https://www.smbbmu.edu.pk/beta/news/downloadFile/nit-digital-library_17288941100.pdf,pdf,nit-digital-library-17288941100-4fa1b595.pdf,,200
https://www.smbbmu.edu.pk/beta/announcements/details/notice-inviting-tender-for-provide-supply-of-air-conditioners-other-miscellaneous-items-for-smbb-medical-university-larkana-10-14-2024,announcement,"Notice Inviting Tender for Provide & Supply of Air Conditioners & Other Miscellaneous Items for SMBB Medical University, Larkana",2024-10-14,200
https://www.smbbmu.edu.pk/beta/news/downloadFile/NIT_17289767010.pdf,pdf,nit-17289767010-c2a4d2f0.pdf,,200
https://www.smbbmu.edu.pk/beta/news/downloadFile/tender-documents-electric_17289702000.pdf,pdf,tender-documents-electric-17289702000-2ace2bc2.pdf,,200
https://www.smbbmu.edu.pk/beta/announcements/details/call-of-quotations-for-supply-of-medical-books-for-financial-year-2023-24-01-26-2024,announcement,Call of Quotations for Supply of Medical Books for Financial Year 2023-24,2024-01-26,200
https://www.smbbmu.edu.pk/beta/uploads/news/images/1715764681.jpg,image,1715764681-0ef3735d.jpg,,200
https://www.smbbmu.edu.pk/beta/announcements/details/notice-inviting-tender-for-provide-supply-of-petty-articles-office-stationery-other-misc-items-for-smbb-medical-university-larkana-01-22-2024,announcement,"Notice Inviting Tender for Provide & Supply of Petty Articles, Office Stationery & Other Misc: items for SMBB Medical University Larkana",2024-01-22,200
https://www.smbbmu.edu.pk/beta/news/downloadFile/Corrigendum-1_17059463750.pdf,pdf,corrigendum-1-17059463750-0657ae9d.pdf,,200
https://www.smbbmu.edu.pk/beta/news/downloadFile/1295130-Tender+Documents_17059462261.pdf,pdf,1295130-tender-documents-17059462261-08cafc3a.pdf,,200
https://www.smbbmu.edu.pk/beta/news/downloadFile/1295141-NIT_17059462260.pdf,pdf,1295141-nit-17059462260-4496f5c3.pdf,,200
https://www.smbbmu.edu.pk/beta/announcements/details/date-extension-for-notice-for-expression-of-interest-for-cafeteria-mess-services-on-rental-basis-01-19-2024,announcement,"Date Extension for Notice for Expression of Interest for Cafeteria /Mess Services on Rental Basis""",2024-01-19,200
https://www.smbbmu.edu.pk/beta/uploads/news/images/1705666090.jpg,image,1705666090-65f608fe.jpg,,200
https://www.smbbmu.edu.pk/beta/announcements/details/notice-inviting-tender-for-repair-renovation-work-of-girls-hostel-no-02-03-chandka-medical-college-of-smbb-medical-university-larkana-01-17-2024,announcement,"Notice Inviting Tender for Repair & Renovation work of Girls Hostel No. 02 & 03 Chandka Medical College of SMBB Medical University, Larkana",2024-01-17,200
https://www.smbbmu.edu.pk/beta/announcements/details/notice-for-expression-of-interest-for-cafeteria-mess-services-on-rental-basis-01-04-2024,announcement,Notice for Expression of Interest for Cafeteria / Mess Services on Rental Basis,2024-01-04,200
https://www.smbbmu.edu.pk/beta/news/downloadFile/Catagory+B+Tender+Documents+Mess+-1_17043942531.pdf,pdf,catagory-b-tender-documents-mess-1-17043942531-22ada01c.pdf,,200
https://www.smbbmu.edu.pk/beta/news/downloadFile/Catagory+B+Tender+Documents+Mess+-1_17043942530.pdf,pdf,catagory-b-tender-documents-mess-1-17043942530-d1c1d53b.pdf,,200
https://www.smbbmu.edu.pk/beta/uploads/news/images/1704394188.jpg,image,1704394188-562828ab.jpg,,200
https://www.smbbmu.edu.pk/beta/announcements/details/addendum-date-extension-for-services-for-convocation-2023-venue-setup-catering-12-06-2023,announcement,Addendum / Date Extension  for   Services for Convocation 2023 (Venue Setup & Catering),2023-12-06,200
https://www.smbbmu.edu.pk/beta/uploads/news/images/1701932264.jpg,image,1701932264-616b8b5c.jpg,,200
https://www.smbbmu.edu.pk/beta/announcements/details/notice-inviting-tender-for-repair-renovation-work-of-girls-hostel-no-01-and-hostel-no04-cmc-of-smbb-medical-university-larkana-11-22-2023,announcement,Notice Inviting Tender for Repair & Renovation work of Girls' Hostel No. 01 and Hostel No.04 CMC of SMBB Medical University Larkana.,2023-11-22,200
https://www.smbbmu.edu.pk/beta/news/downloadFile/NIT+Hostel+01&04_17006536930.pdf,pdf,nit-hostel-01-04-17006536930-6b4096cd.pdf,,200
https://www.smbbmu.edu.pk/beta/news/downloadFile/Complaint+Redressal+Committee++(1)_17006536541.pdf,pdf,complaint-redressal-committee-1-17006536541.pdf,,0
https://www.smbbmu.edu.pk/beta/news/downloadFile/Notification+Procurement+Committee_17006536540.pdf,pdf,notification-procurement-committee-17006536540-9183be98.pdf,,200
https://www.smbbmu.edu.pk/beta/news/downloadFile/Bidding+Document+hostel++NO_17006535780.pdf,pdf,bidding-document-hostel-no-17006535780-caa69aba.pdf,,200
https://www.smbbmu.edu.pk/beta/news/downloadFile/Bidding+Document+for+Hostel+No_17006534590.pdf,pdf,bidding-document-for-hostel-no-17006534590-d4e5a643.pdf,,200
https://www.smbbmu.edu.pk/beta/announcements/details/notice-inviting-tender-for-services-for-convocation-11-21-2023,announcement,Notice Inviting Tender for Services for Convocation,2023-11-21,200
https://www.smbbmu.edu.pk/beta/news/downloadFile/Convocation+2023+Technical+&+Financial+SBDs+2_17012387460.pdf,pdf,convocation-2023-technical-financial-sbds-2-17012387460-fae015e4.pdf,,200
https://www.smbbmu.edu.pk/beta/uploads/news/images/1701238746.jpg,image,1701238746-8348a358.jpg,,200
https://www.smbbmu.edu.pk/beta/announcements/details/notice-inviting-tender-for-repair-maintenance-work-water-proofingroof-treatment-at-bibi-aseefa-dental-college-of-smbb-medical-university-larkana-11-13-2023,announcement,"Notice Inviting Tender for Repair & Maintenance Work & Water Proofing/Roof Treatment at Bibi Aseefa Dental College of SMBB Medical University, Larkana",2023-11-13,200
https://www.smbbmu.edu.pk/beta/news/downloadFile/APP+2023_16999467163.pdf,pdf,app-2023-16999467163-249a43b1.pdf,,200
https://www.smbbmu.edu.pk/beta/news/downloadFile/Complaint+Redressal+Committee+_16999467162.pdf,pdf,complaint-redressal-committee-16999467162-25982310.pdf,,200
https://www.smbbmu.edu.pk/beta/news/downloadFile/Bidding+Document+for+BADC_16999467151.pdf,pdf,bidding-document-for-badc-16999467151-9c68559d.pdf,,200
https://www.smbbmu.edu.pk/beta/news/downloadFile/NIT+BADC_16999467150.pdf,pdf,nit-badc-16999467150-9d95de12.pdf,,200
https://www.smbbmu.edu.pk/beta/announcements/details/notice-inviting-tender-for-repair-renovation-work-of-vice-chancellor-secretariatcamp-office-at-smbb-medical-university-larkano-11-06-2023,announcement,"Notice Inviting Tender for Repair & Renovation work of Vice Chancellor Secretariat(Camp Office) at SMBB Medical University, Larkano",2023-11-06,200
https://www.smbbmu.edu.pk/beta/news/downloadFile/CamScanner+10-20-2023+15_16998634590.pdf,pdf,camscanner-10-20-2023-15-16998634590-aeab97ef.pdf,,200
https://www.smbbmu.edu.pk/beta/announcements/details/notice-inviting-tender-for-provide-supply-of-printing-material-stationary-items-it-equipment-for-examinations-department-smbb-medical-university-larkana-10-10-2023,announcement,"Notice Inviting Tender for Provide & Supply of Printing Material, Stationary Items & IT Equipment For Examinations Department, SMBB Medical University Larkana.",2023-10-10,200
https://www.smbbmu.edu.pk/beta/news/downloadFile/1245561-Tender+Document_16971245890.pdf,pdf,1245561-tender-document-16971245890-7c3b846e.pdf,,200
https://www.smbbmu.edu.pk/beta/news/downloadFile/1245564-NIT_16971243520.pdf,pdf,1245564-nit-16971243520-2b78aa1d.pdf,,200
https://www.smbbmu.edu.pk/beta/announcements/details/corrigendum-for-notice-inviting-tender-for-construction-of-open-drain-including-pumping-station-with-pumping-room-drain-from-cmc-campus-to-rice-canal-at-cmc-of-smbb-medical-university-larkana-10-02-2023,announcement,"Corrigendum for Notice Inviting Tender for Construction of Open Drain including Pumping Station with Pumping Room Drain from CMC Campus to Rice Canal at CMC of SMBB Medical University, Larkana.",2023-10-02,200
https://www.smbbmu.edu.pk/beta/uploads/news/images/1697018415.png,image,1697018415-d887055e.png,,200
https://www.smbbmu.edu.pk/beta/announcements/details/notice-inviting-tender-for-construction-of-open-storm-drain-including-pumping-station-with-pumping-room-drain-from-cmc-campus-to-rice-canal-at-chandka-medical-college-of-shaheed-mohtarma-benazir-bhutto-medical-university-larkana-09-25-2023,announcement,Notice Inviting Tender for Construction of Open Storm Drain Including Pumping Station with Pumping Room Drain from CMC Campus to Rice Canal at Chandka Medical College of Shaheed Mohtarma Benazir Bhutto Medical University Larkana.,2023-09-25,200
https://www.smbbmu.edu.pk/beta/news/downloadFile/Bidding+Document+for+Strom+Drainage+-_053525_16958346141.pdf,pdf,bidding-document-for-strom-drainage-053525-16958346141-80d86fbd.pdf,,200
https://www.smbbmu.edu.pk/beta/news/downloadFile/Nit(2)_053455_16958346140.pdf,pdf,nit-2-053455-16958346140.pdf,,0
https://www.smbbmu.edu.pk/beta/announcements/details/notice-inviting-tender-for-mr-work-office-of-the-principal-cmc-and-paint-work-in-academic-block-cmc-09-15-2023,announcement,Notice Inviting Tender for M&R Work Office of the Principal CMC and Paint Work in Academic Block CMC,2023-09-15,200
https://www.smbbmu.edu.pk/beta/news/downloadFile/Bidding+Documents+Principal+CMC+&+Paint+Work+Academic+Block+-_053642_16958339061.pdf,pdf,bidding-documents-principal-cmc-paint-work-academic-block-053642-16958339061-aee88d0a.pdf,,200
https://www.smbbmu.edu.pk/beta/news/downloadFile/NIT_053739_16958339060.pdf,pdf,nit-053739-16958339060-2d5468c9.pdf,,200
https://www.smbbmu.edu.pk/beta/announcements/tender/2,announcement_list,Tender,,200
https://www.smbbmu.edu.pk/beta/announcements/tender/3,announcement_list,Tender,,200
https://www.smbbmu.edu.pk/beta/news/details/first-smbbmu-international-conference-on-family-planning-09-26-2024,news,First SMBBMU International Conference on Family Planning,2024-09-26,200
https://www.smbbmu.edu.pk/beta/uploads/gallery/events/1727938815img15_thumb.jpg,image,1727938815img15-thumb-acd9652d.jpg,,200
https://www.smbbmu.edu.pk/beta/uploads/gallery/events/1727938815img14_thumb.jpg,image,1727938815img14-thumb-45025058.jpg,,200
https://www.smbbmu.edu.pk/beta/uploads/gallery/events/1727938801img13_thumb.jpg,image,1727938801img13-thumb-0acf8606.jpg,,200
https://www.smbbmu.edu.pk/beta/uploads/gallery/events/1727938801img12_thumb.jpg,image,1727938801img12-thumb-ae5c3cb6.jpg,,200
https://www.smbbmu.edu.pk/beta/uploads/gallery/events/1727938788img11_thumb.jpg,image,1727938788img11-thumb-0198feaf.jpg,,200
https://www.smbbmu.edu.pk/beta/uploads/gallery/events/1727938787img10_thumb.jpg,image,1727938787img10-thumb-17e8114f.jpg,,200
https://www.smbbmu.edu.pk/beta/uploads/gallery/events/1727938785img9_thumb.jpg,image,1727938785img9-thumb-15c26d02.jpg,,200
https://www.smbbmu.edu.pk/beta/uploads/gallery/events/1727938785img7_thumb.jpg,image,1727938785img7-thumb-92276a56.jpg,,200
https://www.smbbmu.edu.pk/beta/uploads/gallery/events/1727938783img8_thumb.jpg,image,1727938783img8-thumb-b9cad902.jpg,,200
https://www.smbbmu.edu.pk/beta/uploads/gallery/events/1727938780img5_thumb.jpg,image,1727938780img5-thumb-bc5fec25.jpg,,200
https://www.smbbmu.edu.pk/beta/uploads/gallery/events/1727938780img6_thumb.jpg,image,1727938780img6-thumb-1b2f687b.jpg,,200
https://www.smbbmu.edu.pk/beta/uploads/gallery/events/1727938693img4_thumb.jpg,image,1727938693img4-thumb-96b5322b.jpg,,200
https://www.smbbmu.edu.pk/beta/uploads/gallery/events/1727938693img3_thumb.jpg,image,1727938693img3-thumb-194a4369.jpg,,200
https://www.smbbmu.edu.pk/beta/uploads/gallery/events/1727938682img2_thumb.jpg,image,1727938682img2-thumb-09337edd.jpg,,200
https://www.smbbmu.edu.pk/beta/uploads/gallery/events/1727938681img1_thumb.jpg,image,1727938681img1-thumb-74d6cf1d.jpg,,200
https://www.smbbmu.edu.pk/beta/uploads/gallery/events/thumbs/1727938815img15_thumb.jpg,image,1727938815img15-thumb-40896fa3.jpg,,200
https://www.smbbmu.edu.pk/beta/uploads/gallery/events/thumbs/1727938815img14_thumb.jpg,image,1727938815img14-thumb-967236de.jpg,,200
https://www.smbbmu.edu.pk/beta/uploads/gallery/events/thumbs/1727938801img13_thumb.jpg,image,1727938801img13-thumb-87d65b2d.jpg,,200
https://www.smbbmu.edu.pk/beta/uploads/gallery/events/thumbs/1727938801img12_thumb.jpg,image,1727938801img12-thumb-01ea8d5b.jpg,,200
https://www.smbbmu.edu.pk/beta/uploads/gallery/events/thumbs/1727938788img11_thumb.jpg,image,1727938788img11-thumb-6c1e5918.jpg,,200
https://www.smbbmu.edu.pk/beta/uploads/gallery/events/thumbs/1727938787img10_thumb.jpg,image,1727938787img10-thumb-768b46d8.jpg,,200
https://www.smbbmu.edu.pk/beta/uploads/gallery/events/thumbs/1727938785img9_thumb.jpg,image,1727938785img9-thumb-2ec39c31.jpg,,200
https://www.smbbmu.edu.pk/beta/uploads/gallery/events/thumbs/1727938785img7_thumb.jpg,image,1727938785img7-thumb-552bdea9.jpg,,200
https://www.smbbmu.edu.pk/beta/uploads/gallery/events/thumbs/1727938783img8_thumb.jpg,image,1727938783img8-thumb-45e405dc.jpg,,200
https://www.smbbmu.edu.pk/beta/uploads/gallery/events/thumbs/1727938780img5_thumb.jpg,image,1727938780img5-thumb-98de7a74.jpg,,200
https://www.smbbmu.edu.pk/beta/uploads/gallery/events/thumbs/1727938780img6_thumb.jpg,image,1727938780img6-thumb-f519c321.jpg,,200
https://www.smbbmu.edu.pk/beta/uploads/gallery/events/thumbs/1727938693img4_thumb.jpg,image,1727938693img4-thumb-aff5a13c.jpg,,200
https://www.smbbmu.edu.pk/beta/uploads/gallery/events/thumbs/1727938693img3_thumb.jpg,image,1727938693img3-thumb-af7a8123.jpg,,200
https://www.smbbmu.edu.pk/beta/uploads/gallery/events/thumbs/1727938682img2_thumb.jpg,image,1727938682img2-thumb-66d46f94.jpg,,200
https://www.smbbmu.edu.pk/beta/uploads/gallery/events/thumbs/1727938681img1_thumb.jpg,image,1727938681img1-thumb-5286f33c.jpg,,200
https://www.smbbmu.edu.pk/beta/news/details/tree-plantation-seminar-was-organized-by-shaheed-mohtrma-benazir-bhutto-medical-university-larkana-09-10-2024,news,Tree Plantation seminar was organized by Shaheed Mohtrma Benazir Bhutto Medical University Larkana,2024-09-10,200
https://www.smbbmu.edu.pk/beta/news/details/smbbmu-celebrated-77th-independence-day-08-14-2024,news,SMBBMU Celebrated 77th Independence Day,2024-08-14,200
https://www.smbbmu.edu.pk/beta/uploads/gallery/events/1723712644indp4_thumb.jpeg,image,1723712644indp4-thumb-00612a0a.jpeg,,200
https://www.smbbmu.edu.pk/beta/uploads/gallery/events/1723712644indp5_thumb.jpeg,image,1723712644indp5-thumb-f27ae4cc.jpeg,,200
https://www.smbbmu.edu.pk/beta/uploads/gallery/events/1723712643indp8_thumb.jpeg,image,1723712643indp8-thumb-2811fa42.jpeg,,200
https://www.smbbmu.edu.pk/beta/uploads/gallery/events/1723712643indp9_thumb.jpeg,image,1723712643indp9-thumb-1349101c.jpeg,,200
https://www.smbbmu.edu.pk/beta/uploads/gallery/events/1723712642indp11_thumb.jpeg,image,1723712642indp11-thumb-c754bbe9.jpeg,,200
https://www.smbbmu.edu.pk/beta/uploads/gallery/events/1723712642indp10_thumb.jpeg,image,1723712642indp10-thumb-298b7907.jpeg,,200
https://www.smbbmu.edu.pk/beta/uploads/gallery/events/1723712641indp12_thumb.jpeg,image,1723712641indp12-thumb-eda453e0.jpeg,,200
https://www.smbbmu.edu.pk/beta/uploads/gallery/events/1723712641indp13_thumb.jpeg,image,1723712641indp13-thumb-990b7f72.jpeg,,200
https://www.smbbmu.edu.pk/beta/uploads/gallery/events/thumbs/1723712644indp4_thumb.jpeg,image,1723712644indp4-thumb-9502ea4c.jpeg,,200
https://www.smbbmu.edu.pk/beta/uploads/gallery/events/thumbs/1723712644indp5_thumb.jpeg,image,1723712644indp5-thumb-a4daa8a2.jpeg,,200
https://www.smbbmu.edu.pk/beta/uploads/gallery/events/thumbs/1723712643indp8_thumb.jpeg,image,1723712643indp8-thumb-32d4e56f.jpeg,,200
https://www.smbbmu.edu.pk/beta/uploads/gallery/events/thumbs/1723712643indp9_thumb.jpeg,image,1723712643indp9-thumb-4b1a0f2b.jpeg,,200
https://www.smbbmu.edu.pk/beta/uploads/gallery/events/thumbs/1723712642indp11_thumb.jpeg,image,1723712642indp11-thumb-fd2fe9e4.jpeg,,200
https://www.smbbmu.edu.pk/beta/uploads/gallery/events/thumbs/1723712642indp10_thumb.jpeg,image,1723712642indp10-thumb-bd8bbe23.jpeg,,200
https://www.smbbmu.edu.pk/beta/uploads/gallery/events/thumbs/1723712641indp12_thumb.jpeg,image,1723712641indp12-thumb-464d12a6.jpeg,,200
https://www.smbbmu.edu.pk/beta/uploads/gallery/events/thumbs/1723712641indp13_thumb.jpeg,image,1723712641indp13-thumb-cbaf4df3.jpeg,,200
https://www.smbbmu.edu.pk/beta/news/details/workshop-on-reference-management-using-mendeley-software-08-06-2024,news,Workshop on Reference Management Using Mendeley Software,2024-08-06,200
https://www.smbbmu.edu.pk/beta/uploads/gallery/events/1723712934453998782_443897868646932_6784718268037419888_n_thumb.jpg,image,1723712934453998782-443897868646932-6784718268037419888-n-thumb-9d1ac66b.jpg,,200
https://www.smbbmu.edu.pk/beta/uploads/gallery/events/1723712934454403297_443897758646943_4211918349980300106_n_thumb.jpg,image,1723712934454403297-443897758646943-4211918349980300106-n-thumb-e3b1862a.jpg,,200
https://www.smbbmu.edu.pk/beta/uploads/gallery/events/1723712933454198752_443897915313594_2310225363161765671_n_thumb.jpg,image,1723712933454198752-443897915313594-2310225363161765671-n-thumb-487e8344.jpg,,200
https://www.smbbmu.edu.pk/beta/uploads/gallery/events/1723712932454403674_443897775313608_8555598441506134092_n_thumb.jpg,image,1723712932454403674-443897775313608-8555598441506134092-n-thumb-903aa395.jpg,,200
https://www.smbbmu.edu.pk/beta/uploads/gallery/events/1723712931453983492_443897808646938_8695590236942547179_n_thumb.jpg,image,1723712931453983492-443897808646938-8695590236942547179-n-thumb-9f9a8ae4.jpg,,200
https://www.smbbmu.edu.pk/beta/uploads/gallery/events/1723712931454349587_443897991980253_362478837436039436_n_thumb.jpg,image,1723712931454349587-443897991980253-362478837436039436-n-thumb-7804f843.jpg,,200
https://www.smbbmu.edu.pk/beta/uploads/gallery/events/1723712929454422224_443897941980258_620310252594951810_n_thumb.jpg,image,1723712929454422224-443897941980258-620310252594951810-n-thumb-b5a5c400.jpg,,200
https://www.smbbmu.edu.pk/beta/uploads/gallery/events/thumbs/1723712934453998782_443897868646932_6784718268037419888_n_thumb.jpg,image,1723712934453998782-443897868646932-6784718268037419888-n-thumb-bdafb06e.jpg,,200
https://www.smbbmu.edu.pk/beta/uploads/gallery/events/thumbs/1723712934454403297_443897758646943_4211918349980300106_n_thumb.jpg,image,1723712934454403297-443897758646943-4211918349980300106-n-thumb-b28baa54.jpg,,200
https://www.smbbmu.edu.pk/beta/uploads/gallery/events/thumbs/1723712933454198752_443897915313594_2310225363161765671_n_thumb.jpg,image,1723712933454198752-443897915313594-2310225363161765671-n-thumb-211de0f1.jpg,,200
https://www.smbbmu.edu.pk/beta/uploads/gallery/events/thumbs/1723712932454403674_443897775313608_8555598441506134092_n_thumb.jpg,image,1723712932454403674-443897775313608-8555598441506134092-n-thumb-7297047c.jpg,,200
https://www.smbbmu.edu.pk/beta/uploads/gallery/events/thumbs/1723712931453983492_443897808646938_8695590236942547179_n_thumb.jpg,image,1723712931453983492-443897808646938-8695590236942547179-n-thumb-23c5e623.jpg,,200
https://www.smbbmu.edu.pk/beta/uploads/gallery/events/thumbs/1723712931454349587_443897991980253_362478837436039436_n_thumb.jpg,image,1723712931454349587-443897991980253-362478837436039436-n-thumb-d130ba03.jpg,,200
https://www.smbbmu.edu.pk/beta/uploads/gallery/events/thumbs/1723712929454422224_443897941980258_620310252594951810_n_thumb.jpg,image,1723712929454422224-443897941980258-620310252594951810-n-thumb-e208b10d.jpg,,200
https://www.smbbmu.edu.pk/beta/news/details/memorandum-of-understanding-mou-signed-between-smbbmu-and-the-university-of-alberta-canada-07-26-2024,news,"Memorandum of Understanding (MoU) signed between SMBBMU, and the University of Alberta, Canada",2024-07-26,200
https://www.smbbmu.edu.pk/beta/uploads/gallery/events/1722191367452881432_436916239345095_6281011613946109147_n_thumb.jpg,image,1722191367452881432-436916239345095-6281011613946109147-n-thumb-301068ea.jpg,,200
https://www.smbbmu.edu.pk/beta/uploads/gallery/events/1722191365452750616_436916199345099_6319017277586938178_n_thumb.jpg,image,1722191365452750616-436916199345099-6319017277586938178-n-thumb-f379cf6e.jpg,,200
https://www.smbbmu.edu.pk/beta/uploads/gallery/events/1722191364452845780_436916082678444_2428908610536391806_n_thumb.jpg,image,1722191364452845780-436916082678444-2428908610536391806-n-thumb-c87c4029.jpg,,200
https://www.smbbmu.edu.pk/beta/uploads/gallery/events/1722191362452917106_436915922678460_7145264606158798083_n_thumb.jpg,image,1722191362452917106-436915922678460-7145264606158798083-n-thumb-b28a6b1f.jpg,,200
https://www.smbbmu.edu.pk/beta/uploads/gallery/events/1722191361452853950_436916009345118_781242739716386802_n_thumb.jpg,image,1722191361452853950-436916009345118-781242739716386802-n-thumb-f1758829.jpg,,200
https://www.smbbmu.edu.pk/beta/uploads/gallery/events/thumbs/1722191367452881432_436916239345095_6281011613946109147_n_thumb.jpg,image,1722191367452881432-436916239345095-6281011613946109147-n-thumb-be207e38.jpg,,200
https://www.smbbmu.edu.pk/beta/uploads/gallery/events/thumbs/1722191365452750616_436916199345099_6319017277586938178_n_thumb.jpg,image,1722191365452750616-436916199345099-6319017277586938178-n-thumb-62cd0166.jpg,,200
https://www.smbbmu.edu.pk/beta/uploads/gallery/events/thumbs/1722191364452845780_436916082678444_2428908610536391806_n_thumb.jpg,image,1722191364452845780-436916082678444-2428908610536391806-n-thumb-d077a7b3.jpg,,200
https://www.smbbmu.edu.pk/beta/uploads/gallery/events/thumbs/1722191362452917106_436915922678460_7145264606158798083_n_thumb.jpg,image,1722191362452917106-436915922678460-7145264606158798083-n-thumb-243fb6b1.jpg,,200
https://www.smbbmu.edu.pk/beta/uploads/gallery/events/thumbs/1722191361452853950_436916009345118_781242739716386802_n_thumb.jpg,image,1722191361452853950-436916009345118-781242739716386802-n-thumb-8d93b5c9.jpg,,200
https://www.smbbmu.edu.pk/beta/newsandevents/events/2,events_list,SMBBMU & SRSO Formally signed A Memorandum of Unde...,2024-07-25,200
https://www.smbbmu.edu.pk/beta/newsandevents/events/3,events_list,Young researchers of SMBBMU visited the HIV Center...,2023-10-26,200
https://www.smbbmu.edu.pk/beta/newsandevents/events/4,events_list,Interactive Seminar on USMLE and Residency Applica...,2023-06-23,200
https://www.smbbmu.edu.pk/beta/newsandevents/events/5,events_list,Faculty development workshop on ScholarRx online c...,2023-01-29,200
https://www.smbbmu.edu.pk/beta/newsandevents/events/6,events_list,Academic Council,2020-10-19,200
https://www.smbbmu.edu.pk/beta/newsandevents/events/7,events_list,40th Syndicate Meeting,2019-08-31,200
https://www.smbbmu.edu.pk/beta/newsandevents/events/8,events_list,47th Day One Celebration of CMC SMBBMU,2018-12-29,200
https://www.smbbmu.edu.pk/beta/faculty/profile/439,faculty,Introduction,,200
https://www.smbbmu.edu.pk/beta/faculty/profile/438,faculty,Introduction,,200
https://www.smbbmu.edu.pk/beta/faculty/profile/437,faculty,Introduction,,200
https://www.smbbmu.edu.pk/beta/faculty/profile/435,faculty,Introduction,,200
https://www.smbbmu.edu.pk/beta/faculty/profile/436,faculty,Introduction,,200
https://www.smbbmu.edu.pk/beta/faculty/profile/440,faculty,Introduction,,200
https://www.smbbmu.edu.pk/beta/faculty/profile/434,faculty,Introduction,,200
https://www.smbbmu.edu.pk/beta/administration/vice-chancellor-secretariat,page,Vice Chancellor Secretariat,,200
https://www.smbbmu.edu.pk/beta/administration/registrar-office,page,Registrar Office,,200
https://www.smbbmu.edu.pk/beta/administration/directorate-of-finance,page,Directorate of Finance,,200
https://www.smbbmu.edu.pk/beta/administration/department-of-examinations-u-g,page,Department of Examinations,,200
https://www.smbbmu.edu.pk/beta/administration/directorate-of-admissions,page,Directorate of Admissions,,200
https://www.smbbmu.edu.pk/beta/administration/directorate-of-post-graduate-studies,page,Directorate of Post Graduate Studies,,200
https://www.smbbmu.edu.pk/beta/administration/hrm,page,Directorate of Human Resource Management,,200
https://www.smbbmu.edu.pk/beta/administration/office-of-the-director-academics,page,Office of the Director Academics,,200
https://www.smbbmu.edu.pk/beta/oric,page,Introduction,,200
https://www.smbbmu.edu.pk/beta/administration/directorate-of-student-affairs,page,Directorate of Student Affairs,,200
https://www.smbbmu.edu.pk/beta/administration/directorate-of-medical-education,page,Directorate of Medical Education,,200
https://www.smbbmu.edu.pk/beta/administration/planning-and-development,page,Directorate of Planning & Development Division,,200
https://www.smbbmu.edu.pk/beta/administration/directorate-of-project-director,page,Directorate of Project Director,,200
https://www.smbbmu.edu.pk/beta/administration/office-of-the-inspector-of-colleges,page,Office of The Inspector of Colleges,,200
https://www.smbbmu.edu.pk/beta/administration/directorate-of-information-technology,page,Directorate Of Information Technology,,200
https://www.smbbmu.edu.pk/beta/administration/office-of-hostel-provost,page,Office of The Hostel Provost,,200
https://www.smbbmu.edu.pk/beta/administration/pplo,page,"Office of The Planning, Procurement & Logistic Officer",,200
https://www.smbbmu.edu.pk/beta/administration/smbbmu-library,page,SMBBMU Library,,200
https://www.smbbmu.edu.pk/beta/news/details/quality-assurance-internal-external-mechanism-self-assessment-report-sar-06-29-2021,news,Quality Assurance (Internal & External Mechanism) & Self Assessment Report (SAR),2021-06-29,200
https://www.smbbmu.edu.pk/beta/uploads/gallery/events/1632415876Picture3_thumb.png,image,1632415876picture3-thumb-63972339.png,,200
https://www.smbbmu.edu.pk/beta/uploads/gallery/events/1632415865Picture2_thumb.png,image,1632415865picture2-thumb-f8144e82.png,,200
https://www.smbbmu.edu.pk/beta/uploads/gallery/events/1632415848Picture6_thumb.png,image,1632415848picture6-thumb-4dc3dd85.png,,200
https://www.smbbmu.edu.pk/beta/uploads/gallery/events/1632415846Picture5_thumb.png,image,1632415846picture5-thumb-564a7d81.png,,200
https://www.smbbmu.edu.pk/beta/uploads/gallery/events/1632415825Picture7_thumb.png,image,1632415825picture7-thumb-96549cea.png,,200
https://www.smbbmu.edu.pk/beta/uploads/gallery/events/1632415822Picture8_thumb.png,image,1632415822picture8-thumb-fe9b1793.png,,200
https://www.smbbmu.edu.pk/beta/uploads/gallery/events/thumbs/1632415876Picture3_thumb.png,image,1632415876picture3-thumb-6de9375f.png,,200
https://www.smbbmu.edu.pk/beta/uploads/gallery/events/thumbs/1632415865Picture2_thumb.png,image,1632415865picture2-thumb-d8f321ae.png,,200
https://www.smbbmu.edu.pk/beta/uploads/gallery/events/thumbs/1632415848Picture6_thumb.png,image,1632415848picture6-thumb-a69e4dc4.png,,200
https://www.smbbmu.edu.pk/beta/uploads/gallery/events/thumbs/1632415846Picture5_thumb.png,image,1632415846picture5-thumb-4eb249dd.png,,200
https://www.smbbmu.edu.pk/beta/uploads/gallery/events/thumbs/1632415825Picture7_thumb.png,image,1632415825picture7-thumb-e19c95dc.png,,200
https://www.smbbmu.edu.pk/beta/uploads/gallery/events/thumbs/1632415822Picture8_thumb.png,image,1632415822picture8-thumb-48b50605.png,,200
https://www.smbbmu.edu.pk/beta/news/details/quality-enhancement-cell-represented-smbbmu-in-the-annual-progress-review-meeting-2019-20-arranged-by-hec-at-sukkur-iba-03-09-2021,news,Quality Enhancement Cell represented SMBBMU in the annual progress review meeting 2019-20 arranged by HEC at SUKKUR-IBA,2021-03-09,200
https://www.smbbmu.edu.pk/beta/uploads/gallery/events/1628666667Picture5_thumb.png,image,1628666667picture5-thumb-93b57967.png,,200
https://www.smbbmu.edu.pk/beta/uploads/gallery/events/1628666666Picture4_thumb.png,image,1628666666picture4-thumb-e4102ed8.png,,200
https://www.smbbmu.edu.pk/beta/uploads/gallery/events/1628666662Picture1_thumb.png,image,1628666662picture1-thumb-5a0ae06b.png,,200
https://www.smbbmu.edu.pk/beta/uploads/gallery/events/1628666660Picture3_thumb.png,image,1628666660picture3-thumb-9553231c.png,,200
https://www.smbbmu.edu.pk/beta/uploads/gallery/events/thumbs/1628666667Picture5_thumb.png,image,1628666667picture5-thumb-f542df49.png,,200
https://www.smbbmu.edu.pk/beta/uploads/gallery/events/thumbs/1628666666Picture4_thumb.png,image,1628666666picture4-thumb-624ed545.png,,200
https://www.smbbmu.edu.pk/beta/uploads/gallery/events/thumbs/1628666662Picture1_thumb.png,image,1628666662picture1-thumb-631a6120.png,,200
https://www.smbbmu.edu.pk/beta/uploads/gallery/events/thumbs/1628666660Picture3_thumb.png,image,1628666660picture3-thumb-b17cba13.png,,200
https://www.smbbmu.edu.pk/beta/news/details/meeting-about-self-institutional-performance-evaluation-11-19-2020,news,Meeting about Self-Institutional Performance Evaluation,2020-11-19,200
https://www.smbbmu.edu.pk/beta/uploads/gallery/events/1605853014PHOTO-2020-11-19-13-08-01_thumb.jpg,image,1605853014photo-2020-11-19-13-08-01-thumb-1a79c1fd.jpg,,200
https://www.smbbmu.edu.pk/beta/uploads/gallery/events/1605852995PHOTO-2020-11-19-13-08-47_thumb.jpg,image,1605852995photo-2020-11-19-13-08-47-thumb-f2bc9ff2.jpg,,200
https://www.smbbmu.edu.pk/beta/uploads/gallery/events/1605852995PHOTO-2020-11-19-13-08-46_thumb.jpg,image,1605852995photo-2020-11-19-13-08-46-thumb-d72c693c.jpg,,200
https://www.smbbmu.edu.pk/beta/uploads/gallery/events/thumbs/1605853014PHOTO-2020-11-19-13-08-01_thumb.jpg,image,1605853014photo-2020-11-19-13-08-01-thumb-eae33393.jpg,,200
https://www.smbbmu.edu.pk/beta/uploads/gallery/events/thumbs/1605852995PHOTO-2020-11-19-13-08-47_thumb.jpg,image,1605852995photo-2020-11-19-13-08-47-thumb-6325f470.jpg,,200
https://www.smbbmu.edu.pk/beta/uploads/gallery/events/thumbs/1605852995PHOTO-2020-11-19-13-08-46_thumb.jpg,image,1605852995photo-2020-11-19-13-08-46-thumb-385965d4.jpg,,200
https://www.smbbmu.edu.pk/beta/news/details/workshop-on-role-of-quality-enhancement-cell-qec-in-university-and-its-constituents-affiliated-college-06-25-2019,news,Workshop on Role of Quality Enhancement Cell (QEC) in University and its Constituents & Affiliated College,2019-06-25,200
https://www.smbbmu.edu.pk/beta/uploads/gallery/events/1570085513Picture1_thumb.png,image,1570085513picture1-thumb-94738a3b.png,,200
https://www.smbbmu.edu.pk/beta/uploads/gallery/events/1570085451Picture5_thumb.png,image,1570085451picture5-thumb-ddf00c42.png,,200
https://www.smbbmu.edu.pk/beta/uploads/gallery/events/1570085402Picture4_thumb.png,image,1570085402picture4-thumb-fb76019b.png,,200
https://www.smbbmu.edu.pk/beta/uploads/gallery/events/1570084250Picture3_thumb.png,image,1570084250picture3-thumb-13ea2f0a.png,,200
https://www.smbbmu.edu.pk/beta/uploads/gallery/events/thumbs/1570085513Picture1_thumb.png,image,1570085513picture1-thumb-78c095ff.png,,200
https://www.smbbmu.edu.pk/beta/uploads/gallery/events/thumbs/1570085451Picture5_thumb.png,image,1570085451picture5-thumb-826a93b9.png,,200
https://www.smbbmu.edu.pk/beta/uploads/gallery/events/thumbs/1570085402Picture4_thumb.png,image,1570085402picture4-thumb-bc2a76b6.png,,200
https://www.smbbmu.edu.pk/beta/uploads/gallery/events/thumbs/1570084250Picture3_thumb.png,image,1570084250picture3-thumb-31b9cdd0.png,,200
https://www.smbbmu.edu.pk/beta/news/details/self-internal-evaluation-of-smbbmu-by-institutional-performance-evaluation-ipe-panel-06-25-2019,news,Self-Internal Evaluation of SMBBMU by Institutional Performance Evaluation (IPE) Panel,2019-06-25,200
https://www.smbbmu.edu.pk/beta/uploads/gallery/events/1570086229Picture3_thumb.png,image,1570086229picture3-thumb-c70a2fa0.png,,200
https://www.smbbmu.edu.pk/beta/uploads/gallery/events/1570086143Picture4_thumb.png,image,1570086143picture4-thumb-775364cd.png,,200
https://www.smbbmu.edu.pk/beta/uploads/gallery/events/1570086092Picture6_thumb.png,image,1570086092picture6-thumb-8d5b1e7a.png,,200
https://www.smbbmu.edu.pk/beta/uploads/gallery/events/thumbs/1570086229Picture3_thumb.png,image,1570086229picture3-thumb-adf8c379.png,,200
https://www.smbbmu.edu.pk/beta/uploads/gallery/events/thumbs/1570086143Picture4_thumb.png,image,1570086143picture4-thumb-9b64f359.png,,200
https://www.smbbmu.edu.pk/beta/uploads/gallery/events/thumbs/1570086092Picture6_thumb.png,image,1570086092picture6-thumb-a4e6e9c1.png,,200
https://www.smbbmu.edu.pk/beta/news/details/workshop-on-plagiarism-how-to-avoid-it-11-02-2017,news,Workshop on Plagiarism: How to avoid it,2017-11-02,200
https://www.smbbmu.edu.pk/beta/uploads/gallery/events/1510163309_thumb.png,image,1510163309-thumb-01ee0e15.png,,200
https://www.smbbmu.edu.pk/beta/uploads/gallery/events/1510163307_thumb.png,image,1510163307-thumb-4fe2129b.png,,200
https://www.smbbmu.edu.pk/beta/uploads/gallery/events/1510163305_thumb.png,image,1510163305-thumb-61901730.png,,200
https://www.smbbmu.edu.pk/beta/uploads/gallery/events/1510163301_thumb.png,image,1510163301-thumb-a5496845.png,,200
https://www.smbbmu.edu.pk/beta/uploads/gallery/events/1510163296_thumb.png,image,1510163296-thumb-f7030d06.png,,200
https://www.smbbmu.edu.pk/beta/uploads/gallery/events/1510163295_thumb.png,image,1510163295-thumb-cedecde3.png,,200
https://www.smbbmu.edu.pk/beta/uploads/gallery/events/1510163290_thumb.png,image,1510163290-thumb-8aacb9e9.png,,200
https://www.smbbmu.edu.pk/beta/uploads/gallery/events/1510163287_thumb.png,image,1510163287-thumb-645fcb7e.png,,200
https://www.smbbmu.edu.pk/beta/uploads/gallery/events/1510163285_thumb.png,image,1510163285-thumb-e2a2307b.png,,200
https://www.smbbmu.edu.pk/beta/uploads/gallery/events/1510163281_thumb.png,image,1510163281-thumb-e9bb90f0.png,,200
https://www.smbbmu.edu.pk/beta/uploads/gallery/events/1510163280_thumb.png,image,1510163280-thumb-991c219a.png,,200
https://www.smbbmu.edu.pk/beta/uploads/gallery/events/1510163274_thumb.png,image,1510163274-thumb-a0f14e30.png,,200
https://www.smbbmu.edu.pk/beta/uploads/gallery/events/1510163273_thumb.png,image,1510163273-thumb-5d5c5f86.png,,200
https://www.smbbmu.edu.pk/beta/uploads/gallery/events/1510163271_thumb.png,image,1510163271-thumb-544ae932.png,,200
https://www.smbbmu.edu.pk/beta/uploads/gallery/events/1510163270_thumb.png,image,1510163270-thumb-87c43f2c.png,,200
https://www.smbbmu.edu.pk/beta/uploads/gallery/events/1510163268_thumb.png,image,1510163268-thumb-ab2f613c.png,,200
https://www.smbbmu.edu.pk/beta/uploads/gallery/events/1510163263_thumb.png,image,1510163263-thumb-2420e914.png,,200
https://www.smbbmu.edu.pk/beta/uploads/gallery/events/1510163262_thumb.png,image,1510163262-thumb-236d46ea.png,,200
https://www.smbbmu.edu.pk/beta/uploads/gallery/events/1510163260_thumb.png,image,1510163260-thumb-953ca63b.png,,200
https://www.smbbmu.edu.pk/beta/uploads/gallery/events/1510163256_thumb.png,image,1510163256-thumb-dd0fac4f.png,,200
https://www.smbbmu.edu.pk/beta/uploads/gallery/events/1510163241_thumb.png,image,1510163241-thumb-9158dfd6.png,,200
https://www.smbbmu.edu.pk/beta/uploads/gallery/events/1510163234_thumb.png,image,1510163234-thumb-3be76cf4.png,,200
https://www.smbbmu.edu.pk/beta/uploads/gallery/events/1510163230_thumb.png,image,1510163230-thumb-b03f1e4d.png,,200
https://www.smbbmu.edu.pk/beta/uploads/gallery/events/1510163209_thumb.png,image,1510163209-thumb-72e447e0.png,,200
https://www.smbbmu.edu.pk/beta/uploads/gallery/events/1510163205_thumb.png,image,1510163205-thumb-39467cd7.png,,200
https://www.smbbmu.edu.pk/beta/uploads/gallery/events/thumbs/1510163309_thumb.png,image,1510163309-thumb-7a3775ac.png,,200
https://www.smbbmu.edu.pk/beta/uploads/gallery/events/thumbs/1510163307_thumb.png,image,1510163307-thumb-af298468.png,,200
https://www.smbbmu.edu.pk/beta/uploads/gallery/events/thumbs/1510163305_thumb.png,image,1510163305-thumb-b95db0bf.png,,200
https://www.smbbmu.edu.pk/beta/uploads/gallery/events/thumbs/1510163301_thumb.png,image,1510163301-thumb-1e573426.png,,200
https://www.smbbmu.edu.pk/beta/uploads/gallery/events/thumbs/1510163296_thumb.png,image,1510163296-thumb-aba62bd5.png,,200
https://www.smbbmu.edu.pk/beta/uploads/gallery/events/thumbs/1510163295_thumb.png,image,1510163295-thumb-a7d56436.png,,200
https://www.smbbmu.edu.pk/beta/uploads/gallery/events/thumbs/1510163290_thumb.png,image,1510163290-thumb-d3f5e0a6.png,,200
https://www.smbbmu.edu.pk/beta/uploads/gallery/events/thumbs/1510163287_thumb.png,image,1510163287-thumb-247f8d5d.png,,200
https://www.smbbmu.edu.pk/beta/uploads/gallery/events/thumbs/1510163285_thumb.png,image,1510163285-thumb-8a0be18d.png,,200
https://www.smbbmu.edu.pk/beta/uploads/gallery/events/thumbs/1510163281_thumb.png,image,1510163281-thumb-a3b53a83.png,,200
https://www.smbbmu.edu.pk/beta/uploads/gallery/events/thumbs/1510163280_thumb.png,image,1510163280-thumb-bb24ae06.png,,200
https://www.smbbmu.edu.pk/beta/uploads/gallery/events/thumbs/1510163274_thumb.png,image,1510163274-thumb-617ef85b.png,,200
https://www.smbbmu.edu.pk/beta/uploads/gallery/events/thumbs/1510163273_thumb.png,image,1510163273-thumb-0217ff22.png,,200
https://www.smbbmu.edu.pk/beta/uploads/gallery/events/thumbs/1510163271_thumb.png,image,1510163271-thumb-1c798adc.png,,200
https://www.smbbmu.edu.pk/beta/uploads/gallery/events/thumbs/1510163270_thumb.png,image,1510163270-thumb-b6f33952.png,,200
https://www.smbbmu.edu.pk/beta/uploads/gallery/events/thumbs/1510163268_thumb.png,image,1510163268-thumb-ba2e7fca.png,,200
https://www.smbbmu.edu.pk/beta/uploads/gallery/events/thumbs/1510163263_thumb.png,image,1510163263-thumb-76dac6a5.png,,200
https://www.smbbmu.edu.pk/beta/uploads/gallery/events/thumbs/1510163262_thumb.png,image,1510163262-thumb-ec556cc3.png,,200
https://www.smbbmu.edu.pk/beta/uploads/gallery/events/thumbs/1510163260_thumb.png,image,1510163260-thumb-01dae3d6.png,,200
https://www.smbbmu.edu.pk/beta/uploads/gallery/events/thumbs/1510163256_thumb.png,image,1510163256-thumb-93ba8a14.png,,200
https://www.smbbmu.edu.pk/beta/uploads/gallery/events/thumbs/1510163241_thumb.png,image,1510163241-thumb-a6840221.png,,200
https://www.smbbmu.edu.pk/beta/uploads/gallery/events/thumbs/1510163234_thumb.png,image,1510163234-thumb-cf4ea825.png,,200
https://www.smbbmu.edu.pk/beta/uploads/gallery/events/thumbs/1510163230_thumb.png,image,1510163230-thumb-80426f9e.png,,200
https://www.smbbmu.edu.pk/beta/uploads/gallery/events/thumbs/1510163209_thumb.png,image,1510163209-thumb-7ac1415a.png,,200
https://www.smbbmu.edu.pk/beta/uploads/gallery/events/thumbs/1510163205_thumb.png,image,1510163205-thumb-8efded3d.png,,200
https://www.smbbmu.edu.pk/beta/news/details/qec-conduct-seminar-workshop-on-self-assessment-report-sar-for-faculty-members-of-cmc-badc-binachs-and-pharmacy-05-03-2017,news,"QEC Conduct Seminar/ Workshop on Self-Assessment Report (SAR) , for faculty members of CMC, BADC BINACHS and Pharmacy",2017-05-03,200
https://www.smbbmu.edu.pk/beta/uploads/gallery/events/14939730939_thumb.png,image,14939730939-thumb-c56a244d.png,,200
https://www.smbbmu.edu.pk/beta/uploads/gallery/events/14939730388_thumb.png,image,14939730388-thumb-efe6f3ee.png,,200
https://www.smbbmu.edu.pk/beta/uploads/gallery/events/14939730217_thumb.png,image,14939730217-thumb-70b1eda4.png,,200
https://www.smbbmu.edu.pk/beta/uploads/gallery/events/14939729626_thumb.png,image,14939729626-thumb-156c2e9d.png,,200
https://www.smbbmu.edu.pk/beta/uploads/gallery/events/14939729425_thumb.png,image,14939729425-thumb-8c16d869.png,,200
https://www.smbbmu.edu.pk/beta/uploads/gallery/events/14939729053_thumb.png,image,14939729053-thumb-8f606e4f.png,,200
https://www.smbbmu.edu.pk/beta/uploads/gallery/events/14939728834_thumb.png,image,14939728834-thumb-5fb205a7.png,,200
https://www.smbbmu.edu.pk/beta/uploads/gallery/events/14939728031_thumb.png,image,14939728031-thumb-4856ab2d.png,,200
https://www.smbbmu.edu.pk/beta/uploads/gallery/events/14939727862_thumb.png,image,14939727862-thumb-b74694fd.png,,200
https://www.smbbmu.edu.pk/beta/uploads/gallery/events/thumbs/14939730939_thumb.png,image,14939730939-thumb-dea9b05b.png,,200
https://www.smbbmu.edu.pk/beta/uploads/gallery/events/thumbs/14939730388_thumb.png,image,14939730388-thumb-781d56e1.png,,200
https://www.smbbmu.edu.pk/beta/uploads/gallery/events/thumbs/14939730217_thumb.png,image,14939730217-thumb-2689b8e4.png,,200
https://www.smbbmu.edu.pk/beta/uploads/gallery/events/thumbs/14939729626_thumb.png,image,14939729626-thumb-f9510d8f.png,,200
https://www.smbbmu.edu.pk/beta/uploads/gallery/events/thumbs/14939729425_thumb.png,image,14939729425-thumb-ff455990.png,,200
https://www.smbbmu.edu.pk/beta/uploads/gallery/events/thumbs/14939729053_thumb.png,image,14939729053-thumb-9f8b7aa8.png,,200
https://www.smbbmu.edu.pk/beta/uploads/gallery/events/thumbs/14939728834_thumb.png,image,14939728834-thumb-409632a7.png,,200
https://www.smbbmu.edu.pk/beta/uploads/gallery/events/thumbs/14939728031_thumb.png,image,14939728031-thumb-82b7767f.png,,200
https://www.smbbmu.edu.pk/beta/uploads/gallery/events/thumbs/14939727862_thumb.png,image,14939727862-thumb-81ca25e4.png,,200
https://www.smbbmu.edu.pk/beta/news/details/survey-for-course--evaluation-of--physiology-02-23-2017,news,Survey for Course  Evaluation of  Physiology,2017-02-23,200
https://www.smbbmu.edu.pk/beta/uploads/gallery/events/14895608955_thumb.png,image,14895608955-thumb-91097161.png,,200
https://www.smbbmu.edu.pk/beta/uploads/gallery/events/14895608824_thumb.png,image,14895608824-thumb-66f4a69f.png,,200
https://www.smbbmu.edu.pk/beta/uploads/gallery/events/14895608793_thumb.png,image,14895608793-thumb-3003f40f.png,,200
https://www.smbbmu.edu.pk/beta/uploads/gallery/events/14895608672_thumb.png,image,14895608672-thumb-0f5c71fe.png,,200
https://www.smbbmu.edu.pk/beta/uploads/gallery/events/14895608661_thumb.png,image,14895608661-thumb-a5c59700.png,,200
https://www.smbbmu.edu.pk/beta/uploads/gallery/events/thumbs/14895608955_thumb.png,image,14895608955-thumb-3c21d754.png,,200
https://www.smbbmu.edu.pk/beta/uploads/gallery/events/thumbs/14895608824_thumb.png,image,14895608824-thumb-7fec8c40.png,,200
https://www.smbbmu.edu.pk/beta/uploads/gallery/events/thumbs/14895608793_thumb.png,image,14895608793-thumb-6178a9ee.png,,200
https://www.smbbmu.edu.pk/beta/uploads/gallery/events/thumbs/14895608672_thumb.png,image,14895608672-thumb-c1267a46.png,,200
https://www.smbbmu.edu.pk/beta/uploads/gallery/events/thumbs/14895608661_thumb.png,image,14895608661-thumb-d7d25324.png,,200
https://www.smbbmu.edu.pk/beta/news/details/survey-for-course--evaluation-of-pharmacology-02-22-2017,news,Survey for Course  Evaluation of Pharmacology,2017-02-22,200
https://www.smbbmu.edu.pk/beta/uploads/gallery/events/14895604917_thumb.png,image,14895604917-thumb-d028a5d7.png,,200
https://www.smbbmu.edu.pk/beta/uploads/gallery/events/14895604756_thumb.png,image,14895604756-thumb-7091d1d1.png,,200
https://www.smbbmu.edu.pk/beta/uploads/gallery/events/14895604745_thumb.png,image,14895604745-thumb-fbb9e76f.png,,200
https://www.smbbmu.edu.pk/beta/uploads/gallery/events/14895604594_thumb.png,image,14895604594-thumb-2d8bc198.png,,200
https://www.smbbmu.edu.pk/beta/uploads/gallery/events/14895604583_thumb.png,image,14895604583-thumb-58fb8262.png,,200
https://www.smbbmu.edu.pk/beta/uploads/gallery/events/14895604452_thumb.png,image,14895604452-thumb-6b1caa38.png,,200
https://www.smbbmu.edu.pk/beta/uploads/gallery/events/14895604421_thumb.png,image,14895604421-thumb-9a47cbd4.png,,200
https://www.smbbmu.edu.pk/beta/uploads/gallery/events/thumbs/14895604917_thumb.png,image,14895604917-thumb-4484a290.png,,200
https://www.smbbmu.edu.pk/beta/uploads/gallery/events/thumbs/14895604756_thumb.png,image,14895604756-thumb-0c2993ba.png,,200
https://www.smbbmu.edu.pk/beta/uploads/gallery/events/thumbs/14895604745_thumb.png,image,14895604745-thumb-36847686.png,,200
https://www.smbbmu.edu.pk/beta/uploads/gallery/events/thumbs/14895604594_thumb.png,image,14895604594-thumb-9740175e.png,,200
https://www.smbbmu.edu.pk/beta/uploads/gallery/events/thumbs/14895604583_thumb.png,image,14895604583-thumb-f2fe7eed.png,,200
https://www.smbbmu.edu.pk/beta/uploads/gallery/events/thumbs/14895604452_thumb.png,image,14895604452-thumb-6f56257e.png,,200
https://www.smbbmu.edu.pk/beta/uploads/gallery/events/thumbs/14895604421_thumb.png,image,14895604421-thumb-6af00422.png,,200
https://www.smbbmu.edu.pk/beta/news/details/survey-for--course-evaluation-of-anatomy--02-15-2017,news,Survey for  Course Evaluation of Anatomy,2017-02-15,200
https://www.smbbmu.edu.pk/beta/uploads/gallery/events/1489559548image8_thumb.png,image,1489559548image8-thumb-879a1d9a.png,,200
https://www.smbbmu.edu.pk/beta/uploads/gallery/events/1489559329img1Ana_thumb.png,image,1489559329img1ana-thumb-644efdb9.png,,200
https://www.smbbmu.edu.pk/beta/uploads/gallery/events/1489559315image9_thumb.png,image,1489559315image9-thumb-3d2215b6.png,,200
https://www.smbbmu.edu.pk/beta/uploads/gallery/events/1489559303image8_thumb.png,image,1489559303image8-thumb-7fdab98d.png,,200
https://www.smbbmu.edu.pk/beta/uploads/gallery/events/1489559253image5_thumb.png,image,1489559253image5-thumb-42c2a532.png,,200
https://www.smbbmu.edu.pk/beta/uploads/gallery/events/1489559251image4_thumb.png,image,1489559251image4-thumb-1215ea89.png,,200
https://www.smbbmu.edu.pk/beta/uploads/gallery/events/1489559237image2_thumb.png,image,1489559237image2-thumb-88f685ab.png,,200
https://www.smbbmu.edu.pk/beta/uploads/gallery/events/1489559235image3_thumb.png,image,1489559235image3-thumb-d66f62eb.png,,200
https://www.smbbmu.edu.pk/beta/uploads/gallery/events/thumbs/1489559548image8_thumb.png,image,1489559548image8-thumb-56b1c7fe.png,,200
https://www.smbbmu.edu.pk/beta/uploads/gallery/events/thumbs/1489559329img1Ana_thumb.png,image,1489559329img1ana-thumb-398b0dbd.png,,200
https://www.smbbmu.edu.pk/beta/uploads/gallery/events/thumbs/1489559315image9_thumb.png,image,1489559315image9-thumb-c55cf409.png,,200
https://www.smbbmu.edu.pk/beta/uploads/gallery/events/thumbs/1489559303image8_thumb.png,image,1489559303image8-thumb-f057d6e2.png,,200
https://www.smbbmu.edu.pk/beta/uploads/gallery/events/thumbs/1489559253image5_thumb.png,image,1489559253image5-thumb-7147c4f2.png,,200
https://www.smbbmu.edu.pk/beta/uploads/gallery/events/thumbs/1489559251image4_thumb.png,image,1489559251image4-thumb-87a2a73d.png,,200
https://www.smbbmu.edu.pk/beta/uploads/gallery/events/thumbs/1489559237image2_thumb.png,image,1489559237image2-thumb-6e2fb65c.png,,200
https://www.smbbmu.edu.pk/beta/uploads/gallery/events/thumbs/1489559235image3_thumb.png,image,1489559235image3-thumb-91c02c77.png,,200
"https://www.smbbmu.edu.pk/beta/news/details/workshop-on-how-to-write-criteria-no.-3,-4-and-5-of-sar-02-11-2017",news,"Workshop on How to write Criteria No. 3, 4 and 5 of SAR",2017-02-11,200
https://www.smbbmu.edu.pk/beta/uploads/gallery/events/1488183649pic1_thumb.jpg,image,1488183649pic1-thumb-514ab2e8.jpg,,200
https://www.smbbmu.edu.pk/beta/uploads/gallery/events/1488183643pic7_thumb.jpg,image,1488183643pic7-thumb-46c3116e.jpg,,200
https://www.smbbmu.edu.pk/beta/uploads/gallery/events/1488183641pic6_thumb.jpg,image,1488183641pic6-thumb-18a12c71.jpg,,200
https://www.smbbmu.edu.pk/beta/uploads/gallery/events/1488183632pic4_thumb.jpg,image,1488183632pic4-thumb-3a60bcc7.jpg,,200
https://www.smbbmu.edu.pk/beta/uploads/gallery/events/1488183632pic5_thumb.jpg,image,1488183632pic5-thumb-170efd28.jpg,,200
https://www.smbbmu.edu.pk/beta/uploads/gallery/events/1488183623pic2_thumb.jpg,image,1488183623pic2-thumb-184e9cdf.jpg,,200
https://www.smbbmu.edu.pk/beta/uploads/gallery/events/1488183622pic3_thumb.jpg,image,1488183622pic3-thumb-154fd90b.jpg,,200
https://www.smbbmu.edu.pk/beta/uploads/gallery/events/thumbs/1488183649pic1_thumb.jpg,image,1488183649pic1-thumb-c5de3c32.jpg,,200
https://www.smbbmu.edu.pk/beta/uploads/gallery/events/thumbs/1488183643pic7_thumb.jpg,image,1488183643pic7-thumb-1236e641.jpg,,200
https://www.smbbmu.edu.pk/beta/uploads/gallery/events/thumbs/1488183641pic6_thumb.jpg,image,1488183641pic6-thumb-3ba528b0.jpg,,200
https://www.smbbmu.edu.pk/beta/uploads/gallery/events/thumbs/1488183632pic4_thumb.jpg,image,1488183632pic4-thumb-6d779082.jpg,,200
https://www.smbbmu.edu.pk/beta/uploads/gallery/events/thumbs/1488183632pic5_thumb.jpg,image,1488183632pic5-thumb-118e896c.jpg,,200
https://www.smbbmu.edu.pk/beta/uploads/gallery/events/thumbs/1488183623pic2_thumb.jpg,image,1488183623pic2-thumb-3880b93e.jpg,,200
https://www.smbbmu.edu.pk/beta/uploads/gallery/events/thumbs/1488183622pic3_thumb.jpg,image,1488183622pic3-thumb-a53bb579.jpg,,200
https://www.smbbmu.edu.pk/beta/news/details/workshop-on-how-to-write-criteria-no-1-and-2-of-sar,news,Workshop on How to write Criteria No. 1 & 2 of  SAR,2016-05-26,200
https://www.smbbmu.edu.pk/beta/uploads/gallery/events/1464853230IMG_0396_thumb.JPG,image,1464853230img-0396-thumb-a0dbc4c7.jpg,,200
https://www.smbbmu.edu.pk/beta/uploads/gallery/events/1464853228IMG_0394_thumb.JPG,image,1464853228img-0394-thumb-a66f9f40.jpg,,200
https://www.smbbmu.edu.pk/beta/uploads/gallery/events/1464852961IMG_0391_thumb.JPG,image,1464852961img-0391-thumb-012b6b4b.jpg,,200
https://www.smbbmu.edu.pk/beta/uploads/gallery/events/1464852958IMG_0390_thumb.JPG,image,1464852958img-0390-thumb-1a7e4aa8.jpg,,200
https://www.smbbmu.edu.pk/beta/uploads/gallery/events/1464852836IMG_0385_thumb.JPG,image,1464852836img-0385-thumb-65ae2997.jpg,,200
https://www.smbbmu.edu.pk/beta/uploads/gallery/events/1464852392IMG_0384_thumb.JPG,image,1464852392img-0384-thumb-8b9c2011.jpg,,200
https://www.smbbmu.edu.pk/beta/uploads/gallery/events/1464852364IMG_0381_thumb.JPG,image,1464852364img-0381-thumb-b5bc3c14.jpg,,200
https://www.smbbmu.edu.pk/beta/uploads/gallery/events/1464852262IMG_0377_thumb.JPG,image,1464852262img-0377-thumb-cd5fbd76.jpg,,200
https://www.smbbmu.edu.pk/beta/uploads/gallery/events/1464852148IMG_0375_thumb.JPG,image,1464852148img-0375-thumb-227a03f5.jpg,,200
https://www.smbbmu.edu.pk/beta/uploads/gallery/events/1464852101IMG_0373_thumb.JPG,image,1464852101img-0373-thumb-bdd4ca7b.jpg,,200
https://www.smbbmu.edu.pk/beta/uploads/gallery/events/thumbs/1464853230IMG_0396_thumb.JPG,image,1464853230img-0396-thumb-02859d93.jpg,,200
https://www.smbbmu.edu.pk/beta/uploads/gallery/events/thumbs/1464853228IMG_0394_thumb.JPG,image,1464853228img-0394-thumb-997d369c.jpg,,200
https://www.smbbmu.edu.pk/beta/uploads/gallery/events/thumbs/1464852961IMG_0391_thumb.JPG,image,1464852961img-0391-thumb-d30d6438.jpg,,200
https://www.smbbmu.edu.pk/beta/uploads/gallery/events/thumbs/1464852958IMG_0390_thumb.JPG,image,1464852958img-0390-thumb-0820f665.jpg,,200
https://www.smbbmu.edu.pk/beta/uploads/gallery/events/thumbs/1464852836IMG_0385_thumb.JPG,image,1464852836img-0385-thumb-368fc1fb.jpg,,200
https://www.smbbmu.edu.pk/beta/uploads/gallery/events/thumbs/1464852392IMG_0384_thumb.JPG,image,1464852392img-0384-thumb-6f35eef9.jpg,,200
https://www.smbbmu.edu.pk/beta/uploads/gallery/events/thumbs/1464852364IMG_0381_thumb.JPG,image,1464852364img-0381-thumb-3a08fac0.jpg,,200
https://www.smbbmu.edu.pk/beta/uploads/gallery/events/thumbs/1464852262IMG_0377_thumb.JPG,image,1464852262img-0377-thumb-13431bf9.jpg,,200
https://www.smbbmu.edu.pk/beta/uploads/gallery/events/thumbs/1464852148IMG_0375_thumb.JPG,image,1464852148img-0375-thumb-e853f80d.jpg,,200
https://www.smbbmu.edu.pk/beta/uploads/gallery/events/thumbs/1464852101IMG_0373_thumb.JPG,image,1464852101img-0373-thumb-144017ac.jpg,,200
https://www.smbbmu.edu.pk/beta/news/details/workshop-on-how-to-write-criteria-no-1-2-of-sar-19-march-2016,news,Workshop on How to write Criteria No. 1 & 2 of SAR,2016-03-19,200
https://www.smbbmu.edu.pk/beta/uploads/gallery/events/1464853954IMG_0042_thumb.JPG,image,1464853954img-0042-thumb-821038f2.jpg,,200
https://www.smbbmu.edu.pk/beta/uploads/gallery/events/1464853905IMG_0045_thumb.JPG,image,1464853905img-0045-thumb-19419dd5.jpg,,200
https://www.smbbmu.edu.pk/beta/uploads/gallery/events/1464853731IMG_0052_thumb.JPG,image,1464853731img-0052-thumb-4358785e.jpg,,200
https://www.smbbmu.edu.pk/beta/uploads/gallery/events/thumbs/1464853954IMG_0042_thumb.JPG,image,1464853954img-0042-thumb-4ff3793f.jpg,,200
https://www.smbbmu.edu.pk/beta/uploads/gallery/events/thumbs/1464853905IMG_0045_thumb.JPG,image,1464853905img-0045-thumb-7fc6d0e0.jpg,,200
https://www.smbbmu.edu.pk/beta/uploads/gallery/events/thumbs/1464853731IMG_0052_thumb.JPG,image,1464853731img-0052-thumb-1127b469.jpg,,200
https://www.smbbmu.edu.pk/beta/news/details/workshop-on-dimensions-of-quality-assurance-and-self-assessment-28-11-2015,news,Workshop on Dimensions of Quality Assurance and Self Assessment at GMMMC Sukkur,2015-11-28,200
https://www.smbbmu.edu.pk/beta/uploads/gallery/events/1450162619DSC03496_thumb.JPG,image,1450162619dsc03496-thumb-18a248a8.jpg,,200
https://www.smbbmu.edu.pk/beta/uploads/gallery/events/1450162615DSC03495_thumb.JPG,image,1450162615dsc03495-thumb-c188ba46.jpg,,200
https://www.smbbmu.edu.pk/beta/uploads/gallery/events/1450162605DSC03522_thumb.JPG,image,1450162605dsc03522-thumb-fae54fd2.jpg,,200
https://www.smbbmu.edu.pk/beta/uploads/gallery/events/1450162605DSC03521_thumb.JPG,image,1450162605dsc03521-thumb-a30583c6.jpg,,200
https://www.smbbmu.edu.pk/beta/uploads/gallery/events/1450162603DSC03520_thumb.JPG,image,1450162603dsc03520-thumb-07644848.jpg,,200
https://www.smbbmu.edu.pk/beta/uploads/gallery/events/1450162603DSC03515_thumb.JPG,image,1450162603dsc03515-thumb-2f79fd96.jpg,,200
https://www.smbbmu.edu.pk/beta/uploads/gallery/events/1450162602DSC03514_thumb.JPG,image,1450162602dsc03514-thumb-49ef26d2.jpg,,200
https://www.smbbmu.edu.pk/beta/uploads/gallery/events/1450162601DSC03513_thumb.JPG,image,1450162601dsc03513-thumb-bc73945b.jpg,,200
https://www.smbbmu.edu.pk/beta/uploads/gallery/events/1450162600DSC03512_thumb.JPG,image,1450162600dsc03512-thumb-b4fee1f3.jpg,,200
https://www.smbbmu.edu.pk/beta/uploads/gallery/events/1450162599DSC03509_thumb.JPG,image,1450162599dsc03509-thumb-6a6cb546.jpg,,200
https://www.smbbmu.edu.pk/beta/uploads/gallery/events/1450162598DSC03508_thumb.JPG,image,1450162598dsc03508-thumb-90b9b11b.jpg,,200
https://www.smbbmu.edu.pk/beta/uploads/gallery/events/1450162598DSC03506_thumb.JPG,image,1450162598dsc03506-thumb-01e1ece2.jpg,,200
https://www.smbbmu.edu.pk/beta/uploads/gallery/events/1450162595DSC03505_thumb.JPG,image,1450162595dsc03505-thumb-a5fdc63d.jpg,,200
https://www.smbbmu.edu.pk/beta/uploads/gallery/events/1450162595DSC03504_thumb.JPG,image,1450162595dsc03504-thumb-81b3996a.jpg,,200
https://www.smbbmu.edu.pk/beta/uploads/gallery/events/1450162594DSC03503_thumb.JPG,image,1450162594dsc03503-thumb-9146cb6e.jpg,,200
https://www.smbbmu.edu.pk/beta/uploads/gallery/events/1450162594DSC03502_thumb.JPG,image,1450162594dsc03502-thumb-f35127e7.jpg,,200
https://www.smbbmu.edu.pk/beta/uploads/gallery/events/1450162592DSC03501_thumb.JPG,image,1450162592dsc03501-thumb-88464b61.jpg,,200
https://www.smbbmu.edu.pk/beta/uploads/gallery/events/1450162592DSC03500_thumb.JPG,image,1450162592dsc03500-thumb-b753a7c7.jpg,,404
https://www.smbbmu.edu.pk/beta/uploads/gallery/events/1450162588DSC03499_thumb.JPG,image,1450162588dsc03499-thumb-1ec36e47.jpg,,200
https://www.smbbmu.edu.pk/beta/uploads/gallery/events/1450162588DSC03497_thumb.JPG,image,1450162588dsc03497-thumb-78474d7a.jpg,,200
https://www.smbbmu.edu.pk/beta/uploads/gallery/events/1450162551DSC03495_thumb.JPG,image,1450162551dsc03495-thumb-01b83ba1.jpg,,200
https://www.smbbmu.edu.pk/beta/uploads/gallery/events/1450162551DSC03493_thumb.JPG,image,1450162551dsc03493-thumb-b060faf4.jpg,,200
https://www.smbbmu.edu.pk/beta/uploads/gallery/events/1450162549DSC03492_thumb.JPG,image,1450162549dsc03492-thumb-52a73714.jpg,,200
https://www.smbbmu.edu.pk/beta/uploads/gallery/events/1450162549DSC03490_thumb.JPG,image,1450162549dsc03490-thumb-b0ed62db.jpg,,200
https://www.smbbmu.edu.pk/beta/uploads/gallery/events/1450162547DSC03486_thumb.JPG,image,1450162547dsc03486-thumb-4119e863.jpg,,200
https://www.smbbmu.edu.pk/beta/uploads/gallery/events/1450162547DSC03487_thumb.JPG,image,1450162547dsc03487-thumb-1ff17d69.jpg,,200
https://www.smbbmu.edu.pk/beta/uploads/gallery/events/1450162545DSC03485_thumb.JPG,image,1450162545dsc03485-thumb-b9f5b67c.jpg,,200
https://www.smbbmu.edu.pk/beta/uploads/gallery/events/1450162545DSC03484_thumb.JPG,image,1450162545dsc03484-thumb-20b02036.jpg,,200
https://www.smbbmu.edu.pk/beta/uploads/gallery/events/1450162497DSC03531_thumb.JPG,image,1450162497dsc03531-thumb-1f54cee0.jpg,,200
https://www.smbbmu.edu.pk/beta/uploads/gallery/events/1450162497DSC03530_thumb.JPG,image,1450162497dsc03530-thumb-cdff73a9.jpg,,200
https://www.smbbmu.edu.pk/beta/uploads/gallery/events/1450162495DSC03528_thumb.JPG,image,1450162495dsc03528-thumb-15bdde42.jpg,,200
https://www.smbbmu.edu.pk/beta/uploads/gallery/events/1450162495DSC03529_thumb.JPG,image,1450162495dsc03529-thumb-21e1199d.jpg,,200
https://www.smbbmu.edu.pk/beta/uploads/gallery/events/1450162492DSC03526_thumb.JPG,image,1450162492dsc03526-thumb-c881a0d5.jpg,,200
https://www.smbbmu.edu.pk/beta/uploads/gallery/events/1450162492DSC03527_thumb.JPG,image,1450162492dsc03527-thumb-9a210cff.jpg,,200
https://www.smbbmu.edu.pk/beta/uploads/gallery/events/thumbs/1450162619DSC03496_thumb.JPG,image,1450162619dsc03496-thumb-6af625bd.jpg,,200
https://www.smbbmu.edu.pk/beta/uploads/gallery/events/thumbs/1450162615DSC03495_thumb.JPG,image,1450162615dsc03495-thumb-566d36b8.jpg,,200
https://www.smbbmu.edu.pk/beta/uploads/gallery/events/thumbs/1450162605DSC03522_thumb.JPG,image,1450162605dsc03522-thumb-c9c193e5.jpg,,200
https://www.smbbmu.edu.pk/beta/uploads/gallery/events/thumbs/1450162605DSC03521_thumb.JPG,image,1450162605dsc03521-thumb-e0891a4a.jpg,,200
https://www.smbbmu.edu.pk/beta/uploads/gallery/events/thumbs/1450162603DSC03520_thumb.JPG,image,1450162603dsc03520-thumb-e331bfaf.jpg,,200
https://www.smbbmu.edu.pk/beta/uploads/gallery/events/thumbs/1450162603DSC03515_thumb.JPG,image,1450162603dsc03515-thumb-12af6efd.jpg,,200
https://www.smbbmu.edu.pk/beta/uploads/gallery/events/thumbs/1450162602DSC03514_thumb.JPG,image,1450162602dsc03514-thumb-140facc6.jpg,,200
https://www.smbbmu.edu.pk/beta/uploads/gallery/events/thumbs/1450162601DSC03513_thumb.JPG,image,1450162601dsc03513-thumb-96764be0.jpg,,200
https://www.smbbmu.edu.pk/beta/uploads/gallery/events/thumbs/1450162600DSC03512_thumb.JPG,image,1450162600dsc03512-thumb-34595eb4.jpg,,200
https://www.smbbmu.edu.pk/beta/uploads/gallery/events/thumbs/1450162599DSC03509_thumb.JPG,image,1450162599dsc03509-thumb-528fdb80.jpg,,200
https://www.smbbmu.edu.pk/beta/uploads/gallery/events/thumbs/1450162598DSC03508_thumb.JPG,image,1450162598dsc03508-thumb-dd830b85.jpg,,200
https://www.smbbmu.edu.pk/beta/uploads/gallery/events/thumbs/1450162598DSC03506_thumb.JPG,image,1450162598dsc03506-thumb-8008691b.jpg,,200
https://www.smbbmu.edu.pk/beta/uploads/gallery/events/thumbs/1450162595DSC03505_thumb.JPG,image,1450162595dsc03505-thumb-e05c6cae.jpg,,200
https://www.smbbmu.edu.pk/beta/uploads/gallery/events/thumbs/1450162595DSC03504_thumb.JPG,image,1450162595dsc03504-thumb-a69945b3.jpg,,200
https://www.smbbmu.edu.pk/beta/uploads/gallery/events/thumbs/1450162594DSC03503_thumb.JPG,image,1450162594dsc03503-thumb-58b1ff9d.jpg,,200
https://www.smbbmu.edu.pk/beta/uploads/gallery/events/thumbs/1450162594DSC03502_thumb.JPG,image,1450162594dsc03502-thumb-c35fc043.jpg,,200
https://www.smbbmu.edu.pk/beta/uploads/gallery/events/thumbs/1450162592DSC03501_thumb.JPG,image,1450162592dsc03501-thumb-7ee5ac3b.jpg,,200
https://www.smbbmu.edu.pk/beta/uploads/gallery/events/thumbs/1450162592DSC03500_thumb.JPG,image,1450162592dsc03500-thumb-7d025069.jpg,,200
https://www.smbbmu.edu.pk/beta/uploads/gallery/events/thumbs/1450162588DSC03499_thumb.JPG,image,1450162588dsc03499-thumb-d9665c5f.jpg,,200
https://www.smbbmu.edu.pk/beta/uploads/gallery/events/thumbs/1450162588DSC03497_thumb.JPG,image,1450162588dsc03497-thumb-7e0894c2.jpg,,200
https://www.smbbmu.edu.pk/beta/uploads/gallery/events/thumbs/1450162551DSC03495_thumb.JPG,image,1450162551dsc03495-thumb-883d6b75.jpg,,200
https://www.smbbmu.edu.pk/beta/uploads/gallery/events/thumbs/1450162551DSC03493_thumb.JPG,image,1450162551dsc03493-thumb-9d744fe8.jpg,,200
https://www.smbbmu.edu.pk/beta/uploads/gallery/events/thumbs/1450162549DSC03492_thumb.JPG,image,1450162549dsc03492-thumb-d60f922a.jpg,,200
https://www.smbbmu.edu.pk/beta/uploads/gallery/events/thumbs/1450162549DSC03490_thumb.JPG,image,1450162549dsc03490-thumb-a37b6ff8.jpg,,200
https://www.smbbmu.edu.pk/beta/uploads/gallery/events/thumbs/1450162547DSC03486_thumb.JPG,image,1450162547dsc03486-thumb-9672d757.jpg,,200
https://www.smbbmu.edu.pk/beta/uploads/gallery/events/thumbs/1450162547DSC03487_thumb.JPG,image,1450162547dsc03487-thumb-1d68d7a9.jpg,,200
https://www.smbbmu.edu.pk/beta/uploads/gallery/events/thumbs/1450162545DSC03485_thumb.JPG,image,1450162545dsc03485-thumb-b1190bc8.jpg,,200
https://www.smbbmu.edu.pk/beta/uploads/gallery/events/thumbs/1450162545DSC03484_thumb.JPG,image,1450162545dsc03484-thumb-0597081c.jpg,,200
https://www.smbbmu.edu.pk/beta/uploads/gallery/events/thumbs/1450162497DSC03531_thumb.JPG,image,1450162497dsc03531-thumb-eb936b10.jpg,,200
https://www.smbbmu.edu.pk/beta/uploads/gallery/events/thumbs/1450162497DSC03530_thumb.JPG,image,1450162497dsc03530-thumb-ae4d66ff.jpg,,200
https://www.smbbmu.edu.pk/beta/uploads/gallery/events/thumbs/1450162495DSC03528_thumb.JPG,image,1450162495dsc03528-thumb-649ad350.jpg,,200
https://www.smbbmu.edu.pk/beta/uploads/gallery/events/thumbs/1450162495DSC03529_thumb.JPG,image,1450162495dsc03529-thumb-8d39f626.jpg,,200
https://www.smbbmu.edu.pk/beta/uploads/gallery/events/thumbs/1450162492DSC03526_thumb.JPG,image,1450162492dsc03526-thumb-66323081.jpg,,200
https://www.smbbmu.edu.pk/beta/uploads/gallery/events/thumbs/1450162492DSC03527_thumb.JPG,image,1450162492dsc03527-thumb-6682069f.jpg,,200
https://www.smbbmu.edu.pk/beta/news/details/workshop-on-important-of-quality-assurance-in-higher-education-institutes-self-assessment-report-dec-08-2014,news,Workshop on Important Of Quality Assurance in Higher Education Institutes & Self Assessment Report,2014-12-08,200
https://www.smbbmu.edu.pk/beta/uploads/gallery/events/1422485999IMG_20141208_123645.jpg,image,1422485999img-20141208-123645-d702e640.jpg,,200
https://www.smbbmu.edu.pk/beta/uploads/gallery/events/1422485998IMG_20141208_123636.jpg,image,1422485998img-20141208-123636-a687aa35.jpg,,200
https://www.smbbmu.edu.pk/beta/uploads/gallery/events/1422485998IMG_20141208_123628.jpg,image,1422485998img-20141208-123628-5aaa276a.jpg,,200
https://www.smbbmu.edu.pk/beta/uploads/gallery/events/1422485998IMG_20141208_123621.jpg,image,1422485998img-20141208-123621-ff5efb12.jpg,,200
https://www.smbbmu.edu.pk/beta/uploads/gallery/events/1422485997IMG_20141208_123236.jpg,image,1422485997img-20141208-123236-0efb38b0.jpg,,200
https://www.smbbmu.edu.pk/beta/uploads/gallery/events/1422485997IMG_20141208_123234.jpg,image,1422485997img-20141208-123234-33e38ea2.jpg,,200
https://www.smbbmu.edu.pk/beta/uploads/gallery/events/1422485997IMG_20141208_123217.jpg,image,1422485997img-20141208-123217-0ea42ff1.jpg,,200
https://www.smbbmu.edu.pk/beta/uploads/gallery/events/1422485997IMG_20141208_123214.jpg,image,1422485997img-20141208-123214-822d90d3.jpg,,200
https://www.smbbmu.edu.pk/beta/uploads/gallery/events/1422485996IMG_20141208_101914.jpg,image,1422485996img-20141208-101914-1f7c291c.jpg,,200
https://www.smbbmu.edu.pk/beta/uploads/gallery/events/1422485996IMG_20141208_101903.jpg,image,1422485996img-20141208-101903-73ca3ca4.jpg,,200
https://www.smbbmu.edu.pk/beta/uploads/gallery/events/1422485991IMG_20141208_101842.jpg,image,1422485991img-20141208-101842-e0bcf95f.jpg,,200
https://www.smbbmu.edu.pk/beta/uploads/gallery/events/1422485991IMG_20141208_101855.jpg,image,1422485991img-20141208-101855-4c0c89af.jpg,,200
https://www.smbbmu.edu.pk/beta/uploads/gallery/events/thumbs/1422485999IMG_20141208_123645.jpg,image,1422485999img-20141208-123645-c58c56f1.jpg,,200
https://www.smbbmu.edu.pk/beta/uploads/gallery/events/thumbs/1422485998IMG_20141208_123636.jpg,image,1422485998img-20141208-123636-90260904.jpg,,200
https://www.smbbmu.edu.pk/beta/uploads/gallery/events/thumbs/1422485998IMG_20141208_123628.jpg,image,1422485998img-20141208-123628-65d7570d.jpg,,200
https://www.smbbmu.edu.pk/beta/uploads/gallery/events/thumbs/1422485998IMG_20141208_123621.jpg,image,1422485998img-20141208-123621-71b2a731.jpg,,200
https://www.smbbmu.edu.pk/beta/uploads/gallery/events/thumbs/1422485997IMG_20141208_123236.jpg,image,1422485997img-20141208-123236-3f2c5f36.jpg,,200
https://www.smbbmu.edu.pk/beta/uploads/gallery/events/thumbs/1422485997IMG_20141208_123234.jpg,image,1422485997img-20141208-123234-d873671d.jpg,,200
https://www.smbbmu.edu.pk/beta/uploads/gallery/events/thumbs/1422485997IMG_20141208_123217.jpg,image,1422485997img-20141208-123217-d73b72ae.jpg,,200
https://www.smbbmu.edu.pk/beta/uploads/gallery/events/thumbs/1422485997IMG_20141208_123214.jpg,image,1422485997img-20141208-123214-34aa03af.jpg,,200
https://www.smbbmu.edu.pk/beta/uploads/gallery/events/thumbs/1422485996IMG_20141208_101914.jpg,image,1422485996img-20141208-101914-c04e1616.jpg,,200
https://www.smbbmu.edu.pk/beta/uploads/gallery/events/thumbs/1422485996IMG_20141208_101903.jpg,image,1422485996img-20141208-101903-bece4ece.jpg,,200
https://www.smbbmu.edu.pk/beta/uploads/gallery/events/thumbs/1422485991IMG_20141208_101842.jpg,image,1422485991img-20141208-101842-6f741159.jpg,,200
https://www.smbbmu.edu.pk/beta/uploads/gallery/events/thumbs/1422485991IMG_20141208_101855.jpg,image,1422485991img-20141208-101855-daa5105e.jpg,,200
https://www.smbbmu.edu.pk/beta/news/details/how-to-write-criteria-No-6-7-and-8-of-SAR,news,"How to write criteria No.6, 7 & 8 of SAR",2014-09-09,200
https://www.smbbmu.edu.pk/beta/uploads/gallery/events/1422556630IMG_8872.JPG,image,1422556630img-8872-9ac2699a.jpg,,200
https://www.smbbmu.edu.pk/beta/uploads/gallery/events/1422556630IMG_8871.JPG,image,1422556630img-8871-78bc2f48.jpg,,200
https://www.smbbmu.edu.pk/beta/uploads/gallery/events/1422556630IMG_8870.JPG,image,1422556630img-8870-00a8ad40.jpg,,200
https://www.smbbmu.edu.pk/beta/uploads/gallery/events/1422556629IMG_8869.JPG,image,1422556629img-8869-9c6c56f7.jpg,,200
https://www.smbbmu.edu.pk/beta/uploads/gallery/events/1422556629IMG_8868.JPG,image,1422556629img-8868-321f1dd1.jpg,,200
https://www.smbbmu.edu.pk/beta/uploads/gallery/events/thumbs/1422556630IMG_8872.JPG,image,1422556630img-8872-239aedee.jpg,,200
https://www.smbbmu.edu.pk/beta/uploads/gallery/events/thumbs/1422556630IMG_8871.JPG,image,1422556630img-8871-248614c0.jpg,,200
https://www.smbbmu.edu.pk/beta/uploads/gallery/events/thumbs/1422556630IMG_8870.JPG,image,1422556630img-8870-48b4f316.jpg,,200
https://www.smbbmu.edu.pk/beta/uploads/gallery/events/thumbs/1422556629IMG_8869.JPG,image,1422556629img-8869-1eb8d472.jpg,,200
https://www.smbbmu.edu.pk/beta/uploads/gallery/events/thumbs/1422556629IMG_8868.JPG,image,1422556629img-8868-85351c8b.jpg,,200
https://www.smbbmu.edu.pk/beta/news/details/how-to-write-criteria-no-3-4-and-5-of-SAR-jun-27-2014,news,"How to write Criteria No. 03, 4 & 5 of SAR",2014-06-27,200
https://www.smbbmu.edu.pk/beta/uploads/gallery/events/1422556314IMG_8525.JPG,image,1422556314img-8525-7f62a99a.jpg,,200
https://www.smbbmu.edu.pk/beta/uploads/gallery/events/1422556314IMG_8526.JPG,image,1422556314img-8526-869ef248.jpg,,200
https://www.smbbmu.edu.pk/beta/uploads/gallery/events/1422556313IMG_8524.JPG,image,1422556313img-8524-51fbe15e.jpg,,200
https://www.smbbmu.edu.pk/beta/uploads/gallery/events/1422556313IMG_8523.JPG,image,1422556313img-8523-46fc7324.jpg,,200
https://www.smbbmu.edu.pk/beta/uploads/gallery/events/1422556312IMG_8522.JPG,image,1422556312img-8522-bc6c9dae.jpg,,200
https://www.smbbmu.edu.pk/beta/uploads/gallery/events/1422556312IMG_8521.JPG,image,1422556312img-8521-145cbe65.jpg,,200
https://www.smbbmu.edu.pk/beta/uploads/gallery/events/thumbs/1422556314IMG_8525.JPG,image,1422556314img-8525-28a2be9d.jpg,,200
https://www.smbbmu.edu.pk/beta/uploads/gallery/events/thumbs/1422556314IMG_8526.JPG,image,1422556314img-8526-e866133d.jpg,,200
https://www.smbbmu.edu.pk/beta/uploads/gallery/events/thumbs/1422556313IMG_8524.JPG,image,1422556313img-8524-764de73b.jpg,,200
https://www.smbbmu.edu.pk/beta/uploads/gallery/events/thumbs/1422556313IMG_8523.JPG,image,1422556313img-8523-261f7b09.jpg,,200
https://www.smbbmu.edu.pk/beta/uploads/gallery/events/thumbs/1422556312IMG_8522.JPG,image,1422556312img-8522-58224071.jpg,,200
https://www.smbbmu.edu.pk/beta/uploads/gallery/events/thumbs/1422556312IMG_8521.JPG,image,1422556312img-8521-6b3b3042.jpg,,200
https://www.smbbmu.edu.pk/beta/news/details/how-to-write-criteria-no-01-2-SAR-jan-23-2014,news,How to write Criteria No. 01 & 2 of SAR,2014-01-23,200
https://www.smbbmu.edu.pk/beta/uploads/gallery/events/1422556172photo of workshop.JPG,image,1422556172photo-of-workshop-ac3ad736.jpg,,200
https://www.smbbmu.edu.pk/beta/uploads/gallery/events/1422556171photo 8.JPG,image,1422556171photo-8-169223e5.jpg,,200
https://www.smbbmu.edu.pk/beta/uploads/gallery/events/1422556170photo 7.JPG,image,1422556170photo-7-45d86a5a.jpg,,200
https://www.smbbmu.edu.pk/beta/uploads/gallery/events/1422556170photo 6.JPG,image,1422556170photo-6-100aa38e.jpg,,200
https://www.smbbmu.edu.pk/beta/uploads/gallery/events/1422556169photo 5.JPG,image,1422556169photo-5-b93cd850.jpg,,200
https://www.smbbmu.edu.pk/beta/uploads/gallery/events/1422556169photo 4.JPG,image,1422556169photo-4-a46e9c8b.jpg,,200
https://www.smbbmu.edu.pk/beta/uploads/gallery/events/1422556168photo 2.JPG,image,1422556168photo-2-70a6f1f8.jpg,,200
https://www.smbbmu.edu.pk/beta/uploads/gallery/events/1422556168photo 3.JPG,image,1422556168photo-3-76234437.jpg,,200
https://www.smbbmu.edu.pk/beta/uploads/gallery/events/thumbs/1422556172photo of workshop.JPG,image,1422556172photo-of-workshop-fac330f1.jpg,,200
https://www.smbbmu.edu.pk/beta/uploads/gallery/events/thumbs/1422556171photo 8.JPG,image,1422556171photo-8-59fcf0e9.jpg,,200
https://www.smbbmu.edu.pk/beta/uploads/gallery/events/thumbs/1422556170photo 7.JPG,image,1422556170photo-7-17c70309.jpg,,200
https://www.smbbmu.edu.pk/beta/uploads/gallery/events/thumbs/1422556170photo 6.JPG,image,1422556170photo-6-6c942055.jpg,,200
https://www.smbbmu.edu.pk/beta/uploads/gallery/events/thumbs/1422556169photo 5.JPG,image,1422556169photo-5-54deefb1.jpg,,200
https://www.smbbmu.edu.pk/beta/uploads/gallery/events/thumbs/1422556169photo 4.JPG,image,1422556169photo-4-9108cf95.jpg,,200
https://www.smbbmu.edu.pk/beta/uploads/gallery/events/thumbs/1422556168photo 2.JPG,image,1422556168photo-2-54be37c7.jpg,,200
https://www.smbbmu.edu.pk/beta/uploads/gallery/events/thumbs/1422556168photo 3.JPG,image,1422556168photo-3-5d232a9b.jpg,,200
https://www.smbbmu.edu.pk/beta/news/details/workshop-on-Quality-assurance-awareness-self-assessment-report-SAR-writing-nov-26-2013,news,Workshop on Quality Assurance Awareness (QAA) & Self Assessment Report (SAR) Writing,2013-11-26,200
https://www.smbbmu.edu.pk/beta/uploads/gallery/events/1422485414new9.jpg,image,1422485414new9-eebf7836.jpg,,200
https://www.smbbmu.edu.pk/beta/uploads/gallery/events/1422485414new8.jpg,image,1422485414new8-e0d5bdb0.jpg,,200
https://www.smbbmu.edu.pk/beta/uploads/gallery/events/1422485411new3.jpg,image,1422485411new3-afdfe340.jpg,,200
https://www.smbbmu.edu.pk/beta/uploads/gallery/events/1422485413new7.jpg,image,1422485413new7-8d21992e.jpg,,200
https://www.smbbmu.edu.pk/beta/uploads/gallery/events/1422485413new6.jpg,image,1422485413new6-f1eb78ec.jpg,,200
https://www.smbbmu.edu.pk/beta/uploads/gallery/events/1422485412new5.jpg,image,1422485412new5-e522ae56.jpg,,200
https://www.smbbmu.edu.pk/beta/uploads/gallery/events/1422485411new4.jpg,image,1422485411new4-a1d0ff3a.jpg,,200
https://www.smbbmu.edu.pk/beta/uploads/gallery/events/1422485409new2.jpg,image,1422485409new2-0f003c29.jpg,,200
https://www.smbbmu.edu.pk/beta/uploads/gallery/events/1422485409new10.jpg,image,1422485409new10-1883f6e6.jpg,,200
https://www.smbbmu.edu.pk/beta/uploads/gallery/events/1422483274new.jpg,image,1422483274new-616067c9.jpg,,200
https://www.smbbmu.edu.pk/beta/uploads/gallery/events/thumbs/1422485414new9.jpg,image,1422485414new9-e2eb26f7.jpg,,200
https://www.smbbmu.edu.pk/beta/uploads/gallery/events/thumbs/1422485414new8.jpg,image,1422485414new8-27a99354.jpg,,200
https://www.smbbmu.edu.pk/beta/uploads/gallery/events/thumbs/1422485411new3.jpg,image,1422485411new3-01f9fae3.jpg,,200
https://www.smbbmu.edu.pk/beta/uploads/gallery/events/thumbs/1422485413new7.jpg,image,1422485413new7-8c1da7e9.jpg,,200
https://www.smbbmu.edu.pk/beta/uploads/gallery/events/thumbs/1422485413new6.jpg,image,1422485413new6-c148662f.jpg,,200
https://www.smbbmu.edu.pk/beta/uploads/gallery/events/thumbs/1422485412new5.jpg,image,1422485412new5-3f57588b.jpg,,200
https://www.smbbmu.edu.pk/beta/uploads/gallery/events/thumbs/1422485411new4.jpg,image,1422485411new4-c308be8c.jpg,,200
https://www.smbbmu.edu.pk/beta/uploads/gallery/events/thumbs/1422485409new2.jpg,image,1422485409new2-aa5b371b.jpg,,200
https://www.smbbmu.edu.pk/beta/uploads/gallery/events/thumbs/1422485409new10.jpg,image,1422485409new10-ee0f59da.jpg,,200
https://www.smbbmu.edu.pk/beta/uploads/gallery/events/thumbs/1422483274new.jpg,image,1422483274new-b497d2af.jpg,,200
https://www.smbbmu.edu.pk/beta/news/details/how-to-write-criteria-no-6-7-and-8-of-SAR-sep-18-2013,news,"How to write Criteria No. 6, 7 & 8 of SAR",2013-09-18,200
https://www.smbbmu.edu.pk/beta/uploads/gallery/events/1422556946DSC01776.JPG,image,1422556946dsc01776-24480108.jpg,,200
https://www.smbbmu.edu.pk/beta/uploads/gallery/events/1422556944DSC01775.JPG,image,1422556944dsc01775-1fde2b07.jpg,,200
https://www.smbbmu.edu.pk/beta/uploads/gallery/events/1422556944DSC01773.JPG,image,1422556944dsc01773-8c594734.jpg,,200
https://www.smbbmu.edu.pk/beta/uploads/gallery/events/1422556907DSC01776.JPG,image,1422556907dsc01776-f0926447.jpg,,200
https://www.smbbmu.edu.pk/beta/uploads/gallery/events/thumbs/1422556946DSC01776.JPG,image,1422556946dsc01776-abaf159f.jpg,,200
https://www.smbbmu.edu.pk/beta/uploads/gallery/events/thumbs/1422556944DSC01775.JPG,image,1422556944dsc01775-b3187ff3.jpg,,200
https://www.smbbmu.edu.pk/beta/uploads/gallery/events/thumbs/1422556944DSC01773.JPG,image,1422556944dsc01773-2cf88b63.jpg,,200
https://www.smbbmu.edu.pk/beta/uploads/gallery/events/thumbs/1422556907DSC01776.JPG,image,1422556907dsc01776-db914698.jpg,,200
https://www.smbbmu.edu.pk/beta/news/details/how-to-write-criteria-no.-3-4-and-5-of-SAR-may-29-2013,news,"How to write Criteria No. 3, 4, & 5 of SAR",2013-05-29,200
https://www.smbbmu.edu.pk/beta/uploads/gallery/events/1422556790DSC01643.JPG,image,1422556790dsc01643-7866735b.jpg,,200
https://www.smbbmu.edu.pk/beta/uploads/gallery/events/1422556790DSC01644.JPG,image,1422556790dsc01644-5130276d.jpg,,200
https://www.smbbmu.edu.pk/beta/uploads/gallery/events/1422556788DSC01641.JPG,image,1422556788dsc01641-3f9429ec.jpg,,200
https://www.smbbmu.edu.pk/beta/uploads/gallery/events/1422556788DSC01642.JPG,image,1422556788dsc01642-f4b31312.jpg,,200
https://www.smbbmu.edu.pk/beta/uploads/gallery/events/1422556784DSC01640.JPG,image,1422556784dsc01640-13bba727.jpg,,200
https://www.smbbmu.edu.pk/beta/uploads/gallery/events/1422556783DSC01638.JPG,image,1422556783dsc01638-addfd97d.jpg,,200
https://www.smbbmu.edu.pk/beta/uploads/gallery/events/1422556782DSC01637.JPG,image,1422556782dsc01637-7c8dd5d2.jpg,,200
https://www.smbbmu.edu.pk/beta/uploads/gallery/events/1422556782DSC01634.JPG,image,1422556782dsc01634-2f870465.jpg,,200
https://www.smbbmu.edu.pk/beta/uploads/gallery/events/1422556781DSC01631.JPG,image,1422556781dsc01631-ad9693fd.jpg,,200
https://www.smbbmu.edu.pk/beta/uploads/gallery/events/1422556781DSC01633.JPG,image,1422556781dsc01633-1856dbda.jpg,,200
https://www.smbbmu.edu.pk/beta/uploads/gallery/events/1422556779DSC01630.JPG,image,1422556779dsc01630-f3fa4774.jpg,,200
https://www.smbbmu.edu.pk/beta/uploads/gallery/events/1422556779DSC01629.JPG,image,1422556779dsc01629-379ad396.jpg,,200
https://www.smbbmu.edu.pk/beta/uploads/gallery/events/1422556758DSC01628.JPG,image,1422556758dsc01628-ba875834.jpg,,200
https://www.smbbmu.edu.pk/beta/uploads/gallery/events/thumbs/1422556790DSC01643.JPG,image,1422556790dsc01643-c379d754.jpg,,200
https://www.smbbmu.edu.pk/beta/uploads/gallery/events/thumbs/1422556790DSC01644.JPG,image,1422556790dsc01644-df6a9145.jpg,,200
https://www.smbbmu.edu.pk/beta/uploads/gallery/events/thumbs/1422556788DSC01641.JPG,image,1422556788dsc01641-1386d2e4.jpg,,200
https://www.smbbmu.edu.pk/beta/uploads/gallery/events/thumbs/1422556788DSC01642.JPG,image,1422556788dsc01642-bf81a905.jpg,,200
https://www.smbbmu.edu.pk/beta/uploads/gallery/events/thumbs/1422556784DSC01640.JPG,image,1422556784dsc01640-16703f8a.jpg,,200
https://www.smbbmu.edu.pk/beta/uploads/gallery/events/thumbs/1422556783DSC01638.JPG,image,1422556783dsc01638-bf7aaa0b.jpg,,200
https://www.smbbmu.edu.pk/beta/uploads/gallery/events/thumbs/1422556782DSC01637.JPG,image,1422556782dsc01637-7c2f97a7.jpg,,200
https://www.smbbmu.edu.pk/beta/uploads/gallery/events/thumbs/1422556782DSC01634.JPG,image,1422556782dsc01634-ddc3d928.jpg,,200
https://www.smbbmu.edu.pk/beta/uploads/gallery/events/thumbs/1422556781DSC01631.JPG,image,1422556781dsc01631-900d85a6.jpg,,200
https://www.smbbmu.edu.pk/beta/uploads/gallery/events/thumbs/1422556781DSC01633.JPG,image,1422556781dsc01633-daef0ce0.jpg,,200
https://www.smbbmu.edu.pk/beta/uploads/gallery/events/thumbs/1422556779DSC01630.JPG,image,1422556779dsc01630-c449eec3.jpg,,200
https://www.smbbmu.edu.pk/beta/uploads/gallery/events/thumbs/1422556779DSC01629.JPG,image,1422556779dsc01629-6ea7eb94.jpg,,200
https://www.smbbmu.edu.pk/beta/uploads/gallery/events/thumbs/1422556758DSC01628.JPG,image,1422556758dsc01628-00a9691c.jpg,,200
https://www.smbbmu.edu.pk/beta/news/details/how-to-write-criteria-no-1-and-2-of-SAR-dec-21-2012,news,How to write Criteria No. 1  & 2 of SAR,2012-12-21,200
https://www.smbbmu.edu.pk/beta/uploads/gallery/events/1422558007new14.jpg,image,1422558007new14-87852401.jpg,,200
https://www.smbbmu.edu.pk/beta/uploads/gallery/events/1422558007new13.jpg,image,1422558007new13-7f5a35a4.jpg,,200
https://www.smbbmu.edu.pk/beta/uploads/gallery/events/1422558007new12.jpg,image,1422558007new12-913b8611.jpg,,200
https://www.smbbmu.edu.pk/beta/uploads/gallery/events/1422558006new11.jpg,image,1422558006new11-a9fa55a7.jpg,,200
https://www.smbbmu.edu.pk/beta/uploads/gallery/events/1422558006new10.jpg,image,1422558006new10-7346d1dd.jpg,,200
https://www.smbbmu.edu.pk/beta/uploads/gallery/events/1422558006new8.jpg,image,1422558006new8-7f072469.jpg,,200
https://www.smbbmu.edu.pk/beta/uploads/gallery/events/1422558006new9.jpg,image,1422558006new9-0b3ccdba.jpg,,200
https://www.smbbmu.edu.pk/beta/uploads/gallery/events/1422558005new7.jpg,image,1422558005new7-12f7e39b.jpg,,200
https://www.smbbmu.edu.pk/beta/uploads/gallery/events/1422558005new6.jpg,image,1422558005new6-55ae0f29.jpg,,200
https://www.smbbmu.edu.pk/beta/uploads/gallery/events/1422558005new5.jpg,image,1422558005new5-102e7a7e.jpg,,200
https://www.smbbmu.edu.pk/beta/uploads/gallery/events/1422558004new3.jpg,image,1422558004new3-e4d95dc9.jpg,,200
https://www.smbbmu.edu.pk/beta/uploads/gallery/events/1422558004new4.jpg,image,1422558004new4-a68024ea.jpg,,200
https://www.smbbmu.edu.pk/beta/uploads/gallery/events/1422558004new1.jpg,image,1422558004new1-6dfc977e.jpg,,200
https://www.smbbmu.edu.pk/beta/uploads/gallery/events/1422558004new2.jpg,image,1422558004new2-a9c9f57e.jpg,,200
https://www.smbbmu.edu.pk/beta/uploads/gallery/events/1422557059DSC01323.JPG,image,1422557059dsc01323-4fa2da98.jpg,,200
https://www.smbbmu.edu.pk/beta/uploads/gallery/events/1422557057DSC01318.JPG,image,1422557057dsc01318-f61baaef.jpg,,200
https://www.smbbmu.edu.pk/beta/uploads/gallery/events/1422557057DSC01317.JPG,image,1422557057dsc01317-74c951c7.jpg,,200
https://www.smbbmu.edu.pk/beta/uploads/gallery/events/1422557056DSC01315.JPG,image,1422557056dsc01315-5ffcaddb.jpg,,200
https://www.smbbmu.edu.pk/beta/uploads/gallery/events/1422557054DSC01313.JPG,image,1422557054dsc01313-b118de02.jpg,,200
https://www.smbbmu.edu.pk/beta/uploads/gallery/events/1422557054DSC01314.JPG,image,1422557054dsc01314-780651cc.jpg,,200
https://www.smbbmu.edu.pk/beta/uploads/gallery/events/thumbs/1422558007new14.jpg,image,1422558007new14-217e05bb.jpg,,200
https://www.smbbmu.edu.pk/beta/uploads/gallery/events/thumbs/1422558007new13.jpg,image,1422558007new13-e1972163.jpg,,200
https://www.smbbmu.edu.pk/beta/uploads/gallery/events/thumbs/1422558007new12.jpg,image,1422558007new12-a2778084.jpg,,200
https://www.smbbmu.edu.pk/beta/uploads/gallery/events/thumbs/1422558006new11.jpg,image,1422558006new11-09372c50.jpg,,200
https://www.smbbmu.edu.pk/beta/uploads/gallery/events/thumbs/1422558006new10.jpg,image,1422558006new10-34a40cf2.jpg,,200
https://www.smbbmu.edu.pk/beta/uploads/gallery/events/thumbs/1422558006new8.jpg,image,1422558006new8-06706534.jpg,,200
https://www.smbbmu.edu.pk/beta/uploads/gallery/events/thumbs/1422558006new9.jpg,image,1422558006new9-60367abb.jpg,,200
https://www.smbbmu.edu.pk/beta/uploads/gallery/events/thumbs/1422558005new7.jpg,image,1422558005new7-dbe0f720.jpg,,200
https://www.smbbmu.edu.pk/beta/uploads/gallery/events/thumbs/1422558005new6.jpg,image,1422558005new6-ba87fe06.jpg,,200
https://www.smbbmu.edu.pk/beta/uploads/gallery/events/thumbs/1422558005new5.jpg,image,1422558005new5-935685ad.jpg,,200
https://www.smbbmu.edu.pk/beta/uploads/gallery/events/thumbs/1422558004new3.jpg,image,1422558004new3-ab9f1a77.jpg,,200
https://www.smbbmu.edu.pk/beta/uploads/gallery/events/thumbs/1422558004new4.jpg,image,1422558004new4-e9f78213.jpg,,200
https://www.smbbmu.edu.pk/beta/uploads/gallery/events/thumbs/1422558004new1.jpg,image,1422558004new1-14522a93.jpg,,200
https://www.smbbmu.edu.pk/beta/uploads/gallery/events/thumbs/1422558004new2.jpg,image,1422558004new2-fee26c4a.jpg,,200
https://www.smbbmu.edu.pk/beta/uploads/gallery/events/thumbs/1422557059DSC01323.JPG,image,1422557059dsc01323-7c5d5c33.jpg,,200
https://www.smbbmu.edu.pk/beta/uploads/gallery/events/thumbs/1422557057DSC01318.JPG,image,1422557057dsc01318-0856816f.jpg,,200
https://www.smbbmu.edu.pk/beta/uploads/gallery/events/thumbs/1422557057DSC01317.JPG,image,1422557057dsc01317-0fd81b4e.jpg,,200
https://www.smbbmu.edu.pk/beta/uploads/gallery/events/thumbs/1422557056DSC01315.JPG,image,1422557056dsc01315-53745b27.jpg,,200
https://www.smbbmu.edu.pk/beta/uploads/gallery/events/thumbs/1422557054DSC01313.JPG,image,1422557054dsc01313-b7fdb4dd.jpg,,200
https://www.smbbmu.edu.pk/beta/uploads/gallery/events/thumbs/1422557054DSC01314.JPG,image,1422557054dsc01314-17ac17e1.jpg,,200
https://www.smbbmu.edu.pk/beta/news/details/how-to-write-criteria-no-5-6-7-and-8-of-SAR-sept-6-2012,news,"How to write Criteria No. 5, 6, 7 & 8 of SAR",2012-09-06,200
https://www.smbbmu.edu.pk/beta/uploads/gallery/events/1422559785IMG_1817.jpg,image,1422559785img-1817-88ee222e.jpg,,200
https://www.smbbmu.edu.pk/beta/uploads/gallery/events/1422559785IMG_1816.jpg,image,1422559785img-1816-140ebf71.jpg,,200
https://www.smbbmu.edu.pk/beta/uploads/gallery/events/1422559785IMG_1815.jpg,image,1422559785img-1815-e1af60be.jpg,,200
https://www.smbbmu.edu.pk/beta/uploads/gallery/events/1422559784IMG_1814.jpg,image,1422559784img-1814-ced76f97.jpg,,200
https://www.smbbmu.edu.pk/beta/uploads/gallery/events/1422559784IMG_1813.jpg,image,1422559784img-1813-6568e0d0.jpg,,200
https://www.smbbmu.edu.pk/beta/uploads/gallery/events/1422559781IMG_1810.jpg,image,1422559781img-1810-4748dc18.jpg,,200
https://www.smbbmu.edu.pk/beta/uploads/gallery/events/1422559781IMG_1809.jpg,image,1422559781img-1809-81238d52.jpg,,200
https://www.smbbmu.edu.pk/beta/uploads/gallery/events/thumbs/1422559785IMG_1817.jpg,image,1422559785img-1817-3f740222.jpg,,200
https://www.smbbmu.edu.pk/beta/uploads/gallery/events/thumbs/1422559785IMG_1816.jpg,image,1422559785img-1816-5252350b.jpg,,200
https://www.smbbmu.edu.pk/beta/uploads/gallery/events/thumbs/1422559785IMG_1815.jpg,image,1422559785img-1815-7b2785d9.jpg,,200
https://www.smbbmu.edu.pk/beta/uploads/gallery/events/thumbs/1422559784IMG_1814.jpg,image,1422559784img-1814-de1539d2.jpg,,200
https://www.smbbmu.edu.pk/beta/uploads/gallery/events/thumbs/1422559784IMG_1813.jpg,image,1422559784img-1813-c3336478.jpg,,200
https://www.smbbmu.edu.pk/beta/uploads/gallery/events/thumbs/1422559781IMG_1810.jpg,image,1422559781img-1810-98b63927.jpg,,200
https://www.smbbmu.edu.pk/beta/uploads/gallery/events/thumbs/1422559781IMG_1809.jpg,image,1422559781img-1809-bf4306bf.jpg,,200
https://www.smbbmu.edu.pk/beta/news/details/how-to-write-criteria-no-3-and-4-of-SAR-26-july-2012,news,How to write Criteria No. 3 & 4 of SAR,2012-07-26,200
https://www.smbbmu.edu.pk/beta/uploads/gallery/events/1422560484IMG_1793.jpg,image,1422560484img-1793-f7a1c778.jpg,,200
https://www.smbbmu.edu.pk/beta/uploads/gallery/events/1422560484IMG_1794.jpg,image,1422560484img-1794-a0a06687.jpg,,200
https://www.smbbmu.edu.pk/beta/uploads/gallery/events/1422560484IMG_1792.jpg,image,1422560484img-1792-415094dd.jpg,,200
https://www.smbbmu.edu.pk/beta/uploads/gallery/events/1422560484IMG_1791.jpg,image,1422560484img-1791-cbd8f049.jpg,,200
https://www.smbbmu.edu.pk/beta/uploads/gallery/events/1422560481IMG_1789.jpg,image,1422560481img-1789-5d2bfe21.jpg,,200
https://www.smbbmu.edu.pk/beta/uploads/gallery/events/1422560480IMG_1788.jpg,image,1422560480img-1788-4c88d351.jpg,,200
https://www.smbbmu.edu.pk/beta/uploads/gallery/events/1422560480IMG_1787.jpg,image,1422560480img-1787-43551999.jpg,,200
https://www.smbbmu.edu.pk/beta/uploads/gallery/events/1422560480IMG_1786.jpg,image,1422560480img-1786-1a5ad309.jpg,,200
https://www.smbbmu.edu.pk/beta/uploads/gallery/events/1422560473IMG_1778.jpg,image,1422560473img-1778-23f0c6ec.jpg,,200
https://www.smbbmu.edu.pk/beta/uploads/gallery/events/1422560471IMG_1785.jpg,image,1422560471img-1785-5d2b37ff.jpg,,200
https://www.smbbmu.edu.pk/beta/uploads/gallery/events/thumbs/1422560484IMG_1793.jpg,image,1422560484img-1793-dab4c89c.jpg,,200
https://www.smbbmu.edu.pk/beta/uploads/gallery/events/thumbs/1422560484IMG_1794.jpg,image,1422560484img-1794-e33eda3f.jpg,,200
https://www.smbbmu.edu.pk/beta/uploads/gallery/events/thumbs/1422560484IMG_1792.jpg,image,1422560484img-1792-f7eefcbf.jpg,,200
https://www.smbbmu.edu.pk/beta/uploads/gallery/events/thumbs/1422560484IMG_1791.jpg,image,1422560484img-1791-16d28445.jpg,,200
https://www.smbbmu.edu.pk/beta/uploads/gallery/events/thumbs/1422560481IMG_1789.jpg,image,1422560481img-1789-397eeeae.jpg,,200
https://www.smbbmu.edu.pk/beta/uploads/gallery/events/thumbs/1422560480IMG_1788.jpg,image,1422560480img-1788-05a3a15d.jpg,,200
https://www.smbbmu.edu.pk/beta/uploads/gallery/events/thumbs/1422560480IMG_1787.jpg,image,1422560480img-1787-939e62df.jpg,,200
https://www.smbbmu.edu.pk/beta/uploads/gallery/events/thumbs/1422560480IMG_1786.jpg,image,1422560480img-1786-b7b81e2d.jpg,,200
https://www.smbbmu.edu.pk/beta/uploads/gallery/events/thumbs/1422560473IMG_1778.jpg,image,1422560473img-1778-1260896e.jpg,,200
https://www.smbbmu.edu.pk/beta/uploads/gallery/events/thumbs/1422560471IMG_1785.jpg,image,1422560471img-1785-618ca010.jpg,,200
https://www.smbbmu.edu.pk/beta/news/details/how-to-write-criteria-no-2-of-SAR-june-28-2012,news,How to write Criteria No. 2 of SAR,2012-06-28,200
https://www.smbbmu.edu.pk/beta/news/details/training-of-program-teams-jan-14-2012,news,Training of Program Teams,2012-01-14,200
https://www.smbbmu.edu.pk/beta/uploads/gallery/events/14225609908.jpg,image,14225609908-3b39145f.jpg,,200
https://www.smbbmu.edu.pk/beta/uploads/gallery/events/14225609907.jpg,image,14225609907-ae5b48ca.jpg,,200
https://www.smbbmu.edu.pk/beta/uploads/gallery/events/14225609896.jpg,image,14225609896-27a6ccd6.jpg,,200
https://www.smbbmu.edu.pk/beta/uploads/gallery/events/14225609895.jpg,image,14225609895-3ffb080b.jpg,,200
https://www.smbbmu.edu.pk/beta/uploads/gallery/events/14225609894.jpg,image,14225609894-045517bd.jpg,,200
https://www.smbbmu.edu.pk/beta/uploads/gallery/events/14225609871.jpg,image,14225609871-a9fda639.jpg,,200
https://www.smbbmu.edu.pk/beta/uploads/gallery/events/14225609862.jpg,image,14225609862-97824371.jpg,,200
https://www.smbbmu.edu.pk/beta/uploads/gallery/events/thumbs/14225609908.jpg,image,14225609908-24589730.jpg,,200
https://www.smbbmu.edu.pk/beta/uploads/gallery/events/thumbs/14225609907.jpg,image,14225609907-b6a695af.jpg,,200
https://www.smbbmu.edu.pk/beta/uploads/gallery/events/thumbs/14225609896.jpg,image,14225609896-30fd0ea0.jpg,,200
https://www.smbbmu.edu.pk/beta/uploads/gallery/events/thumbs/14225609895.jpg,image,14225609895-071652d8.jpg,,200
https://www.smbbmu.edu.pk/beta/uploads/gallery/events/thumbs/14225609894.jpg,image,14225609894-026b9967.jpg,,200
https://www.smbbmu.edu.pk/beta/uploads/gallery/events/thumbs/14225609871.jpg,image,14225609871-ae2ddb4e.jpg,,200
https://www.smbbmu.edu.pk/beta/uploads/gallery/events/thumbs/14225609862.jpg,image,14225609862-ae3f899c.jpg,,200
https://www.smbbmu.edu.pk/beta/news/details/training-of-program-teams-july-27-2011,news,Training of Program Teams,2011-07-27,200
https://www.smbbmu.edu.pk/beta/uploads/gallery/events/1422562841IMG_0292.jpg,image,1422562841img-0292-b3000631.jpg,,200
https://www.smbbmu.edu.pk/beta/uploads/gallery/events/1422562841IMG_0291.jpg,image,1422562841img-0291-0c11e424.jpg,,200
https://www.smbbmu.edu.pk/beta/uploads/gallery/events/1422562841IMG_0230.jpg,image,1422562841img-0230-be800c74.jpg,,200
https://www.smbbmu.edu.pk/beta/uploads/gallery/events/1422562841IMG_0202.jpg,image,1422562841img-0202-fbef0c9b.jpg,,200
https://www.smbbmu.edu.pk/beta/uploads/gallery/events/1422562840IMG_0200.jpg,image,1422562840img-0200-de4ed2e6.jpg,,200
https://www.smbbmu.edu.pk/beta/uploads/gallery/events/1422562840IMG_0201.jpg,image,1422562840img-0201-de4fbf2c.jpg,,200
https://www.smbbmu.edu.pk/beta/uploads/gallery/events/1422562840IMG_0199.jpg,image,1422562840img-0199-67b43d3c.jpg,,200
https://www.smbbmu.edu.pk/beta/uploads/gallery/events/1422562839IMG_0132.jpg,image,1422562839img-0132-0ec377fa.jpg,,200
https://www.smbbmu.edu.pk/beta/uploads/gallery/events/1422562839IMG_0122.jpg,image,1422562839img-0122-1fedd6b3.jpg,,200
https://www.smbbmu.edu.pk/beta/uploads/gallery/events/1422562839IMG_0131.jpg,image,1422562839img-0131-10d1d3ab.jpg,,200
https://www.smbbmu.edu.pk/beta/uploads/gallery/events/1422562839IMG_0119.jpg,image,1422562839img-0119-7ab6a751.jpg,,200
https://www.smbbmu.edu.pk/beta/uploads/gallery/events/1422562838IMG_0113.jpg,image,1422562838img-0113-2d73d331.jpg,,200
https://www.smbbmu.edu.pk/beta/uploads/gallery/events/1422562838IMG_0112.jpg,image,1422562838img-0112-a2df54ab.jpg,,200
https://www.smbbmu.edu.pk/beta/uploads/gallery/events/1422562838IMG_0111.jpg,image,1422562838img-0111-3a11ed1f.jpg,,200
https://www.smbbmu.edu.pk/beta/uploads/gallery/events/1422562838IMG_0110.jpg,image,1422562838img-0110-445c6157.jpg,,200
https://www.smbbmu.edu.pk/beta/uploads/gallery/events/1422562838IMG_0109.jpg,image,1422562838img-0109-0a104eea.jpg,,200
https://www.smbbmu.edu.pk/beta/uploads/gallery/events/1422562837IMG_0095.jpg,image,1422562837img-0095-b007e108.jpg,,200
https://www.smbbmu.edu.pk/beta/uploads/gallery/events/1422562836IMG_0055.jpg,image,1422562836img-0055-a533f256.jpg,,200
https://www.smbbmu.edu.pk/beta/uploads/gallery/events/1422562836IMG_0057.jpg,image,1422562836img-0057-c659f057.jpg,,200
https://www.smbbmu.edu.pk/beta/uploads/gallery/events/thumbs/1422562841IMG_0292.jpg,image,1422562841img-0292-70752f8e.jpg,,200
https://www.smbbmu.edu.pk/beta/uploads/gallery/events/thumbs/1422562841IMG_0291.jpg,image,1422562841img-0291-90f8ff7d.jpg,,200
https://www.smbbmu.edu.pk/beta/uploads/gallery/events/thumbs/1422562841IMG_0230.jpg,image,1422562841img-0230-048b2550.jpg,,200
https://www.smbbmu.edu.pk/beta/uploads/gallery/events/thumbs/1422562841IMG_0202.jpg,image,1422562841img-0202-5226fbb4.jpg,,200
https://www.smbbmu.edu.pk/beta/uploads/gallery/events/thumbs/1422562840IMG_0200.jpg,image,1422562840img-0200-133f7142.jpg,,200
https://www.smbbmu.edu.pk/beta/uploads/gallery/events/thumbs/1422562840IMG_0201.jpg,image,1422562840img-0201-11e8997e.jpg,,200
https://www.smbbmu.edu.pk/beta/uploads/gallery/events/thumbs/1422562840IMG_0199.jpg,image,1422562840img-0199-6403ac5e.jpg,,200
https://www.smbbmu.edu.pk/beta/uploads/gallery/events/thumbs/1422562839IMG_0132.jpg,image,1422562839img-0132-2e8ddd0c.jpg,,200
https://www.smbbmu.edu.pk/beta/uploads/gallery/events/thumbs/1422562839IMG_0122.jpg,image,1422562839img-0122-3cead28b.jpg,,200
https://www.smbbmu.edu.pk/beta/uploads/gallery/events/thumbs/1422562839IMG_0131.jpg,image,1422562839img-0131-4947016c.jpg,,200
https://www.smbbmu.edu.pk/beta/uploads/gallery/events/thumbs/1422562839IMG_0119.jpg,image,1422562839img-0119-fe5f1a08.jpg,,200
https://www.smbbmu.edu.pk/beta/uploads/gallery/events/thumbs/1422562838IMG_0113.jpg,image,1422562838img-0113-a973c265.jpg,,200
https://www.smbbmu.edu.pk/beta/uploads/gallery/events/thumbs/1422562838IMG_0112.jpg,image,1422562838img-0112-390fc2ac.jpg,,200
https://www.smbbmu.edu.pk/beta/uploads/gallery/events/thumbs/1422562838IMG_0111.jpg,image,1422562838img-0111-def27d53.jpg,,200
https://www.smbbmu.edu.pk/beta/uploads/gallery/events/thumbs/1422562838IMG_0110.jpg,image,1422562838img-0110-34e97d96.jpg,,200
https://www.smbbmu.edu.pk/beta/uploads/gallery/events/thumbs/1422562838IMG_0109.jpg,image,1422562838img-0109-b8db00d8.jpg,,200
https://www.smbbmu.edu.pk/beta/uploads/gallery/events/thumbs/1422562837IMG_0095.jpg,image,1422562837img-0095-351489d9.jpg,,200
https://www.smbbmu.edu.pk/beta/uploads/gallery/events/thumbs/1422562836IMG_0055.jpg,image,1422562836img-0055-6caa5965.jpg,,200
https://www.smbbmu.edu.pk/beta/uploads/gallery/events/thumbs/1422562836IMG_0057.jpg,image,1422562836img-0057-f9fe193b.jpg,,200
https://www.smbbmu.edu.pk/beta/news/details/higher-education-team-visit-to-smbbmu-02-16-2021,news,Higher Education Team Visit to SMBBMU,2021-02-16,200
https://www.smbbmu.edu.pk/beta/uploads/gallery/events/1613840676DSC_0051_thumb.JPG,image,1613840676dsc-0051-thumb-b9fbc8ea.jpg,,200
https://www.smbbmu.edu.pk/beta/uploads/gallery/events/1613840672DSC_0048_thumb.JPG,image,1613840672dsc-0048-thumb-10362f15.jpg,,200
https://www.smbbmu.edu.pk/beta/uploads/gallery/events/1613840664DSC_0046_thumb.JPG,image,1613840664dsc-0046-thumb-5fdadf8a.jpg,,200
https://www.smbbmu.edu.pk/beta/uploads/gallery/events/1613840659DSC_0044_thumb.JPG,image,1613840659dsc-0044-thumb-bd55437e.jpg,,200
https://www.smbbmu.edu.pk/beta/uploads/gallery/events/1613840643IMG_3703_thumb.JPG,image,1613840643img-3703-thumb-6b7dafb4.jpg,,200
https://www.smbbmu.edu.pk/beta/uploads/gallery/events/1613840638IMG_3690_thumb.JPG,image,1613840638img-3690-thumb-6ce90ac7.jpg,,200
https://www.smbbmu.edu.pk/beta/uploads/gallery/events/1613840630DSC_0040_thumb.JPG,image,1613840630dsc-0040-thumb-24b0b002.jpg,,200
https://www.smbbmu.edu.pk/beta/uploads/gallery/events/thumbs/1613840676DSC_0051_thumb.JPG,image,1613840676dsc-0051-thumb-5f0a61f5.jpg,,200
https://www.smbbmu.edu.pk/beta/uploads/gallery/events/thumbs/1613840672DSC_0048_thumb.JPG,image,1613840672dsc-0048-thumb-421415f2.jpg,,200
https://www.smbbmu.edu.pk/beta/uploads/gallery/events/thumbs/1613840664DSC_0046_thumb.JPG,image,1613840664dsc-0046-thumb-18369f9c.jpg,,200
https://www.smbbmu.edu.pk/beta/uploads/gallery/events/thumbs/1613840659DSC_0044_thumb.JPG,image,1613840659dsc-0044-thumb-d39f0d50.jpg,,200
https://www.smbbmu.edu.pk/beta/uploads/gallery/events/thumbs/1613840643IMG_3703_thumb.JPG,image,1613840643img-3703-thumb-0e22d1d1.jpg,,200
https://www.smbbmu.edu.pk/beta/uploads/gallery/events/thumbs/1613840638IMG_3690_thumb.JPG,image,1613840638img-3690-thumb-7e7ef69d.jpg,,200
https://www.smbbmu.edu.pk/beta/uploads/gallery/events/thumbs/1613840630DSC_0040_thumb.JPG,image,1613840630dsc-0040-thumb-bdf89128.jpg,,200
https://www.smbbmu.edu.pk/beta/news/details/assessment-team-visit-to-department-of-surgery-11-04-2016,news,Assessment Team Visit to department of surgery,2016-04-11,200
https://www.smbbmu.edu.pk/beta/uploads/gallery/events/1465453418IMG_0273_thumb.JPG,image,1465453418img-0273-thumb-165886ab.jpg,,200
https://www.smbbmu.edu.pk/beta/uploads/gallery/events/1465453370IMG_0267_thumb.JPG,image,1465453370img-0267-thumb-16b8d288.jpg,,200
https://www.smbbmu.edu.pk/beta/uploads/gallery/events/1465452926IMG_0266_thumb.JPG,image,1465452926img-0266-thumb-459297b3.jpg,,200
https://www.smbbmu.edu.pk/beta/uploads/gallery/events/1465452806IMG_0265_thumb.JPG,image,1465452806img-0265-thumb-3ccc0541.jpg,,200
https://www.smbbmu.edu.pk/beta/uploads/gallery/events/1465452755IMG_0264_thumb.JPG,image,1465452755img-0264-thumb-19875e54.jpg,,200
https://www.smbbmu.edu.pk/beta/uploads/gallery/events/1465452659IMG_0261_thumb.JPG,image,1465452659img-0261-thumb-2597109f.jpg,,200
https://www.smbbmu.edu.pk/beta/uploads/gallery/events/thumbs/1465453418IMG_0273_thumb.JPG,image,1465453418img-0273-thumb-f45edba6.jpg,,200
https://www.smbbmu.edu.pk/beta/uploads/gallery/events/thumbs/1465453370IMG_0267_thumb.JPG,image,1465453370img-0267-thumb-348e44b9.jpg,,200
https://www.smbbmu.edu.pk/beta/uploads/gallery/events/thumbs/1465452926IMG_0266_thumb.JPG,image,1465452926img-0266-thumb-a37cd678.jpg,,200
https://www.smbbmu.edu.pk/beta/uploads/gallery/events/thumbs/1465452806IMG_0265_thumb.JPG,image,1465452806img-0265-thumb-b99c9d89.jpg,,200
https://www.smbbmu.edu.pk/beta/uploads/gallery/events/thumbs/1465452755IMG_0264_thumb.JPG,image,1465452755img-0264-thumb-b943cae5.jpg,,200
https://www.smbbmu.edu.pk/beta/uploads/gallery/events/thumbs/1465452659IMG_0261_thumb.JPG,image,1465452659img-0261-thumb-32c7fc8e.jpg,,200
https://www.smbbmu.edu.pk/beta/news/details/assessment-team-visit-to-department-of-gynae-02-03-2016,news,Assessment Team Visit to department of Gynae,2016-03-02,200
https://www.smbbmu.edu.pk/beta/uploads/gallery/events/146545229312821628_997522823656199_2500863671717934999_n_thumb.jpg,image,146545229312821628-997522823656199-2500863671717934999-n-thumb-accc59bf.jpg,,200
https://www.smbbmu.edu.pk/beta/uploads/gallery/events/146545229212821587_997522060322942_3583044113017685638_n_thumb.jpg,image,146545229212821587-997522060322942-3583044113017685638-n-thumb-f7e9a575.jpg,,200
https://www.smbbmu.edu.pk/beta/uploads/gallery/events/146545229012814555_997524933655988_4254304897352010788_n_thumb.jpg,image,146545229012814555-997524933655988-4254304897352010788-n-thumb-ba9b4615.jpg,,200
https://www.smbbmu.edu.pk/beta/uploads/gallery/events/146545229012821360_997522936989521_7950254485007179540_n_thumb.jpg,image,146545229012821360-997522936989521-7950254485007179540-n-thumb-2f844b2c.jpg,,200
https://www.smbbmu.edu.pk/beta/uploads/gallery/events/146545228912806205_997522470322901_3338664206867101630_n_thumb.jpg,image,146545228912806205-997522470322901-3338664206867101630-n-thumb-e34d75c6.jpg,,200
https://www.smbbmu.edu.pk/beta/uploads/gallery/events/146545228812805693_997524333656048_5388428631484528986_n_thumb.jpg,image,146545228812805693-997524333656048-5388428631484528986-n-thumb-439513dd.jpg,,200
https://www.smbbmu.edu.pk/beta/uploads/gallery/events/146545228812804726_997524730322675_4209571898843562017_n_thumb.jpg,image,146545228812804726-997524730322675-4209571898843562017-n-thumb-39545ab4.jpg,,200
https://www.smbbmu.edu.pk/beta/uploads/gallery/events/146545228612803282_997522006989614_7983033013069069467_n_thumb.jpg,image,146545228612803282-997522006989614-7983033013069069467-n-thumb-4ad66caf.jpg,,200
https://www.smbbmu.edu.pk/beta/uploads/gallery/events/146545228612803141_997522866989528_3125593129801571900_n (1)_thumb.jpg,image,146545228612803141-997522866989528-3125593129801571900-n-1-thumb-a26e3ce0.jpg,,200
https://www.smbbmu.edu.pk/beta/uploads/gallery/events/146545228512803141_997522866989528_3125593129801571900_n_thumb.jpg,image,146545228512803141-997522866989528-3125593129801571900-n-thumb-47bdac9d.jpg,,200
https://www.smbbmu.edu.pk/beta/uploads/gallery/events/146545228312803129_997523050322843_998057536682189787_n_thumb.jpg,image,146545228312803129-997523050322843-998057536682189787-n-thumb-cfc9c743.jpg,,200
https://www.smbbmu.edu.pk/beta/uploads/gallery/events/146545228212801488_997524226989392_4852534458751149797_n_thumb.jpg,image,146545228212801488-997524226989392-4852534458751149797-n-thumb-9a1e3760.jpg,,200
https://www.smbbmu.edu.pk/beta/uploads/gallery/events/146545228212802835_997524530322695_3804892070847971751_n_thumb.jpg,image,146545228212802835-997524530322695-3804892070847971751-n-thumb-c3afcd1f.jpg,,200
https://www.smbbmu.edu.pk/beta/uploads/gallery/events/146545228112801156_997522510322897_8024033917574805482_n_thumb.jpg,image,146545228112801156-997522510322897-8024033917574805482-n-thumb-c2979518.jpg,,200
https://www.smbbmu.edu.pk/beta/uploads/gallery/events/146545227912800373_997522213656260_6707489043625384868_n_thumb.jpg,image,146545227912800373-997522213656260-6707489043625384868-n-thumb-79836a23.jpg,,200
https://www.smbbmu.edu.pk/beta/uploads/gallery/events/146545227912800260_997524140322734_3284110775911343809_n_thumb.jpg,image,146545227912800260-997524140322734-3284110775911343809-n-thumb-ef0ec350.jpg,,200
https://www.smbbmu.edu.pk/beta/uploads/gallery/events/146545227812800173_997522586989556_46451538457908918_n_thumb.jpg,image,146545227812800173-997522586989556-46451538457908918-n-thumb-fc13d602.jpg,,200
https://www.smbbmu.edu.pk/beta/uploads/gallery/events/146545227712799250_997524470322701_4566722622471114914_n_thumb.jpg,image,146545227712799250-997524470322701-4566722622471114914-n-thumb-e537bd9b.jpg,,200
https://www.smbbmu.edu.pk/beta/uploads/gallery/events/146545227612799171_997522246989590_5185985526711583393_n_thumb.jpg,image,146545227612799171-997522246989590-5185985526711583393-n-thumb-d83f734c.jpg,,200
https://www.smbbmu.edu.pk/beta/uploads/gallery/events/146545227612799114_997522103656271_5788864743264118919_n_thumb.jpg,image,146545227612799114-997522103656271-5788864743264118919-n-thumb-7841e836.jpg,,200
https://www.smbbmu.edu.pk/beta/uploads/gallery/events/146545227512799059_997522680322880_7974542873829809325_n_thumb.jpg,image,146545227512799059-997522680322880-7974542873829809325-n-thumb-aa7cbecb.jpg,,200
https://www.smbbmu.edu.pk/beta/uploads/gallery/events/146545227412795448_997524296989385_5958370596041628019_n_thumb.jpg,image,146545227412795448-997524296989385-5958370596041628019-n-thumb-1b3d5ee7.jpg,,200
https://www.smbbmu.edu.pk/beta/uploads/gallery/events/146545227412795385_997524376989377_6952725723259431205_n_thumb.jpg,image,146545227412795385-997524376989377-6952725723259431205-n-thumb-c946e108.jpg,,200
https://www.smbbmu.edu.pk/beta/uploads/gallery/events/146545227212794645_997521923656289_5023561827870900779_n_thumb.jpg,image,146545227212794645-997521923656289-5023561827870900779-n-thumb-50411361.jpg,,200
https://www.smbbmu.edu.pk/beta/uploads/gallery/events/146545227112794511_997522986989516_6803482958378917461_n_thumb.jpg,image,146545227112794511-997522986989516-6803482958378917461-n-thumb-8749545d.jpg,,200
https://www.smbbmu.edu.pk/beta/uploads/gallery/events/146545226812718245_997525030322645_6149030064388502227_n(1)_thumb.jpg,image,146545226812718245-997525030322645-6149030064388502227-n-1-thumb-f3699ef0.jpg,,200
https://www.smbbmu.edu.pk/beta/uploads/gallery/events/146545226710269643_997523136989501_5946810010469056172_n_thumb.jpg,image,146545226710269643-997523136989501-5946810010469056172-n-thumb-2ade5739.jpg,,200
https://www.smbbmu.edu.pk/beta/uploads/gallery/events/146545226710157191_997524416989373_8697510865621483119_n_thumb.jpg,image,146545226710157191-997524416989373-8697510865621483119-n-thumb-16fd8bcb.jpg,,200
https://www.smbbmu.edu.pk/beta/uploads/gallery/events/thumbs/146545229312821628_997522823656199_2500863671717934999_n_thumb.jpg,image,146545229312821628-997522823656199-2500863671717934999-n-thumb-cee13e10.jpg,,200
https://www.smbbmu.edu.pk/beta/uploads/gallery/events/thumbs/146545229212821587_997522060322942_3583044113017685638_n_thumb.jpg,image,146545229212821587-997522060322942-3583044113017685638-n-thumb-7d5a2d4d.jpg,,200
https://www.smbbmu.edu.pk/beta/uploads/gallery/events/thumbs/146545229012814555_997524933655988_4254304897352010788_n_thumb.jpg,image,146545229012814555-997524933655988-4254304897352010788-n-thumb-9e049d1f.jpg,,200
https://www.smbbmu.edu.pk/beta/uploads/gallery/events/thumbs/146545229012821360_997522936989521_7950254485007179540_n_thumb.jpg,image,146545229012821360-997522936989521-7950254485007179540-n-thumb-0cdc4fe9.jpg,,200
https://www.smbbmu.edu.pk/beta/uploads/gallery/events/thumbs/146545228912806205_997522470322901_3338664206867101630_n_thumb.jpg,image,146545228912806205-997522470322901-3338664206867101630-n-thumb-83a3f231.jpg,,200
https://www.smbbmu.edu.pk/beta/uploads/gallery/events/thumbs/146545228812805693_997524333656048_5388428631484528986_n_thumb.jpg,image,146545228812805693-997524333656048-5388428631484528986-n-thumb-c5fa7530.jpg,,200
https://www.smbbmu.edu.pk/beta/uploads/gallery/events/thumbs/146545228812804726_997524730322675_4209571898843562017_n_thumb.jpg,image,146545228812804726-997524730322675-4209571898843562017-n-thumb-d5d6f394.jpg,,200
https://www.smbbmu.edu.pk/beta/uploads/gallery/events/thumbs/146545228612803282_997522006989614_7983033013069069467_n_thumb.jpg,image,146545228612803282-997522006989614-7983033013069069467-n-thumb-742ee727.jpg,,200
https://www.smbbmu.edu.pk/beta/uploads/gallery/events/thumbs/146545228612803141_997522866989528_3125593129801571900_n (1)_thumb.jpg,image,146545228612803141-997522866989528-3125593129801571900-n-1-thumb-fa0cfb0a.jpg,,200
https://www.smbbmu.edu.pk/beta/uploads/gallery/events/thumbs/146545228512803141_997522866989528_3125593129801571900_n_thumb.jpg,image,146545228512803141-997522866989528-3125593129801571900-n-thumb-9dcfbeb7.jpg,,200
https://www.smbbmu.edu.pk/beta/uploads/gallery/events/thumbs/146545228312803129_997523050322843_998057536682189787_n_thumb.jpg,image,146545228312803129-997523050322843-998057536682189787-n-thumb-5fed97f7.jpg,,200
https://www.smbbmu.edu.pk/beta/uploads/gallery/events/thumbs/146545228212801488_997524226989392_4852534458751149797_n_thumb.jpg,image,146545228212801488-997524226989392-4852534458751149797-n-thumb-c05b43d9.jpg,,200
https://www.smbbmu.edu.pk/beta/uploads/gallery/events/thumbs/146545228212802835_997524530322695_3804892070847971751_n_thumb.jpg,image,146545228212802835-997524530322695-3804892070847971751-n-thumb-71eb3e46.jpg,,200
https://www.smbbmu.edu.pk/beta/uploads/gallery/events/thumbs/146545228112801156_997522510322897_8024033917574805482_n_thumb.jpg,image,146545228112801156-997522510322897-8024033917574805482-n-thumb-fc4bd9e9.jpg,,200
https://www.smbbmu.edu.pk/beta/uploads/gallery/events/thumbs/146545227912800373_997522213656260_6707489043625384868_n_thumb.jpg,image,146545227912800373-997522213656260-6707489043625384868-n-thumb-0f8fc46d.jpg,,200
https://www.smbbmu.edu.pk/beta/uploads/gallery/events/thumbs/146545227912800260_997524140322734_3284110775911343809_n_thumb.jpg,image,146545227912800260-997524140322734-3284110775911343809-n-thumb-3521204d.jpg,,200
https://www.smbbmu.edu.pk/beta/uploads/gallery/events/thumbs/146545227812800173_997522586989556_46451538457908918_n_thumb.jpg,image,146545227812800173-997522586989556-46451538457908918-n-thumb-ba348e55.jpg,,200
https://www.smbbmu.edu.pk/beta/uploads/gallery/events/thumbs/146545227712799250_997524470322701_4566722622471114914_n_thumb.jpg,image,146545227712799250-997524470322701-4566722622471114914-n-thumb-73a30fc6.jpg,,200
https://www.smbbmu.edu.pk/beta/uploads/gallery/events/thumbs/146545227612799171_997522246989590_5185985526711583393_n_thumb.jpg,image,146545227612799171-997522246989590-5185985526711583393-n-thumb-10d0e098.jpg,,200
https://www.smbbmu.edu.pk/beta/uploads/gallery/events/thumbs/146545227612799114_997522103656271_5788864743264118919_n_thumb.jpg,image,146545227612799114-997522103656271-5788864743264118919-n-thumb-409bb47e.jpg,,200
https://www.smbbmu.edu.pk/beta/uploads/gallery/events/thumbs/146545227512799059_997522680322880_7974542873829809325_n_thumb.jpg,image,146545227512799059-997522680322880-7974542873829809325-n-thumb-d3a144c7.jpg,,200
https://www.smbbmu.edu.pk/beta/uploads/gallery/events/thumbs/146545227412795448_997524296989385_5958370596041628019_n_thumb.jpg,image,146545227412795448-997524296989385-5958370596041628019-n-thumb-7a56cf9e.jpg,,200
https://www.smbbmu.edu.pk/beta/uploads/gallery/events/thumbs/146545227412795385_997524376989377_6952725723259431205_n_thumb.jpg,image,146545227412795385-997524376989377-6952725723259431205-n-thumb-b8971e96.jpg,,200
https://www.smbbmu.edu.pk/beta/uploads/gallery/events/thumbs/146545227212794645_997521923656289_5023561827870900779_n_thumb.jpg,image,146545227212794645-997521923656289-5023561827870900779-n-thumb-e1894e5e.jpg,,200
https://www.smbbmu.edu.pk/beta/uploads/gallery/events/thumbs/146545227112794511_997522986989516_6803482958378917461_n_thumb.jpg,image,146545227112794511-997522986989516-6803482958378917461-n-thumb-ba04168e.jpg,,200
https://www.smbbmu.edu.pk/beta/uploads/gallery/events/thumbs/146545226812718245_997525030322645_6149030064388502227_n(1)_thumb.jpg,image,146545226812718245-997525030322645-6149030064388502227-n-1-thumb-89f31b29.jpg,,200
https://www.smbbmu.edu.pk/beta/uploads/gallery/events/thumbs/146545226710269643_997523136989501_5946810010469056172_n_thumb.jpg,image,146545226710269643-997523136989501-5946810010469056172-n-thumb-da205f9f.jpg,,200
https://www.smbbmu.edu.pk/beta/uploads/gallery/events/thumbs/146545226710157191_997524416989373_8697510865621483119_n_thumb.jpg,image,146545226710157191-997524416989373-8697510865621483119-n-thumb-65ff0094.jpg,,200
https://www.smbbmu.edu.pk/beta/news/details/assessment-team-visit-to-department-of-medicine-26-01-2016,news,Assessment Team Visit to department of Medicine,2016-01-26,200
https://www.smbbmu.edu.pk/beta/news/details/visit-to-ent-department-anwar-paracha-hospital-sukkur,news,Assessment Team Visit to ENT Department @ Anwar Paracha Hospital Sukkur,2016-01-07,200
https://www.smbbmu.edu.pk/beta/news/details/assessment-team-visit-to-department-of-ophthalmology-30-12-2015,news,Assessment Team Visit to department of Opthalmology,2015-12-30,200
https://www.smbbmu.edu.pk/beta/news/details/assessment-team-visit-to-department-of-paediatric-medicine-14-11-2015,news,Assessment Team Visit to department of Paediatric Medicine,2015-11-14,200
https://www.smbbmu.edu.pk/beta/uploads/gallery/events/1465451893image10_thumb.jpeg,image,1465451893image10-thumb-8fc00323.jpeg,,200
https://www.smbbmu.edu.pk/beta/uploads/gallery/events/1465451889image9_thumb.jpeg,image,1465451889image9-thumb-51e9428c.jpeg,,200
https://www.smbbmu.edu.pk/beta/uploads/gallery/events/1465451888image8_thumb.jpeg,image,1465451888image8-thumb-eda377a6.jpeg,,200
https://www.smbbmu.edu.pk/beta/uploads/gallery/events/1465451886image7_thumb.jpeg,image,1465451886image7-thumb-124bd532.jpeg,,200
https://www.smbbmu.edu.pk/beta/uploads/gallery/events/1465451883image6_thumb.jpeg,image,1465451883image6-thumb-cc9c1eac.jpeg,,200
https://www.smbbmu.edu.pk/beta/uploads/gallery/events/1465451879image4_thumb.jpeg,image,1465451879image4-thumb-f3474aa4.jpeg,,200
https://www.smbbmu.edu.pk/beta/uploads/gallery/events/1465451878image5_thumb.jpeg,image,1465451878image5-thumb-34f32698.jpeg,,200
https://www.smbbmu.edu.pk/beta/uploads/gallery/events/1465451875image3_thumb.jpeg,image,1465451875image3-thumb-2e3da783.jpeg,,200
https://www.smbbmu.edu.pk/beta/uploads/gallery/events/1465451873image2_thumb.jpeg,image,1465451873image2-thumb-4a87a4eb.jpeg,,200
https://www.smbbmu.edu.pk/beta/uploads/gallery/events/1465451872image1_thumb.jpeg,image,1465451872image1-thumb-d6f069ac.jpeg,,200
https://www.smbbmu.edu.pk/beta/uploads/gallery/events/1465451821image14_thumb.jpeg,image,1465451821image14-thumb-f7ab278c.jpeg,,200
https://www.smbbmu.edu.pk/beta/uploads/gallery/events/thumbs/1465451893image10_thumb.jpeg,image,1465451893image10-thumb-009659e6.jpeg,,200
https://www.smbbmu.edu.pk/beta/uploads/gallery/events/thumbs/1465451889image9_thumb.jpeg,image,1465451889image9-thumb-b768082b.jpeg,,200
https://www.smbbmu.edu.pk/beta/uploads/gallery/events/thumbs/1465451888image8_thumb.jpeg,image,1465451888image8-thumb-9f73a580.jpeg,,200
https://www.smbbmu.edu.pk/beta/uploads/gallery/events/thumbs/1465451886image7_thumb.jpeg,image,1465451886image7-thumb-af753e91.jpeg,,200
https://www.smbbmu.edu.pk/beta/uploads/gallery/events/thumbs/1465451883image6_thumb.jpeg,image,1465451883image6-thumb-8d12629c.jpeg,,200
https://www.smbbmu.edu.pk/beta/uploads/gallery/events/thumbs/1465451879image4_thumb.jpeg,image,1465451879image4-thumb-aa167748.jpeg,,200
https://www.smbbmu.edu.pk/beta/uploads/gallery/events/thumbs/1465451878image5_thumb.jpeg,image,1465451878image5-thumb-f35556ae.jpeg,,200
https://www.smbbmu.edu.pk/beta/uploads/gallery/events/thumbs/1465451875image3_thumb.jpeg,image,1465451875image3-thumb-a5e5e44f.jpeg,,200
https://www.smbbmu.edu.pk/beta/uploads/gallery/events/thumbs/1465451873image2_thumb.jpeg,image,1465451873image2-thumb-3b9bf9fb.jpeg,,200
https://www.smbbmu.edu.pk/beta/uploads/gallery/events/thumbs/1465451872image1_thumb.jpeg,image,1465451872image1-thumb-61698532.jpeg,,200
https://www.smbbmu.edu.pk/beta/uploads/gallery/events/thumbs/1465451821image14_thumb.jpeg,image,1465451821image14-thumb-7f0439d6.jpeg,,200
https://www.smbbmu.edu.pk/beta/news/details/assessment-team-visit-to-comunity-medicine-department-15-03-2014,news,Assessment Team Visit to department of Community Medicine,2014-03-15,200
https://www.smbbmu.edu.pk/beta/uploads/gallery/events/1453357714IMG_8197_thumb.JPG,image,1453357714img-8197-thumb-3c7efd7d.jpg,,200
https://www.smbbmu.edu.pk/beta/uploads/gallery/events/1453357714IMG_8180_thumb.JPG,image,1453357714img-8180-thumb-3f770bd5.jpg,,200
https://www.smbbmu.edu.pk/beta/uploads/gallery/events/1453357714IMG_8179_thumb.JPG,image,1453357714img-8179-thumb-05178032.jpg,,200
https://www.smbbmu.edu.pk/beta/uploads/gallery/events/1453357713IMG_8168_thumb.JPG,image,1453357713img-8168-thumb-2c6ea9df.jpg,,200
https://www.smbbmu.edu.pk/beta/uploads/gallery/events/1453357713IMG_8167_thumb.JPG,image,1453357713img-8167-thumb-489bd7b9.jpg,,200
https://www.smbbmu.edu.pk/beta/uploads/gallery/events/1453357713IMG_8162_thumb.JPG,image,1453357713img-8162-thumb-8bd0f49b.jpg,,200
https://www.smbbmu.edu.pk/beta/uploads/gallery/events/1453357712IMG_8160_thumb.JPG,image,1453357712img-8160-thumb-fa6e968f.jpg,,200
https://www.smbbmu.edu.pk/beta/uploads/gallery/events/1453357712IMG_8159_thumb.JPG,image,1453357712img-8159-thumb-b603e612.jpg,,200
https://www.smbbmu.edu.pk/beta/uploads/gallery/events/1453357711IMG_8154_thumb.JPG,image,1453357711img-8154-thumb-4673967c.jpg,,200
https://www.smbbmu.edu.pk/beta/uploads/gallery/events/1453357712IMG_8156_thumb.JPG,image,1453357712img-8156-thumb-571454ce.jpg,,200
https://www.smbbmu.edu.pk/beta/uploads/gallery/events/1453357710IMG_8152_thumb.JPG,image,1453357710img-8152-thumb-7307ed17.jpg,,200
https://www.smbbmu.edu.pk/beta/uploads/gallery/events/1453357710IMG_8151_thumb.JPG,image,1453357710img-8151-thumb-0c773ca9.jpg,,200
https://www.smbbmu.edu.pk/beta/uploads/gallery/events/thumbs/1453357714IMG_8197_thumb.JPG,image,1453357714img-8197-thumb-6206cbe7.jpg,,200
https://www.smbbmu.edu.pk/beta/uploads/gallery/events/thumbs/1453357714IMG_8180_thumb.JPG,image,1453357714img-8180-thumb-cc5aac3c.jpg,,200
https://www.smbbmu.edu.pk/beta/uploads/gallery/events/thumbs/1453357714IMG_8179_thumb.JPG,image,1453357714img-8179-thumb-784a0288.jpg,,200
https://www.smbbmu.edu.pk/beta/uploads/gallery/events/thumbs/1453357713IMG_8168_thumb.JPG,image,1453357713img-8168-thumb-3768de2e.jpg,,200
https://www.smbbmu.edu.pk/beta/uploads/gallery/events/thumbs/1453357713IMG_8167_thumb.JPG,image,1453357713img-8167-thumb-c5cf4ec9.jpg,,200
https://www.smbbmu.edu.pk/beta/uploads/gallery/events/thumbs/1453357713IMG_8162_thumb.JPG,image,1453357713img-8162-thumb-5bfe5e05.jpg,,200
https://www.smbbmu.edu.pk/beta/uploads/gallery/events/thumbs/1453357712IMG_8160_thumb.JPG,image,1453357712img-8160-thumb-10a81df7.jpg,,200
https://www.smbbmu.edu.pk/beta/uploads/gallery/events/thumbs/1453357712IMG_8159_thumb.JPG,image,1453357712img-8159-thumb-5b9d7621.jpg,,200
https://www.smbbmu.edu.pk/beta/uploads/gallery/events/thumbs/1453357711IMG_8154_thumb.JPG,image,1453357711img-8154-thumb-cd001afb.jpg,,200
https://www.smbbmu.edu.pk/beta/uploads/gallery/events/thumbs/1453357712IMG_8156_thumb.JPG,image,1453357712img-8156-thumb-6b5833fd.jpg,,200
https://www.smbbmu.edu.pk/beta/uploads/gallery/events/thumbs/1453357710IMG_8152_thumb.JPG,image,1453357710img-8152-thumb-314f21d1.jpg,,200
https://www.smbbmu.edu.pk/beta/uploads/gallery/events/thumbs/1453357710IMG_8151_thumb.JPG,image,1453357710img-8151-thumb-1c7bd5f3.jpg,,200
https://www.smbbmu.edu.pk/beta/news/details/assessment-team-visit-to-department-of-dermatology-28-02-2014,news,Assessment Team Visit to department of Dermatology,2014-02-28,200
https://www.smbbmu.edu.pk/beta/uploads/gallery/events/1453358145DSC00994_thumb.JPG,image,1453358145dsc00994-thumb-1128acdb.jpg,,200
https://www.smbbmu.edu.pk/beta/uploads/gallery/events/1453358145DSC00993_thumb.JPG,image,1453358145dsc00993-thumb-666ff4ec.jpg,,200
https://www.smbbmu.edu.pk/beta/uploads/gallery/events/1453358143DSC00992_thumb.JPG,image,1453358143dsc00992-thumb-2e0a33fb.jpg,,200
https://www.smbbmu.edu.pk/beta/uploads/gallery/events/1453358143DSC00991_thumb.JPG,image,1453358143dsc00991-thumb-11a1198c.jpg,,200
https://www.smbbmu.edu.pk/beta/uploads/gallery/events/1453358141DSC00990_thumb.JPG,image,1453358141dsc00990-thumb-a597dd31.jpg,,200
https://www.smbbmu.edu.pk/beta/uploads/gallery/events/1453358141DSC00989_thumb.JPG,image,1453358141dsc00989-thumb-ca9864c3.jpg,,200
https://www.smbbmu.edu.pk/beta/uploads/gallery/events/1453358139DSC00988_thumb.JPG,image,1453358139dsc00988-thumb-2a830d86.jpg,,200
https://www.smbbmu.edu.pk/beta/uploads/gallery/events/1453358139DSC00987_thumb.JPG,image,1453358139dsc00987-thumb-f5fd671a.jpg,,200
https://www.smbbmu.edu.pk/beta/uploads/gallery/events/1453358137DSC00985_thumb.JPG,image,1453358137dsc00985-thumb-15c39b00.jpg,,200
https://www.smbbmu.edu.pk/beta/uploads/gallery/events/1453358137DSC00983_thumb.JPG,image,1453358137dsc00983-thumb-45ee370b.jpg,,200
https://www.smbbmu.edu.pk/beta/uploads/gallery/events/1453358135DSC00980_thumb.JPG,image,1453358135dsc00980-thumb-27f75bcc.jpg,,200
https://www.smbbmu.edu.pk/beta/uploads/gallery/events/1453358134DSC00955_thumb.JPG,image,1453358134dsc00955-thumb-1f1b11ad.jpg,,200
https://www.smbbmu.edu.pk/beta/uploads/gallery/events/1453358131DSC00954_thumb.JPG,image,1453358131dsc00954-thumb-b059d23b.jpg,,200
https://www.smbbmu.edu.pk/beta/uploads/gallery/events/1453358131DSC00952_thumb.JPG,image,1453358131dsc00952-thumb-a8c93ad2.jpg,,200
https://www.smbbmu.edu.pk/beta/uploads/gallery/events/thumbs/1453358145DSC00994_thumb.JPG,image,1453358145dsc00994-thumb-b6cc47c0.jpg,,200
https://www.smbbmu.edu.pk/beta/uploads/gallery/events/thumbs/1453358145DSC00993_thumb.JPG,image,1453358145dsc00993-thumb-980ab066.jpg,,200
https://www.smbbmu.edu.pk/beta/uploads/gallery/events/thumbs/1453358143DSC00992_thumb.JPG,image,1453358143dsc00992-thumb-7bb4c4b3.jpg,,200
https://www.smbbmu.edu.pk/beta/uploads/gallery/events/thumbs/1453358143DSC00991_thumb.JPG,image,1453358143dsc00991-thumb-4a61705b.jpg,,200
https://www.smbbmu.edu.pk/beta/uploads/gallery/events/thumbs/1453358141DSC00990_thumb.JPG,image,1453358141dsc00990-thumb-54c5d343.jpg,,200
https://www.smbbmu.edu.pk/beta/uploads/gallery/events/thumbs/1453358141DSC00989_thumb.JPG,image,1453358141dsc00989-thumb-57f03eaa.jpg,,200
https://www.smbbmu.edu.pk/beta/uploads/gallery/events/thumbs/1453358139DSC00988_thumb.JPG,image,1453358139dsc00988-thumb-c5955a1c.jpg,,200
https://www.smbbmu.edu.pk/beta/uploads/gallery/events/thumbs/1453358139DSC00987_thumb.JPG,image,1453358139dsc00987-thumb-3ffebab6.jpg,,200
https://www.smbbmu.edu.pk/beta/uploads/gallery/events/thumbs/1453358137DSC00985_thumb.JPG,image,1453358137dsc00985-thumb-05b0b364.jpg,,200
https://www.smbbmu.edu.pk/beta/uploads/gallery/events/thumbs/1453358137DSC00983_thumb.JPG,image,1453358137dsc00983-thumb-8f888ecb.jpg,,200
https://www.smbbmu.edu.pk/beta/uploads/gallery/events/thumbs/1453358135DSC00980_thumb.JPG,image,1453358135dsc00980-thumb-2e1c5f4f.jpg,,200
https://www.smbbmu.edu.pk/beta/uploads/gallery/events/thumbs/1453358134DSC00955_thumb.JPG,image,1453358134dsc00955-thumb-8bc9b69e.jpg,,200
https://www.smbbmu.edu.pk/beta/uploads/gallery/events/thumbs/1453358131DSC00954_thumb.JPG,image,1453358131dsc00954-thumb-fc66f683.jpg,,200
https://www.smbbmu.edu.pk/beta/uploads/gallery/events/thumbs/1453358131DSC00952_thumb.JPG,image,1453358131dsc00952-thumb-36a85e8b.jpg,,200
https://www.smbbmu.edu.pk/beta/news/details/assessment-team-visit-to-department-of-general-medicine-28-02-2014,news,Assessment Team Visit to department of general medicine,2014-02-28,200
https://www.smbbmu.edu.pk/beta/uploads/gallery/events/1453358588IMG_1254_thumb.JPG,image,1453358588img-1254-thumb-490c5561.jpg,,200
https://www.smbbmu.edu.pk/beta/uploads/gallery/events/1453358588IMG_1251_thumb.JPG,image,1453358588img-1251-thumb-b97d936a.jpg,,200
https://www.smbbmu.edu.pk/beta/uploads/gallery/events/1453358587IMG_1249_thumb.JPG,image,1453358587img-1249-thumb-c7009e03.jpg,,200
https://www.smbbmu.edu.pk/beta/uploads/gallery/events/1453358587IMG_1248_thumb.JPG,image,1453358587img-1248-thumb-a2fc80a5.jpg,,200
https://www.smbbmu.edu.pk/beta/uploads/gallery/events/1453358585IMG_1246_thumb.JPG,image,1453358585img-1246-thumb-51e68af4.jpg,,200
https://www.smbbmu.edu.pk/beta/uploads/gallery/events/1453358585IMG_1244_thumb.JPG,image,1453358585img-1244-thumb-09db0dba.jpg,,200
https://www.smbbmu.edu.pk/beta/uploads/gallery/events/1453358582IMG_1243_thumb.JPG,image,1453358582img-1243-thumb-d2ebf6e5.jpg,,200
https://www.smbbmu.edu.pk/beta/uploads/gallery/events/1453358582IMG_1238_thumb.JPG,image,1453358582img-1238-thumb-f8d42571.jpg,,200
https://www.smbbmu.edu.pk/beta/uploads/gallery/events/thumbs/1453358588IMG_1254_thumb.JPG,image,1453358588img-1254-thumb-b97b2e11.jpg,,200
https://www.smbbmu.edu.pk/beta/uploads/gallery/events/thumbs/1453358588IMG_1251_thumb.JPG,image,1453358588img-1251-thumb-8a7c4164.jpg,,200
https://www.smbbmu.edu.pk/beta/uploads/gallery/events/thumbs/1453358587IMG_1249_thumb.JPG,image,1453358587img-1249-thumb-8d655684.jpg,,200
https://www.smbbmu.edu.pk/beta/uploads/gallery/events/thumbs/1453358587IMG_1248_thumb.JPG,image,1453358587img-1248-thumb-1be15d58.jpg,,200
https://www.smbbmu.edu.pk/beta/uploads/gallery/events/thumbs/1453358585IMG_1246_thumb.JPG,image,1453358585img-1246-thumb-7bac11d4.jpg,,200
https://www.smbbmu.edu.pk/beta/uploads/gallery/events/thumbs/1453358585IMG_1244_thumb.JPG,image,1453358585img-1244-thumb-dde88aa5.jpg,,200
https://www.smbbmu.edu.pk/beta/uploads/gallery/events/thumbs/1453358582IMG_1243_thumb.JPG,image,1453358582img-1243-thumb-ec3d2702.jpg,,200
https://www.smbbmu.edu.pk/beta/uploads/gallery/events/thumbs/1453358582IMG_1238_thumb.JPG,image,1453358582img-1238-thumb-1b16e92f.jpg,,200
https://www.smbbmu.edu.pk/beta/news/details/assessment-team-visit-to-department-of-pathology-19-02-2014,news,Assessment Team Visit to department of Pathology,2014-02-19,200
https://www.smbbmu.edu.pk/beta/uploads/gallery/events/1453358847IMG_8047_thumb.JPG,image,1453358847img-8047-thumb-d386d4e2.jpg,,200
https://www.smbbmu.edu.pk/beta/uploads/gallery/events/1453358847IMG_8045_thumb.JPG,image,1453358847img-8045-thumb-62237bd9.jpg,,200
https://www.smbbmu.edu.pk/beta/uploads/gallery/events/1453358847IMG_8044_thumb.JPG,image,1453358847img-8044-thumb-2bbbd4cd.jpg,,200
https://www.smbbmu.edu.pk/beta/uploads/gallery/events/1453358847IMG_8043_thumb.JPG,image,1453358847img-8043-thumb-370392c7.jpg,,200
https://www.smbbmu.edu.pk/beta/uploads/gallery/events/1453358846IMG_8042_thumb.JPG,image,1453358846img-8042-thumb-f34f55c5.jpg,,200
https://www.smbbmu.edu.pk/beta/uploads/gallery/events/1453358846IMG_8041_thumb.JPG,image,1453358846img-8041-thumb-b59427c2.jpg,,200
https://www.smbbmu.edu.pk/beta/uploads/gallery/events/1453358845IMG_8035_thumb.JPG,image,1453358845img-8035-thumb-4175d862.jpg,,200
https://www.smbbmu.edu.pk/beta/uploads/gallery/events/1453358845IMG_8036_thumb.JPG,image,1453358845img-8036-thumb-a038825b.jpg,,200
https://www.smbbmu.edu.pk/beta/uploads/gallery/events/thumbs/1453358847IMG_8047_thumb.JPG,image,1453358847img-8047-thumb-70780b0d.jpg,,200
https://www.smbbmu.edu.pk/beta/uploads/gallery/events/thumbs/1453358847IMG_8045_thumb.JPG,image,1453358847img-8045-thumb-c23bfc68.jpg,,200
https://www.smbbmu.edu.pk/beta/uploads/gallery/events/thumbs/1453358847IMG_8044_thumb.JPG,image,1453358847img-8044-thumb-f74ff6ef.jpg,,200
https://www.smbbmu.edu.pk/beta/uploads/gallery/events/thumbs/1453358847IMG_8043_thumb.JPG,image,1453358847img-8043-thumb-e462a405.jpg,,200
https://www.smbbmu.edu.pk/beta/uploads/gallery/events/thumbs/1453358846IMG_8042_thumb.JPG,image,1453358846img-8042-thumb-2798be11.jpg,,200
https://www.smbbmu.edu.pk/beta/uploads/gallery/events/thumbs/1453358846IMG_8041_thumb.JPG,image,1453358846img-8041-thumb-eb190964.jpg,,200
https://www.smbbmu.edu.pk/beta/uploads/gallery/events/thumbs/1453358845IMG_8035_thumb.JPG,image,1453358845img-8035-thumb-7ccbbda9.jpg,,200
https://www.smbbmu.edu.pk/beta/uploads/gallery/events/thumbs/1453358845IMG_8036_thumb.JPG,image,1453358845img-8036-thumb-fd5ada1c.jpg,,200
https://www.smbbmu.edu.pk/beta/news/details/assessment-team-visit-to-pharmocology-department-17-02-2014,news,Assessment Team Visit to department of Pharmacology,2014-02-17,200
https://www.smbbmu.edu.pk/beta/uploads/gallery/events/1453358915IMG_8021_thumb.JPG,image,1453358915img-8021-thumb-9718b73d.jpg,,200
https://www.smbbmu.edu.pk/beta/uploads/gallery/events/1453358915IMG_8012_thumb.JPG,image,1453358915img-8012-thumb-c296d2b4.jpg,,200
https://www.smbbmu.edu.pk/beta/uploads/gallery/events/1453358914IMG_8010_thumb.JPG,image,1453358914img-8010-thumb-a49dd4c2.jpg,,200
https://www.smbbmu.edu.pk/beta/uploads/gallery/events/1453358914IMG_8009 - Copy_thumb.JPG,image,1453358914img-8009-copy-thumb-386cc3c1.jpg,,200
https://www.smbbmu.edu.pk/beta/uploads/gallery/events/1453358914IMG_8003 - Copy_thumb.JPG,image,1453358914img-8003-copy-thumb-bbeaaa5c.jpg,,200
https://www.smbbmu.edu.pk/beta/uploads/gallery/events/1453358913IMG_7997 - Copy_thumb.JPG,image,1453358913img-7997-copy-thumb-6c42a91c.jpg,,200
https://www.smbbmu.edu.pk/beta/uploads/gallery/events/1453358913IMG_7995 - Copy_thumb.JPG,image,1453358913img-7995-copy-thumb-a1ea5799.jpg,,200
https://www.smbbmu.edu.pk/beta/uploads/gallery/events/1453358913IMG_7994 - Copy_thumb.JPG,image,1453358913img-7994-copy-thumb-289a9c43.jpg,,200
https://www.smbbmu.edu.pk/beta/uploads/gallery/events/1453358913IMG_7993 - Copy_thumb.JPG,image,1453358913img-7993-copy-thumb-3638c6fe.jpg,,200
https://www.smbbmu.edu.pk/beta/uploads/gallery/events/1453358912IMG_7992 - Copy_thumb.JPG,image,1453358912img-7992-copy-thumb-e54e52ae.jpg,,200
https://www.smbbmu.edu.pk/beta/uploads/gallery/events/1453358912IMG_7990 - Copy_thumb.JPG,image,1453358912img-7990-copy-thumb-576fa8dc.jpg,,200
https://www.smbbmu.edu.pk/beta/uploads/gallery/events/thumbs/1453358915IMG_8021_thumb.JPG,image,1453358915img-8021-thumb-e9ee2a42.jpg,,200
https://www.smbbmu.edu.pk/beta/uploads/gallery/events/thumbs/1453358915IMG_8012_thumb.JPG,image,1453358915img-8012-thumb-0ece19f7.jpg,,200
https://www.smbbmu.edu.pk/beta/uploads/gallery/events/thumbs/1453358914IMG_8010_thumb.JPG,image,1453358914img-8010-thumb-293525cb.jpg,,200
https://www.smbbmu.edu.pk/beta/uploads/gallery/events/thumbs/1453358914IMG_8009 - Copy_thumb.JPG,image,1453358914img-8009-copy-thumb-326d2e47.jpg,,200
https://www.smbbmu.edu.pk/beta/uploads/gallery/events/thumbs/1453358914IMG_8003 - Copy_thumb.JPG,image,1453358914img-8003-copy-thumb-f8bd5819.jpg,,200
https://www.smbbmu.edu.pk/beta/uploads/gallery/events/thumbs/1453358913IMG_7997 - Copy_thumb.JPG,image,1453358913img-7997-copy-thumb-c3fe24d6.jpg,,200
https://www.smbbmu.edu.pk/beta/uploads/gallery/events/thumbs/1453358913IMG_7995 - Copy_thumb.JPG,image,1453358913img-7995-copy-thumb-ab8b099a.jpg,,200
https://www.smbbmu.edu.pk/beta/uploads/gallery/events/thumbs/1453358913IMG_7994 - Copy_thumb.JPG,image,1453358913img-7994-copy-thumb-22a89eab.jpg,,200
https://www.smbbmu.edu.pk/beta/uploads/gallery/events/thumbs/1453358913IMG_7993 - Copy_thumb.JPG,image,1453358913img-7993-copy-thumb-88606342.jpg,,200
https://www.smbbmu.edu.pk/beta/uploads/gallery/events/thumbs/1453358912IMG_7992 - Copy_thumb.JPG,image,1453358912img-7992-copy-thumb-969a6302.jpg,,200
https://www.smbbmu.edu.pk/beta/uploads/gallery/events/thumbs/1453358912IMG_7990 - Copy_thumb.JPG,image,1453358912img-7990-copy-thumb-59481eff.jpg,,200
https://www.smbbmu.edu.pk/beta/news/details/assessment-team-visit-to-forensic-medicine-department-05-02-2014,news,Assessment Team Visit to department of Forensic Medicine,2014-02-05,200
https://www.smbbmu.edu.pk/beta/uploads/gallery/events/1453358401IMG_7929_thumb.JPG,image,1453358401img-7929-thumb-295dc755.jpg,,200
https://www.smbbmu.edu.pk/beta/uploads/gallery/events/1453358401IMG_7927_thumb.JPG,image,1453358401img-7927-thumb-8a1e199f.jpg,,200
https://www.smbbmu.edu.pk/beta/uploads/gallery/events/1453358400IMG_7924_thumb.JPG,image,1453358400img-7924-thumb-240cc89f.jpg,,200
https://www.smbbmu.edu.pk/beta/uploads/gallery/events/1453358400IMG_7923_thumb.JPG,image,1453358400img-7923-thumb-a87a9512.jpg,,200
https://www.smbbmu.edu.pk/beta/uploads/gallery/events/1453358400IMG_7922_thumb.JPG,image,1453358400img-7922-thumb-c61e3cc7.jpg,,200
https://www.smbbmu.edu.pk/beta/uploads/gallery/events/1453358399IMG_7921_thumb.JPG,image,1453358399img-7921-thumb-8d7d50e0.jpg,,200
https://www.smbbmu.edu.pk/beta/uploads/gallery/events/1453358399IMG_7918_thumb.JPG,image,1453358399img-7918-thumb-d433b182.jpg,,200
https://www.smbbmu.edu.pk/beta/uploads/gallery/events/1453358398IMG_7912_thumb.JPG,image,1453358398img-7912-thumb-c92a9a56.jpg,,200
https://www.smbbmu.edu.pk/beta/uploads/gallery/events/1453358398IMG_7909_thumb.JPG,image,1453358398img-7909-thumb-4b4b0891.jpg,,200
https://www.smbbmu.edu.pk/beta/uploads/gallery/events/thumbs/1453358401IMG_7929_thumb.JPG,image,1453358401img-7929-thumb-92483ddd.jpg,,200
https://www.smbbmu.edu.pk/beta/uploads/gallery/events/thumbs/1453358401IMG_7927_thumb.JPG,image,1453358401img-7927-thumb-e58754c8.jpg,,200
https://www.smbbmu.edu.pk/beta/uploads/gallery/events/thumbs/1453358400IMG_7924_thumb.JPG,image,1453358400img-7924-thumb-32049f09.jpg,,200
https://www.smbbmu.edu.pk/beta/uploads/gallery/events/thumbs/1453358400IMG_7923_thumb.JPG,image,1453358400img-7923-thumb-ffda745f.jpg,,200
https://www.smbbmu.edu.pk/beta/uploads/gallery/events/thumbs/1453358400IMG_7922_thumb.JPG,image,1453358400img-7922-thumb-e32dffa4.jpg,,200
https://www.smbbmu.edu.pk/beta/uploads/gallery/events/thumbs/1453358399IMG_7921_thumb.JPG,image,1453358399img-7921-thumb-b355d703.jpg,,200
https://www.smbbmu.edu.pk/beta/uploads/gallery/events/thumbs/1453358399IMG_7918_thumb.JPG,image,1453358399img-7918-thumb-f35ea30a.jpg,,200
https://www.smbbmu.edu.pk/beta/uploads/gallery/events/thumbs/1453358398IMG_7912_thumb.JPG,image,1453358398img-7912-thumb-43fa1824.jpg,,200
https://www.smbbmu.edu.pk/beta/uploads/gallery/events/thumbs/1453358398IMG_7909_thumb.JPG,image,1453358398img-7909-thumb-0b3e56e9.jpg,,200
https://www.smbbmu.edu.pk/beta/news/details/assessment-team-visit-to-department-of-physiology-04-02-2013,news,Assessment Team Visit to department of Physiology,2013-02-04,200
https://www.smbbmu.edu.pk/beta/uploads/gallery/events/1453102228DSC01443_thumb.JPG,image,1453102228dsc01443-thumb-1b4f540e.jpg,,200
https://www.smbbmu.edu.pk/beta/uploads/gallery/events/1453102227DSC01442_thumb.JPG,image,1453102227dsc01442-thumb-84b48b76.jpg,,200
https://www.smbbmu.edu.pk/beta/uploads/gallery/events/1453102226DSC01424_thumb.JPG,image,1453102226dsc01424-thumb-4a78557d.jpg,,200
https://www.smbbmu.edu.pk/beta/uploads/gallery/events/1453102225DSC01421_thumb.JPG,image,1453102225dsc01421-thumb-4615f38c.jpg,,200
https://www.smbbmu.edu.pk/beta/uploads/gallery/events/1453102225DSC01419_thumb.JPG,image,1453102225dsc01419-thumb-7404c30b.jpg,,200
https://www.smbbmu.edu.pk/beta/uploads/gallery/events/1453102224DSC01416_thumb.JPG,image,1453102224dsc01416-thumb-5d53ddc1.jpg,,200
https://www.smbbmu.edu.pk/beta/uploads/gallery/events/1453102223DSC01414_thumb.JPG,image,1453102223dsc01414-thumb-361a64f9.jpg,,200
https://www.smbbmu.edu.pk/beta/uploads/gallery/events/1453102222DSC01413_thumb.JPG,image,1453102222dsc01413-thumb-c879dafe.jpg,,200
https://www.smbbmu.edu.pk/beta/uploads/gallery/events/1453102222DSC01410_thumb.JPG,image,1453102222dsc01410-thumb-e498df85.jpg,,200
https://www.smbbmu.edu.pk/beta/uploads/gallery/events/1453102220DSC01409_thumb.JPG,image,1453102220dsc01409-thumb-dfbc6de8.jpg,,200
https://www.smbbmu.edu.pk/beta/uploads/gallery/events/1453102220DSC01407_thumb.JPG,image,1453102220dsc01407-thumb-ae08ce8a.jpg,,200
https://www.smbbmu.edu.pk/beta/uploads/gallery/events/1453102217DSC01404_thumb.JPG,image,1453102217dsc01404-thumb-b1960ae9.jpg,,200
https://www.smbbmu.edu.pk/beta/uploads/gallery/events/1453102217DSC01406_thumb.JPG,image,1453102217dsc01406-thumb-12539743.jpg,,200
https://www.smbbmu.edu.pk/beta/uploads/gallery/events/thumbs/1453102228DSC01443_thumb.JPG,image,1453102228dsc01443-thumb-07c489c7.jpg,,200
https://www.smbbmu.edu.pk/beta/uploads/gallery/events/thumbs/1453102227DSC01442_thumb.JPG,image,1453102227dsc01442-thumb-000c9947.jpg,,200
https://www.smbbmu.edu.pk/beta/uploads/gallery/events/thumbs/1453102226DSC01424_thumb.JPG,image,1453102226dsc01424-thumb-7a86e3de.jpg,,200
https://www.smbbmu.edu.pk/beta/uploads/gallery/events/thumbs/1453102225DSC01421_thumb.JPG,image,1453102225dsc01421-thumb-bd6c6bb9.jpg,,200
https://www.smbbmu.edu.pk/beta/uploads/gallery/events/thumbs/1453102225DSC01419_thumb.JPG,image,1453102225dsc01419-thumb-2a851980.jpg,,200
https://www.smbbmu.edu.pk/beta/uploads/gallery/events/thumbs/1453102224DSC01416_thumb.JPG,image,1453102224dsc01416-thumb-096ac3d8.jpg,,200
https://www.smbbmu.edu.pk/beta/uploads/gallery/events/thumbs/1453102223DSC01414_thumb.JPG,image,1453102223dsc01414-thumb-35d0399a.jpg,,200
https://www.smbbmu.edu.pk/beta/uploads/gallery/events/thumbs/1453102222DSC01413_thumb.JPG,image,1453102222dsc01413-thumb-c838bd6f.jpg,,200
https://www.smbbmu.edu.pk/beta/uploads/gallery/events/thumbs/1453102222DSC01410_thumb.JPG,image,1453102222dsc01410-thumb-cf7515c0.jpg,,200
https://www.smbbmu.edu.pk/beta/uploads/gallery/events/thumbs/1453102220DSC01409_thumb.JPG,image,1453102220dsc01409-thumb-19e8692b.jpg,,200
https://www.smbbmu.edu.pk/beta/uploads/gallery/events/thumbs/1453102220DSC01407_thumb.JPG,image,1453102220dsc01407-thumb-dbf04153.jpg,,200
https://www.smbbmu.edu.pk/beta/uploads/gallery/events/thumbs/1453102217DSC01404_thumb.JPG,image,1453102217dsc01404-thumb-ed4517e8.jpg,,200
https://www.smbbmu.edu.pk/beta/uploads/gallery/events/thumbs/1453102217DSC01406_thumb.JPG,image,1453102217dsc01406-thumb-01e2d159.jpg,,200
https://www.smbbmu.edu.pk/beta/news/details/assessment-team-visit-to-biochemistry-department-08-11-2012,news,Assessment Team Visit to department of Biochemistry,2012-11-28,200
https://www.smbbmu.edu.pk/beta/uploads/gallery/events/1453098919DSC01101_thumb.JPG,image,1453098919dsc01101-thumb-1fae1046.jpg,,200
https://www.smbbmu.edu.pk/beta/uploads/gallery/events/1453098917DSC01099_thumb.JPG,image,1453098917dsc01099-thumb-6b3ce4d3.jpg,,200
https://www.smbbmu.edu.pk/beta/uploads/gallery/events/1453098917DSC01100_thumb.JPG,image,1453098917dsc01100-thumb-c0f84118.jpg,,200
https://www.smbbmu.edu.pk/beta/uploads/gallery/events/1453098915DSC01085_thumb.JPG,image,1453098915dsc01085-thumb-6d5bba2a.jpg,,200
https://www.smbbmu.edu.pk/beta/uploads/gallery/events/1453098915DSC01087_thumb.JPG,image,1453098915dsc01087-thumb-8594bbe2.jpg,,200
https://www.smbbmu.edu.pk/beta/uploads/gallery/events/1453098912DSC01080_thumb.JPG,image,1453098912dsc01080-thumb-08148d5a.jpg,,200
https://www.smbbmu.edu.pk/beta/uploads/gallery/events/1453098912DSC01081_thumb.JPG,image,1453098912dsc01081-thumb-63e1ac10.jpg,,200
https://www.smbbmu.edu.pk/beta/uploads/gallery/events/1453098910DSC01079_thumb.JPG,image,1453098910dsc01079-thumb-0ae2d3a9.jpg,,200
https://www.smbbmu.edu.pk/beta/uploads/gallery/events/1453098910DSC01075_thumb.JPG,image,1453098910dsc01075-thumb-3939b00d.jpg,,200
https://www.smbbmu.edu.pk/beta/uploads/gallery/events/1453098908DSC01072_thumb.JPG,image,1453098908dsc01072-thumb-646877be.jpg,,200
https://www.smbbmu.edu.pk/beta/uploads/gallery/events/1453098908DSC01073_thumb.JPG,image,1453098908dsc01073-thumb-3d0de587.jpg,,200
https://www.smbbmu.edu.pk/beta/uploads/gallery/events/1453098904DSC01063_thumb.JPG,image,1453098904dsc01063-thumb-363fcec6.jpg,,200
https://www.smbbmu.edu.pk/beta/uploads/gallery/events/1453098904DSC01069_thumb.JPG,image,1453098904dsc01069-thumb-79d96944.jpg,,200
https://www.smbbmu.edu.pk/beta/uploads/gallery/events/thumbs/1453098919DSC01101_thumb.JPG,image,1453098919dsc01101-thumb-6ba805b1.jpg,,200
https://www.smbbmu.edu.pk/beta/uploads/gallery/events/thumbs/1453098917DSC01099_thumb.JPG,image,1453098917dsc01099-thumb-c3753acf.jpg,,200
https://www.smbbmu.edu.pk/beta/uploads/gallery/events/thumbs/1453098917DSC01100_thumb.JPG,image,1453098917dsc01100-thumb-9a5b36d5.jpg,,200
https://www.smbbmu.edu.pk/beta/uploads/gallery/events/thumbs/1453098915DSC01085_thumb.JPG,image,1453098915dsc01085-thumb-91f72637.jpg,,200
https://www.smbbmu.edu.pk/beta/uploads/gallery/events/thumbs/1453098915DSC01087_thumb.JPG,image,1453098915dsc01087-thumb-f9af96d4.jpg,,200
https://www.smbbmu.edu.pk/beta/uploads/gallery/events/thumbs/1453098912DSC01080_thumb.JPG,image,1453098912dsc01080-thumb-fcfbeacb.jpg,,200
https://www.smbbmu.edu.pk/beta/uploads/gallery/events/thumbs/1453098912DSC01081_thumb.JPG,image,1453098912dsc01081-thumb-bb2c6965.jpg,,200
https://www.smbbmu.edu.pk/beta/uploads/gallery/events/thumbs/1453098910DSC01079_thumb.JPG,image,1453098910dsc01079-thumb-fd31d630.jpg,,200
https://www.smbbmu.edu.pk/beta/uploads/gallery/events/thumbs/1453098910DSC01075_thumb.JPG,image,1453098910dsc01075-thumb-ae72774c.jpg,,200
https://www.smbbmu.edu.pk/beta/uploads/gallery/events/thumbs/1453098908DSC01072_thumb.JPG,image,1453098908dsc01072-thumb-168838f7.jpg,,200
https://www.smbbmu.edu.pk/beta/uploads/gallery/events/thumbs/1453098908DSC01073_thumb.JPG,image,1453098908dsc01073-thumb-2301645d.jpg,,200
https://www.smbbmu.edu.pk/beta/uploads/gallery/events/thumbs/1453098904DSC01063_thumb.JPG,image,1453098904dsc01063-thumb-33548051.jpg,,200
https://www.smbbmu.edu.pk/beta/uploads/gallery/events/thumbs/1453098904DSC01069_thumb.JPG,image,1453098904dsc01069-thumb-f2e8ace8.jpg,,200
https://www.smbbmu.edu.pk/beta/news/details/assessment-team-visit-to-gynae-department-17-11-2012,news,Assessment Team Visit to department of Gynae,2012-11-17,200
https://www.smbbmu.edu.pk/beta/uploads/gallery/events/1453101383DSC01283_thumb.JPG,image,1453101383dsc01283-thumb-50f3d592.jpg,,200
https://www.smbbmu.edu.pk/beta/uploads/gallery/events/1453101380DSC01281_thumb.JPG,image,1453101380dsc01281-thumb-6debca84.jpg,,200
https://www.smbbmu.edu.pk/beta/uploads/gallery/events/1453101380DSC01280_thumb.JPG,image,1453101380dsc01280-thumb-59da44ca.jpg,,200
https://www.smbbmu.edu.pk/beta/uploads/gallery/events/1453101378DSC01266_thumb.JPG,image,1453101378dsc01266-thumb-07fe8bb2.jpg,,200
https://www.smbbmu.edu.pk/beta/uploads/gallery/events/1453101378DSC01262_thumb.JPG,image,1453101378dsc01262-thumb-4451d50e.jpg,,200
https://www.smbbmu.edu.pk/beta/uploads/gallery/events/1453101376DSC01260_thumb.JPG,image,1453101376dsc01260-thumb-fa074537.jpg,,200
https://www.smbbmu.edu.pk/beta/uploads/gallery/events/1453101376DSC01259_thumb.JPG,image,1453101376dsc01259-thumb-16f968dc.jpg,,200
https://www.smbbmu.edu.pk/beta/uploads/gallery/events/1453101374DSC01258_thumb.JPG,image,1453101374dsc01258-thumb-f3075a57.jpg,,200
https://www.smbbmu.edu.pk/beta/uploads/gallery/events/1453101373DSC01257_thumb.JPG,image,1453101373dsc01257-thumb-005fc82c.jpg,,200
https://www.smbbmu.edu.pk/beta/uploads/gallery/events/1453101371DSC01256_thumb.JPG,image,1453101371dsc01256-thumb-8fc7d260.jpg,,200
https://www.smbbmu.edu.pk/beta/uploads/gallery/events/1453101371DSC01246_thumb.JPG,image,1453101371dsc01246-thumb-598e9909.jpg,,200
https://www.smbbmu.edu.pk/beta/uploads/gallery/events/1453101369DSC01245_thumb.JPG,image,1453101369dsc01245-thumb-77bf924e.jpg,,200
https://www.smbbmu.edu.pk/beta/uploads/gallery/events/1453101369DSC01244_thumb.JPG,image,1453101369dsc01244-thumb-cf682275.jpg,,200
https://www.smbbmu.edu.pk/beta/uploads/gallery/events/1453101367DSC01243_thumb.JPG,image,1453101367dsc01243-thumb-d749ad07.jpg,,200
https://www.smbbmu.edu.pk/beta/uploads/gallery/events/1453101366DSC01242_thumb.JPG,image,1453101366dsc01242-thumb-adc06904.jpg,,200
https://www.smbbmu.edu.pk/beta/uploads/gallery/events/1453101365DSC01240_thumb.JPG,image,1453101365dsc01240-thumb-39f4b365.jpg,,200
https://www.smbbmu.edu.pk/beta/uploads/gallery/events/1453101364DSC01237_thumb.JPG,image,1453101364dsc01237-thumb-70cb6085.jpg,,200
https://www.smbbmu.edu.pk/beta/uploads/gallery/events/1453101363DSC01231_thumb.JPG,image,1453101363dsc01231-thumb-7ee927b7.jpg,,200
https://www.smbbmu.edu.pk/beta/uploads/gallery/events/1453101362DSC01200_thumb.JPG,image,1453101362dsc01200-thumb-b8482a73.jpg,,200
https://www.smbbmu.edu.pk/beta/uploads/gallery/events/1453101359DSC01199_thumb.JPG,image,1453101359dsc01199-thumb-11441760.jpg,,200
https://www.smbbmu.edu.pk/beta/uploads/gallery/events/1453101359DSC01196_thumb.JPG,image,1453101359dsc01196-thumb-fdee7177.jpg,,200
https://www.smbbmu.edu.pk/beta/uploads/gallery/events/thumbs/1453101383DSC01283_thumb.JPG,image,1453101383dsc01283-thumb-df2bdfd3.jpg,,200
https://www.smbbmu.edu.pk/beta/uploads/gallery/events/thumbs/1453101380DSC01281_thumb.JPG,image,1453101380dsc01281-thumb-ebe0dc5d.jpg,,200
https://www.smbbmu.edu.pk/beta/uploads/gallery/events/thumbs/1453101380DSC01280_thumb.JPG,image,1453101380dsc01280-thumb-42126411.jpg,,200
https://www.smbbmu.edu.pk/beta/uploads/gallery/events/thumbs/1453101378DSC01266_thumb.JPG,image,1453101378dsc01266-thumb-ae7ee44a.jpg,,200
https://www.smbbmu.edu.pk/beta/uploads/gallery/events/thumbs/1453101378DSC01262_thumb.JPG,image,1453101378dsc01262-thumb-42a9fb6f.jpg,,200
https://www.smbbmu.edu.pk/beta/uploads/gallery/events/thumbs/1453101376DSC01260_thumb.JPG,image,1453101376dsc01260-thumb-a5488e1f.jpg,,200
https://www.smbbmu.edu.pk/beta/uploads/gallery/events/thumbs/1453101376DSC01259_thumb.JPG,image,1453101376dsc01259-thumb-a77887a0.jpg,,200
https://www.smbbmu.edu.pk/beta/uploads/gallery/events/thumbs/1453101374DSC01258_thumb.JPG,image,1453101374dsc01258-thumb-5c75cabf.jpg,,200
https://www.smbbmu.edu.pk/beta/uploads/gallery/events/thumbs/1453101373DSC01257_thumb.JPG,image,1453101373dsc01257-thumb-35f142e2.jpg,,200
https://www.smbbmu.edu.pk/beta/uploads/gallery/events/thumbs/1453101371DSC01256_thumb.JPG,image,1453101371dsc01256-thumb-cd22b3aa.jpg,,200
https://www.smbbmu.edu.pk/beta/uploads/gallery/events/thumbs/1453101371DSC01246_thumb.JPG,image,1453101371dsc01246-thumb-5152e3f1.jpg,,200
https://www.smbbmu.edu.pk/beta/uploads/gallery/events/thumbs/1453101369DSC01245_thumb.JPG,image,1453101369dsc01245-thumb-c59e871e.jpg,,200
https://www.smbbmu.edu.pk/beta/uploads/gallery/events/thumbs/1453101369DSC01244_thumb.JPG,image,1453101369dsc01244-thumb-2439b1bd.jpg,,404
https://www.smbbmu.edu.pk/beta/uploads/gallery/events/thumbs/1453101367DSC01243_thumb.JPG,image,1453101367dsc01243-thumb-efcb6992.jpg,,200
https://www.smbbmu.edu.pk/beta/uploads/gallery/events/thumbs/1453101366DSC01242_thumb.JPG,image,1453101366dsc01242-thumb-a029d9ea.jpg,,200
https://www.smbbmu.edu.pk/beta/uploads/gallery/events/thumbs/1453101365DSC01240_thumb.JPG,image,1453101365dsc01240-thumb-7f82a710.jpg,,200
https://www.smbbmu.edu.pk/beta/uploads/gallery/events/thumbs/1453101364DSC01237_thumb.JPG,image,1453101364dsc01237-thumb-0d04a28e.jpg,,200
https://www.smbbmu.edu.pk/beta/uploads/gallery/events/thumbs/1453101363DSC01231_thumb.JPG,image,1453101363dsc01231-thumb-40dd011d.jpg,,200
https://www.smbbmu.edu.pk/beta/uploads/gallery/events/thumbs/1453101362DSC01200_thumb.JPG,image,1453101362dsc01200-thumb-598bcb9c.jpg,,200
https://www.smbbmu.edu.pk/beta/uploads/gallery/events/thumbs/1453101359DSC01199_thumb.JPG,image,1453101359dsc01199-thumb-cd695948.jpg,,200
https://www.smbbmu.edu.pk/beta/uploads/gallery/events/thumbs/1453101359DSC01196_thumb.JPG,image,1453101359dsc01196-thumb-05ce29ea.jpg,,200
https://www.smbbmu.edu.pk/beta/news/details/assessment-team-visit-to-paediatric-department-17-11-2012,news,Assessment Team Visit to department of Paediatric,2012-11-17,200
https://www.smbbmu.edu.pk/beta/uploads/gallery/events/1453101820DSC01192_thumb.JPG,image,1453101820dsc01192-thumb-f53b8758.jpg,,200
https://www.smbbmu.edu.pk/beta/uploads/gallery/events/1453101820DSC01191_thumb.JPG,image,1453101820dsc01191-thumb-04e8fee8.jpg,,200
https://www.smbbmu.edu.pk/beta/uploads/gallery/events/1453101818DSC01190_thumb.JPG,image,1453101818dsc01190-thumb-e5adc63c.jpg,,200
https://www.smbbmu.edu.pk/beta/uploads/gallery/events/1453101818DSC01180_thumb.JPG,image,1453101818dsc01180-thumb-58b6e9ad.jpg,,200
https://www.smbbmu.edu.pk/beta/uploads/gallery/events/1453101816DSC01179_thumb.JPG,image,1453101816dsc01179-thumb-04b3ad54.jpg,,200
https://www.smbbmu.edu.pk/beta/uploads/gallery/events/1453101816DSC01170_thumb.JPG,image,1453101816dsc01170-thumb-6981b88f.jpg,,200
https://www.smbbmu.edu.pk/beta/uploads/gallery/events/1453101813DSC01165_thumb.JPG,image,1453101813dsc01165-thumb-7871e380.jpg,,200
https://www.smbbmu.edu.pk/beta/uploads/gallery/events/1453101813DSC01166_thumb.JPG,image,1453101813dsc01166-thumb-114cc63d.jpg,,200
https://www.smbbmu.edu.pk/beta/uploads/gallery/events/1453101811DSC01164_thumb.JPG,image,1453101811dsc01164-thumb-52483cbf.jpg,,200
https://www.smbbmu.edu.pk/beta/uploads/gallery/events/1453101811DSC01163_thumb.JPG,image,1453101811dsc01163-thumb-9ac18e4e.jpg,,200
https://www.smbbmu.edu.pk/beta/uploads/gallery/events/1453101809DSC01161_thumb.JPG,image,1453101809dsc01161-thumb-87d54c52.jpg,,200
https://www.smbbmu.edu.pk/beta/uploads/gallery/events/1453101809DSC01159_thumb.JPG,image,1453101809dsc01159-thumb-1bf8c0d4.jpg,,200
https://www.smbbmu.edu.pk/beta/uploads/gallery/events/1453101807DSC01156_thumb.JPG,image,1453101807dsc01156-thumb-a6ef6716.jpg,,200
https://www.smbbmu.edu.pk/beta/uploads/gallery/events/1453101807DSC01149_thumb.JPG,image,1453101807dsc01149-thumb-5cb8225b.jpg,,200
https://www.smbbmu.edu.pk/beta/uploads/gallery/events/1453101804DSC01146_thumb.JPG,image,1453101804dsc01146-thumb-d9af3feb.jpg,,200
https://www.smbbmu.edu.pk/beta/uploads/gallery/events/1453101804DSC01148_thumb.JPG,image,1453101804dsc01148-thumb-d978f66d.jpg,,200
https://www.smbbmu.edu.pk/beta/uploads/gallery/events/1453101801DSC01144_thumb.JPG,image,1453101801dsc01144-thumb-f5fdc68a.jpg,,200
https://www.smbbmu.edu.pk/beta/uploads/gallery/events/1453101801DSC01145_thumb.JPG,image,1453101801dsc01145-thumb-dda91c90.jpg,,200
https://www.smbbmu.edu.pk/beta/uploads/gallery/events/thumbs/1453101820DSC01192_thumb.JPG,image,1453101820dsc01192-thumb-a00eb916.jpg,,200
https://www.smbbmu.edu.pk/beta/uploads/gallery/events/thumbs/1453101820DSC01191_thumb.JPG,image,1453101820dsc01191-thumb-09ebe2c3.jpg,,200
https://www.smbbmu.edu.pk/beta/uploads/gallery/events/thumbs/1453101818DSC01190_thumb.JPG,image,1453101818dsc01190-thumb-adc72d98.jpg,,200
https://www.smbbmu.edu.pk/beta/uploads/gallery/events/thumbs/1453101818DSC01180_thumb.JPG,image,1453101818dsc01180-thumb-63375498.jpg,,200
https://www.smbbmu.edu.pk/beta/uploads/gallery/events/thumbs/1453101816DSC01179_thumb.JPG,image,1453101816dsc01179-thumb-d79df585.jpg,,200
https://www.smbbmu.edu.pk/beta/uploads/gallery/events/thumbs/1453101816DSC01170_thumb.JPG,image,1453101816dsc01170-thumb-a40f3c28.jpg,,200
https://www.smbbmu.edu.pk/beta/uploads/gallery/events/thumbs/1453101813DSC01165_thumb.JPG,image,1453101813dsc01165-thumb-ed1f83ea.jpg,,200
https://www.smbbmu.edu.pk/beta/uploads/gallery/events/thumbs/1453101813DSC01166_thumb.JPG,image,1453101813dsc01166-thumb-71fa07cc.jpg,,200
https://www.smbbmu.edu.pk/beta/uploads/gallery/events/thumbs/1453101811DSC01164_thumb.JPG,image,1453101811dsc01164-thumb-5d751dcc.jpg,,200
https://www.smbbmu.edu.pk/beta/uploads/gallery/events/thumbs/1453101811DSC01163_thumb.JPG,image,1453101811dsc01163-thumb-a43f34fa.jpg,,200
https://www.smbbmu.edu.pk/beta/uploads/gallery/events/thumbs/1453101809DSC01161_thumb.JPG,image,1453101809dsc01161-thumb-b2d59e6c.jpg,,200
https://www.smbbmu.edu.pk/beta/uploads/gallery/events/thumbs/1453101809DSC01159_thumb.JPG,image,1453101809dsc01159-thumb-7ef6b127.jpg,,200
https://www.smbbmu.edu.pk/beta/uploads/gallery/events/thumbs/1453101807DSC01156_thumb.JPG,image,1453101807dsc01156-thumb-eeb091c6.jpg,,200
https://www.smbbmu.edu.pk/beta/uploads/gallery/events/thumbs/1453101807DSC01149_thumb.JPG,image,1453101807dsc01149-thumb-3e4a369a.jpg,,200
https://www.smbbmu.edu.pk/beta/uploads/gallery/events/thumbs/1453101804DSC01146_thumb.JPG,image,1453101804dsc01146-thumb-bc4c5733.jpg,,200
https://www.smbbmu.edu.pk/beta/uploads/gallery/events/thumbs/1453101804DSC01148_thumb.JPG,image,1453101804dsc01148-thumb-25639c44.jpg,,200
https://www.smbbmu.edu.pk/beta/uploads/gallery/events/thumbs/1453101801DSC01144_thumb.JPG,image,1453101801dsc01144-thumb-fbd454bf.jpg,,200
https://www.smbbmu.edu.pk/beta/uploads/gallery/events/thumbs/1453101801DSC01145_thumb.JPG,image,1453101801dsc01145-thumb-5ea3b790.jpg,,200
https://www.smbbmu.edu.pk/beta/news/details/assessment-team-visit-to-anatomy-department-25-10-2012,news,Assessment Team Visit to department of Anatomy,2012-10-25,200
https://www.smbbmu.edu.pk/beta/uploads/gallery/events/1453098620DSC01027_thumb.JPG,image,1453098620dsc01027-thumb-1528da21.jpg,,200
https://www.smbbmu.edu.pk/beta/uploads/gallery/events/1453098619DSC01020_thumb.JPG,image,1453098619dsc01020-thumb-72b86800.jpg,,200
https://www.smbbmu.edu.pk/beta/uploads/gallery/events/1453098618DSC01019_thumb.JPG,image,1453098618dsc01019-thumb-39d762e6.jpg,,200
https://www.smbbmu.edu.pk/beta/uploads/gallery/events/1453098617DSC01016_thumb.JPG,image,1453098617dsc01016-thumb-36424f14.jpg,,200
https://www.smbbmu.edu.pk/beta/uploads/gallery/events/1453098617DSC01018_thumb.JPG,image,1453098617dsc01018-thumb-5c3d0770.jpg,,200
https://www.smbbmu.edu.pk/beta/uploads/gallery/events/1453098614DSC01015_thumb.JPG,image,1453098614dsc01015-thumb-2b776cf8.jpg,,200
https://www.smbbmu.edu.pk/beta/uploads/gallery/events/1453098614DSC01014_thumb.JPG,image,1453098614dsc01014-thumb-bf6fe787.jpg,,200
https://www.smbbmu.edu.pk/beta/uploads/gallery/events/thumbs/1453098620DSC01027_thumb.JPG,image,1453098620dsc01027-thumb-ec2c16b9.jpg,,200
https://www.smbbmu.edu.pk/beta/uploads/gallery/events/thumbs/1453098619DSC01020_thumb.JPG,image,1453098619dsc01020-thumb-69126458.jpg,,200
https://www.smbbmu.edu.pk/beta/uploads/gallery/events/thumbs/1453098618DSC01019_thumb.JPG,image,1453098618dsc01019-thumb-e911683f.jpg,,200
https://www.smbbmu.edu.pk/beta/uploads/gallery/events/thumbs/1453098617DSC01016_thumb.JPG,image,1453098617dsc01016-thumb-7b5c19a1.jpg,,200
https://www.smbbmu.edu.pk/beta/uploads/gallery/events/thumbs/1453098617DSC01018_thumb.JPG,image,1453098617dsc01018-thumb-bd6ca6b7.jpg,,200
https://www.smbbmu.edu.pk/beta/uploads/gallery/events/thumbs/1453098614DSC01015_thumb.JPG,image,1453098614dsc01015-thumb-da3572e1.jpg,,200
https://www.smbbmu.edu.pk/beta/uploads/gallery/events/thumbs/1453098614DSC01014_thumb.JPG,image,1453098614dsc01014-thumb-387658e2.jpg,,200
https://www.smbbmu.edu.pk/beta/news/details/assessment-team-visit-to-ophthalmology-department-07-11-2012,news,Assessment Team Visit to department of Opthalmology,2012-07-11,200
https://www.smbbmu.edu.pk/beta/uploads/gallery/events/1453101627IMG_3423_thumb.JPG,image,1453101627img-3423-thumb-85398338.jpg,,200
https://www.smbbmu.edu.pk/beta/uploads/gallery/events/1453101627IMG_3417_thumb.JPG,image,1453101627img-3417-thumb-708a4ff4.jpg,,200
https://www.smbbmu.edu.pk/beta/uploads/gallery/events/1453101626IMG_3416_thumb.JPG,image,1453101626img-3416-thumb-1bfdb559.jpg,,200
https://www.smbbmu.edu.pk/beta/uploads/gallery/events/1453101626IMG_3412_thumb.JPG,image,1453101626img-3412-thumb-45a398aa.jpg,,200
https://www.smbbmu.edu.pk/beta/uploads/gallery/events/1453101624IMG_3372_thumb.JPG,image,1453101624img-3372-thumb-8a18030c.jpg,,200
https://www.smbbmu.edu.pk/beta/uploads/gallery/events/1453101624IMG_3396_thumb.JPG,image,1453101624img-3396-thumb-7ca094bc.jpg,,200
https://www.smbbmu.edu.pk/beta/uploads/gallery/events/1453101622IMG_3371_thumb.JPG,image,1453101622img-3371-thumb-b8297ddc.jpg,,200
https://www.smbbmu.edu.pk/beta/uploads/gallery/events/1453101622IMG_3370_thumb.JPG,image,1453101622img-3370-thumb-cf7858ef.jpg,,200
https://www.smbbmu.edu.pk/beta/uploads/gallery/events/1453101620IMG_3369_thumb.JPG,image,1453101620img-3369-thumb-1eff345d.jpg,,200
https://www.smbbmu.edu.pk/beta/uploads/gallery/events/1453101620IMG_3347_thumb.JPG,image,1453101620img-3347-thumb-7b9da104.jpg,,200
https://www.smbbmu.edu.pk/beta/uploads/gallery/events/1453101618IMG_3345_thumb.JPG,image,1453101618img-3345-thumb-3363bf26.jpg,,200
https://www.smbbmu.edu.pk/beta/uploads/gallery/events/1453101618IMG_3338_thumb.JPG,image,1453101618img-3338-thumb-d4d74789.jpg,,200
https://www.smbbmu.edu.pk/beta/uploads/gallery/events/1453101616IMG_3317_thumb.JPG,image,1453101616img-3317-thumb-f3cb1d07.jpg,,200
https://www.smbbmu.edu.pk/beta/uploads/gallery/events/1453101616IMG_3292_thumb.JPG,image,1453101616img-3292-thumb-735d933a.jpg,,404
https://www.smbbmu.edu.pk/beta/uploads/gallery/events/1453101614IMG_3288_thumb.JPG,image,1453101614img-3288-thumb-90b59086.jpg,,200
https://www.smbbmu.edu.pk/beta/uploads/gallery/events/1453101614IMG_3287_thumb.JPG,image,1453101614img-3287-thumb-be72caec.jpg,,200
https://www.smbbmu.edu.pk/beta/uploads/gallery/events/1453101611DSC01062_thumb.JPG,image,1453101611dsc01062-thumb-fcae765f.jpg,,200
https://www.smbbmu.edu.pk/beta/uploads/gallery/events/1453101611DSC01061_thumb.JPG,image,1453101611dsc01061-thumb-30afa67d.jpg,,200
https://www.smbbmu.edu.pk/beta/uploads/gallery/events/thumbs/1453101627IMG_3423_thumb.JPG,image,1453101627img-3423-thumb-ca28a9f8.jpg,,200
https://www.smbbmu.edu.pk/beta/uploads/gallery/events/thumbs/1453101627IMG_3417_thumb.JPG,image,1453101627img-3417-thumb-5dc96624.jpg,,200
https://www.smbbmu.edu.pk/beta/uploads/gallery/events/thumbs/1453101626IMG_3416_thumb.JPG,image,1453101626img-3416-thumb-23862656.jpg,,200
https://www.smbbmu.edu.pk/beta/uploads/gallery/events/thumbs/1453101626IMG_3412_thumb.JPG,image,1453101626img-3412-thumb-86c3b0ad.jpg,,200
https://www.smbbmu.edu.pk/beta/uploads/gallery/events/thumbs/1453101624IMG_3372_thumb.JPG,image,1453101624img-3372-thumb-c9964d92.jpg,,200
https://www.smbbmu.edu.pk/beta/uploads/gallery/events/thumbs/1453101624IMG_3396_thumb.JPG,image,1453101624img-3396-thumb-57d2085b.jpg,,200
https://www.smbbmu.edu.pk/beta/uploads/gallery/events/thumbs/1453101622IMG_3371_thumb.JPG,image,1453101622img-3371-thumb-46b7d791.jpg,,200
https://www.smbbmu.edu.pk/beta/uploads/gallery/events/thumbs/1453101622IMG_3370_thumb.JPG,image,1453101622img-3370-thumb-c648f414.jpg,,200
https://www.smbbmu.edu.pk/beta/uploads/gallery/events/thumbs/1453101620IMG_3369_thumb.JPG,image,1453101620img-3369-thumb-0c54caf2.jpg,,200
https://www.smbbmu.edu.pk/beta/uploads/gallery/events/thumbs/1453101620IMG_3347_thumb.JPG,image,1453101620img-3347-thumb-577f5956.jpg,,200
https://www.smbbmu.edu.pk/beta/uploads/gallery/events/thumbs/1453101618IMG_3345_thumb.JPG,image,1453101618img-3345-thumb-56cc1579.jpg,,200
https://www.smbbmu.edu.pk/beta/uploads/gallery/events/thumbs/1453101618IMG_3338_thumb.JPG,image,1453101618img-3338-thumb-120bf1a1.jpg,,200
https://www.smbbmu.edu.pk/beta/uploads/gallery/events/thumbs/1453101616IMG_3317_thumb.JPG,image,1453101616img-3317-thumb-2ad57b76.jpg,,200
https://www.smbbmu.edu.pk/beta/uploads/gallery/events/thumbs/1453101616IMG_3292_thumb.JPG,image,1453101616img-3292-thumb-33cfa81d.jpg,,200
https://www.smbbmu.edu.pk/beta/uploads/gallery/events/thumbs/1453101614IMG_3288_thumb.JPG,image,1453101614img-3288-thumb-c35b5290.jpg,,200
https://www.smbbmu.edu.pk/beta/uploads/gallery/events/thumbs/1453101614IMG_3287_thumb.JPG,image,1453101614img-3287-thumb-ba1e53f2.jpg,,200
https://www.smbbmu.edu.pk/beta/uploads/gallery/events/thumbs/1453101611DSC01062_thumb.JPG,image,1453101611dsc01062-thumb-58fbc947.jpg,,200
https://www.smbbmu.edu.pk/beta/uploads/gallery/events/thumbs/1453101611DSC01061_thumb.JPG,image,1453101611dsc01061-thumb-836e9a01.jpg,,200
https://www.smbbmu.edu.pk/beta/announcements/details/examination-certificate-fees-challan-03-11-2024,announcement,,,FAILED
https://www.smbbmu.edu.pk/beta/news/details/admission-in-postgraduate-courses-for-the-session-january-2026-10-28-2025,news,Admission in Postgraduate Courses for the Session January 2026,2025-10-28,200
https://www.smbbmu.edu.pk/beta/uploads/news/images/1761639712.jpg,image,1761639712-89c54306.jpg,,200
https://www.smbbmu.edu.pk/beta/news/details/corrigendum-for-the-admission-to-postgraduate-courses-for-session-july-2025-06-05-2025,news,Corrigendum for the Admission to Postgraduate Courses for Session July-2025,2025-06-05,200
https://www.smbbmu.edu.pk/beta/uploads/news/images/1749112887.jpg,image,1749112887-44ede3a9.jpg,,200
https://www.smbbmu.edu.pk/beta/news/details/admission-to-postgraduate-courses-for-the-session-july-2025-05-25-2025,news,Admission to Postgraduate Courses for the Session July-2025,2025-05-25,200
https://www.smbbmu.edu.pk/beta/uploads/news/images/1748174660.jpg,image,1748174660-969dd1e5.jpg,,200
https://www.smbbmu.edu.pk/beta/news/details/admissions-for-postgraduate-courses-for-session-january-2025-10-31-2024,news,Admissions for Postgraduate Courses for Session January 2025,2024-10-31,200
https://www.smbbmu.edu.pk/beta/news/downloadFile/eligiblity+MSPH_17304838310.pdf,pdf,eligiblity-msph-17304838310-df0c6fdb.pdf,,200
https://www.smbbmu.edu.pk/beta/news/downloadFile/Master+in+Nursing+MSN_17304428440.pdf,pdf,master-in-nursing-msn-17304428440-6df19330.pdf,,200
https://www.smbbmu.edu.pk/beta/uploads/news/images/1730788454.jpg,image,1730788454-8b5b083a.jpg,,200
https://www.smbbmu.edu.pk/beta/news/details/postgraduate-interview-schedule-for-the-session-january-2023-at-smbb-medical-university-larkana-01-10-2023,news,Postgraduate interview schedule for the session January 2023 at SMBB Medical University Larkana,2023-01-10,200
https://www.smbbmu.edu.pk/beta/news/downloadFile/New+Doc+01-10-2023+12_16733688260.pdf,pdf,new-doc-01-10-2023-12-16733688260-3f96e8ef.pdf,,200
https://www.smbbmu.edu.pk/beta/news/downloadFile/New+Doc+01-10-2023+12_16733665070.pdf,pdf,new-doc-01-10-2023-12-16733665070-be666246.pdf,,200
https://www.smbbmu.edu.pk/beta/uploads/news/images/1673365369.jpeg,image,1673365369-e3c2e9e7.jpeg,,200
https://www.smbbmu.edu.pk/beta/news/details/schedule-for-the-entry-test-of-msc-msph-diploma-mcps-courses-december-2022-at-smbb-medical-university-larkana-12-28-2022,news,"Schedule for the entry test of M.SC, MSPH & Diploma/ MCPS Courses December 2022  at SMBB Medical University Larkana.",2022-12-28,200
https://www.smbbmu.edu.pk/beta/uploads/news/images/1672229897.jpeg,image,1672229897-61498a25.jpeg,,200
https://www.smbbmu.edu.pk/beta/news/details/schedule-for-entry-test-for-the-phd-and-mphil-course-december-2022-at-smbb-medical-university-larkana-12-28-2022,news,Schedule for entry test for the PH.D and MPHIL course December 2022 at SMBB Medical University Larkana,2022-12-28,200
https://www.smbbmu.edu.pk/beta/uploads/news/images/1672230205.jpeg,image,1672230205-2a144e74.jpeg,,200
https://www.smbbmu.edu.pk/beta/news/details/schedule-for-entry-test-md-ms-part-i-december-2022-at-smbb-medical-university-larkana-12-28-2022,news,Schedule for entry test MD / MS PART-I December 2022 at SMBB Medical University Larkana,2022-12-28,200
https://www.smbbmu.edu.pk/beta/uploads/news/images/1672230338.jpeg,image,1672230338-c1a37485.jpeg,,200
https://www.smbbmu.edu.pk/beta/news/details/schedule-for-entry-tests-fcps-ii-training-programs-december-2022-at-smbb-medical-university-larkana-12-28-2022,news,Schedule for entry tests FCPS-II Training Programs December 2022 at SMBB Medical University Larkana,2022-12-28,200
https://www.smbbmu.edu.pk/beta/uploads/news/images/1672230715.jpeg,image,1672230715-390b8721.jpeg,,200
https://www.smbbmu.edu.pk/beta/news/details/pplications-on-prescribed-forms-are-invited-from-interested-in-service-private-candidates-for-admissions-to-trainingresidency-programs-as-given-below-for-the-session-january-2023-at-smbbmu-larkana-11-30-2022,news,"Applications on prescribed forms are invited from interested IN-SERVICE / PRIVATE Candidates for admissions to Training/Residency  programs (as given below) for the Session January 2023 at  SMBBMU, Larkana.",2022-11-30,200
https://www.smbbmu.edu.pk/beta/uploads/gallery/events/1669808077Advertisement January 2023 final_thumb.pdf,pdf,1669808077advertisement-january-2023-final-thumb.pdf,,403
https://www.smbbmu.edu.pk/beta/uploads/news/images/1669807925.jpg,image,1669807925-138ed4f9.jpg,,200
https://www.smbbmu.edu.pk/beta/uploads/gallery/events/thumbs/1669808077Advertisement January 2023 final_thumb.pdf,image,1669808077advertisement-january-2023-final-thumb.pdf,,403
https://www.smbbmu.edu.pk/beta/news/details/announcement-if-result-of-post-graduate-entry-test-june-2022-session-july-2022-at-smbb-medical-university-larkana-07-27-2022,news,"Announcement if Result of Post-Graduate Entry Test June, 2022 (Session July 2022) at SMBB Medical University Larkana",2022-07-27,200
https://www.smbbmu.edu.pk/beta/news/downloadFile/Results_16589238370.pdf,pdf,results-16589238370-1a4d6bad.pdf,,200
https://www.smbbmu.edu.pk/beta/uploads/news/images/1658923804.jpeg,image,1658923804-79271b00.jpeg,,200
https://www.smbbmu.edu.pk/beta/news/details/call-for-interviews-of-successful-candidates-of-post-graduate-entry-test-june-2022-session-july-2022-at-smbb-medical-university-larkana-07-27-2022,news,Call for Interviews of Successful candidates of Post-Graduate Entry Test June 2022 (Session July 2022) at SMBB Medical University Larkana,2022-07-27,200
https://www.smbbmu.edu.pk/beta/uploads/news/images/1658924041.jpg,image,1658924041-2dd07a5a.jpg,,200
https://www.smbbmu.edu.pk/beta/news/details/postponed-of-postgraduate-entry-test-for-the-july-2022-session-smbb-medical-university-larkana-06-27-2022,news,"Postponed of Postgraduate Entry test for the July 2022 Session SMBB Medical University, Larkana.",2022-06-27,200
https://www.smbbmu.edu.pk/beta/news/downloadFile/Notification_16563458660.pdf,pdf,notification-16563458660-ad87d748.pdf,,200
https://www.smbbmu.edu.pk/beta/uploads/news/images/1656345814.jpg,image,1656345814-58ed5830.jpg,,200
https://www.smbbmu.edu.pk/beta/news/details/admissions-of-postgraduate-courses-for-the-session-of-july-2022-at-smbb-medical-university-larkana-05-30-2022,news,"Admissions of Postgraduate Courses for the session of  July 2022 at SMBB Medical University, Larkana.",2022-05-30,200
https://www.smbbmu.edu.pk/beta/news/downloadFile/Advertisement_16539191510.pdf,pdf,advertisement-16539191510-3cf894d2.pdf,,200
https://www.smbbmu.edu.pk/beta/uploads/gallery/events/1653917353Advertisement_thumb.pdf,pdf,1653917353advertisement-thumb.pdf,,404
https://www.smbbmu.edu.pk/beta/uploads/news/images/1653919151.jpg,image,1653919151-97c1346b.jpg,,200
https://www.smbbmu.edu.pk/beta/uploads/gallery/events/thumbs/1653917353Advertisement_thumb.pdf,image,1653917353advertisement-thumb.pdf,,404
https://www.smbbmu.edu.pk/beta/news/details/notice-for-interviews-of-fcps-ii-for-session-january-2021-22-12-22-2021,news,Notice for Interviews of FCPS-II for Session January 2021-22,2021-12-22,200
https://www.smbbmu.edu.pk/beta/uploads/news/images/1640678703.jpg,image,1640678703-23e207c0.jpg,,200
https://www.smbbmu.edu.pk/beta/news/details/dr-syed-yousif-ali-ahah,news,,,FAILED
https://www.smbbmu.edu.pk/beta/news/details/dr-wajid-ali,news,,,FAILED
https://www.smbbmu.edu.pk/beta/news/details/dr-preh-abro,news,,,FAILED
https://www.smbbmu.edu.pk/beta/news/details/dr-muhammad-rafique-tagar,news,,,FAILED
https://www.smbbmu.edu.pk/beta/news/details/dr-arsalan-humayun,news,,,FAILED
https://www.smbbmu.edu.pk/beta/news/details/dr-abdul-bari-memon,news,,,FAILED
https://www.smbbmu.edu.pk/beta/news/details/dr-imran-ali-maitlo,news,,,FAILED
https://www.smbbmu.edu.pk/beta/news/details/dr-muhammad-adil,news,,,FAILED
https://www.smbbmu.edu.pk/beta/news/details/prof-dr-kouro-mal-gurbakhshani,news,,,FAILED
https://www.smbbmu.edu.pk/beta/news/details/dr-saira-baby,news,,,FAILED
https://www.smbbmu.edu.pk/beta/news/details/dr-muharram-ali,news,,,FAILED
https://www.smbbmu.edu.pk/beta/news/details/dr-muhammad-mubashir-ahmed,news,,,FAILED
https://www.smbbmu.edu.pk/beta/news/details/dr-shumaila-shaikh,news,,,FAILED
https://www.smbbmu.edu.pk/beta/news/details/dr-sarwanand,news,,,FAILED
https://www.smbbmu.edu.pk/beta/news/details/dr-imdad-hussain,news,,,FAILED
https://www.smbbmu.edu.pk/beta/news/details/dr-rashid-iqbal-bughio,news,,,FAILED
https://www.smbbmu.edu.pk/beta/news/details/dr-rajesh-kumar,news,,,FAILED
https://www.smbbmu.edu.pk/beta/news/details/dr-sarang-suresh,news,,,FAILED
https://www.smbbmu.edu.pk/beta/news/details/dr-sunny,news,,,FAILED
https://www.smbbmu.edu.pk/beta/news/details/dr-nadia-bashir,news,,,FAILED
https://www.smbbmu.edu.pk/beta/news/details/dr-qaimuddin-shaikh,news,,,FAILED
https://www.smbbmu.edu.pk/beta/news/details/dr-aswad-ahmed,news,,,FAILED
https://www.smbbmu.edu.pk/beta/news/details/dr-asfar-hussain,news,,,FAILED
https://www.smbbmu.edu.pk/beta/news/details/dr-kinza-mushtaque,news,,,FAILED
https://www.smbbmu.edu.pk/beta/news/details/dr-naeem-mustafa,news,,,FAILED
https://www.smbbmu.edu.pk/beta/news/details/dr-bharti,news,,,FAILED
https://www.smbbmu.edu.pk/beta/news/details/dr-priya,news,,,FAILED
https://www.smbbmu.edu.pk/beta/news/details/dr-saleem-raza-khuhawar,news,,,FAILED
https://www.smbbmu.edu.pk/beta/news/details/dr-arslan-ali,news,,,FAILED
https://www.smbbmu.edu.pk/beta/news/details/dr-farzana-mangi,news,,,FAILED
https://www.smbbmu.edu.pk/beta/news/details/dr-reeta-khatri,news,,,FAILED
https://www.smbbmu.edu.pk/beta/news/details/dr-surwaich-ali,news,,,FAILED
https://www.smbbmu.edu.pk/beta/news/details/dr-mehak-irshad-abro,news,,,FAILED
https://www.smbbmu.edu.pk/beta/news/details/dr-priya-rani,news,,,FAILED
https://www.smbbmu.edu.pk/beta/news/details/dr-almas-rahoojo,news,,,FAILED
https://www.smbbmu.edu.pk/beta/news/details/dr-seema-hameed,news,,,FAILED
https://www.smbbmu.edu.pk/beta/news/details/dr-shazia-shakeel,news,,,FAILED
https://www.smbbmu.edu.pk/beta/news/details/dr-murk-dodani,news,,,FAILED
https://www.smbbmu.edu.pk/beta/news/details/dr-safia-rani,news,,,FAILED
https://www.smbbmu.edu.pk/beta/news/details/dr-asma-bano,news,,,FAILED
https://www.smbbmu.edu.pk/beta/news/details/dr-ghulam-muhiddin-shah,news,,,FAILED
https://www.smbbmu.edu.pk/beta/news/details/dr-abdul-jabbar-lakhiar,news,,,FAILED
https://www.smbbmu.edu.pk/beta/news/details/dr-mehak-memon,news,,,FAILED
https://www.smbbmu.edu.pk/beta/news/details/dr-ume-farwa,news,,,FAILED
https://www.smbbmu.edu.pk/beta/news/details/dr-ali-gul-tunio,news,,,FAILED
https://www.smbbmu.edu.pk/beta/news/details/dr-asif-ali,news,,,FAILED
https://www.smbbmu.edu.pk/beta/news/details/prof-amar-lal-gurbakhshani,news,,,FAILED
https://www.smbbmu.edu.pk/beta/news/details/dr-imran-samejo,news,,,FAILED
https://www.smbbmu.edu.pk/beta/news/details/dr-shabir-ahmed,news,,,FAILED
https://www.smbbmu.edu.pk/beta/news/details/dr-waheed-murad-dahri,news,,,FAILED
https://www.smbbmu.edu.pk/beta/news/details/dr-amit-kumar,news,,,FAILED
https://www.smbbmu.edu.pk/beta/news/details/dr-sana-sattar,news,,,FAILED
https://www.smbbmu.edu.pk/beta/news/details/dr-deepak-kumar,news,,,FAILED
https://www.smbbmu.edu.pk/beta/news/details/dr-sanam-bhutto,news,,,FAILED
https://www.smbbmu.edu.pk/beta/news/details/dr-sadam-rind,news,,,FAILED
https://www.smbbmu.edu.pk/beta/news/details/dr-shahid-ali-mirani,news,,,FAILED
https://www.smbbmu.edu.pk/beta/news/details/dr-sandeep-kumar,news,,,FAILED
https://www.smbbmu.edu.pk/beta/news/details/dr-rajesh-mandhan,news,,,FAILED
https://www.smbbmu.edu.pk/beta/news/details/dr-maria-saba,news,,,FAILED
https://www.smbbmu.edu.pk/beta/news/details/mr-nazeer-ali,news,,,FAILED
https://www.smbbmu.edu.pk/beta/news/details/mr-ghulam-abbas-panhwar,news,,,FAILED
https://www.smbbmu.edu.pk/beta/news/details/ms-sara-chandio,news,,,FAILED
https://www.smbbmu.edu.pk/beta/news/details/ms-humera-wagan,news,,,FAILED
https://www.smbbmu.edu.pk/beta/news/details/mr-aftab-ghori,news,,,FAILED
https://www.smbbmu.edu.pk/beta/news/details/mr-abdul-wahid-bhayo,news,,,FAILED
https://www.smbbmu.edu.pk/beta/news/details/ms-faiza-jokhio,news,,,FAILED
https://www.smbbmu.edu.pk/beta/news/details/mr-saifullah-soomro,news,,,FAILED
https://www.smbbmu.edu.pk/beta/news/details/mr-ali-asghar,news,,,FAILED
https://www.smbbmu.edu.pk/beta/news/details/mr-asif-ali-magsi,news,,,FAILED
https://www.smbbmu.edu.pk/beta/news/details/ms-kaneez-fiza,news,,,FAILED
https://www.smbbmu.edu.pk/beta/news/details/mr-asif-jamali,news,,,FAILED
https://www.smbbmu.edu.pk/beta/news/details/mr-waseem-abbas-malhani,news,,,FAILED
https://www.smbbmu.edu.pk/beta/news/details/dr-abdul-rauf-khaskheli,news,,,FAILED
https://www.smbbmu.edu.pk/beta/news/details/mr-nadeem-baloch,news,,,FAILED
https://www.smbbmu.edu.pk/beta/news/details/dr-maryam-qazi,news,,,FAILED
https://www.smbbmu.edu.pk/beta/news/details/dr-saleem-ahmed-joyo,news,,,FAILED
https://www.smbbmu.edu.pk/beta/news/details/dr-bilawal,news,,,FAILED
https://www.smbbmu.edu.pk/beta/news/details/mr-ayaz-ali-unar,news,,,FAILED
https://www.smbbmu.edu.pk/beta/news/details/dr-sofia,news,,,FAILED
https://www.smbbmu.edu.pk/beta/news/details/dr-athar-ali,news,,,FAILED
https://www.smbbmu.edu.pk/beta/news/details/dr-muhammad-umair,news,,,FAILED
https://www.smbbmu.edu.pk/beta/news/details/dr-rasheed-ahmed,news,,,FAILED
https://www.smbbmu.edu.pk/beta/news/details/dr-mukesh-kumar,news,,,FAILED
https://www.smbbmu.edu.pk/beta/news/details/vikash-iprs,news,,,FAILED
https://www.smbbmu.edu.pk/beta/news/details/mr-naseebullah,news,,,FAILED
https://www.smbbmu.edu.pk/beta/news/details/mr-adil-ameer,news,,,FAILED
https://www.smbbmu.edu.pk/beta/news/details/ms-natasha-bhutto,news,,,FAILED
https://www.smbbmu.edu.pk/beta/news/details/dr-shobha,news,,,FAILED
https://www.smbbmu.edu.pk/beta/news/details/dr-sunny-kumar,news,,,FAILED
https://www.smbbmu.edu.pk/beta/news/details/ms-komal,news,,,FAILED
https://www.smbbmu.edu.pk/beta/news/details/ms-sonam,news,,,FAILED
https://www.smbbmu.edu.pk/beta/news/details/mr-shahmeer-khan,news,,,FAILED
https://www.smbbmu.edu.pk/beta/news/details/mr-fayaz-hussain,news,,,FAILED
https://www.smbbmu.edu.pk/beta/announcements/details/result-of-postgraduate-diploma-entry-test-session-january-2026-03-19-2026,announcement,"Result of Postgraduate Diploma Entry Test Session January, 2026",2026-03-19,200
https://www.smbbmu.edu.pk/beta/uploads/news/images/1774501028.jpeg,image,1774501028-5e8ab1ec.jpeg,,200
https://www.smbbmu.edu.pk/beta/announcements/details/strategic-plan-of-smbbmu-03-16-2026,announcement,Strategic Plan of SMBBMU,2026-03-16,200
https://www.smbbmu.edu.pk/beta/news/downloadFile/strategic-plan-smbbmu_17736399250.pdf,pdf,strategic-plan-smbbmu-17736399250-710de762.pdf,,200
https://www.smbbmu.edu.pk/beta/announcements/details/time-table-theory-bsn-generic-year-iv-semester-viii-re-sit-examination-session-2020-21-03-02-2026,announcement,"Time Table (Theory) BSN (Generic) Year-IV, Semester- VIII Re-sit Examination (Session 2020 - 21)",2026-03-02,200
https://www.smbbmu.edu.pk/beta/uploads/news/images/1772531599.jpeg,image,1772531599-05c318d8.jpeg,,200
https://www.smbbmu.edu.pk/beta/announcements/details/smbbmu-act-02-23-2026,announcement,SMBBMU Act,2026-02-23,200
https://www.smbbmu.edu.pk/beta/news/downloadFile/amendment-act-2018_17718304651.pdf,pdf,amendment-act-2018-17718304651-ad7b24d2.pdf,,200
https://www.smbbmu.edu.pk/beta/news/downloadFile/sindh-act-2008_17718304650.pdf,pdf,sindh-act-2008-17718304650-70a8ffe6.pdf,,200
https://www.smbbmu.edu.pk/beta/announcements/details/result-of-postgraduate-degree-diploma-theory-viva-voce-examination-session-september-2025-held-in-the-month-of-january-february-2026-02-10-2026,announcement,Result of Postgraduate Degree & Diploma (Theory & Viva Voce) Examination Session September 2025 held in the month of January & February 2026.,2026-02-10,200
https://www.smbbmu.edu.pk/beta/uploads/news/images/1770785332.jpeg,image,1770785332-4a130ce0.jpeg,,200
https://www.smbbmu.edu.pk/beta/announcements/details/admisisons-to-diploma-courses-in-community-medicine-public-health-02-07-2026,announcement,Admisisons to Diploma Courses in Community Medicine & Public Health,2026-02-07,200
https://www.smbbmu.edu.pk/beta/uploads/news/images/1770485829.jpg,image,1770485829-b553aa77.jpg,,200
https://www.smbbmu.edu.pk/beta/announcements/details/result-of-postgraduate-degree-theory-and-viva-voce-examination-september-2025-held-in-the-month-of-january-2026-and-february-2026-02-06-2026,announcement,"Result of Postgraduate Degree (Theory and Viva Voce) Examination September, 2025 held in the Month of January, 2026 and February, 2026.",2026-02-06,200
https://www.smbbmu.edu.pk/beta/uploads/news/images/1770703207.jpeg,image,1770703207-7fc87ebb.jpeg,,200
https://www.smbbmu.edu.pk/beta/announcements/details/time-table-of-4th-5th-professional-pharm-d-annual-theory-ospe-examinations-session-2020-21-2019-20-of-smbbmu-larkana-01-28-2026,announcement,Time Table of 4th & 5th Professional Pharm - D (Annual) Theory & OSPE Examinations (Session 2020 - 21 & 2019 - 20) OF SMBBMU Larkana,2026-01-28,200
https://www.smbbmu.edu.pk/beta/uploads/news/images/1769668024.jpeg,image,1769668024-c8328b6c.jpeg,,200
https://www.smbbmu.edu.pk/beta/announcements/details/application-form-and-affidavit-for-hostel-allotment-01-12-2026,announcement,Application Form and Affidavit for Hostel Allotment,2026-01-12,200
https://www.smbbmu.edu.pk/beta/news/downloadFile/Allotment+Form_17682000391.pdf,pdf,allotment-form-17682000391-980593b5.pdf,,200
https://www.smbbmu.edu.pk/beta/news/downloadFile/Affidavit-2025_17682000390.pdf,pdf,affidavit-2025-17682000390-7744e3b3.pdf,,200
https://www.smbbmu.edu.pk/beta/announcements/all/1,announcement_list,Notifications,,200
https://www.smbbmu.edu.pk/beta/announcements/all/11,announcement_list,Notifications,,200
https://www.smbbmu.edu.pk/beta/announcements/details/interview-postponement-notice-for-pg-courses-january-2026-session-12-16-2025,announcement,Interview Postponement Notice for PG Courses (January 2026 Session),2025-12-16,200
https://www.smbbmu.edu.pk/beta/uploads/news/images/1765891862.jpeg,image,1765891862-f083439a.jpeg,,200
https://www.smbbmu.edu.pk/beta/announcements/details/result-of-postgraduate-entry-tests-for-session-january-2026-12-11-2025,announcement,Result of Postgraduate Entry Tests for Session January -2026,2025-12-11,200
https://www.smbbmu.edu.pk/beta/news/downloadFile/CamScanner+11-12-2025+12_17654409590.pdf,pdf,camscanner-11-12-2025-12-17654409590-4de8dbbf.pdf,,200
https://www.smbbmu.edu.pk/beta/announcements/details/notice-inviting-tender-for-services-for-convocation-2025-smbb-medical-university-larkana-11-28-2025,announcement,Notice Inviting Tender for Services for Convocation 2025 @ SMBB Medical University Larkana,2025-11-28,200
https://www.smbbmu.edu.pk/beta/news/downloadFile/SBDs+Technical_17643233792.pdf,pdf,sbds-technical-17643233792-cae1849e.pdf,,200
https://www.smbbmu.edu.pk/beta/news/downloadFile/SBDs+Financial_17643233791.pdf,pdf,sbds-financial-17643233791-49c5ac1e.pdf,,200
https://www.smbbmu.edu.pk/beta/news/downloadFile/NIT_17643233790.pdf,pdf,nit-17643233790-24f9c262.pdf,,200
https://www.smbbmu.edu.pk/beta/announcements/details/admisison-to-mphil-anatomy-session-january-2026-11-28-2025,announcement,Admisison to MPhil Anatomy Session January 2026,2025-11-28,200
https://www.smbbmu.edu.pk/beta/uploads/news/images/1764353259.jpeg,image,1764353259-b39ee7c8.jpeg,,200
https://www.smbbmu.edu.pk/beta/announcements/details/notice-for-basic-life-support-bls-advanced-cardiovascular-life-support-acls-workshop-american-heart-association-aha-certified-11-20-2025,announcement,Notice for Basic Life Support (BLS) & Advanced Cardiovascular Life Support (ACLS) Workshop American Heart Association (AHA) Certified,2025-11-20,200
https://www.smbbmu.edu.pk/beta/uploads/news/images/1764312559.jpg,image,1764312559-ba0d89e0.jpg,,200
https://www.smbbmu.edu.pk/beta/announcements/details/notice-for-prohibition-of-new-tobbaco-products-in-educational-institutes-across-sindh-11-19-2025,announcement,Notice for prohibition of New Tobbaco Products in Educational Institutes across Sindh,2025-11-19,200
https://www.smbbmu.edu.pk/beta/uploads/news/images/1763539715.jpeg,image,1763539715-3879098d.jpeg,,200
https://www.smbbmu.edu.pk/beta/announcements/details/notice-for-anti-harrasment-inquiry-committee-of-smbbmu-larkana-11-19-2025,announcement,"Notice for Anti-Harrasment Inquiry Committee of SMBBMU, Larkana",2025-11-19,200
https://www.smbbmu.edu.pk/beta/uploads/news/images/1763539867.jpeg,image,1763539867-0c12ad5e.jpeg,,200
https://www.smbbmu.edu.pk/beta/announcements/details/admission-for-certificate-in-health-professions-educationc-hpe-session-2026-11-17-2025,announcement,Admission for Certificate in Health Professions Education(C-HPE) Session 2026,2025-11-17,200
https://www.smbbmu.edu.pk/beta/news/downloadFile/chpe-form_17633702060.pdf,pdf,chpe-form-17633702060-a59d0ace.pdf,,200
https://www.smbbmu.edu.pk/beta/uploads/news/images/1763370237.jpg,image,1763370237-c53852e0.jpg,,200
https://www.smbbmu.edu.pk/beta/announcements/details/notice-to-affiliated-colleges-regarding-admission-announcement-11-11-2025,announcement,Notice to Affiliated Colleges Regarding Admission Announcement,2025-11-11,200
https://www.smbbmu.edu.pk/beta/uploads/news/images/1762932834.jpeg,image,1762932834-a455ecfa.jpeg,,200
https://www.smbbmu.edu.pk/beta/announcements/all/12,announcement_list,Notifications,,200
https://www.smbbmu.edu.pk/beta/announcements/details/admission-in-postgraduate-courses-for-the-session-january-2026-10-28-2025,announcement,Admission in Postgraduate Courses for the Session January 2026,2025-10-28,200
https://www.smbbmu.edu.pk/beta/announcements/details/result-of-postgraduate-degree-diploma-examination-session-march-2025-10-01-2025,announcement,Result of Postgraduate Degree & Diploma Examination Session March-2025,2025-10-01,200
https://www.smbbmu.edu.pk/beta/uploads/news/images/1759303104.jpeg,image,1759303104-a121fc1b.jpeg,,200
https://www.smbbmu.edu.pk/beta/announcements/details/notice-for-the-students-to-apply-for-freeship-scholarship-2025-26-09-18-2025,announcement,Notice for the students to apply for Freeship Scholarship 2025-26,2025-09-18,200
https://www.smbbmu.edu.pk/beta/uploads/news/images/1758185856.jpg,image,1758185856-7b0017c6.jpg,,200
https://www.smbbmu.edu.pk/beta/announcements/details/list-of-students-penalized-rs50000-for-installing-acs-in-hostel-rooms-09-02-2025,announcement,"List of Students Penalized Rs.50,000 for Installing ACs in Hostel Rooms",2025-09-02,200
https://www.smbbmu.edu.pk/beta/news/downloadFile/Hostels+Rules+Violation+Penalty_17568172700.pdf,pdf,hostels-rules-violation-penalty-17568172700-000dadaf.pdf,,200
https://www.smbbmu.edu.pk/beta/announcements/details/circular-for-14th-annual-sports-week-08-25-2025,announcement,Circular for 14th Annual Sports Week,2025-08-25,200
https://www.smbbmu.edu.pk/beta/uploads/news/images/1756209261.jpeg,image,1756209261-8391bbb7.jpeg,,200
https://www.smbbmu.edu.pk/beta/announcements/details/extension-of-date-for-submission-of-phd-physiology-application-forms-session-july-2025-08-14-2025,announcement,"Extension of Date for Submission of PhD Physiology Application Forms Session July , 2025",2025-08-14,200
https://www.smbbmu.edu.pk/beta/uploads/news/images/1755180846.jpg,image,1755180846-f453a5ce.jpg,,200
https://www.smbbmu.edu.pk/beta/announcements/details/admissions-are-open-for-phd-in-physiology-07-31-2025,announcement,Admissions are open for PHD in Physiology,2025-07-31,200
https://www.smbbmu.edu.pk/beta/uploads/news/images/1753946081.jpeg,image,1753946081-ca54db68.jpeg,,200
https://www.smbbmu.edu.pk/beta/announcements/details/result-of-final-year-mbbs-supplementary-examination-for-session-2019-2020-held-in-the-month-of-may-2025-06-18-2025,announcement,Result of Final Year MBBS Supplementary Examination for Session 2019-2020 held in the month of May 2025,2025-06-18,200
https://www.smbbmu.edu.pk/beta/uploads/news/images/1750244631.jpeg,image,1750244631-59c05ac5.jpeg,,200
https://www.smbbmu.edu.pk/beta/announcements/details/sindh-educational-endowment-fund-trust-scholarship-06-12-2025,announcement,Sindh Educational Endowment Fund Trust Scholarship,2025-06-12,200
https://www.smbbmu.edu.pk/beta/news/downloadFile/letter+and+notice+Sindh+endowment+seef+year+2024-2025_17497285950.pdf,pdf,letter-and-notice-sindh-endowment-seef-year-2024-2025-17497285950-fc64f8be.pdf,,200
https://www.smbbmu.edu.pk/beta/uploads/news/images/1749728548.jpeg,image,1749728548-a59d47e8.jpeg,,200
https://www.smbbmu.edu.pk/beta/announcements/details/notice-for-anti-plagiarism-policy-of-hec-06-11-2025,announcement,Notice for Anti-Plagiarism Policy of HEC,2025-06-11,200
https://www.smbbmu.edu.pk/beta/uploads/news/images/1749632621.jpg,image,1749632621-3d82a85f.jpg,,200
https://www.smbbmu.edu.pk/beta/announcements/all/13,announcement_list,Notifications,,200
https://www.smbbmu.edu.pk/beta/announcements/details/corrigendum-for-the-admission-to-postgraduate-courses-for-session-july-2025-06-05-2025,announcement,Corrigendum for the Admission to Postgraduate Courses for Session July-2025,2025-06-05,200
https://www.smbbmu.edu.pk/beta/announcements/details/revised-timetable-of-2nd-4th-professional-mbbs-supplementary-examinations-06-02-2025,announcement,Revised Timetable of 2nd & 4th Professional MBBS (Supplementary) Examinations,2025-06-02,200
https://www.smbbmu.edu.pk/beta/uploads/news/images/1764051236.jpeg,image,1764051236-be0daea8.jpeg,,200
https://www.smbbmu.edu.pk/beta/announcements/details/renewal-of-ehsas-undergraduate-scholarship-program-05-27-2025,announcement,Renewal of Ehsas Undergraduate Scholarship Program,2025-05-27,200
https://www.smbbmu.edu.pk/beta/uploads/news/images/1748341082.jpg,image,1748341082-dcc87a15.jpg,,200
https://www.smbbmu.edu.pk/beta/announcements/details/admission-to-postgraduate-courses-for-the-session-july-2025-05-25-2025,announcement,Admission to Postgraduate Courses for the Session July-2025,2025-05-25,200
https://www.smbbmu.edu.pk/beta/announcements/details/re-totaling-of-marks-on-applications-forwarded-by-students-of-cmc-05-20-2025,announcement,Re-totaling of Marks on Applications forwarded by students of CMC,2025-05-20,200
https://www.smbbmu.edu.pk/beta/announcements/details/admission-for-certificate-in-health-professions-education-c-hpe-session-2025-batch-07-05-19-2025,announcement,Admission for Certificate in Health Professions Education (C-HPE) Session 2025 Batch-07,2025-05-19,200
https://www.smbbmu.edu.pk/beta/uploads/news/images/1747639982.jpg,image,1747639982-fce3fee8.jpg,,200
https://www.smbbmu.edu.pk/beta/announcements/details/hostel-allotment-list-for-academic-year-2025-05-17-2025,announcement,Hostel Allotment List for Academic Year 2025,2025-05-17,200
https://www.smbbmu.edu.pk/beta/news/downloadFile/boys-hostel-07_17481748192.xlsx,pdf,boys-hostel-07-17481748192-0959f6da.pdf,,200
https://www.smbbmu.edu.pk/beta/news/downloadFile/boys-hostel-6_17481748191.xlsx,pdf,boys-hostel-6-17481748191-370b2b1f.pdf,,200
https://www.smbbmu.edu.pk/beta/news/downloadFile/boys-hostel-5_17481748190.xlsx,pdf,boys-hostel-5-17481748190-f2625875.pdf,,200
https://www.smbbmu.edu.pk/beta/announcements/details/timetable-of-2nd-3rd-professional-bds-annual-theory-ospe-osce-examination-session-2022-23-2021-22-of-smbbmu-badc-larkana-centre-04-25-2025,announcement,Timetable of 2nd & 3rd Professional BDS Annual (Theory & OSPE / OSCE) Examination (Session 2022 - 23 & 2021 - 22) OF SMBBMU@ BADC Larkana Centre,2025-04-25,200
https://www.smbbmu.edu.pk/beta/uploads/news/images/1745669679.jpeg,image,1745669679-14347d45.jpeg,,200
https://www.smbbmu.edu.pk/beta/announcements/details/time-table-of-1st-professional-dpt-2nd-semester-regular-examination-session-2023-24-04-25-2025,announcement,Time Table of 1st  Professional DPT 2nd Semester Regular Examination Session 2023-24,2025-04-25,200
https://www.smbbmu.edu.pk/beta/uploads/news/images/1745669782.jpeg,image,1745669782-7cb07ef6.jpeg,,200
https://www.smbbmu.edu.pk/beta/announcements/details/notice-for-postponement-of-mphil-biochemistry-viva-voce-examinations-scheduled-for-24th-april-2025-04-23-2025,announcement,Notice for Postponement of M.Phil Biochemistry Viva Voce Examinations Scheduled for 24th April 2025,2025-04-23,200
https://www.smbbmu.edu.pk/beta/uploads/news/images/1745669036.jpeg,image,1745669036-49f88c96.jpeg,,200
https://www.smbbmu.edu.pk/beta/announcements/details/result-of-first-professional-dpt-first-semester-re-sit-examination-session-2023-2024-04-23-2025,announcement,"Result of First Professional DPT, First Semester Re-Sit Examination Session 2023-2024",2025-04-23,200
https://www.smbbmu.edu.pk/beta/uploads/news/images/1745669102.jpeg,image,1745669102-dc54fd28.jpeg,,200
https://www.smbbmu.edu.pk/beta/announcements/all/14,announcement_list,Notifications,,200
https://www.smbbmu.edu.pk/beta/announcements/details/notice-for-meeting-of-institutional-review-board-03-24-2025,announcement,Notice for Meeting of Institutional Review Board,2025-03-24,200
https://www.smbbmu.edu.pk/beta/uploads/news/images/1742879500.jpeg,image,1742879500-d0fafd3e.jpeg,,200
https://www.smbbmu.edu.pk/beta/announcements/details/guidelines-for-submitting-leave-requests-at-smbbmu-larkana-02-28-2025,announcement,Guidelines for Submitting Leave Requests at SMBBMU Larkana,2025-02-28,200
https://www.smbbmu.edu.pk/beta/news/downloadFile/Ex-PAkistan+for+Non+Teaching_17408103541.pdf,pdf,ex-pakistan-for-non-teaching-17408103541-5cf29688.pdf,,200
https://www.smbbmu.edu.pk/beta/news/downloadFile/Ex-PAkistan+for+Teaching_17408103540.pdf,pdf,ex-pakistan-for-teaching-17408103540-72c2a94e.pdf,,200
https://www.smbbmu.edu.pk/beta/uploads/news/images/1740810228.jpeg,image,1740810228-daa7158c.jpeg,,200
https://www.smbbmu.edu.pk/beta/announcements/all/15,announcement_list,Notifications,,200
https://www.smbbmu.edu.pk/beta/announcements/details/expression-of-interest-eoi-for-hiring-of-an-individual-consultant-of-short-term-basis-as-finance-consultant-12-10-2024,announcement,Expression of Interest (EOI) for Hiring of An Individual consultant of short term basis as Finance Consultant,2024-12-10,200
https://www.smbbmu.edu.pk/beta/news/downloadFile/EOI+Document+SMBBMU_17338295750.pdf,pdf,eoi-document-smbbmu-17338295750-dce27286.pdf,,200
https://www.smbbmu.edu.pk/beta/announcements/details/result-of-postgraduate-degree-and-diploma-theory-examinations-session-march-2024-11-29-2024,announcement,Result of Postgraduate Degree and Diploma Theory Examinations Session March-2024,2024-11-29,200
https://www.smbbmu.edu.pk/beta/uploads/news/images/1732896749.jpeg,image,1732896749-51c04459.jpeg,,200
https://www.smbbmu.edu.pk/beta/announcements/details/result-of-postgraduate-diploma-examination-thesis-defence-held-in-the-month-of-november-2024-11-18-2024,announcement,Result of Postgraduate Diploma Examination (Thesis Defence) held in the month of November 2024,2024-11-18,200
https://www.smbbmu.edu.pk/beta/announcements/details/admission-for-certificate-in-health-professions-educationc-hpe-session-2025-batch-06-11-04-2024,announcement,Admission for Certificate in Health Professions Education(C-HPE) Session 2025 Batch-06,2024-11-04,200
https://www.smbbmu.edu.pk/beta/uploads/news/images/1730792311.jpg,image,1730792311-a0bfc1c3.jpg,,200
https://www.smbbmu.edu.pk/beta/announcements/details/admissions-for-postgraduate-courses-for-session-january-2025-10-31-2024,announcement,Admissions for Postgraduate Courses for Session January 2025,2024-10-31,200
https://www.smbbmu.edu.pk/beta/announcements/details/timetable-for-postgraduate-degreediploma-theory-examination-march-2024-10-18-2024,announcement,"Timetable for Postgraduate Degree/Diploma Theory Examination, March, 2024",2024-10-18,200
https://www.smbbmu.edu.pk/beta/news/downloadFile/time-table-pg_17292597920.pdf,pdf,time-table-pg-17292597920-1fd6655c.pdf,,200
https://www.smbbmu.edu.pk/beta/announcements/details/result-of-ms-general-surgery-part-ll-postgraduate-degree-clinical-examination-session-march-2023-held-in-september-2024-09-30-2024,announcement,"Result of  MS General Surgery Part-ll Postgraduate Degree (Clinical) Examination Session March 2023 held in September, 2024.",2024-09-30,200
https://www.smbbmu.edu.pk/beta/uploads/news/images/1727709456.jpg,image,1727709456-ce34d0c7.jpg,,200
https://www.smbbmu.edu.pk/beta/announcements/details/result-of-second-professional-pharm-d-second-year-supplementary-examination-session-2020-2021-of-institute-of-pharmacy-smbbmu-larkana-held-in-the-month-of-august-2024-09-05-2024,announcement,"Result of Second Professional Pharm-D, Second Year (Supplementary) Examination, Session 2020-2021 of Institute of Pharmacy, SMBBMU Larkana, held in the month of August 2024",2024-09-05,200
https://www.smbbmu.edu.pk/beta/uploads/news/images/1725991905.jpeg,image,1725991905-ea3ef10a.jpeg,,200
https://www.smbbmu.edu.pk/beta/announcements/all/16,announcement_list,Notifications,,200
https://www.smbbmu.edu.pk/beta/announcements/details/result-of-second-professional-dpt-third-semester-regular-examination-session-2020-2021-08-30-2024,announcement,"Result of Second Professional DPT, Third Semester Regular Examination Session 2020-2021",2024-08-30,200
https://www.smbbmu.edu.pk/beta/uploads/news/images/1725255852.jpeg,image,1725255852-7552ea20.jpeg,,200
https://www.smbbmu.edu.pk/beta/announcements/details/result-of-fourth-professional-dpt-seventh-semester-regular-examination-session-2019-2020-of-institute-of-physiotherapy-rehabilitation-sciences-iprs-smbbmu-larkana-held-in-the-month-of-june-2024-08-23-2024,announcement,"Result of Fourth Professional DPT, Seventh Semester Regular Examination Session 2019-2020 of Institute of Physiotherapy & Rehabilitation Sciences (IPRS), SMBBMU Larkana, held in the month of June 2024",2024-08-23,200
https://www.smbbmu.edu.pk/beta/uploads/news/images/1724481490.jpeg,image,1724481490-2f4ab823.jpeg,,200
https://www.smbbmu.edu.pk/beta/announcements/details/result-of-diploma-in-medical-jurisprudence-dmj-part-l-08-19-2024,announcement,Result of Diploma in Medical Jurisprudence (DMJ) Part-l,2024-08-19,200
https://www.smbbmu.edu.pk/beta/uploads/news/images/1724226392.jpg,image,1724226392-c84d5a76.jpg,,200
https://www.smbbmu.edu.pk/beta/announcements/details/result-of-ms-and-dgo-gynaecology-obsterics-clinical-examination-08-17-2024,announcement,Result of MS and DGO  Gynaecology & Obsterics Clinical Examination,2024-08-17,200
https://www.smbbmu.edu.pk/beta/uploads/news/images/1724056324.jpeg,image,1724056324-e4fe1687.jpeg,,200
https://www.smbbmu.edu.pk/beta/announcements/details/time-table-of-mphil-biochemistry-1st-semester-viva-examination-session-march-2024-08-17-2024,announcement,Time Table of MPHIL Biochemistry 1st Semester Viva Examination Session March - 2024,2024-08-17,200
https://www.smbbmu.edu.pk/beta/uploads/news/images/1724056549.jpeg,image,1724056549-4a1a0582.jpeg,,200
https://www.smbbmu.edu.pk/beta/announcements/details/time-table-of-ms-part-ii-diploma-in-ophthalmology-clinical-examinations-september-2023-08-17-2024,announcement,"Time Table of MS Part-II & Diploma in Ophthalmology Clinical Examinations September , 2023",2024-08-17,200
https://www.smbbmu.edu.pk/beta/uploads/news/images/1724056642.jpeg,image,1724056642-8ef18a6d.jpeg,,200
https://www.smbbmu.edu.pk/beta/announcements/details/result-of-third-fourth-and-final-year-mbbs-supplementary-examination-of-gambat-medical-college-gambat-07-29-2024,announcement,"Result of Third, Fourth and Final Year MBBS (Supplementary) Examination of Gambat Medical College, Gambat",2024-07-29,200
https://www.smbbmu.edu.pk/beta/news/downloadFile/final-year-result_17223354932.jpeg,image,final-year-result-17223354932-b3f8a3a8.jpeg,,200
https://www.smbbmu.edu.pk/beta/news/downloadFile/fourth-year-result_17223354931.jpeg,image,fourth-year-result-17223354931-8cd18f23.jpeg,,200
https://www.smbbmu.edu.pk/beta/news/downloadFile/thirdyear-result_17223354930.jpeg,image,thirdyear-result-17223354930-a5b63813.jpeg,,200
https://www.smbbmu.edu.pk/beta/announcements/details/notice-for-sindh-educational-endowment-fund-program-2024-25-07-24-2024,announcement,Notice for Sindh Educational Endowment Fund Program 2024-25,2024-07-24,200
https://www.smbbmu.edu.pk/beta/uploads/news/images/1721807169.jpg,image,1721807169-fad832f5.jpg,,200
https://www.smbbmu.edu.pk/beta/announcements/details/notice-for-need-cum-merit-scholarships-under-zakat-and-usher-department-govt-of-sindh-07-24-2024,announcement,"Notice for Need-Cum-Merit Scholarships under Zakat and Usher Department, Govt of Sindh",2024-07-24,200
https://www.smbbmu.edu.pk/beta/news/downloadFile/zakat-required-documents_17218075272.pdf,pdf,zakat-required-documents-17218075272-99889dcc.pdf,,200
https://www.smbbmu.edu.pk/beta/news/downloadFile/istehqaq-certificate_17218075271.pdf,pdf,istehqaq-certificate-17218075271-b3190e20.pdf,,200
https://www.smbbmu.edu.pk/beta/news/downloadFile/zakat-form_17218075260.pdf,pdf,zakat-form-17218075260-37093434.pdf,,200
https://www.smbbmu.edu.pk/beta/uploads/news/images/1721807900.jpg,image,1721807900-bf6968c2.jpg,,200
https://www.smbbmu.edu.pk/beta/announcements/details/notice-for-sanasindhi-association-of-north-america-scholarship-program-07-24-2024,announcement,Notice for SANA(Sindhi Association of North America) Scholarship Program,2024-07-24,200
https://www.smbbmu.edu.pk/beta/news/downloadFile/application-form-sana_17218078650.pdf,pdf,application-form-sana-17218078650-45c5d4ef.pdf,,200
https://www.smbbmu.edu.pk/beta/uploads/news/images/1721807797.jpg,image,1721807797-b62405a7.jpg,,200
https://www.smbbmu.edu.pk/beta/announcements/details/schedule-of-clinical-examination-of-md-cardiology-part-ii-clinical-examination-session-september-2023-07-22-2024,announcement,Schedule of Clinical Examination of MD Cardiology Part-II Clinical Examination Session September 2023,2024-07-22,200
https://www.smbbmu.edu.pk/beta/uploads/news/images/1721823822.jpg,image,1721823822-c9165a15.jpg,,200
https://www.smbbmu.edu.pk/beta/announcements/details/result-of-postgraduate-degree-and-diploma-theory-examinations-september-2023-held-in-the-month-of-may-2024-07-09-2024,announcement,"Result of Postgraduate Degree and Diploma (Theory) Examinations September, 2023 held in the month of May, 2024.",2024-07-09,200
https://www.smbbmu.edu.pk/beta/uploads/news/images/1720543359.jpeg,image,1720543359-cc06b036.jpeg,,200
https://www.smbbmu.edu.pk/beta/announcements/details/time-table-of-mphil-semester-i-theory-examinations-session-march-2024-07-08-2024,announcement,Time Table of M.PHIL Semester-I Theory Examinations  Session March 2024,2024-07-08,200
https://www.smbbmu.edu.pk/beta/uploads/news/images/1720543453.jpeg,image,1720543453-af9c6b7e.jpeg,,200
https://www.smbbmu.edu.pk/beta/announcements/details/notice-for-interview-calls-for-fcps-ii-medicine-candidates-07-03-2024,announcement,Notice for Interview Calls for FCPS -II (Medicine) Candidates,2024-07-03,200
https://www.smbbmu.edu.pk/beta/uploads/news/images/1720029992.jpeg,image,1720029992-950055b2.jpeg,,200
https://www.smbbmu.edu.pk/beta/announcements/details/notice-for-interview-calls-for-fcps-ii-gynae-obst-candidates-07-03-2024,announcement,Notice for Interview Calls for FCPS -II (Gynae. Obst:) Candidates,2024-07-03,200
https://www.smbbmu.edu.pk/beta/uploads/news/images/1720030047.jpeg,image,1720030047-9f245a04.jpeg,,200
https://www.smbbmu.edu.pk/beta/announcements/details/result-of-postgraduate-degree-and-diploma-theory-examinations-september-2023-held-in-the-month-of-may-2024-06-28-2024,announcement,"Result of Postgraduate Degree and Diploma (Theory) Examinations September, 2023 held in the month of May, 2024",2024-06-28,200
https://www.smbbmu.edu.pk/beta/uploads/news/images/1719569170.jpeg,image,1719569170-0368a94d.jpeg,,200
https://www.smbbmu.edu.pk/beta/announcements/details/result-of-entry-tests-of-mphil-diploma-md-ms-part-i-session-july-2024-06-28-2024,announcement,"Result of Entry Tests of M.PHIL, Diploma, MD & MS PART-I Session July 2024",2024-06-28,200
https://www.smbbmu.edu.pk/beta/news/downloadFile/result-mphil-diploma_17195694521.pdf,pdf,result-mphil-diploma-17195694521-cef5d7cb.pdf,,200
https://www.smbbmu.edu.pk/beta/news/downloadFile/result-md-ms_17195694520.pdf,pdf,result-md-ms-17195694520-8add6b9c.pdf,,200
https://www.smbbmu.edu.pk/beta/announcements/details/call-for-abstract-for-2nd-undergraduate-research-conference-2024-06-19-2024,announcement,Call for Abstract for 2nd Undergraduate Research Conference 2024,2024-06-19,200
https://www.smbbmu.edu.pk/beta/uploads/news/images/1718786340.jpeg,image,1718786340-c044507e.jpeg,,200
https://www.smbbmu.edu.pk/beta/announcements/all/17,announcement_list,Notifications,,200
https://www.smbbmu.edu.pk/beta/announcements/details/result-of-postgraduate-degree-and-diploma-theory-examinations-september-2023-held-in-the-month-of-may-2024-06-14-2024,announcement,"Result of Postgraduate Degree and Diploma (Theory) Examinations September, 2023 held in the month of May, 2024.",2024-06-14,200
https://www.smbbmu.edu.pk/beta/announcements/details/result-of-bs-generic-year-ii-semester-iv-regular-examination-session-2020-21-05-27-2024,announcement,"Result of BS (GENERIC) Year-II, Semester-IV Regular Examination Session 2020-21",2024-05-27,200
https://www.smbbmu.edu.pk/beta/news/downloadFile/result-page-2_17173914121.jpeg,image,result-page-2-17173914121-62925253.jpeg,,200
https://www.smbbmu.edu.pk/beta/news/downloadFile/result-page-1_17173914120.jpeg,image,result-page-1-17173914120-e0534b1c.jpeg,,200
https://www.smbbmu.edu.pk/beta/announcements/details/circular-for-postgraduate-examinations-of-session-march-2024-for-mphil-physiology-programs-05-24-2024,announcement,"Circular for Postgraduate Examinations of Session March, 2024 for M.Phil Physiology programs.",2024-05-24,200
https://www.smbbmu.edu.pk/beta/uploads/news/images/1716544784.jpg,image,1716544784-ca9640ae.jpg,,200
https://www.smbbmu.edu.pk/beta/announcements/details/webinar-on-us-clinical-rotations-for-the-students-of-smbb-medical-university-larkana-05-24-2024,announcement,Webinar on US Clinical Rotations for the students of SMBB Medical University Larkana,2024-05-24,200
https://www.smbbmu.edu.pk/beta/uploads/news/images/1716721429.jpg,image,1716721429-c81b8a2c.jpg,,200
https://www.smbbmu.edu.pk/beta/announcements/details/result-of-bsn-post-rn-year-il-semester-iv-regular-examination-session-05-22-2024,announcement,"Result of BSN (POST-RN) Year-Il, Semester-IV Regular Examination Session",2024-05-22,200
https://www.smbbmu.edu.pk/beta/uploads/news/images/1716544884.jpg,image,1716544884-5a13af3f.jpg,,200
https://www.smbbmu.edu.pk/beta/announcements/details/result-of-third-professional-pharm-d-third-year-annual-examination-session-2019-2020-of-institute-of-pharmacy-smbbmu-larkana-held-in-the-month-of-march-2024-05-21-2024,announcement,"Result of Third Professional Pharm-D, Third Year (Annual) Examination, Session 2019-2020 of Institute of Pharmacy, SMBBMU Larkana, held in the month of March 2024",2024-05-21,200
https://www.smbbmu.edu.pk/beta/uploads/news/images/1716545080.jpg,image,1716545080-f298e08a.jpg,,200
https://www.smbbmu.edu.pk/beta/announcements/details/annual-reports-05-21-2024,announcement,Annual Reports,2024-05-21,200
https://www.smbbmu.edu.pk/beta/announcements/details/result-of-second-professional-pharm-d-second-year-annual-examination-session-2020-2021-of-institute-of-pharmacy-smbbmu-larkana-held-in-the-month-of-march-05-20-2024,announcement,"Result of Second Professional Pharm-D, Second Year (Annual) Examination, Session 2020-2021 of Institute of Pharmacy, SMBBMU Larkana, held in the month of March",2024-05-20,200
https://www.smbbmu.edu.pk/beta/uploads/news/images/1716544947.jpg,image,1716544947-8df0baa3.jpg,,200
https://www.smbbmu.edu.pk/beta/announcements/details/admissions-for-postgraduate-courses-for-session-july-2024-05-15-2024,announcement,Admissions for Postgraduate Courses for Session July 2024,2024-05-15,200
https://www.smbbmu.edu.pk/beta/uploads/news/images/1715835409.jpg,image,1715835409-f2c841d9.jpg,,200
https://www.smbbmu.edu.pk/beta/announcements/details/rosult-of-first-professional-dpt-first-semester-re-sit-examination-session-2022-2023-05-11-2024,announcement,"Rosult of First Professional DPT, First Semester Re-Sit Examination Session 2022-2023",2024-05-11,200
https://www.smbbmu.edu.pk/beta/uploads/news/images/1715924601.jpeg,image,1715924601-e0bb5fcb.jpeg,,200
https://www.smbbmu.edu.pk/beta/announcements/details/admission-for-certification-in-health-professions-education-c-hpe-session-2024-batch-05-05-03-2024,announcement,Admission for Certification in Health Professions Education (C-HPE) Session 2024 Batch-05,2024-05-03,200
https://www.smbbmu.edu.pk/beta/uploads/news/images/1714719913.jpg,image,1714719913-da861ee0.jpg,,200
https://www.smbbmu.edu.pk/beta/announcements/details/hostel-allotment-of-the-students-for-year-2024-04-18-2024,announcement,Hostel Allotment of the students for Year 2024,2024-04-18,200
https://www.smbbmu.edu.pk/beta/news/downloadFile/hostel-7_17134494982.pdf,pdf,hostel-7-17134494982-55dbf672.pdf,,200
https://www.smbbmu.edu.pk/beta/news/downloadFile/hostel-6_17134494981.pdf,pdf,hostel-6-17134494981-060e1606.pdf,,200
https://www.smbbmu.edu.pk/beta/news/downloadFile/hostel-5_17134494980.pdf,pdf,hostel-5-17134494980-629261ee.pdf,,200
https://www.smbbmu.edu.pk/beta/announcements/details/result-of-bsgeneric-year-i-semester-i-regular-examination-of-smbbmu-and-its-affiliated-colleges-03-02-2024,announcement,"Result of BS(Generic) Year-I, Semester-I Regular Examination of SMBBMU and its affiliated colleges",2024-03-02,200
https://www.smbbmu.edu.pk/beta/news/downloadFile/GENERIC-1ST-SEM-REG-2022-23-1_17096180281.jpg,image,generic-1st-sem-reg-2022-23-1-17096180281-a5b46b33.jpg,,200
https://www.smbbmu.edu.pk/beta/news/downloadFile/GENERIC-1ST-SEM-REG-2022-23_17096180280.jpg,image,generic-1st-sem-reg-2022-23-17096180280-ef8df60e.jpg,,200
https://www.smbbmu.edu.pk/beta/announcements/details/notice-for-day-one-celebration-of-batch-52-of-chandka-medical-college-larkana-and-batch-13-of-bibi-aseefa-dental-college-larkana-02-12-2024,announcement,"Notice for Day One Celebration of  Batch -52 of Chandka Medical College Larkana and Batch-13 of Bibi Aseefa Dental College, Larkana",2024-02-12,200
https://www.smbbmu.edu.pk/beta/uploads/news/images/1707821457.jpg,image,1707821457-ee738f32.jpg,,200
https://www.smbbmu.edu.pk/beta/announcements/details/notice-for-day-one-celebration-of-batch-21-of-ghulam-muhammad-mahar-medical-college-sukkur-02-12-2024,announcement,"Notice for Day One Celebration of  Batch -21 of Ghulam Muhammad Mahar Medical College, Sukkur",2024-02-12,200
https://www.smbbmu.edu.pk/beta/uploads/news/images/1707821493.jpg,image,1707821493-ce8f199b.jpg,,200
https://www.smbbmu.edu.pk/beta/announcements/all/18,announcement_list,Notifications,,200
https://www.smbbmu.edu.pk/beta/announcements/details/result-of-result-of-first-professional-dpt-first-semester-regular-examination-session-2022-2023-01-31-2024,announcement,"Result of Result of First Professional DPT, First Semester Regular Examination Session 2022-2023",2024-01-31,200
https://www.smbbmu.edu.pk/beta/uploads/news/images/1706695404.jpg,image,1706695404-45b97de8.jpg,,200
https://www.smbbmu.edu.pk/beta/announcements/details/result-of-bs-post-rn-year-i-semester-i-regular-examination-session-2022-23-01-29-2024,announcement,"Result of BS (POST-RN) Year-I, Semester-I Regular Examination Session 2022-23",2024-01-29,200
https://www.smbbmu.edu.pk/beta/uploads/news/images/1706521838.jpg,image,1706521838-fb6bb088.jpg,,200
https://www.smbbmu.edu.pk/beta/announcements/details/result-of-postgraduate-degree-clinical-examination-march-2023-held-in-the-month-of-january-2024-01-25-2024,announcement,Result of Postgraduate Degree (Clinical) Examination March 2023 held in the month of January 2024,2024-01-25,200
https://www.smbbmu.edu.pk/beta/uploads/news/images/1706177128.jpg,image,1706177128-9670c3a2.jpg,,200
https://www.smbbmu.edu.pk/beta/announcements/details/result-of-bs-generic-year-i-semester-ii-regular-examination-session-2021-22-01-12-2024,announcement,"Result of BS (GENERIC) Year-I, Semester-II Regular Examination Session 2021-22",2024-01-12,200
https://www.smbbmu.edu.pk/beta/news/downloadFile/GENERIC+PAGE-1+(1)_17050585780.jpg,image,generic-page-1-1-17050585780.jpg,,0
https://www.smbbmu.edu.pk/beta/news/downloadFile/generic-page-2_17050585290.jpg,image,generic-page-2-17050585290-b6c81338.jpg,,200
https://www.smbbmu.edu.pk/beta/uploads/news/images/1705058023.jpg,image,1705058023-f4280c2d.jpg,,200
https://www.smbbmu.edu.pk/beta/announcements/details/result-of-bs-post-rn-year-i-semester-il-regular-examination-session-2021-22-01-12-2024,announcement,"Result of BS (POST-RN) Year-I, Semester-Il Regular Examination Session 2021-22",2024-01-12,200
https://www.smbbmu.edu.pk/beta/uploads/news/images/1705058197.jpg,image,1705058197-91de1185.jpg,,200
https://www.smbbmu.edu.pk/beta/announcements/details/notice-for-registered-candidates-for-5th-smbbmu-convocation-01-06-2024,announcement,Notice for registered candidates for 5th SMBBMU Convocation,2024-01-06,200
https://www.smbbmu.edu.pk/beta/announcements/details/result-of-second-professional-dpt-fourth-semester-regular-examination-session-2020-2021-of-institute-of-physiotherapy-rehabilitation-sciences-irs-smbbmu-larkana-moomal-institute-of-physiotherapy-allied-health-sciences-hyderabad-01-06-2024,announcement,"Result of Second Professional DPT, Fourth Semester Regular Examination Session 2020-2021 of Institute of Physiotherapy & Rehabilitation Sciences (IRS). SMBBMU Larkana & Moomal Institute of  Physiotherapy & Allied Health Sciences Hyderabad",2024-01-06,200
https://www.smbbmu.edu.pk/beta/uploads/news/images/1704720775.jpg,image,1704720775-f13508c8.jpg,,200
https://www.smbbmu.edu.pk/beta/announcements/details/result-of-third-professional-dpt-sixth-semester-regular-examination-session-2019-2020-of-institute-of-physiotherapy-rehabilitation-sciences-irs-smbbmu-larkana-held-in-the-month-of-november-2023-01-06-2024,announcement,"Result of Third Professional DPT, Sixth Semester Regular Examination Session 2019-2020 of Institute of Physiotherapy & Rehabilitation Sciences (IRS), SMBBMU Larkana, held in the month of November 2023",2024-01-06,200
https://www.smbbmu.edu.pk/beta/uploads/news/images/1704720825.jpg,image,1704720825-80c10e6f.jpg,,200
https://www.smbbmu.edu.pk/beta/announcements/details/result-of-first-professional-dpt-second-semester-regular-examination-session-2021-2022-of-institute-of-physiotherapy-rehabilitation-sciences-irs-smbbmu-larkana-moomal-institute-of-physiotherapy-allied-health-sciences-hyderabad-and-shaaf-institute-01-06-20,announcement,"Result of First Professional DPT, Second Semester Regular Examination Session 2021-2022 of Institute of Physiotherapy & Rehabilitation Sciences (IRS), SMBBMU Larkana, Moomal Institute of Physiotherapy & Allied Health Sciences Hyderabad and Shaaf Institute",2024-01-06,200
https://www.smbbmu.edu.pk/beta/uploads/news/images/1704720889.jpg,image,1704720889-c0d88ab1.jpg,,200
https://www.smbbmu.edu.pk/beta/announcements/details/instructions-for-graduating-students-during-the-5th-convocation-2024-of-shaheed-mohtarma-benazir-bhutto-medical-university-larkana-01-03-2024,announcement,"Instructions for Graduating Students during the 5th Convocation 2024 of Shaheed Mohtarma Benazir Bhutto Medical University, Larkana",2024-01-03,200
https://www.smbbmu.edu.pk/beta/announcements/details/result-of-postgraduate-degree-theory-examination-march-2023-held-in-the-month-of-november-2023-01-01-2024,announcement,"Result of Postgraduate Degree (Theory) Examination March, 2023 held in the month of November, 2023.",2024-01-01,200
https://www.smbbmu.edu.pk/beta/uploads/news/images/1704390712.jpg,image,1704390712-36024a41.jpg,,200
https://www.smbbmu.edu.pk/beta/announcements/details/time-table-for-clinical-examination-of-diploma-in-ophthalmalogy-12-30-2023,announcement,Time Table for Clinical Examination of Diploma in Ophthalmalogy,2023-12-30,200
https://www.smbbmu.edu.pk/beta/uploads/news/images/1704390822.jpg,image,1704390822-b8520ba6.jpg,,200
https://www.smbbmu.edu.pk/beta/announcements/details/result-of-diploma-in-medical-radio-diagnosis-dmrd-part-1-held-in-month-of-december-2023-12-26-2023,announcement,Result of Diploma in Medical Radio-Diagnosis (DMRD) Part-1 held in month of December 2023.,2023-12-26,200
https://www.smbbmu.edu.pk/beta/uploads/news/images/1703611230.jpg,image,1703611230-8d615092.jpg,,200
https://www.smbbmu.edu.pk/beta/announcements/details/result-of-postgraduate-mphil-biochemistry-viva-examinations-session-march-2023-held-in-the-month-of-december-2023-12-21-2023,announcement,"Result of Postgraduate M.Phil Biochemistry (VIVA) Examinations Session March 2023 held in the month of December, 2023.",2023-12-21,200
https://www.smbbmu.edu.pk/beta/uploads/news/images/1703442580.jpg,image,1703442580-2ccf1e50.jpg,,200
https://www.smbbmu.edu.pk/beta/announcements/details/results-of-ms-gynaecology-obstetrics-part-i-and-dgo-diploma-in-gynecology-obstetrics-12-21-2023,announcement,Results of MS GYNAECOLOGY & OBSTETRICS PART I and DGO DIPLOMA IN GYNECOLOGY & OBSTETRICS),2023-12-21,200
https://www.smbbmu.edu.pk/beta/uploads/news/images/1703442709.jpg,image,1703442709-09957426.jpg,,200
https://www.smbbmu.edu.pk/beta/announcements/details/notice-for-postgraduate-of-surgery-allied-for-the-interview-for-session-january-2024-12-19-2023,announcement,Notice for Postgraduate of Surgery & Allied for the interview for Session January 2024,2023-12-19,200
https://www.smbbmu.edu.pk/beta/uploads/news/images/1703057620.jpg,image,1703057620-e85f769c.jpg,,200
https://www.smbbmu.edu.pk/beta/announcements/details/schedule-of-postgraduate-examinations-of-session-september-2023-12-19-2023,announcement,"Schedule of Postgraduate Examinations of Session September, 2023",2023-12-19,200
https://www.smbbmu.edu.pk/beta/uploads/news/images/1703442431.jpg,image,1703442431-c970ed5c.jpg,,200
https://www.smbbmu.edu.pk/beta/announcements/details/notice-for-postgraduate-of-medicine-allied-for-the-interview-12-18-2023,announcement,Notice for Postgraduate of Medicine & Allied for the interview,2023-12-18,200
https://www.smbbmu.edu.pk/beta/uploads/news/images/1702889548.jpg,image,1702889548-7ca1499f.jpg,,200
https://www.smbbmu.edu.pk/beta/announcements/details/result-of-postgraduate-degree-and-diploma-theory-examination-march-2023-12-16-2023,announcement,"Result of Postgraduate Degree and Diploma (Theory) Examination March, 2023",2023-12-16,200
https://www.smbbmu.edu.pk/beta/uploads/news/images/1702731992.jpg,image,1702731992-82846431.jpg,,200
https://www.smbbmu.edu.pk/beta/announcements/details/time-table-for-mphil-biochemistry-part-i-and-part-ii-and-mphil-microbiology-part-ii-viva-examination-session-march-2023-12-14-2023,announcement,"Time Table for MPHIL Biochemistry Part-I and Part-II and M.PHIL Microbiology Part-II Viva Examination - Session March, 2023",2023-12-14,200
https://www.smbbmu.edu.pk/beta/news/downloadFile/M_17026466370.jpg,image,m-17026466370-12303c4c.jpg,,200
https://www.smbbmu.edu.pk/beta/uploads/news/images/1702646557.jpg,image,1702646557-a521aafb.jpg,,200
https://www.smbbmu.edu.pk/beta/announcements/details/result-of-entry-test-of-fcps-ii-programs-12-09-2023,announcement,Result of Entry Test of FCPS-II Programs,2023-12-09,200
https://www.smbbmu.edu.pk/beta/news/downloadFile/FCPS-II_17021848450.pdf,pdf,fcps-ii-17021848450-9f639f50.pdf,,200
https://www.smbbmu.edu.pk/beta/announcements/details/admissions-for-mbbs-bds-courses-session-2023-24-12-01-2023,announcement,Admissions for MBBS / BDS Courses Session 2023-24,2023-12-01,200
https://admissions.smbbmu.edu.pk/announcement/admissions-for-MBBS-BDS-Session-2023-24,external,,,
https://www.smbbmu.edu.pk/beta/uploads/news/images/1701429245.jpg,image,1701429245-e66642e0.jpg,,200
https://www.smbbmu.edu.pk/beta/announcements/details/result-of-final-professional-bds-final-year-supplementary-examination-session-2018-2019-of-bibi-aseefa-dental-college-larkana-held-in-the-month-of-november-2023-11-29-2023,announcement,"Result of Final Professional BDS, Final Year (Supplementary) Examination, Session 2018-2019 of Bibi Aseefa Dental College, Larkana held in the month of November 2023",2023-11-29,200
https://www.smbbmu.edu.pk/beta/uploads/news/images/1701336755.jpg,image,1701336755-1bebcdce.jpg,,200
https://www.smbbmu.edu.pk/beta/announcements/details/result-of-postgraduate-entry-test-and-part-i-examination-session-january-2024-11-28-2023,announcement,Result of Postgraduate Entry Test and Part-I Examination Session January 2024,2023-11-28,200
https://www.smbbmu.edu.pk/beta/news/downloadFile/p1+Result+M_17012371391.pdf,pdf,p1-result-m-17012371391-9617f9bc.pdf,,200
"https://www.smbbmu.edu.pk/beta/news/downloadFile/P+1+Result+MD+,+MS+programs_17012371390.pdf",pdf,p-1-result-md-ms-programs-17012371390-04362452.pdf,,200
https://www.smbbmu.edu.pk/beta/announcements/all/19,announcement_list,Notifications,,200
https://www.smbbmu.edu.pk/beta/announcements/details/merit-list-of-candidates-who-have-applied-for-admission-to-bsn-generic-at-benazir-college-of-nursing-smbbmu-for-session-2019-20-01-06-2020,announcement,Merit List of Candidates who have Applied for Admission to BSN Generic at Benazir College of Nursing SMBBMU for Session 2019-20,2020-01-06,200
https://www.smbbmu.edu.pk/beta/news/downloadFile/UNTOUCHBSN+NURSINGGENERIC4YEARPROG+2019-20+-+_15783008600.pdf,pdf,untouchbsn-nursinggeneric4yearprog-2019-20-15783008600-a75a81f9.pdf,,200
https://www.smbbmu.edu.pk/beta/announcements/details/notice-for-day-one-celebration-of-batch-48-at-chandka-medical-college-12-28-2019,announcement,Notice for Day One Celebration of Batch 48 at Chandka Medical College,2019-12-28,200
https://www.smbbmu.edu.pk/beta/announcements/details/provisional-merit-list-of-candidates-who-have-applied-for-admission-to-post-rn-bsc-nursing-at-benazir-college-of-nursing-smbbmu-for-session-2019-20-12-26-2019,announcement,Provisional Merit List of Candidates who have Applied for Admission to POST RN BSC Nursing at Benazir College of Nursing SMBBMU for Session 2019-20,2019-12-26,200
https://www.smbbmu.edu.pk/beta/news/downloadFile/meritlists_15773760360.pdf,pdf,meritlists-15773760360-cdfc66c2.pdf,,200
https://www.smbbmu.edu.pk/beta/announcements/details/provisional-merit-list-of-candidates-who-have-applied-for-admission-to-bsn-generic-at-benazir-college-of-nursing-smbbmu-for-session-2019-20-12-26-2019,announcement,Provisional Merit List of Candidates who have Applied for Admission to BSN Generic at Benazir College of Nursing SMBBMU for Session 2019-20,2019-12-26,200
https://www.smbbmu.edu.pk/beta/news/downloadFile/UNTOUCHBSN+NURSINGGENERIC4YEARPROG+2019-20+-+_15773847060.pdf,pdf,untouchbsn-nursinggeneric4yearprog-2019-20-15773847060-04f16a8c.pdf,,200
https://www.smbbmu.edu.pk/beta/announcements/details/list-of-candidates-who-have-applied-for-admission-into-1st-year-mbbsbds-on-ueap-local-basis-for-session-2019-20-12-11-2019,announcement,List of Candidates who have Applied for Admission into 1st Year MBBS/BDS on UEAP Local Basis for Session 2019-20,2019-12-11,200
https://www.smbbmu.edu.pk/beta/news/downloadFile/ghotki+self+list_15762164460.pdf,pdf,ghotki-self-list-15762164460-ff7b1824.pdf,,200
https://www.smbbmu.edu.pk/beta/news/downloadFile/khairpur+self+list_15762163530.pdf,pdf,khairpur-self-list-15762163530-7922cd72.pdf,,200
https://www.smbbmu.edu.pk/beta/news/downloadFile/Sukkur+Self+Finance_15762163190.pdf,pdf,sukkur-self-finance-15762163190-1ba47f0d.pdf,,200
https://www.smbbmu.edu.pk/beta/news/downloadFile/ueap-not-eligible_15762162580.pdf,pdf,ueap-not-eligible-15762162580-b1079e8d.pdf,,200
https://www.smbbmu.edu.pk/beta/news/downloadFile/SHPSELF_15760512660.pdf,pdf,shpself-15760512660-cb7156ed.pdf,,200
https://www.smbbmu.edu.pk/beta/news/downloadFile/NFZSELF_15760512530.pdf,pdf,nfzself-15760512530-e5f04743.pdf,,200
https://www.smbbmu.edu.pk/beta/news/downloadFile/LRKSELF_15760512080.pdf,pdf,lrkself-15760512080-a262fb48.pdf,,200
https://www.smbbmu.edu.pk/beta/news/downloadFile/KSHMSELF_15760511470.pdf,pdf,kshmself-15760511470-2cd7ec05.pdf,,200
https://www.smbbmu.edu.pk/beta/news/downloadFile/K-SHDSELF_15760499540.pdf,pdf,k-shdself-15760499540-7039d00d.pdf,,200
https://www.smbbmu.edu.pk/beta/news/downloadFile/jcdself_15760498450.pdf,pdf,jcdself-15760498450-94eee083.pdf,,200
https://www.smbbmu.edu.pk/beta/news/downloadFile/daduself_15760498020.pdf,pdf,daduself-15760498020-ff24fedd.pdf,,200
https://www.smbbmu.edu.pk/beta/announcements/details/candidate-selected-on-reserved-seat-for-disabled-candidate-for-session-2019-20-12-10-2019,announcement,Candidate Selected on Reserved Seat for Disabled Candidate for Session 2019-20,2019-12-10,200
https://www.smbbmu.edu.pk/beta/uploads/news/images/1576046517.jpg,image,1576046517-8dbd7bd9.jpg,,200
https://www.smbbmu.edu.pk/beta/announcements/details/merit-list-of-candidates-who-have-applied-for-admission-into-1st-year-mbbsbds-courses-for-session-2019-20-at-shaheed-mohtarma-benazir-bhutto-medical-university-larkana-12-02-2019,announcement,Merit List of Candidates who have Applied for Admission Into 1ST: Year MBBS/BDS Courses for Session 2019-20 at Shaheed Mohtarma Benazir Bhutto Medical University Larkana,2019-12-02,200
https://www.smbbmu.edu.pk/beta/news/downloadFile/Merit+list+Dist+Ghotki_15753486940.pdf,pdf,merit-list-dist-ghotki-15753486940-12cc0e35.pdf,,200
https://www.smbbmu.edu.pk/beta/news/downloadFile/Merit+List+Dist+Khairpur_15753486390.pdf,pdf,merit-list-dist-khairpur-15753486390-19e36b2e.pdf,,200
https://www.smbbmu.edu.pk/beta/news/downloadFile/Merit+list+Dist+Sukkur_15753485990.pdf,pdf,merit-list-dist-sukkur-15753485990-787c1d83.pdf,,200
https://www.smbbmu.edu.pk/beta/news/downloadFile/updated-shp.pdf,pdf,updated-shp-504ea2d4.pdf,,200
https://www.smbbmu.edu.pk/beta/news/downloadFile/update-nfz.pdf,pdf,update-nfz-8382864d.pdf,,200
https://www.smbbmu.edu.pk/beta/news/downloadFile/updated-lrk.pdf,pdf,updated-lrk-01d0c701.pdf,,200
https://www.smbbmu.edu.pk/beta/news/downloadFile/updated-kshm.pdf,pdf,updated-kshm-8049e394.pdf,,200
https://www.smbbmu.edu.pk/beta/news/downloadFile/updated-k-shd.pdf,pdf,updated-k-shd-3578ab65.pdf,,200
https://www.smbbmu.edu.pk/beta/news/downloadFile/updated-jcd.pdf,pdf,updated-jcd-7235b0fd.pdf,,200
https://www.smbbmu.edu.pk/beta/news/downloadFile/updated-dadu.pdf,pdf,updated-dadu-79562be6.pdf,,200
https://www.smbbmu.edu.pk/beta/announcements/details/admissions-for-bs-nursinggeneric-bsc-nursingpost-rn-at-benazir-college-of-nursing-smbbmu-for-session-2019-20-11-21-2019,announcement,Admissions for BS Nursing(Generic) & B.Sc Nursing(POST RN) at Benazir College of Nursing SMBBMU for Session 2019-20,2019-11-21,200
https://www.smbbmu.edu.pk/beta/news/downloadFile/IBA-Challan_15746655600.pdf,pdf,iba-challan-15746655600-e1d34629.pdf,,200
https://www.smbbmu.edu.pk/beta/news/downloadFile/SEAT+ALLOCATION+AND+TAGGED+DISTRICTS+OF+NURSING+COURSES_15743995020.pdf,pdf,seat-allocation-and-tagged-districts-of-nursing-courses-15743995020-2a2d9c67.pdf,,200
https://www.smbbmu.edu.pk/beta/news/downloadFile/new+univ+challan+nursing_15743994220.pdf,pdf,new-univ-challan-nursing-15743994220-eb7a6074.pdf,,200
https://www.smbbmu.edu.pk/beta/news/downloadFile/smbbmu+application+form+for+nursing+course+2019-20_15743993470.pdf,pdf,smbbmu-application-form-for-nursing-course-2019-20-15743993470-6eba312f.pdf,,200
https://www.smbbmu.edu.pk/beta/uploads/news/images/1574665500.jpg,image,1574665500-fa30e64e.jpg,,200
https://www.smbbmu.edu.pk/beta/announcements/details/revised-advertisement-for-mbbsbds-admissions-for-session-2019-20-11-18-2019,announcement,Revised Advertisement for MBBS/BDS Admissions for Session 2019-20,2019-11-18,200
https://www.smbbmu.edu.pk/beta/uploads/news/images/1574142698.jpg,image,1574142698-dc3832b1.jpg,,200
https://www.smbbmu.edu.pk/beta/announcements/details/admissions-for-postgraduate-courses-for-the-session-january-2020-11-08-2019,announcement,Admissions for Postgraduate courses for the Session January 2020,2019-11-08,200
https://www.smbbmu.edu.pk/beta/uploads/news/images/1573274208.jpg,image,1573274208-42670080.jpg,,200
https://www.smbbmu.edu.pk/beta/announcements/details/important-announcement-for-admission-to-mbbsbds-for-session-2019-20-11-06-2019,announcement,Important Announcement for Admission to MBBS/BDS for Session 2019-20,2019-11-06,200
https://www.smbbmu.edu.pk/beta/announcements/details/notice-for-interview-of-hafiz-e-quran-and-disabled-persons-for-admission-to-mbbsbds-for-session-2019-20-10-30-2019,announcement,Notice for Interview of Hafiz-e-Quran and Disabled Persons for Admission to MBBS/BDS for Session 2019-20,2019-10-30,200
https://www.smbbmu.edu.pk/beta/uploads/news/images/1572438857.jpg,image,1572438857-0aeb71d0.jpg,,200
https://www.smbbmu.edu.pk/beta/announcements/details/corrigendum-for-mbbsbds-admissions-for-session-2019-20-10-02-2019,announcement,Corrigendum for MBBS/BDS Admissions for Session 2019-20,2019-10-02,200
https://www.smbbmu.edu.pk/beta/uploads/news/images/1570015665.jpg,image,1570015665-cf53c923.jpg,,200
https://www.smbbmu.edu.pk/beta/announcements/details/notice-for-online-submission-of-form-09-27-2019,announcement,Notice for Online Submission of Form,2019-09-27,200
http://www.lumhs.edu.pk/,external,,,
https://www.smbbmu.edu.pk/beta/announcements/details/admission-in-mbbsbds-session-2019-20-public-sector-medical-dental-universities-colleges-of-sindh-province-09-23-2019,announcement,Admission in MBBS/BDS Session 2019-20 Public Sector Medical & Dental Universities / Colleges of Sindh Province,2019-09-23,200
https://www.smbbmu.edu.pk/beta/uploads/news/images/1569221259.jpeg,image,1569221259-6e8279a8.jpeg,,200
https://www.smbbmu.edu.pk/beta/announcements/details/notice-for-entry-test-result-09-19-2019,announcement,Notice for Entry Test Result,2019-09-19,200
https://www.smbbmu.edu.pk/beta/announcements/details/admission-in-public-and-private-sector-medical-and-dental-universitiescolleges-of-sindh-province-08-05-2019,announcement,Admission in Public and Private Sector Medical and Dental Universities/Colleges of Sindh Province,2019-08-05,200
https://www.smbbmu.edu.pk/beta/uploads/news/images/1565000561.jpg,image,1565000561-f1fb8c79.jpg,,200
https://www.smbbmu.edu.pk/beta/announcements/details/list-of-candidates-who-have-applied-for-admission-to-post-rn-bsc-nursing-on-ueap-local-basis-at-benazir-college-of-nursing-05-28-2019,announcement,List of Candidates Who have Applied for Admission to POST RN B.S.c Nursing on UEAP Local Basis at Benazir College of Nursing,2019-05-28,200
https://www.smbbmu.edu.pk/beta/news/downloadFile/eligible+BSN+NURSINGPOSTRN2YEARPROG+2018-19_15591547500.pdf,pdf,eligible-bsn-nursingpostrn2yearprog-2018-19-15591547500-c0c78ea0.pdf,,200
https://www.smbbmu.edu.pk/beta/announcements/details/list-of-candidates-who-have-applied-for-admission-to-bsn-generic-on-ueap-local-basis-at-benazir-college-of-nursing-05-28-2019,announcement,List of Candidates Who Have Applied for Admission to BSN Generic on UEAP Local Basis at Benazir College of Nursing,2019-05-28,200
https://www.smbbmu.edu.pk/beta/news/downloadFile/eligible+BSNNURSING4yeargeneric+2018-19+s_15591548920.pdf,pdf,eligible-bsnnursing4yeargeneric-2018-19-s-15591548920-9316ca93.pdf,,200
https://www.smbbmu.edu.pk/beta/announcements/details/admissions-to-1st-year-bsn-generic-post-rn-bsc-nursing-courses-on-ueap-local-basis-05-11-2019,announcement,Admissions to 1st Year BSN Generic & Post RN BSC Nursing Courses on UEAP Local Basis,2019-05-11,200
https://www.smbbmu.edu.pk/beta/news/downloadFile/application+form+for+ueap+local+and+overseas+pakistani+b+47+2018+2019_15576034080.jpg,image,application-form-for-ueap-local-and-overseas-pakistani-b-47-2018-2019-15576034080-343374b1.jpg,,200
https://www.smbbmu.edu.pk/beta/uploads/news/images/1557603460.jpg,image,1557603460-58e5f4c1.jpg,,200
https://www.smbbmu.edu.pk/beta/announcements/details/admissions-for-postgraduate-courses-for-the-session-july-2019-04-26-2019,announcement,Admissions for Postgraduate courses for the Session July 2019,2019-04-26,200
https://www.smbbmu.edu.pk/beta/uploads/news/images/1556520457.jpg,image,1556520457-fdf6c123.jpg,,200
https://www.smbbmu.edu.pk/beta/announcements/details/entry-test-forms-for-post-graduate-courses-04-26-2019,announcement,Entry Test forms for Post Graduate Courses,2019-04-26,200
https://www.smbbmu.edu.pk/beta/announcements/details/updated-provisional-list-of-candidates-who-have-applied-for-admission-to-bsn-generic-course-at-benazir-institute-of-nursing-and-community-health-sciences-smbbmu-session-2018-19-04-08-2019,announcement,Updated Provisional List of Candidates Who have Applied for Admission to BSN GENERIC Course at Benazir College of Nursing SMBBMU session 2018-19,2019-04-08,200
https://www.smbbmu.edu.pk/beta/news/downloadFile/eligible+BSN+NURSINGPOSTRN2YEARPROG+2018-19+8+4+2019_15548815910.pdf,pdf,eligible-bsn-nursingpostrn2yearprog-2018-19-8-4-2019-15548815910-afb17688.pdf,,200
https://www.smbbmu.edu.pk/beta/announcements/details/updated-provisional-list-of-candidates-who-have-applied-for-admission-to-post-rn-bsc-nursing-course-at-benazir-institute-of-nursing-and-community-health-sciences-smbbmu-session-2018-19-04-08-2019,announcement,Updated Provisional List of Candidates Who have Applied for Admission to POST RN B.S.c Nursing Course at Benazir College of Nursing SMBBMU session 2018-19,2019-04-08,200
https://www.smbbmu.edu.pk/beta/news/downloadFile/2YEARNEW142019_15541406140.pdf,pdf,2yearnew142019-15541406140-02bdab87.pdf,,200
https://www.smbbmu.edu.pk/beta/announcements/details/provisional-merit-list-of-candidates-who-have-applied-for-admisson-into-1st-year-bds-course-as-their-2nd-choice-at-bibi-aseefa-dental-college-smbbmu-larkana-for-session-2018-2019-02-27-2019,announcement,Provisional Merit List of Candidates Who Have Applied for Admission into 1ST: Year  BDS Course as their 2ND Choice at Bibi Aseefa Dental College SMBBMU Larkana  for Session 2018-2019,2019-02-27,200
https://www.smbbmu.edu.pk/beta/news/downloadFile/gmcdist_15513386637.pdf,pdf,gmcdist-15513386637-b675aedd.pdf,,200
https://www.smbbmu.edu.pk/beta/news/downloadFile/1SHP_15513386636.pdf,pdf,1shp-15513386636-17961836.pdf,,200
https://www.smbbmu.edu.pk/beta/news/downloadFile/LRK1_15513386635.pdf,pdf,lrk1-15513386635-d868d6fd.pdf,,200
https://www.smbbmu.edu.pk/beta/news/downloadFile/1NFZ_15513386634.pdf,pdf,1nfz-15513386634-3c4ae3db.pdf,,200
https://www.smbbmu.edu.pk/beta/news/downloadFile/1KSHM_15513386633.pdf,pdf,1kshm-15513386633-8a723477.pdf,,200
https://www.smbbmu.edu.pk/beta/news/downloadFile/1KSHD_15513386632.pdf,pdf,1kshd-15513386632-9e9d3074.pdf,,200
https://www.smbbmu.edu.pk/beta/news/downloadFile/1JCD_15513386631.pdf,pdf,1jcd-15513386631-3f34d615.pdf,,200
https://www.smbbmu.edu.pk/beta/news/downloadFile/1DADU_15513386630.pdf,pdf,1dadu-15513386630-31113f1d.pdf,,200
https://www.smbbmu.edu.pk/beta/announcements/details/list-of-candidates-admissions-to-1st-year-mbbs-on-reserved-seats-of-ajk-medical-colleges-for-session-2018-2019-02-25-2019,announcement,List of Candidates Admissions to 1ST Year MBBS on Reserved Seats of AJ&K Medical Colleges for Session 2018-2019,2019-02-25,200
https://www.smbbmu.edu.pk/beta/news/downloadFile/AJKLISTUNTOUCH201819_15510786140.pdf,pdf,ajklistuntouch201819-15510786140-356daa55.pdf,,200
https://www.smbbmu.edu.pk/beta/announcements/details/list-of-candidates-who-have-applied-for-admissions-in-bsc-generic-nursing-and-post-rn-nursing-for-session-2018-2019-at-binachs-smbbmu-larkana-02-25-2019,announcement,List of Candidates Who Have Applied for Admission in BSC Generic Nursing and POST RN   Nursing for Session 2018-2019 at BINACHS SMBBMU Larkana,2019-02-25,200
https://www.smbbmu.edu.pk/beta/news/downloadFile/4YEAR_15510796991.pdf,pdf,4year-15510796991-a99602c3.pdf,,200
https://www.smbbmu.edu.pk/beta/news/downloadFile/2YEAR_15510796990.pdf,pdf,2year-15510796990-40f35946.pdf,,200
https://www.smbbmu.edu.pk/beta/announcements/details/list-of-candidates-who-have-applied-for-admissions-to-1st-year-mbbs-on-vacant-seats-of-overseas-foreign-national-seats-for-session-2018-2019-smbbmu-larkana-02-25-2019,announcement,List of Candidates Who Have Applied for Admission to 1ST Year MBBS on Vacant Seats of  Overseas / Foreign National Seats for Session 2018-2019 @ SMBBMU Larkana,2019-02-25,200
https://www.smbbmu.edu.pk/beta/news/downloadFile/OVERSEASLISTUNTOUCH_15511640390.pdf,pdf,overseaslistuntouch-15511640390-433fc7b4.pdf,,200
https://www.smbbmu.edu.pk/beta/announcements/details/list-of-rejected-candidates-and-pending-candidates-who-have-applied-for-admission-in-to-nursing-courses-at-binachs-smbbmu-larkana-02-25-2019,announcement,List of Rejected Candidates and Pending Candidates Who Have Applied for Admission in to Nursing Courses at BINACHS SMBBMU Larkana,2019-02-25,200
https://www.smbbmu.edu.pk/beta/news/downloadFile/REJECTEDLIST_15511639431.pdf,pdf,rejectedlist-15511639431-75019f3a.pdf,,200
https://www.smbbmu.edu.pk/beta/news/downloadFile/PENDINGCASES_15511639430.pdf,pdf,pendingcases-15511639430-c05de0a3.pdf,,200
https://www.smbbmu.edu.pk/beta/announcements/details/advertisement-for-admissions-to-mbbsbds-course-session-2018-19-on-vacant-seats-of-overseas-pakistanis-category-at-smbmu-larkana-02-13-2019,announcement,Advertisement for Admission to MBBS/BDS Course Session 2018-19 on Vacant Seats of Overseas Pakistani's Category at SMBBMU LARKANA,2019-02-13,200
https://www.smbbmu.edu.pk/beta/news/downloadFile/OVERSAPPLICFORM_15500372981.pdf,pdf,oversapplicform-15500372981-7a804221.pdf,,200
https://www.smbbmu.edu.pk/beta/news/downloadFile/OVERSEADV_15500372980.pdf,pdf,overseadv-15500372980-7ad6c174.pdf,,200
https://www.smbbmu.edu.pk/beta/announcements/admission/1,announcement_list,Admission,,200
https://www.smbbmu.edu.pk/beta/announcements/details/advertisement-for-admissions-to-mbbs-course-session-2018-19-on-reserved-seat-of-ajk-medical-colleges-02-13-2019,announcement,Advertisement for Admission to MBBS Course Session 2018-19 on Reserved Seat Of AJ&K Medical Colleges,2019-02-13,200
https://www.smbbmu.edu.pk/beta/news/downloadFile/AJKAPPLICATIONFORMNEW_15500441170.pdf,pdf,ajkapplicationformnew-15500441170-b5a81109.pdf,,200
https://www.smbbmu.edu.pk/beta/uploads/news/images/1550044171.jpg,image,1550044171-72e10dbc.jpg,,200
https://www.smbbmu.edu.pk/beta/announcements/details/applications-are-invited-for-admissions-to-bs-nursing-generic-bsc-nursing-post-rn-at-benazir-institute-of-nursing-community-health-sciences-smbbmu-larkana-session-2018-19-01-28-2019,announcement,Applications are Invited for  Admissions to BS NURSING (Generic) &  B.Sc Nursing (Post RN) at Benazir Institute of Nursing & Community Health Sciences SMBBMU Larkana  Session 2018-19,2019-01-28,200
https://www.smbbmu.edu.pk/beta/news/downloadFile/smbbmu+Challan_+Nursing+Programs+@+SMBBMU+Larkana+-+copy_15486723924.pdf,pdf,smbbmu-challan-nursing-programs-smbbmu-larkana-copy-15486723924-d89b7523.pdf,,200
https://www.smbbmu.edu.pk/beta/news/downloadFile/smbbmu+application+form+for+nursing+course+2018-19_15486723923.pdf,pdf,smbbmu-application-form-for-nursing-course-2018-19-15486723923-f4266729.pdf,,200
https://www.smbbmu.edu.pk/beta/news/downloadFile/iba+Application+form_+Nursing+Programs+@+SMBBMU+Larkana_15486723922.pdf,pdf,iba-application-form-nursing-programs-smbbmu-larkana-15486723922-6fc06aab.pdf,,200
https://www.smbbmu.edu.pk/beta/news/downloadFile/Challan_+Nursing+Programs+@+SMBBMU+Larkana_15486723921.pdf,pdf,challan-nursing-programs-smbbmu-larkana-15486723921-ae0db1e1.pdf,,200
https://www.smbbmu.edu.pk/beta/news/downloadFile/advertisement+nursing++course+2018-19_15486723920.pdf,pdf,advertisement-nursing-course-2018-19-15486723920-89dde83f.pdf,,200
https://www.smbbmu.edu.pk/beta/announcements/details/merit-lists-of-candidates-who-have-applied-for-admission-into-1st-year-pharm-d-courses-for-session-2018-19-01-11-2019,announcement,Merit Lists of Candidates Who Have Applied for Admission into 1st: year PHARM-D Courses for Session 2018-19,2019-01-11,200
https://smbbmu.edu.pk/news/details/provisional-list-of-candidates-who-have-applied-for-admission-into-1st-year-pharm-d-courses-for-session-2018-19-01-02-2019,external,,,
https://www.smbbmu.edu.pk/beta/news/downloadFile/OTD_15475376498.pdf,pdf,otd-15475376498-c76215cd.pdf,,200
https://www.smbbmu.edu.pk/beta/news/downloadFile/GMCSUKPHARMD_15475376497.pdf,pdf,gmcsukpharmd-15475376497-7403d353.pdf,,200
https://www.smbbmu.edu.pk/beta/news/downloadFile/SHP_15475376496.pdf,pdf,shp-15475376496-a52bc0f1.pdf,,200
https://www.smbbmu.edu.pk/beta/news/downloadFile/NFZ_15475376495.pdf,pdf,nfz-15475376495-f364a3aa.pdf,,200
https://www.smbbmu.edu.pk/beta/news/downloadFile/LRK_15475376494.pdf,pdf,lrk-15475376494-e25700f3.pdf,,200
https://www.smbbmu.edu.pk/beta/news/downloadFile/KSHM_15475376493.pdf,pdf,kshm-15475376493-e2961ac7.pdf,,200
https://www.smbbmu.edu.pk/beta/news/downloadFile/K-SHD_15475376492.pdf,pdf,k-shd-15475376492-a7cc77b2.pdf,,200
https://www.smbbmu.edu.pk/beta/news/downloadFile/JCD_15475376491.pdf,pdf,jcd-15475376491-56e8df14.pdf,,200
https://www.smbbmu.edu.pk/beta/news/downloadFile/DADU_15475376490.pdf,pdf,dadu-15475376490-6ddcddc5.pdf,,200
https://www.smbbmu.edu.pk/beta/announcements/details/notice-day-one-celebration-amended-12-24-2018,announcement,Notice for Day One Celebration (Amended),2018-12-24,200
https://www.smbbmu.edu.pk/beta/announcements/details/schedule-of-interview-for-the-candidates-provisionally-selected-to-1st-year-mbbs-course-session-2018-19-at-cmc-smbbmu-larkana-11-30-2018,announcement,Schedul of Interview for The Candiates Provisionally Selected to 1ST YEAR MBBS Course Session 2018-19 at CMC SMBBMU LARKANA,2018-11-30,200
https://www.smbbmu.edu.pk/beta/news/downloadFile/FOLLOWING+ALL+ORIGINAL+DOCUMENTS+MUST+BE+BROUGHT+ON+THE+DATE+AND+SCHEDULE_15435657480.pdf,pdf,following-all-original-documents-must-be-brought-on-the-date-and-schedule-15435657480-0649e35f.pdf,,200
https://www.smbbmu.edu.pk/beta/announcements/details/list-of-candidates-who-have-applied-for-admisson-to-1st-year-mbbs-bds-courses-for-session-2018-2019-ueap-local-basis-at-shaheed-mohtarma-benazir-bhutto-medical-university-larkana-11-29-2018,announcement,"List of Candidates Who Have Applied for Admission to 1ST: Year  MBBS /BDS Courses for Session 2018-2019 UEAP LOCAL BASIS  AT SHAHEED MOHTARMA BENAZIR BHUTTO MEDICAL UNIVERSITY, LARKANA",2018-11-29,200
https://www.smbbmu.edu.pk/beta/news/downloadFile/self1819b47_15434968380.pdf,pdf,self1819b47-15434968380-39e69549.pdf,,200
https://www.smbbmu.edu.pk/beta/announcements/details/candidate-selected-on-reserved-seat-for-disabled-candidate-cmc-larkana-session-2018-2019-mbbs-smbbmu-larkana-11-27-2018,announcement,Candidate Selected on Reserved Seat for Disabled Candidate @ CMC Larkana Session 2018-2019 (MBBS) SMBBMU LARKANA,2018-11-27,200
https://www.smbbmu.edu.pk/beta/uploads/news/images/1543306218.jpg,image,1543306218-28581a69.jpg,,200
https://www.smbbmu.edu.pk/beta/announcements/details/list-of-candidates-who-have-applied-for-admisson-to-1st-year-mbbs-bds-courses-for-session-20182019-at-shaheed-mohtarma-benazir-bhutto-medical-university-larkana-and-selected-at-duhs-jsmu-and-fjmc-as-per-merit-cum-choice-basis-11-20-2018,announcement,"List of Candidate Who Have Applied for Admission to 1ST: Year  MBBS /BDS Courses for Session 2018-19 at SMBB Medical University, Larkana  and Selected at DUHS, JSMU and FJMC as Per Merit Cum Choice Basis",2018-11-20,200
https://www.smbbmu.edu.pk/beta/news/downloadFile/res_15427204510.pdf,pdf,res-15427204510-67f0c86d.pdf,,200
https://www.smbbmu.edu.pk/beta/announcements/details/nawabshah-admission-advertisement-11-20-2018,announcement,Nawabshah Admission Advertisement,2018-11-20,200
https://www.smbbmu.edu.pk/beta/news/downloadFile/Doc1_15427197150.pdf,pdf,doc1-15427197150-474e4ed8.pdf,,200
https://www.smbbmu.edu.pk/beta/uploads/news/images/1542719554.jpeg,image,1542719554-2fbd239e.jpeg,,200
https://www.smbbmu.edu.pk/beta/announcements/details/merit-lists-of-smbbmu-larkana-11-20-2018,announcement,Merit Lists OF SMBBMU Larkana,2018-11-20,200
https://www.smbbmu.edu.pk/beta/news/downloadFile/SHP_15427202976.pdf,pdf,shp-15427202976-1f757f3c.pdf,,200
https://www.smbbmu.edu.pk/beta/news/downloadFile/NFZ_15427202975.pdf,pdf,nfz-15427202975-a9cfad49.pdf,,200
https://www.smbbmu.edu.pk/beta/news/downloadFile/LRK_15427202974.pdf,pdf,lrk-15427202974-2d7cdad5.pdf,,200
https://www.smbbmu.edu.pk/beta/news/downloadFile/KSHM_15427202973.pdf,pdf,kshm-15427202973-e8e277f4.pdf,,200
https://www.smbbmu.edu.pk/beta/news/downloadFile/K-SHD_15427202972.pdf,pdf,k-shd-15427202972-089633f4.pdf,,200
https://www.smbbmu.edu.pk/beta/news/downloadFile/JCD_15427202971.pdf,pdf,jcd-15427202971-cadd3542.pdf,,200
https://www.smbbmu.edu.pk/beta/news/downloadFile/DADU_15427202970.pdf,pdf,dadu-15427202970-e7401a01.pdf,,200
https://www.smbbmu.edu.pk/beta/announcements/details/private-college-admissions-sindh-11-19-2018,announcement,PRIVATE COLLEGE ADMISSIONS SINDH,2018-11-19,200
https://www.smbbmu.edu.pk/beta/uploads/news/images/1542625203.jpg,image,1542625203-26eababf.jpg,,200
https://www.smbbmu.edu.pk/beta/announcements/details/ueap-local-admissions-to-1st-year-mbbsbds-courses-on-ueap-local-basis-for-session-2018-2019-11-16-2018,announcement,(UEAP LOCAL)  ADMISSIONS TO 1ST YEAR MBBS/BDS COURSES ON UEAP LOCAL BASIS FOR SESSION 2018-2019,2018-11-16,200
https://www.smbbmu.edu.pk/beta/news/downloadFile/application+form+for+ueap+local+and+overseas+pakistani+b+47+2018+2019_15423692450.pdf,pdf,application-form-for-ueap-local-and-overseas-pakistani-b-47-2018-2019-15423692450-dd168e23.pdf,,200
https://www.smbbmu.edu.pk/beta/announcements/details/provisional-result-uploaded-with-objection-form-last-date-of-submission-of-objection-is-3rd-nov-2018-11-01-2018,announcement,Provisional Result uploaded with objection form. Last date of submission of Objection is  3rd Nov 2018,2018-11-01,200
https://www.smbbmu.edu.pk/beta/announcements/details/provisional-eligibility-list-of-candidates-who-have-applied-for-admission-into-mbbsbds-cmc-for-session-2018-19-10-27-2018,announcement,Provisional Eligibility list of candidates who have applied for admission into MBBS/BDS @CMC for session 2018-19,2018-10-27,200
https://www.smbbmu.edu.pk/beta/news/downloadFile/eligibility_list_2018-19+_15406371700.pdf,pdf,eligibility-list-2018-19-15406371700-0f8dc778.pdf,,200
https://www.smbbmu.edu.pk/beta/announcements/details/admissions-for-postgraduate-courses-for-the-session-january-2019-10-22-2018,announcement,Admissions for Postgraduate courses for the Session January 2019,2018-10-22,200
https://www.smbbmu.edu.pk/beta/uploads/news/images/1540216035.jpg,image,1540216035-d3aa76a3.jpg,,200
https://www.smbbmu.edu.pk/beta/announcements/details/overseas-application-form-notice-and-processing-fee-voucher-10-10-2018,announcement,"Overseas Application form, Notice and processing fee voucher",2018-10-10,200
https://www.smbbmu.edu.pk/beta/news/downloadFile/Processing+fee+voucher+for+overseas+2018_15391526762.pdf,pdf,processing-fee-voucher-for-overseas-2018-15391526762-cf929aa9.pdf,,200
https://www.smbbmu.edu.pk/beta/news/downloadFile/Application+Form+Overseas++2018-19_15391526761.pdf,pdf,application-form-overseas-2018-19-15391526761-6fa713ee.pdf,,200
https://www.smbbmu.edu.pk/beta/news/downloadFile/Notice+for+Overseas+MBBS+and+BDS_15391526760.pdf,pdf,notice-for-overseas-mbbs-and-bds-15391526760-577e8b91.pdf,,200
https://www.smbbmu.edu.pk/beta/announcements/details/admission-in-all-public-and-private-medical-and-dental-universitiescolleges-of-sindh-10-08-2018,announcement,Admission in all Public and Private Medical and Dental Universities/Colleges of Sindh,2018-10-08,200
https://www.smbbmu.edu.pk/beta/uploads/news/images/1538988624.jpg,image,1538988624-2b060182.jpg,,200
https://www.smbbmu.edu.pk/beta/announcements/details/notice-for-candidate-for-admission-at-smbb-medical-college-lyari-10-04-2018,announcement,Notice for candidate for admission at SMBB Medical College Lyari,2018-10-04,200
http://www.jsmu.edu.pk,external,,,
https://www.smbbmu.edu.pk/beta/news/downloadFile/form2_15386482581.pdf,pdf,form2-15386482581-50dadf8d.pdf,,200
https://www.smbbmu.edu.pk/beta/news/downloadFile/form1_15386482580.pdf,pdf,form1-15386482580-60b867c6.pdf,,200
https://www.smbbmu.edu.pk/beta/announcements/details/notice-for-fill-online-form-for-smbbmu-tagged-districts-candidates-10-04-2018,announcement,Notice for fill online form for SMBBMU tagged districts candidates,2018-10-04,200
https://www.smbbmu.edu.pk/beta/announcements/details/admissions-for-mbbs-bds-for-session-2018-19-for-public-universitiescolleges-of-sindh-province-09-28-2018,announcement,Admissions for MBBS-BDS for session 2018-19 for public universities/colleges of sindh province,2018-09-28,200
https://www.smbbmu.edu.pk/beta/uploads/news/images/1538454221.jpg,image,1538454221-bac946e9.jpg,,200
https://www.smbbmu.edu.pk/beta/announcements/examination/1,announcement_list,Examination,,200
https://www.smbbmu.edu.pk/beta/announcements/details/notice-inviting-tender-for-security-services-for-smbb-medical-university-larkana-08-11-2023,announcement,"Notice Inviting Tender for Security Services for SMBB Medical University, Larkana.",2023-08-11,200
https://www.smbbmu.edu.pk/beta/news/downloadFile/Security+SBD-Financial+_16917377261.pdf,pdf,security-sbd-financial-16917377261-3cb035c6.pdf,,200
https://www.smbbmu.edu.pk/beta/news/downloadFile/Security+SBD-Technical+_16917377260.pdf,pdf,security-sbd-technical-16917377260-757e552b.pdf,,200
https://www.smbbmu.edu.pk/beta/uploads/news/images/1691737632.jpg,image,1691737632-7f17f8ae.jpg,,200
https://www.smbbmu.edu.pk/beta/announcements/details/notice-inviting-tender-for-repair-renovation-work-of-boys-hostels-no-0506-and-07-at-chandka-medical-college-07-24-2023,announcement,"Notice Inviting Tender for Repair & Renovation Work of Boys Hostels No. 05,06 and 07 at Chandka Medical College",2023-07-24,200
https://www.smbbmu.edu.pk/beta/news/downloadFile/1_16907915690.pdf,pdf,1-16907915690-a0766ffd.pdf,,200
https://www.smbbmu.edu.pk/beta/news/downloadFile/2_16907913290.pdf,pdf,2-16907913290-ed4e0247.pdf,,200
"https://www.smbbmu.edu.pk/beta/news/downloadFile/NIT+of+R&R+work+of+boys+hostel+no+05,06,07-pages-2-3_16903529390.pdf",pdf,nit-of-r-r-work-of-boys-hostel-no-05-06-07-pages-2-3-16903529390-3094fe5e.pdf,,200
https://www.smbbmu.edu.pk/beta/announcements/details/notice-for-expression-of-interest-for-cafeteriamess-services-on-rental-basis-07-20-2023,announcement,Notice for Expression of interest for Cafeteria/Mess Services on Rental Basis,2023-07-20,200
https://www.smbbmu.edu.pk/beta/news/downloadFile/Catagory+B+Tender+Documents+Mess+_16898793732.pdf,pdf,catagory-b-tender-documents-mess-16898793732-2eba9a1d.pdf,,200
https://www.smbbmu.edu.pk/beta/news/downloadFile/Catagory+A+Tender+Documents+Cafeteria_16898793731.pdf,pdf,catagory-a-tender-documents-cafeteria-16898793731-2407bfce.pdf,,200
https://www.smbbmu.edu.pk/beta/news/downloadFile/NIT-+Cafeteria+&+Mess+on+Rental+Basis_16898793730.pdf,pdf,nit-cafeteria-mess-on-rental-basis-16898793730-8de23297.pdf,,200
https://www.smbbmu.edu.pk/beta/announcements/details/notice-initing-tender-for-development-implementation-customised-modules-for-erp-system-for-shaheed-mohtarma-benazir-bhutto-medical-university-larkana-06-08-2023,announcement,"Notice Initing Tender for Development & Implementation Customised Modules for ERP System for Shaheed Mohtarma Benazir Bhutto Medical University, Larkana",2023-06-08,200
https://www.smbbmu.edu.pk/beta/news/downloadFile/ERP+Bidding+Document+Financial_16864581060.pdf,pdf,erp-bidding-document-financial-16864581060-c90fa57f.pdf,,200
https://www.smbbmu.edu.pk/beta/news/downloadFile/ERP+Bidding+Document+Technical+_16863038500.pdf,pdf,erp-bidding-document-technical-16863038500-1cc279f1.pdf,,200
https://www.smbbmu.edu.pk/beta/uploads/news/images/1686303160.jpg,image,1686303160-fb4009b1.jpg,,200
https://www.smbbmu.edu.pk/beta/announcements/details/notice-inviting-tenders-for-repair-renovation-work-jamia-masjid-at-chandka-medical-college-larkana-05-17-2023,announcement,Notice Inviting Tenders for Repair & Renovation Work Jamia Masjid at Chandka Medical College Larkana,2023-05-17,200
https://www.smbbmu.edu.pk/beta/uploads/news/images/1684308092.jpeg,image,1684308092-cad95f0a.jpeg,,200
https://www.smbbmu.edu.pk/beta/announcements/details/notice-inviting-tender-for-purchase-of-hospital-general-furniture-miscellaneous-items-at-cmc-hospital-larkana-05-11-2023,announcement,Notice Inviting Tender for Purchase of Hospital & General Furniture / Miscellaneous Items at CMC Hospital Larkana,2023-05-11,200
https://www.smbbmu.edu.pk/beta/news/downloadFile/SBDs_16838687950.pdf,pdf,sbds-16838687950-e44bb886.pdf,,200
https://www.smbbmu.edu.pk/beta/uploads/news/images/1683868585.jpg,image,1683868585-b43ad3be.jpg,,200
https://www.smbbmu.edu.pk/beta/announcements/details/notice-inviting-tender-for-construction-for-centraldigital-library-and-central-masjid-at-smbb-medical-universityarija-01-21-2022,announcement,Notice Inviting Tender for Construction for Central/Digital Library and  Central Masjid at SMBB Medical University(Arija),2022-01-21,200
https://drive.google.com/file/d/1xy7cL9vkl8Iontdr5DqTw3iYL9cbIF5o/view?usp=sharing,external,,,
https://drive.google.com/file/d/1Mo28NvsDinRlUu4VqGpBWtr9p8TGAywn/view?usp=sharing,external,,,
https://www.smbbmu.edu.pk/beta/news/downloadFile/Annual+Procurement+Plan+FY+21-22_16427654371.pdf,pdf,annual-procurement-plan-fy-21-22-16427654371-2cc7e11a.pdf,,200
https://www.smbbmu.edu.pk/beta/news/downloadFile/BOQ+Library_16427654370.pdf,pdf,boq-library-16427654370-92630f69.pdf,,200
https://www.smbbmu.edu.pk/beta/news/downloadFile/BOQ+Masjid_16427647842.pdf,pdf,boq-masjid-16427647842-bd2e498d.pdf,,200
https://www.smbbmu.edu.pk/beta/news/downloadFile/Library+Bidding+Documents_16427647841.pdf,pdf,library-bidding-documents-16427647841-81e373a8.pdf,,200
https://www.smbbmu.edu.pk/beta/news/downloadFile/Library+Bidding+Documents_16427647840.pdf,pdf,library-bidding-documents-16427647840-85eb62a8.pdf,,200
https://www.smbbmu.edu.pk/beta/news/downloadFile/NIT_16427646140.pdf,pdf,nit-16427646140-f33355ef.pdf,,200
https://www.smbbmu.edu.pk/beta/announcements/details/postgraduate-admissions-for-session-january-2022-11-15-2021,announcement,Postgraduate Admissions for Session January 2022,2021-11-15,200
https://www.smbbmu.edu.pk/beta/uploads/news/images/1637052018.jpg,image,1637052018-236d106c.jpg,,200
https://www.smbbmu.edu.pk/beta/announcements/details/notice-inviting-tender-for-designing-and-printing-of-prospectus-2021-22-for-admission-in-mbbs-bds-08-17-2021,announcement,Notice Inviting Tender for Designing and Printing of Prospectus 2021-22 for admission in MBBS & BDS,2021-08-17,200
https://www.smbbmu.edu.pk/beta/uploads/news/images/1629448069.jpg,image,1629448069-bc09ee90.jpg,,200
https://www.smbbmu.edu.pk/beta/announcements/details/corrigendum-for-nit-for-supply-of-furniture-fixture-of-boys-hostel-smbb-medical-university-larkana-08-17-2021,announcement,"Corrigendum for NIT for Supply of Furniture & Fixture of Boys Hostel, SMBB Medical University Larkana",2021-08-17,200
https://www.smbbmu.edu.pk/beta/uploads/news/images/1629452647.jpg,image,1629452647-cf4fd74e.jpg,,200
https://www.smbbmu.edu.pk/beta/announcements/details/notice-inviting-tender-for-supply-of-furniture-fixture-of-boys-hostel-smbb-medical-university-larkana-08-02-2021,announcement,"Notice Inviting Tender for Supply of Furniture & Fixture of Boys Hostel, SMBB Medical University Larkana",2021-08-02,200
https://www.smbbmu.edu.pk/beta/uploads/news/images/1629452523.jpeg,image,1629452523-564cc844.jpeg,,200
https://www.smbbmu.edu.pk/beta/announcements/details/request-for-proposal-for-establishment-of-center-for-advanced-research-in-molecular-genetic-and-allied-facilities-at-shaheed-mohtarma-benazir-bhutto-medical-university-smbbmu-larkana-06-03-2021,announcement,"Request for proposal for Establishment of Center for Advanced Research in molecular, Genetic and Allied Facilities, at Shaheed Mohtarma Benazir Bhutto Medical University (SMBBMU) Larkana",2021-06-03,200
https://www.smbbmu.edu.pk/beta/uploads/news/images/1622782273.jpg,image,1622782273-95a624ab.jpg,,200
https://www.smbbmu.edu.pk/beta/announcements/details/notice-inviting-tender-for-construction-of-central-digital-library-05-05-2021,announcement,Notice Inviting Tender for Construction of Central / Digital Library,2021-05-05,200
https://www.smbbmu.edu.pk/beta/news/downloadFile/Final+Tender+Document+_16202975400.pdf,pdf,final-tender-document-16202975400-285addf3.pdf,,200
https://www.smbbmu.edu.pk/beta/news/downloadFile/Final+Tender+Document+_16202971862.pdf,pdf,final-tender-document-16202971862-46c22b8a.pdf,,200
https://www.smbbmu.edu.pk/beta/news/downloadFile/Complaint+Redressal+Committee+_16202971861.pdf,pdf,complaint-redressal-committee-16202971861-339c99a1.pdf,,200
https://www.smbbmu.edu.pk/beta/news/downloadFile/Annual+Procurement+Plan+21_16202971860.pdf,pdf,annual-procurement-plan-21-16202971860-e4949c68.pdf,,200
https://www.smbbmu.edu.pk/beta/announcements/details/notice-inviting-tender-for-designing-printing-supply-of-annual-report-2020-21-03-30-2021,announcement,"Notice Inviting Tender for Designing, Printing & Supply of Annual Report 2020-21",2021-03-30,200
https://www.smbbmu.edu.pk/beta/news/downloadFile/Tender+Document+Ann_16176089060.pdf,pdf,tender-document-ann-16176089060-ee5459c9.pdf,,200
https://www.smbbmu.edu.pk/beta/uploads/news/images/1617608631.jpg,image,1617608631-24b00da4.jpg,,200
https://www.smbbmu.edu.pk/beta/announcements/details/notice-inviting-tender-for-mr-works-at-smbbmu-03-05-2021,announcement,Notice Inviting Tender for M&R Works at SMBBMU,2021-03-05,200
https://www.smbbmu.edu.pk/beta/news/downloadFile/NIT+three+works_16152791150.pdf,pdf,nit-three-works-16152791150-c7a345b8.pdf,,200
https://www.smbbmu.edu.pk/beta/news/downloadFile/Procurement+Committee+for+SMBBMU_16152790582.pdf,pdf,procurement-committee-for-smbbmu-16152790582-9add4857.pdf,,200
https://www.smbbmu.edu.pk/beta/news/downloadFile/Complaint+Redressal+Committee_16152790581.pdf,pdf,complaint-redressal-committee-16152790581-72b78e8f.pdf,,200
https://www.smbbmu.edu.pk/beta/news/downloadFile/Annual+Procurement+plan+2020-21_16152790580.pdf,pdf,annual-procurement-plan-2020-21-16152790580-4e4ac293.pdf,,200
https://www.smbbmu.edu.pk/beta/news/downloadFile/3_16152788182.docx,pdf,3-16152788182-0f05e168.pdf,,200
https://www.smbbmu.edu.pk/beta/news/downloadFile/2_16152788171.docx,pdf,2-16152788171-6d0c7067.pdf,,200
https://www.smbbmu.edu.pk/beta/news/downloadFile/1_16152788170.docx,pdf,1-16152788170-7a5974f9.pdf,,200
https://www.smbbmu.edu.pk/beta/announcements/details/provisional-list-of-candidates-who-have-applied-for-admission-to-dptpharm-d-courses-for-session-2020-21-03-03-2021,announcement,Provisional List of Candidates who have Applied for Admission to DPT/PHARM-D Courses for Session 2020-21,2021-03-03,200
https://www.smbbmu.edu.pk/beta/news/downloadFile/provisional_list_dpt_pharmd_2020_21_16147574940.pdf,pdf,provisional-list-dpt-pharmd-2020-21-16147574940-a682d462.pdf,,200
https://www.smbbmu.edu.pk/beta/announcements/details/notice-inviting-tender-for-mr-work-of-badc-and-repair-renovation-of-old-cpsp-building-02-11-2021,announcement,Notice Inviting Tender for M&R work of BADC and Repair & Renovation of (OLD CPSP) building,2021-02-11,200
https://www.smbbmu.edu.pk/beta/news/downloadFile/NIT_16134545390.pdf,pdf,nit-16134545390-27bb4772.pdf,,200
https://www.smbbmu.edu.pk/beta/news/downloadFile/1_16134544931.docx,pdf,1-16134544931-25f8f489.pdf,,200
https://www.smbbmu.edu.pk/beta/news/downloadFile/2_16134544930.docx,pdf,2-16134544930-1779cabe.pdf,,200
https://www.smbbmu.edu.pk/beta/news/downloadFile/Procurement+Committee+for+SMBBMU_16134544162.pdf,pdf,procurement-committee-for-smbbmu-16134544162-f0614c59.pdf,,200
https://www.smbbmu.edu.pk/beta/news/downloadFile/Redressal+Committee_16134544161.jpg,image,redressal-committee-16134544161-71ae2ab7.jpg,,200
https://www.smbbmu.edu.pk/beta/news/downloadFile/Annual+Procurement+Plan_16134544160.pdf,pdf,annual-procurement-plan-16134544160-9220769c.pdf,,200
https://www.smbbmu.edu.pk/beta/announcements/details/notice-inviting-tender-for-pre-qualification-of-contractors-for-construction-of-central-digital-library-02-10-2021,announcement,Notice Inviting Tender for Pre-Qualification of contractors for construction of central / digital library,2021-02-10,200
https://www.smbbmu.edu.pk/beta/news/downloadFile/Annual+Procurement+Plan+_16134570872.pdf,pdf,annual-procurement-plan-16134570872-5136033b.pdf,,200
https://www.smbbmu.edu.pk/beta/news/downloadFile/Approval+of+Procurement+Committee_16134570871.pdf,pdf,approval-of-procurement-committee-16134570871-5b120684.pdf,,200
https://www.smbbmu.edu.pk/beta/news/downloadFile/Advertisement+for+Hiring+of+Contractor_16134570870.pdf,pdf,advertisement-for-hiring-of-contractor-16134570870-4f1fd349.pdf,,200
https://www.smbbmu.edu.pk/beta/announcements/details/notice-for-1st-2nd-3rd-4th-and-5th-professional-mbbs-11-03-2020,announcement,"Notice for 1st, 2nd, 3rd, 4th and 5th Professional MBBS",2020-11-03,200
https://www.smbbmu.edu.pk/beta/uploads/news/images/1604564785.jpg,image,1604564785-e3715e51.jpg,,200
https://www.smbbmu.edu.pk/beta/announcements/details/notice-inviting-tender-for-renovation-and-rehabilitation-of-iprs-and-reconstruction-of-damaged-boundary-wall-at-gmmmc-10-17-2020,announcement,Notice Inviting Tender for Renovation and Rehabilitation of IPRS and Reconstruction of Damaged Boundary wall at GMMMC,2020-10-17,200
https://www.smbbmu.edu.pk/beta/news/downloadFile/Redressal+Committee+(2)_16031767180.jpg,image,redressal-committee-2-16031767180.jpg,,0
https://www.smbbmu.edu.pk/beta/news/downloadFile/Procurement+Committee+for+SMBBMU_16031764740.pdf,pdf,procurement-committee-for-smbbmu-16031764740-46515783.pdf,,200
https://www.smbbmu.edu.pk/beta/news/downloadFile/Annual+Procurement+Plan+2020-21_16031764091.pdf,pdf,annual-procurement-plan-2020-21-16031764091-29a4e3be.pdf,,200
https://www.smbbmu.edu.pk/beta/news/downloadFile/Bidding+Document+R&R+Institute+of+Physiotherpay+Department_16031764090.docx,pdf,bidding-document-r-r-institute-of-physiotherpay-department-16031764090-942d29e0.pdf,,200
https://www.smbbmu.edu.pk/beta/uploads/news/images/1603176236.jpg,image,1603176236-19c0cef7.jpg,,200
https://www.smbbmu.edu.pk/beta/announcements/details/notice-inviting-tender-for-misc-items-stationary-office-teaching-equipment-fixture-furniture-and-networkingcomputerization-of-smbb-medical-university-larkana-09-18-2020,announcement,"Notice Inviting Tender for Misc Items , Stationary, Office & Teaching Equipment, Fixture & Furniture and  Networking/Computerization of SMBB Medical University Larkana",2020-09-18,200
https://www.smbbmu.edu.pk/beta/news/downloadFile/Order+CPC+2020-21_16007652481.jpeg,image,order-cpc-2020-21-16007652481-20bd231f.jpeg,,200
https://www.smbbmu.edu.pk/beta/news/downloadFile/Office+Order+CRC+2020-21_16007652480.jpeg,image,office-order-crc-2020-21-16007652480-376f3a47.jpeg,,200
https://www.smbbmu.edu.pk/beta/news/downloadFile/teaching-office_16007650541.pdf,pdf,teaching-office-16007650541-a0a904a9.pdf,,200
https://www.smbbmu.edu.pk/beta/news/downloadFile/misc-stationary_16007650540.pdf,pdf,misc-stationary-16007650540-f6f8c1f7.pdf,,200
https://www.smbbmu.edu.pk/beta/news/downloadFile/534980-Dawn-Tender-Notice_16007647212.jpg,image,534980-dawn-tender-notice-16007647212-0be2acca.jpg,,200
https://www.smbbmu.edu.pk/beta/news/downloadFile/534981-Jung-+NIT_16007647211.jpeg,image,534981-jung-nit-16007647211-a0c590e7.jpeg,,200
https://www.smbbmu.edu.pk/beta/news/downloadFile/534982-Kawish-Tender-Notice_16007647210.jpg,image,534982-kawish-tender-notice-16007647210-477125de.jpg,,200
https://www.smbbmu.edu.pk/beta/uploads/news/images/1600763147.jpg,image,1600763147-b46449a2.jpg,,200
https://www.smbbmu.edu.pk/beta/announcements/details/notice-inviting-tender-for-provide-supply-of-equipment-for-the-institute-of-physiotherapy-rehabilitation-sciences-08-31-2020,announcement,Notice Inviting Tender for Provide & Supply of equipment for the Institute of Physiotherapy & Rehabilitation Sciences,2020-08-31,200
https://www.smbbmu.edu.pk/beta/news/downloadFile/CPC_15998925822.jpeg,image,cpc-15998925822-e53faf28.jpeg,,200
https://www.smbbmu.edu.pk/beta/news/downloadFile/CRC_15998925821.jpeg,image,crc-15998925821-86a12c6b.jpeg,,200
https://www.smbbmu.edu.pk/beta/news/downloadFile/Final+TDs_15998925820.pdf,pdf,final-tds-15998925820-b0f4d7d1.pdf,,200
https://www.smbbmu.edu.pk/beta/uploads/news/images/1600508878.jpg,image,1600508878-47a54e31.jpg,,200
https://www.smbbmu.edu.pk/beta/announcements/details/request-for-proposal-for-consultancy-services-for-preparation-of-drawings-designs-estimate-boqs-for-project-titled-construction-centraldigital-library-cmc-at-smbb-medical-university-larkana-08-28-2020,announcement,Request for proposal for consultancy services for preparation of drawings designs estimate & BOQs for project titled Construction Central/Digital Library CMC at SMBB Medical University Larkana,2020-08-28,200
https://www.smbbmu.edu.pk/beta/news/downloadFile/RFP+final-n_15998053050.docx,pdf,rfp-final-n-15998053050-72262cc5.pdf,,200
https://www.smbbmu.edu.pk/beta/news/downloadFile/RFP+Corregendum+Final_15995498540.pdf,pdf,rfp-corregendum-final-15995498540-4a2f1191.pdf,,200
https://www.smbbmu.edu.pk/beta/news/downloadFile/Kawish+Advertised+on+02-09-2020_15994637760.jpg,image,kawish-advertised-on-02-09-2020-15994637760-98d18a7a.jpg,,200
https://www.smbbmu.edu.pk/beta/news/downloadFile/Jang+Advertised+on+03-09-2020_15994636694.jpg,image,jang-advertised-on-03-09-2020-15994636694-f22d8056.jpg,,200
https://www.smbbmu.edu.pk/beta/news/downloadFile/Dawn+Advertisement+on+03-09-2020_15994636693.jpg,image,dawn-advertisement-on-03-09-2020-15994636693-929a7e8b.jpg,,200
https://www.smbbmu.edu.pk/beta/news/downloadFile/Redressal+Committee_15994636691.jpg,image,redressal-committee-15994636691-cc57104e.jpg,,200
https://www.smbbmu.edu.pk/beta/news/downloadFile/Consultant+Selection+Committee_15994636690.pdf,pdf,consultant-selection-committee-15994636690-a7a38fae.pdf,,200
https://www.smbbmu.edu.pk/beta/uploads/news/images/1599031663.jpg,image,1599031663-29fcd046.jpg,,200
https://www.smbbmu.edu.pk/beta/announcements/details/notice-inviting-tender-for-adp-scheme-titled-renovation-rehabilitation-of-chandka-medical-college-and-construction-of-noori-girls-hostel-of-smbb-medical-university-larkana-05-21-2020,announcement,Notice Inviting Tender for ADP Scheme titled Renovation & Rehabilitation of Chandka Medical College and Construction of Noori Girls Hostel of SMBB Medical University Larkana,2020-05-21,200
https://www.smbbmu.edu.pk/beta/uploads/news/images/1590661763.jpg,image,1590661763-dcb9378a.jpg,,200
https://www.smbbmu.edu.pk/beta/announcements/details/notice-inviting-tender-for-adp-scheme-titled-renovation-rehabilitation-of-chandka-medical-college-and-construction-of-noori-girls-hostel-of-smbb-medical-university-larkana-03-20-2020,announcement,Notice Inviting Tender for ADP Scheme titled Renovation & Rehabilitation of  Chandka Medical College and Construction of Noori Girls Hostel of SMBB Medical University Larkana,2020-03-20,200
https://www.smbbmu.edu.pk/beta/news/downloadFile/Annual+Procurement+Plan_15847782911.pdf,pdf,annual-procurement-plan-15847782911-08b61ce3.pdf,,200
https://www.smbbmu.edu.pk/beta/news/downloadFile/Tender+Opening+&+Evaluation+Committee_15847782910.pdf,pdf,tender-opening-evaluation-committee-15847782910-5dded502.pdf,,200
https://www.smbbmu.edu.pk/beta/news/downloadFile/6_15847782310.docx,pdf,6-15847782310-862ff490.pdf,,200
https://www.smbbmu.edu.pk/beta/news/downloadFile/4_15847781213.docx,pdf,4-15847781213-623f9672.pdf,,200
https://www.smbbmu.edu.pk/beta/news/downloadFile/3_15847781212.docx,pdf,3-15847781212-cebce28c.pdf,,200
https://www.smbbmu.edu.pk/beta/news/downloadFile/2_15847781211.docx,pdf,2-15847781211-199e8321.pdf,,200
https://www.smbbmu.edu.pk/beta/news/downloadFile/1_15847781210.docx,pdf,1-15847781210-bfcd92ca.pdf,,200
https://www.smbbmu.edu.pk/beta/uploads/news/images/1584777946.jpeg,image,1584777946-7ddaaebc.jpeg,,200
https://www.smbbmu.edu.pk/beta/announcements/details/notice-inviting-tender-for-construction-of-boys-hostel-at-smbb-medical-university-larkana-09-23-2019,announcement,"Notice Inviting Tender for Construction of Boys Hostel at SMBB Medical University, Larkana",2019-09-23,200
https://www.smbbmu.edu.pk/beta/news/downloadFile/tender-committee_15692203040.jpg,image,tender-committee-15692203040-2d66d354.jpg,,200
https://www.smbbmu.edu.pk/beta/news/downloadFile/cr-committee_15692202440.jpg,image,cr-committee-15692202440-dba07ee1.jpg,,200
https://www.smbbmu.edu.pk/beta/uploads/news/images/1569220018.jpg,image,1569220018-a007ace2.jpg,,200
https://www.smbbmu.edu.pk/beta/announcements/details/notice-inviting-tender-for-security-services-and-misc-items-09-03-2019,announcement,Notice Inviting Tender for Security Services and Misc. Items,2019-09-03,200
https://www.smbbmu.edu.pk/beta/news/downloadFile/SBD-Financial+30-8-2019_15675836962.pdf,pdf,sbd-financial-30-8-2019-15675836962-e083409c.pdf,,200
https://www.smbbmu.edu.pk/beta/news/downloadFile/SBD-Technical+30-8-2019_15675836961.pdf,pdf,sbd-technical-30-8-2019-15675836961-259be3de.pdf,,200
https://www.smbbmu.edu.pk/beta/news/downloadFile/tender-documents_15675836960.pdf,pdf,tender-documents-15675836960-2a78cd21.pdf,,200
https://www.smbbmu.edu.pk/beta/uploads/news/images/1567660213.jpg,image,1567660213-24647a2f.jpg,,200
https://www.smbbmu.edu.pk/beta/announcements/details/notice-inviting-tender-for-different-construction-works-smbbmu-07-17-2019,announcement,Notice Inviting Tender for different construction works @SMBBMU,2019-07-17,200
https://www.smbbmu.edu.pk/beta/news/downloadFile/5_15634311151.pdf,pdf,5-15634311151-631f5926.pdf,,200
https://www.smbbmu.edu.pk/beta/news/downloadFile/4_15634311150.pdf,pdf,4-15634311150-09bdc9d7.pdf,,200
https://www.smbbmu.edu.pk/beta/news/downloadFile/3_15634309921.pdf,pdf,3-15634309921-ffc6d1f9.pdf,,200
https://www.smbbmu.edu.pk/beta/news/downloadFile/2_15634309920.pdf,pdf,2-15634309920-53c6bab7.pdf,,200
https://www.smbbmu.edu.pk/beta/news/downloadFile/1_15634308950.pdf,pdf,1-15634308950-c59f6d3c.pdf,,200
https://www.smbbmu.edu.pk/beta/uploads/news/images/1563430814.jpg,image,1563430814-3350c35a.jpg,,200
https://www.smbbmu.edu.pk/beta/announcements/details/notice-inviting-tender-for-provide-supply-of-stationary-petty-articles-and-miscellaneous-items-04-01-2019,announcement,"Notice Inviting Tender for Provide & Supply of Stationary, Petty Articles and  Miscellaneous Items",2019-04-01,200
https://www.smbbmu.edu.pk/beta/news/downloadFile/Annual+Procurement+Plan+2018-19_15542878071.pdf,pdf,annual-procurement-plan-2018-19-15542878071-677e8863.pdf,,200
https://www.smbbmu.edu.pk/beta/news/downloadFile/Final-Tender+Document_15542878070.pdf,pdf,final-tender-document-15542878070-416fc19e.pdf,,200
https://www.smbbmu.edu.pk/beta/news/downloadFile/NIT+kawish+news+paper+28-3-19_15542877402.jpeg,image,nit-kawish-news-paper-28-3-19-15542877402-e3edd1f0.jpeg,,200
https://www.smbbmu.edu.pk/beta/news/downloadFile/NIT+Dawn+news+paper+29-3-19_15542877401.jpeg,image,nit-dawn-news-paper-29-3-19-15542877401-03374ce8.jpeg,,200
https://www.smbbmu.edu.pk/beta/news/downloadFile/NIT+Jang+newspaper+28-3-19_15542877400.jpeg,image,nit-jang-newspaper-28-3-19-15542877400-61a4c904.jpeg,,200
https://www.smbbmu.edu.pk/beta/uploads/news/images/1554287657.jpeg,image,1554287657-75ed34d3.jpeg,,200
https://www.smbbmu.edu.pk/beta/announcements/details/notice-inviting-tender-for-construction-of-boys-hostel-at-smbbmu-larkana-04-01-2019,announcement,"Notice Inviting Tender for Construction of Boys Hostel at SMBBMU, Larkana.",2019-04-01,200
https://www.smbbmu.edu.pk/beta/news/downloadFile/NIT+boys+hostel+SMBBMU_15556912910.pdf,pdf,nit-boys-hostel-smbbmu-15556912910-67b48640.pdf,,200
https://www.smbbmu.edu.pk/beta/announcements/tender/1,announcement_list,Tender,,200
https://www.smbbmu.edu.pk/beta/announcements/details/notice-inviting-tender-for-provide-and-supply-of-office-furniture-miscellaneous-items-01-20-2019,announcement,Notice Inviting Tender for Provide and Supply of Office Furniture & Miscellaneous Items,2019-01-20,200
https://www.smbbmu.edu.pk/beta/news/downloadFile/Tender+Documents_15486722140.pdf,pdf,tender-documents-15486722140-4d0c1e91.pdf,,200
https://www.smbbmu.edu.pk/beta/uploads/news/images/1548673910.jpg,image,1548673910-3f6897b4.jpg,,200
https://www.smbbmu.edu.pk/beta/announcements/details/notice-inviting-tender-for-printing-and-supply-of-undergraduate-and-postgraduate-prospectus-2018-19-11-29-2018,announcement,Notice Inviting Tender for Printing and Supply of Undergraduate and Postgraduate Prospectus  2018-19,2018-11-29,200
https://www.smbbmu.edu.pk/beta/news/downloadFile/05-+Annual+Procurement+Plan_15435052023.jpeg,image,05-annual-procurement-plan-15435052023-da9b296d.jpeg,,200
https://www.smbbmu.edu.pk/beta/news/downloadFile/central-procurement_15435052022.jpg,image,central-procurement-15435052022-8154836e.jpg,,200
https://www.smbbmu.edu.pk/beta/news/downloadFile/2-CRC_15435052021.jpg,image,2-crc-15435052021-19f56312.jpg,,200
https://www.smbbmu.edu.pk/beta/news/downloadFile/04-+Standard+Bidding+Document+SBD_15435052020.pdf,pdf,04-standard-bidding-document-sbd-15435052020-352d53d2.pdf,,200
https://www.smbbmu.edu.pk/beta/uploads/news/images/1543505047.jpg,image,1543505047-03eeadd1.jpg,,200
https://www.smbbmu.edu.pk/beta/announcements/details/notice-inviting-tender-for-petty-articles-stationary-items-and-electric-materials-09-10-2018,announcement,"Notice Inviting Tender for petty articles , stationary items and electric materials",2018-09-10,200
https://www.smbbmu.edu.pk/beta/news/downloadFile/technial-petty.doc,pdf,technial-petty-f795ac0f.pdf,,200
https://www.smbbmu.edu.pk/beta/news/downloadFile/financial-petty.docx,pdf,financial-petty-c68958fd.pdf,,200
https://www.smbbmu.edu.pk/beta/news/downloadFile/technical-stationary.doc,pdf,technical-stationary-f343d847.pdf,,200
https://www.smbbmu.edu.pk/beta/news/downloadFile/financial-stationary.doc,pdf,financial-stationary-da7223f4.pdf,,200
https://www.smbbmu.edu.pk/beta/news/downloadFile/technical-electric.doc,pdf,technical-electric-8a01bddf.pdf,,200
https://www.smbbmu.edu.pk/beta/news/downloadFile/financial-electric.doc,pdf,financial-electric-3ded1ffc.pdf,,200
https://www.smbbmu.edu.pk/beta/uploads/news/images/1536814960.jpg,image,1536814960-9f2bf04f.jpg,,200
https://www.smbbmu.edu.pk/beta/news/details/smbbmu-srso-formally-signed-a-memorandum-of-understanding-mou-07-25-2024,news,SMBBMU & SRSO Formally signed A Memorandum of Understanding (MOU).,2024-07-25,200
https://www.smbbmu.edu.pk/beta/uploads/gallery/events/17219298762_thumb.jpeg,image,17219298762-thumb-5a8cf77a.jpeg,,200
https://www.smbbmu.edu.pk/beta/uploads/gallery/events/17219298751_thumb.jpeg,image,17219298751-thumb-f1ad28ee.jpeg,,200
https://www.smbbmu.edu.pk/beta/uploads/gallery/events/17219298715_thumb.jpeg,image,17219298715-thumb-184492c4.jpeg,,200
https://www.smbbmu.edu.pk/beta/uploads/gallery/events/17219298706_thumb.jpeg,image,17219298706-thumb-f2a08f11.jpeg,,200
https://www.smbbmu.edu.pk/beta/uploads/gallery/events/17219298683_thumb.jpeg,image,17219298683-thumb-4e331b56.jpeg,,200
https://www.smbbmu.edu.pk/beta/uploads/gallery/events/17219298684_thumb.jpeg,image,17219298684-thumb-1114fbed.jpeg,,200
https://www.smbbmu.edu.pk/beta/uploads/gallery/events/thumbs/17219298762_thumb.jpeg,image,17219298762-thumb-20d5764b.jpeg,,200
https://www.smbbmu.edu.pk/beta/uploads/gallery/events/thumbs/17219298751_thumb.jpeg,image,17219298751-thumb-fb279cd3.jpeg,,200
https://www.smbbmu.edu.pk/beta/uploads/gallery/events/thumbs/17219298715_thumb.jpeg,image,17219298715-thumb-e77ec7e5.jpeg,,200
https://www.smbbmu.edu.pk/beta/uploads/gallery/events/thumbs/17219298706_thumb.jpeg,image,17219298706-thumb-c9bc1af2.jpeg,,200
https://www.smbbmu.edu.pk/beta/uploads/gallery/events/thumbs/17219298683_thumb.jpeg,image,17219298683-thumb-4ddf8a94.jpeg,,200
https://www.smbbmu.edu.pk/beta/uploads/gallery/events/thumbs/17219298684_thumb.jpeg,image,17219298684-thumb-fe3b49e4.jpeg,,200
https://www.smbbmu.edu.pk/beta/news/details/world-environment-day-meeting-at-the-office-of-mayer-larkana-06-06-2024,news,World Environment Day Meeting at the office of Mayer Larkana,2024-06-06,200
https://www.smbbmu.edu.pk/beta/uploads/gallery/events/1722191568448250646_408867515483301_4259388286877837136_n_thumb.jpg,image,1722191568448250646-408867515483301-4259388286877837136-n-thumb-b3ae95ed.jpg,,200
https://www.smbbmu.edu.pk/beta/uploads/gallery/events/1722191567448251577_408868635483189_539222214278975552_n_thumb.jpg,image,1722191567448251577-408868635483189-539222214278975552-n-thumb-06fc5077.jpg,,200
https://www.smbbmu.edu.pk/beta/uploads/gallery/events/1722191562414552535_408867665483286_27688070150080749_n_thumb.jpg,image,1722191562414552535-408867665483286-27688070150080749-n-thumb-83be5975.jpg,,200
https://www.smbbmu.edu.pk/beta/uploads/gallery/events/1722191562448254410_408867642149955_218961917921401966_n_thumb.jpg,image,1722191562448254410-408867642149955-218961917921401966-n-thumb-6f62895c.jpg,,200
https://www.smbbmu.edu.pk/beta/uploads/gallery/events/thumbs/1722191568448250646_408867515483301_4259388286877837136_n_thumb.jpg,image,1722191568448250646-408867515483301-4259388286877837136-n-thumb-fe969b67.jpg,,200
https://www.smbbmu.edu.pk/beta/uploads/gallery/events/thumbs/1722191567448251577_408868635483189_539222214278975552_n_thumb.jpg,image,1722191567448251577-408868635483189-539222214278975552-n-thumb-2697dc98.jpg,,200
https://www.smbbmu.edu.pk/beta/uploads/gallery/events/thumbs/1722191562414552535_408867665483286_27688070150080749_n_thumb.jpg,image,1722191562414552535-408867665483286-27688070150080749-n-thumb-17fe40f7.jpg,,200
https://www.smbbmu.edu.pk/beta/uploads/gallery/events/thumbs/1722191562448254410_408867642149955_218961917921401966_n_thumb.jpg,image,1722191562448254410-408867642149955-218961917921401966-n-thumb-c0d5f58a.jpg,,200
https://www.smbbmu.edu.pk/beta/news/details/2nd-research-poster-competition-2024-at-smbbmu-larkana-04-24-2024,news,2nd Research Poster Competition 2024 at SMBBMU Larkana,2024-04-24,200
https://www.smbbmu.edu.pk/beta/uploads/gallery/events/1714246848im10_thumb.jpeg,image,1714246848im10-thumb-9e99fd63.jpeg,,200
https://www.smbbmu.edu.pk/beta/uploads/gallery/events/1714246841im9_thumb.jpeg,image,1714246841im9-thumb-5dc5e34a.jpeg,,200
https://www.smbbmu.edu.pk/beta/uploads/gallery/events/1714246840im8_thumb.jpeg,image,1714246840im8-thumb-ef4056c2.jpeg,,200
https://www.smbbmu.edu.pk/beta/uploads/gallery/events/1714246829im6_thumb.jpeg,image,1714246829im6-thumb-d9e0d4f4.jpeg,,200
https://www.smbbmu.edu.pk/beta/uploads/gallery/events/1714246827im7_thumb.jpeg,image,1714246827im7-thumb-f6a3ccae.jpeg,,200
https://www.smbbmu.edu.pk/beta/uploads/gallery/events/1714246795im4_thumb.jpeg,image,1714246795im4-thumb-01c48eb4.jpeg,,200
https://www.smbbmu.edu.pk/beta/uploads/gallery/events/1714246795im5_thumb.jpeg,image,1714246795im5-thumb-aacfeaa7.jpeg,,200
https://www.smbbmu.edu.pk/beta/uploads/gallery/events/1714246778im3_thumb.jpeg,image,1714246778im3-thumb-88b17f52.jpeg,,200
https://www.smbbmu.edu.pk/beta/uploads/gallery/events/1714246775im1_thumb.jpeg,image,1714246775im1-thumb-c9898c2b.jpeg,,200
https://www.smbbmu.edu.pk/beta/uploads/gallery/events/1714246763im2_thumb.jpeg,image,1714246763im2-thumb-3e894ac9.jpeg,,200
https://www.smbbmu.edu.pk/beta/uploads/gallery/events/thumbs/1714246848im10_thumb.jpeg,image,1714246848im10-thumb-7547ca2f.jpeg,,200
https://www.smbbmu.edu.pk/beta/uploads/gallery/events/thumbs/1714246841im9_thumb.jpeg,image,1714246841im9-thumb-f80c066e.jpeg,,200
https://www.smbbmu.edu.pk/beta/uploads/gallery/events/thumbs/1714246840im8_thumb.jpeg,image,1714246840im8-thumb-e71ea0f4.jpeg,,200
https://www.smbbmu.edu.pk/beta/uploads/gallery/events/thumbs/1714246829im6_thumb.jpeg,image,1714246829im6-thumb-dd8e07a8.jpeg,,200
https://www.smbbmu.edu.pk/beta/uploads/gallery/events/thumbs/1714246827im7_thumb.jpeg,image,1714246827im7-thumb-6e799647.jpeg,,200
https://www.smbbmu.edu.pk/beta/uploads/gallery/events/thumbs/1714246795im4_thumb.jpeg,image,1714246795im4-thumb-953f515a.jpeg,,200
https://www.smbbmu.edu.pk/beta/uploads/gallery/events/thumbs/1714246795im5_thumb.jpeg,image,1714246795im5-thumb-18516b32.jpeg,,200
https://www.smbbmu.edu.pk/beta/uploads/gallery/events/thumbs/1714246778im3_thumb.jpeg,image,1714246778im3-thumb-adf2575b.jpeg,,200
https://www.smbbmu.edu.pk/beta/uploads/gallery/events/thumbs/1714246775im1_thumb.jpeg,image,1714246775im1-thumb-7585253d.jpeg,,200
https://www.smbbmu.edu.pk/beta/uploads/gallery/events/thumbs/1714246763im2_thumb.jpeg,image,1714246763im2-thumb-c03a4231.jpeg,,200
https://www.smbbmu.edu.pk/beta/news/details/an-interactive-session-on-mpowering-girls-to-bridge-the-gaps-in-reproductive-health-and-rights-03-21-2024,news,An Interactive Session on mpowering Girls to Bridge the Gaps in Reproductive Health and Rights,2024-03-21,200
https://www.smbbmu.edu.pk/beta/uploads/gallery/events/1711086951PHOTO-2024-03-21-14-19-19_thumb.jpg,image,1711086951photo-2024-03-21-14-19-19-thumb-7bc18a9f.jpg,,200
https://www.smbbmu.edu.pk/beta/uploads/gallery/events/1711086947PHOTO-2024-03-21-14-19-15_thumb.jpg,image,1711086947photo-2024-03-21-14-19-15-thumb-04bf6b9f.jpg,,200
https://www.smbbmu.edu.pk/beta/uploads/gallery/events/1711086947PHOTO-2024-03-21-14-19-21_thumb.jpg,image,1711086947photo-2024-03-21-14-19-21-thumb-b2154ab3.jpg,,200
https://www.smbbmu.edu.pk/beta/uploads/gallery/events/1711086946PHOTO-2024-03-21-14-19-20_thumb.jpg,image,1711086946photo-2024-03-21-14-19-20-thumb-fe980dc4.jpg,,200
https://www.smbbmu.edu.pk/beta/uploads/gallery/events/1711086944PHOTO-2024-03-21-14-19-21 2_thumb.jpg,image,1711086944photo-2024-03-21-14-19-21-2-thumb-22e8368d.jpg,,200
https://www.smbbmu.edu.pk/beta/uploads/gallery/events/1711086943PHOTO-2024-03-21-14-19-16_thumb.jpg,image,1711086943photo-2024-03-21-14-19-16-thumb-48e59128.jpg,,200
https://www.smbbmu.edu.pk/beta/uploads/gallery/events/1711086937PHOTO-2024-03-21-14-19-18_thumb.jpg,image,1711086937photo-2024-03-21-14-19-18-thumb-25da7733.jpg,,200
https://www.smbbmu.edu.pk/beta/uploads/gallery/events/1711086933PHOTO-2024-03-21-14-19-18 2_thumb.jpg,image,1711086933photo-2024-03-21-14-19-18-2-thumb-1c4baa2f.jpg,,200
https://www.smbbmu.edu.pk/beta/uploads/gallery/events/1711086930PHOTO-2024-03-21-14-19-15 2_thumb.jpg,image,1711086930photo-2024-03-21-14-19-15-2-thumb-59446c93.jpg,,200
https://www.smbbmu.edu.pk/beta/uploads/gallery/events/1711086930PHOTO-2024-03-21-14-19-17_thumb.jpg,image,1711086930photo-2024-03-21-14-19-17-thumb-2e490ad1.jpg,,200
https://www.smbbmu.edu.pk/beta/uploads/gallery/events/thumbs/1711086951PHOTO-2024-03-21-14-19-19_thumb.jpg,image,1711086951photo-2024-03-21-14-19-19-thumb-76136a57.jpg,,200
https://www.smbbmu.edu.pk/beta/uploads/gallery/events/thumbs/1711086947PHOTO-2024-03-21-14-19-15_thumb.jpg,image,1711086947photo-2024-03-21-14-19-15-thumb-4852b076.jpg,,200
https://www.smbbmu.edu.pk/beta/uploads/gallery/events/thumbs/1711086947PHOTO-2024-03-21-14-19-21_thumb.jpg,image,1711086947photo-2024-03-21-14-19-21-thumb-39c88e35.jpg,,200
https://www.smbbmu.edu.pk/beta/uploads/gallery/events/thumbs/1711086946PHOTO-2024-03-21-14-19-20_thumb.jpg,image,1711086946photo-2024-03-21-14-19-20-thumb-b8fc3654.jpg,,200
https://www.smbbmu.edu.pk/beta/uploads/gallery/events/thumbs/1711086944PHOTO-2024-03-21-14-19-21 2_thumb.jpg,image,1711086944photo-2024-03-21-14-19-21-2-thumb-223e5d16.jpg,,200
https://www.smbbmu.edu.pk/beta/uploads/gallery/events/thumbs/1711086943PHOTO-2024-03-21-14-19-16_thumb.jpg,image,1711086943photo-2024-03-21-14-19-16-thumb-52df7712.jpg,,200
https://www.smbbmu.edu.pk/beta/uploads/gallery/events/thumbs/1711086937PHOTO-2024-03-21-14-19-18_thumb.jpg,image,1711086937photo-2024-03-21-14-19-18-thumb-3b2204df.jpg,,200
https://www.smbbmu.edu.pk/beta/uploads/gallery/events/thumbs/1711086933PHOTO-2024-03-21-14-19-18 2_thumb.jpg,image,1711086933photo-2024-03-21-14-19-18-2-thumb-47514d49.jpg,,200
https://www.smbbmu.edu.pk/beta/uploads/gallery/events/thumbs/1711086930PHOTO-2024-03-21-14-19-15 2_thumb.jpg,image,1711086930photo-2024-03-21-14-19-15-2-thumb-b9fb7c25.jpg,,200
https://www.smbbmu.edu.pk/beta/uploads/gallery/events/thumbs/1711086930PHOTO-2024-03-21-14-19-17_thumb.jpg,image,1711086930photo-2024-03-21-14-19-17-thumb-f700b8dd.jpg,,200
https://www.smbbmu.edu.pk/beta/news/details/an-interactive-talk-featuring-his-excellency-dr-june-kuncoro-hadiningrat-consul-general-of-indonesia-03-11-2024,news,"An interactive talk featuring His Excellency Dr. June Kuncoro Hadiningrat, Consul General of Indonesia.",2024-03-11,200
https://www.smbbmu.edu.pk/beta/uploads/gallery/events/1711087462PHOTO-2024-03-10-20-51-57 4_thumb.jpg,image,1711087462photo-2024-03-10-20-51-57-4-thumb-eacae12d.jpg,,200
https://www.smbbmu.edu.pk/beta/uploads/gallery/events/1711087462PHOTO-2024-03-10-20-51-57 3_thumb.jpg,image,1711087462photo-2024-03-10-20-51-57-3-thumb-1cfa9c3d.jpg,,200
https://www.smbbmu.edu.pk/beta/uploads/gallery/events/1711087460PHOTO-2024-03-10-20-51-57 8_thumb.jpg,image,1711087460photo-2024-03-10-20-51-57-8-thumb-1af83ae1.jpg,,200
https://www.smbbmu.edu.pk/beta/uploads/gallery/events/1711087459PHOTO-2024-03-10-20-51-57 7_thumb.jpg,image,1711087459photo-2024-03-10-20-51-57-7-thumb-3e65d3eb.jpg,,200
https://www.smbbmu.edu.pk/beta/uploads/gallery/events/1711087458PHOTO-2024-03-10-20-51-57 6_thumb.jpg,image,1711087458photo-2024-03-10-20-51-57-6-thumb-9ea1d7b8.jpg,,200
https://www.smbbmu.edu.pk/beta/uploads/gallery/events/1711087457PHOTO-2024-03-10-20-51-57_thumb.jpg,image,1711087457photo-2024-03-10-20-51-57-thumb-875b7a35.jpg,,200
https://www.smbbmu.edu.pk/beta/uploads/gallery/events/1711087456PHOTO-2024-03-10-20-51-57 2_thumb.jpg,image,1711087456photo-2024-03-10-20-51-57-2-thumb-82eb668e.jpg,,200
https://www.smbbmu.edu.pk/beta/uploads/gallery/events/thumbs/1711087462PHOTO-2024-03-10-20-51-57 4_thumb.jpg,image,1711087462photo-2024-03-10-20-51-57-4-thumb-f645fad0.jpg,,200
https://www.smbbmu.edu.pk/beta/uploads/gallery/events/thumbs/1711087462PHOTO-2024-03-10-20-51-57 3_thumb.jpg,image,1711087462photo-2024-03-10-20-51-57-3-thumb-0d4cd9b3.jpg,,200
https://www.smbbmu.edu.pk/beta/uploads/gallery/events/thumbs/1711087460PHOTO-2024-03-10-20-51-57 8_thumb.jpg,image,1711087460photo-2024-03-10-20-51-57-8-thumb-079270dd.jpg,,200
https://www.smbbmu.edu.pk/beta/uploads/gallery/events/thumbs/1711087459PHOTO-2024-03-10-20-51-57 7_thumb.jpg,image,1711087459photo-2024-03-10-20-51-57-7-thumb-a0fc230e.jpg,,200
https://www.smbbmu.edu.pk/beta/uploads/gallery/events/thumbs/1711087458PHOTO-2024-03-10-20-51-57 6_thumb.jpg,image,1711087458photo-2024-03-10-20-51-57-6-thumb-368718a7.jpg,,200
https://www.smbbmu.edu.pk/beta/uploads/gallery/events/thumbs/1711087457PHOTO-2024-03-10-20-51-57_thumb.jpg,image,1711087457photo-2024-03-10-20-51-57-thumb-9af6e503.jpg,,200
https://www.smbbmu.edu.pk/beta/uploads/gallery/events/thumbs/1711087456PHOTO-2024-03-10-20-51-57 2_thumb.jpg,image,1711087456photo-2024-03-10-20-51-57-2-thumb-2f6a16aa.jpg,,200
https://www.smbbmu.edu.pk/beta/news/details/the-smbbmu-larkana-organised-the-laptop-distribution-ceremony-at-ghulam-muhammad-mahar-medical-college-gmmmc-sukkur-on-26-january-2024-01-26-2024,news,The SMBBMU Larkana organised the Laptop Distribution Ceremony at Ghulam Muhammad Mahar Medical College (GMMMC) Sukkur on 26 January 2024,2024-01-26,200
https://www.smbbmu.edu.pk/beta/uploads/gallery/events/170646045710_thumb.jpeg,image,170646045710-thumb-3227b7f3.jpeg,,200
https://www.smbbmu.edu.pk/beta/uploads/gallery/events/170646045511_thumb.jpeg,image,170646045511-thumb-42aa323b.jpeg,,200
https://www.smbbmu.edu.pk/beta/uploads/gallery/events/170646045512_thumb.jpeg,image,170646045512-thumb-827d4729.jpeg,,200
https://www.smbbmu.edu.pk/beta/uploads/gallery/events/170646045313_thumb.jpeg,image,170646045313-thumb-1d5967e7.jpeg,,200
https://www.smbbmu.edu.pk/beta/uploads/gallery/events/170646045114_thumb.jpeg,image,170646045114-thumb-2131f714.jpeg,,200
https://www.smbbmu.edu.pk/beta/uploads/gallery/events/170646044815_thumb.jpeg,image,170646044815-thumb-a632f976.jpeg,,200
https://www.smbbmu.edu.pk/beta/uploads/gallery/events/170646044816_thumb.jpeg,image,170646044816-thumb-a2b969d3.jpeg,,200
https://www.smbbmu.edu.pk/beta/uploads/gallery/events/170646044618_thumb.jpeg,image,170646044618-thumb-4d0e393a.jpeg,,200
https://www.smbbmu.edu.pk/beta/uploads/gallery/events/170646044617_thumb.jpeg,image,170646044617-thumb-56101f3c.jpeg,,200
https://www.smbbmu.edu.pk/beta/uploads/gallery/events/170646044419_thumb.jpeg,image,170646044419-thumb-603ed50f.jpeg,,200
https://www.smbbmu.edu.pk/beta/uploads/gallery/events/170646044320_thumb.jpeg,image,170646044320-thumb-df4b3bed.jpeg,,200
https://www.smbbmu.edu.pk/beta/uploads/gallery/events/170646044121_thumb.jpeg,image,170646044121-thumb-9c737d2a.jpeg,,200
https://www.smbbmu.edu.pk/beta/uploads/gallery/events/170646044122_thumb.jpeg,image,170646044122-thumb-d857fe13.jpeg,,200
https://www.smbbmu.edu.pk/beta/uploads/gallery/events/thumbs/170646045710_thumb.jpeg,image,170646045710-thumb-4dfc8eff.jpeg,,200
https://www.smbbmu.edu.pk/beta/uploads/gallery/events/thumbs/170646045511_thumb.jpeg,image,170646045511-thumb-5ae02ccb.jpeg,,200
https://www.smbbmu.edu.pk/beta/uploads/gallery/events/thumbs/170646045512_thumb.jpeg,image,170646045512-thumb-6bc68de4.jpeg,,200
https://www.smbbmu.edu.pk/beta/uploads/gallery/events/thumbs/170646045313_thumb.jpeg,image,170646045313-thumb-bacea1ac.jpeg,,200
https://www.smbbmu.edu.pk/beta/uploads/gallery/events/thumbs/170646045114_thumb.jpeg,image,170646045114-thumb-718aaff9.jpeg,,200
https://www.smbbmu.edu.pk/beta/uploads/gallery/events/thumbs/170646044815_thumb.jpeg,image,170646044815-thumb-83f5d67c.jpeg,,200
https://www.smbbmu.edu.pk/beta/uploads/gallery/events/thumbs/170646044816_thumb.jpeg,image,170646044816-thumb-000d20b0.jpeg,,200
https://www.smbbmu.edu.pk/beta/uploads/gallery/events/thumbs/170646044618_thumb.jpeg,image,170646044618-thumb-e1e6d53c.jpeg,,200
https://www.smbbmu.edu.pk/beta/uploads/gallery/events/thumbs/170646044617_thumb.jpeg,image,170646044617-thumb-3bf9a184.jpeg,,200
https://www.smbbmu.edu.pk/beta/uploads/gallery/events/thumbs/170646044419_thumb.jpeg,image,170646044419-thumb-631741cd.jpeg,,200
https://www.smbbmu.edu.pk/beta/uploads/gallery/events/thumbs/170646044320_thumb.jpeg,image,170646044320-thumb-08217e2c.jpeg,,200
https://www.smbbmu.edu.pk/beta/uploads/gallery/events/thumbs/170646044121_thumb.jpeg,image,170646044121-thumb-91f6a32b.jpeg,,200
https://www.smbbmu.edu.pk/beta/uploads/gallery/events/thumbs/170646044122_thumb.jpeg,image,170646044122-thumb-f1b63dcd.jpeg,,200
https://www.smbbmu.edu.pk/beta/news/details/52nd-cardicon-held-at-sukkur-11-17-2023,news,52nd Cardicon held at Sukkur,2023-11-17,200
https://www.smbbmu.edu.pk/beta/uploads/gallery/events/1701073755PHOTO-2023-11-22-11-55-01 4_thumb.jpeg,image,1701073755photo-2023-11-22-11-55-01-4-thumb-a324ac60.jpeg,,200
https://www.smbbmu.edu.pk/beta/uploads/gallery/events/1701073753PHOTO-2023-11-22-11-55-01 3_thumb.jpeg,image,1701073753photo-2023-11-22-11-55-01-3-thumb-46166c01.jpeg,,200
https://www.smbbmu.edu.pk/beta/uploads/gallery/events/1701073752PHOTO-2023-11-22-11-55-01_thumb.jpeg,image,1701073752photo-2023-11-22-11-55-01-thumb-698e9956.jpeg,,200
https://www.smbbmu.edu.pk/beta/uploads/gallery/events/1701073751PHOTO-2023-11-22-11-55-02_thumb.jpeg,image,1701073751photo-2023-11-22-11-55-02-thumb-d5efa3a7.jpeg,,200
https://www.smbbmu.edu.pk/beta/uploads/gallery/events/thumbs/1701073755PHOTO-2023-11-22-11-55-01 4_thumb.jpeg,image,1701073755photo-2023-11-22-11-55-01-4-thumb-897f38a4.jpeg,,200
https://www.smbbmu.edu.pk/beta/uploads/gallery/events/thumbs/1701073753PHOTO-2023-11-22-11-55-01 3_thumb.jpeg,image,1701073753photo-2023-11-22-11-55-01-3-thumb-b33b2ba8.jpeg,,200
https://www.smbbmu.edu.pk/beta/uploads/gallery/events/thumbs/1701073752PHOTO-2023-11-22-11-55-01_thumb.jpeg,image,1701073752photo-2023-11-22-11-55-01-thumb-1b0ea522.jpeg,,200
https://www.smbbmu.edu.pk/beta/uploads/gallery/events/thumbs/1701073751PHOTO-2023-11-22-11-55-02_thumb.jpeg,image,1701073751photo-2023-11-22-11-55-02-thumb-1757b9de.jpeg,,200
https://www.smbbmu.edu.pk/beta/news/details/memorandum-of-understanding-mou-signed-between-smbbmu-and-idlib-university-syria-11-15-2023,news,"Memorandum of Understanding (MoU) Signed between  SMBBMU and Idlib University, Syria",2023-11-15,200
https://www.smbbmu.edu.pk/beta/uploads/gallery/events/1701073368401800318_278615775175143_7604574201412340735_n_thumb.jpg,image,1701073368401800318-278615775175143-7604574201412340735-n-thumb-722f74d9.jpg,,200
https://www.smbbmu.edu.pk/beta/uploads/gallery/events/1701073367401783668_278615648508489_3836951767423278701_n_thumb.jpg,image,1701073367401783668-278615648508489-3836951767423278701-n-thumb-ee6d65d6.jpg,,200
https://www.smbbmu.edu.pk/beta/uploads/news/images/1701073376.jpg,image,1701073376-a293c123.jpg,,200
https://www.smbbmu.edu.pk/beta/uploads/gallery/events/thumbs/1701073368401800318_278615775175143_7604574201412340735_n_thumb.jpg,image,1701073368401800318-278615775175143-7604574201412340735-n-thumb-dc07b1d4.jpg,,200
https://www.smbbmu.edu.pk/beta/uploads/gallery/events/thumbs/1701073367401783668_278615648508489_3836951767423278701_n_thumb.jpg,image,1701073367401783668-278615648508489-3836951767423278701-n-thumb-51d20410.jpg,,200
https://www.smbbmu.edu.pk/beta/news/details/two-days-workshop-on-research-grant-proposal-writing-11-02-2023,news,Two-Days workshop on Research Grant Proposal Writing,2023-11-02,200
https://www.smbbmu.edu.pk/beta/uploads/gallery/events/1698937645two-days-workshop - 11_thumb.jpeg,image,1698937645two-days-workshop-11-thumb-e5c413e4.jpeg,,200
https://www.smbbmu.edu.pk/beta/uploads/gallery/events/1698937645two-days-workshop - 2_thumb.jpeg,image,1698937645two-days-workshop-2-thumb-c1f97cb9.jpeg,,200
https://www.smbbmu.edu.pk/beta/uploads/gallery/events/1698937630two-days-workshop - 1 (1)_thumb.jpeg,image,1698937630two-days-workshop-1-1-thumb-3b059e2b.jpeg,,200
https://www.smbbmu.edu.pk/beta/uploads/gallery/events/1698937629two-days-workshop - 2 (1)_thumb.jpeg,image,1698937629two-days-workshop-2-1-thumb-3441619a.jpeg,,200
https://www.smbbmu.edu.pk/beta/uploads/gallery/events/thumbs/1698937645two-days-workshop - 11_thumb.jpeg,image,1698937645two-days-workshop-11-thumb-9c283864.jpeg,,200
https://www.smbbmu.edu.pk/beta/uploads/gallery/events/thumbs/1698937645two-days-workshop - 2_thumb.jpeg,image,1698937645two-days-workshop-2-thumb-b2ecb1d2.jpeg,,200
https://www.smbbmu.edu.pk/beta/uploads/gallery/events/thumbs/1698937630two-days-workshop - 1 (1)_thumb.jpeg,image,1698937630two-days-workshop-1-1-thumb-2fa98377.jpeg,,200
https://www.smbbmu.edu.pk/beta/uploads/gallery/events/thumbs/1698937629two-days-workshop - 2 (1)_thumb.jpeg,image,1698937629two-days-workshop-2-1-thumb-52e2e4d7.jpeg,,200
https://www.smbbmu.edu.pk/beta/news/details/memorandum-of-understanding-signed-between-smbbmu-and-inonu-university-turkey-11-02-2023,news,"Memorandum of Understanding  signed between SMBBMU and Inonu University, Turkey",2023-11-02,200
https://www.smbbmu.edu.pk/beta/uploads/gallery/events/1698947295two-days-workshop - 1_thumb.jpeg,image,1698947295two-days-workshop-1-thumb-6724a94b.jpeg,,200
https://www.smbbmu.edu.pk/beta/uploads/gallery/events/1698947292two-days-workshop - 2_thumb.jpeg,image,1698947292two-days-workshop-2-thumb-1af73692.jpeg,,200
https://www.smbbmu.edu.pk/beta/uploads/gallery/events/1698947289two-days-workshop - 3_thumb.jpeg,image,1698947289two-days-workshop-3-thumb-8df49607.jpeg,,200
https://www.smbbmu.edu.pk/beta/uploads/gallery/events/1698947286two-days-workshop - 4_thumb.jpeg,image,1698947286two-days-workshop-4-thumb-055b28f4.jpeg,,200
https://www.smbbmu.edu.pk/beta/uploads/gallery/events/1698947286two-days-workshop - 5_thumb.jpeg,image,1698947286two-days-workshop-5-thumb-c3d88876.jpeg,,200
https://www.smbbmu.edu.pk/beta/uploads/gallery/events/thumbs/1698947295two-days-workshop - 1_thumb.jpeg,image,1698947295two-days-workshop-1-thumb-fc45f8af.jpeg,,200
https://www.smbbmu.edu.pk/beta/uploads/gallery/events/thumbs/1698947292two-days-workshop - 2_thumb.jpeg,image,1698947292two-days-workshop-2-thumb-a47cf571.jpeg,,200
https://www.smbbmu.edu.pk/beta/uploads/gallery/events/thumbs/1698947289two-days-workshop - 3_thumb.jpeg,image,1698947289two-days-workshop-3-thumb-7c8485f0.jpeg,,200
https://www.smbbmu.edu.pk/beta/uploads/gallery/events/thumbs/1698947286two-days-workshop - 4_thumb.jpeg,image,1698947286two-days-workshop-4-thumb-7d0fa05f.jpeg,,200
https://www.smbbmu.edu.pk/beta/uploads/gallery/events/thumbs/1698947286two-days-workshop - 5_thumb.jpeg,image,1698947286two-days-workshop-5-thumb-fff9766c.jpeg,,200
https://www.smbbmu.edu.pk/beta/news/details/the-directorate-of-oric-conducted-an-interactive-session-on-exploring-new-horizons-in-hiv-research-10-27-2023,news,The Directorate of ORIC conducted an interactive session on Exploring New Horizons in HIV Research,2023-10-27,200
https://www.smbbmu.edu.pk/beta/uploads/gallery/events/1698568072ratodero-hiv-visit - 1_thumb.jpeg,image,1698568072ratodero-hiv-visit-1-thumb-871f84f0.jpeg,,200
https://www.smbbmu.edu.pk/beta/uploads/gallery/events/1698568068ratodero-hiv-visit - 4_thumb.jpeg,image,1698568068ratodero-hiv-visit-4-thumb-89e5e77f.jpeg,,200
https://www.smbbmu.edu.pk/beta/uploads/gallery/events/1698568068ratodero-hiv-visit - 3_thumb.jpeg,image,1698568068ratodero-hiv-visit-3-thumb-21dd83c7.jpeg,,200
https://www.smbbmu.edu.pk/beta/uploads/gallery/events/thumbs/1698568072ratodero-hiv-visit - 1_thumb.jpeg,image,1698568072ratodero-hiv-visit-1-thumb-a698392b.jpeg,,200
https://www.smbbmu.edu.pk/beta/uploads/gallery/events/thumbs/1698568068ratodero-hiv-visit - 4_thumb.jpeg,image,1698568068ratodero-hiv-visit-4-thumb-60de3649.jpeg,,200
https://www.smbbmu.edu.pk/beta/uploads/gallery/events/thumbs/1698568068ratodero-hiv-visit - 3_thumb.jpeg,image,1698568068ratodero-hiv-visit-3-thumb-a4a04a50.jpeg,,200
https://www.smbbmu.edu.pk/beta/newsandevents/events/1,events_list,Flag Hositing and Plantation Drive mark  Youm-e-Az...,2025-08-14,200
https://www.smbbmu.edu.pk/beta/news/details/young-researchers-of-smbbmu-visited-the-hiv-center-at-ratodero-10-26-2023,news,Young researchers of SMBBMU visited the HIV Center at Ratodero,2023-10-26,200
https://www.smbbmu.edu.pk/beta/uploads/gallery/events/1698567946ratodero-hiv-visit - 1_thumb.jpeg,image,1698567946ratodero-hiv-visit-1-thumb-a379e120.jpeg,,200
https://www.smbbmu.edu.pk/beta/uploads/gallery/events/1698567945ratodero-hiv-visit - 9_thumb.jpeg,image,1698567945ratodero-hiv-visit-9-thumb-0d6dc1db.jpeg,,200
https://www.smbbmu.edu.pk/beta/uploads/gallery/events/1698567939ratodero-hiv-visit - 8_thumb.jpeg,image,1698567939ratodero-hiv-visit-8-thumb-e01a048d.jpeg,,200
https://www.smbbmu.edu.pk/beta/uploads/gallery/events/1698567938ratodero-hiv-visit - 6_thumb.jpeg,image,1698567938ratodero-hiv-visit-6-thumb-023500ad.jpeg,,200
https://www.smbbmu.edu.pk/beta/uploads/gallery/events/1698567937ratodero-hiv-visit - 5_thumb.jpeg,image,1698567937ratodero-hiv-visit-5-thumb-6d1d1f83.jpeg,,200
https://www.smbbmu.edu.pk/beta/uploads/gallery/events/1698567931ratodero-hiv-visit - 4_thumb.jpeg,image,1698567931ratodero-hiv-visit-4-thumb-0fc3406e.jpeg,,200
https://www.smbbmu.edu.pk/beta/uploads/gallery/events/1698567931ratodero-hiv-visit - 3_thumb.jpeg,image,1698567931ratodero-hiv-visit-3-thumb-2bb90d0b.jpeg,,200
https://www.smbbmu.edu.pk/beta/uploads/gallery/events/thumbs/1698567946ratodero-hiv-visit - 1_thumb.jpeg,image,1698567946ratodero-hiv-visit-1-thumb-b9bf4f34.jpeg,,200
https://www.smbbmu.edu.pk/beta/uploads/gallery/events/thumbs/1698567945ratodero-hiv-visit - 9_thumb.jpeg,image,1698567945ratodero-hiv-visit-9-thumb-02aff87d.jpeg,,200
https://www.smbbmu.edu.pk/beta/uploads/gallery/events/thumbs/1698567939ratodero-hiv-visit - 8_thumb.jpeg,image,1698567939ratodero-hiv-visit-8-thumb-2a0c8e77.jpeg,,200
https://www.smbbmu.edu.pk/beta/uploads/gallery/events/thumbs/1698567938ratodero-hiv-visit - 6_thumb.jpeg,image,1698567938ratodero-hiv-visit-6-thumb-1a8b9aaa.jpeg,,200
https://www.smbbmu.edu.pk/beta/uploads/gallery/events/thumbs/1698567937ratodero-hiv-visit - 5_thumb.jpeg,image,1698567937ratodero-hiv-visit-5-thumb-e126f3e6.jpeg,,200
https://www.smbbmu.edu.pk/beta/uploads/gallery/events/thumbs/1698567931ratodero-hiv-visit - 4_thumb.jpeg,image,1698567931ratodero-hiv-visit-4-thumb-5a26b245.jpeg,,200
https://www.smbbmu.edu.pk/beta/uploads/gallery/events/thumbs/1698567931ratodero-hiv-visit - 3_thumb.jpeg,image,1698567931ratodero-hiv-visit-3-thumb-2acc43c5.jpeg,,200
https://www.smbbmu.edu.pk/beta/news/details/interactive-talk-on-how-to-make-a-successful-application-for-achieving-chevening-scholarship-uk-10-17-2023,news,Interactive talk on How to make a Successful application for achieving Chevening Scholarship UK,2023-10-17,200
https://www.smbbmu.edu.pk/beta/uploads/gallery/events/1697555042uk-session - 4_thumb.jpeg,image,1697555042uk-session-4-thumb-28cbebb9.jpeg,,200
https://www.smbbmu.edu.pk/beta/uploads/gallery/events/1697555040uk-session - 3_thumb.jpeg,image,1697555040uk-session-3-thumb-672ba26f.jpeg,,200
https://www.smbbmu.edu.pk/beta/uploads/gallery/events/1697555038uk-session - 1_thumb.jpeg,image,1697555038uk-session-1-thumb-7e014db7.jpeg,,200
https://www.smbbmu.edu.pk/beta/uploads/gallery/events/thumbs/1697555042uk-session - 4_thumb.jpeg,image,1697555042uk-session-4-thumb-d8df45af.jpeg,,200
https://www.smbbmu.edu.pk/beta/uploads/gallery/events/thumbs/1697555040uk-session - 3_thumb.jpeg,image,1697555040uk-session-3-thumb-0920feb9.jpeg,,200
https://www.smbbmu.edu.pk/beta/uploads/gallery/events/thumbs/1697555038uk-session - 1_thumb.jpeg,image,1697555038uk-session-1-thumb-fcde301e.jpeg,,200
https://www.smbbmu.edu.pk/beta/news/details/workshop-on-the-art-of-writing-scientific-papers-10-13-2023,news,Workshop on The Art of Writing Scientific Papers,2023-10-13,200
https://www.smbbmu.edu.pk/beta/uploads/gallery/events/1697605918387825781_257917753911612_4483309996221097019_n_thumb.jpg,image,1697605918387825781-257917753911612-4483309996221097019-n-thumb-e94423b7.jpg,,200
https://www.smbbmu.edu.pk/beta/uploads/gallery/events/1697605914387828585_257917587244962_8866689517397767166_n_thumb.jpg,image,1697605914387828585-257917587244962-8866689517397767166-n-thumb-313bb5b5.jpg,,200
https://www.smbbmu.edu.pk/beta/uploads/gallery/events/1697605912384269951_257917690578285_195251063709816538_n_thumb.jpg,image,1697605912384269951-257917690578285-195251063709816538-n-thumb-6da25dd8.jpg,,200
https://www.smbbmu.edu.pk/beta/uploads/gallery/events/1697605911384236840_257917657244955_6741776368636707288_n_thumb.jpg,image,1697605911384236840-257917657244955-6741776368636707288-n-thumb-53c154ab.jpg,,200
https://www.smbbmu.edu.pk/beta/uploads/gallery/events/thumbs/1697605918387825781_257917753911612_4483309996221097019_n_thumb.jpg,image,1697605918387825781-257917753911612-4483309996221097019-n-thumb-d3965d46.jpg,,200
https://www.smbbmu.edu.pk/beta/uploads/gallery/events/thumbs/1697605914387828585_257917587244962_8866689517397767166_n_thumb.jpg,image,1697605914387828585-257917587244962-8866689517397767166-n-thumb-d58d9a52.jpg,,200
https://www.smbbmu.edu.pk/beta/uploads/gallery/events/thumbs/1697605912384269951_257917690578285_195251063709816538_n_thumb.jpg,image,1697605912384269951-257917690578285-195251063709816538-n-thumb-fc6a7e7c.jpg,,200
https://www.smbbmu.edu.pk/beta/uploads/gallery/events/thumbs/1697605911384236840_257917657244955_6741776368636707288_n_thumb.jpg,image,1697605911384236840-257917657244955-6741776368636707288-n-thumb-7f8a0882.jpg,,200
https://www.smbbmu.edu.pk/beta/news/details/scholarship-cheque-distribution-ceremony-was-organized-by-the-national-endowment-scholarship-for-talent-nest-along-with-federal-education-department-at-shaheed-mohtarma-benazir-bhutto-medical-university-larkana-10-08-2023,news,"Scholarship Cheque distribution Ceremony was organized by the National Endowment Scholarship for Talent (NEST) along with Federal Education Department at Shaheed Mohtarma Benazir Bhutto Medical University, Larkana",2023-10-08,200
https://www.smbbmu.edu.pk/beta/uploads/gallery/events/1697606415cheque-distribution-ceremony - 3_thumb.jpeg,image,1697606415cheque-distribution-ceremony-3-thumb-b83056c5.jpeg,,200
https://www.smbbmu.edu.pk/beta/uploads/gallery/events/1697606412cheque-distribution-ceremony - 1_thumb.jpeg,image,1697606412cheque-distribution-ceremony-1-thumb-ad995d03.jpeg,,200
https://www.smbbmu.edu.pk/beta/uploads/gallery/events/1697606406cheque-distribution-ceremony - 4_thumb.jpeg,image,1697606406cheque-distribution-ceremony-4-thumb-0e83cb21.jpeg,,200
https://www.smbbmu.edu.pk/beta/uploads/gallery/events/1697606405cheque-distribution-ceremony - 2_thumb.jpeg,image,1697606405cheque-distribution-ceremony-2-thumb-ecc05349.jpeg,,200
https://www.smbbmu.edu.pk/beta/uploads/gallery/events/1697606400cheque-distribution-ceremony - 6_thumb.jpeg,image,1697606400cheque-distribution-ceremony-6-thumb-2a399a78.jpeg,,200
https://www.smbbmu.edu.pk/beta/uploads/gallery/events/1697606399cheque-distribution-ceremony - 5_thumb.jpeg,image,1697606399cheque-distribution-ceremony-5-thumb-9e76fa46.jpeg,,200
https://www.smbbmu.edu.pk/beta/uploads/gallery/events/thumbs/1697606415cheque-distribution-ceremony - 3_thumb.jpeg,image,1697606415cheque-distribution-ceremony-3-thumb-6fb4ec82.jpeg,,200
https://www.smbbmu.edu.pk/beta/uploads/gallery/events/thumbs/1697606412cheque-distribution-ceremony - 1_thumb.jpeg,image,1697606412cheque-distribution-ceremony-1-thumb-8757279c.jpeg,,200
https://www.smbbmu.edu.pk/beta/uploads/gallery/events/thumbs/1697606406cheque-distribution-ceremony - 4_thumb.jpeg,image,1697606406cheque-distribution-ceremony-4-thumb-89a9e7ee.jpeg,,200
https://www.smbbmu.edu.pk/beta/uploads/gallery/events/thumbs/1697606405cheque-distribution-ceremony - 2_thumb.jpeg,image,1697606405cheque-distribution-ceremony-2-thumb-005de3f2.jpeg,,200
https://www.smbbmu.edu.pk/beta/uploads/gallery/events/thumbs/1697606400cheque-distribution-ceremony - 6_thumb.jpeg,image,1697606400cheque-distribution-ceremony-6-thumb-e4226c98.jpeg,,200
https://www.smbbmu.edu.pk/beta/uploads/gallery/events/thumbs/1697606399cheque-distribution-ceremony - 5_thumb.jpeg,image,1697606399cheque-distribution-ceremony-5-thumb-ea6955ce.jpeg,,200
https://www.smbbmu.edu.pk/beta/news/details/interactive-talk-on-insight-into-psychiatry-under-smbbmu-appna-merit-partnership-10-07-2023,news,Interactive Talk on Insight into Psychiatry under SMBBMU-APPNA-MERIT Partnership,2023-10-07,200
https://www.smbbmu.edu.pk/beta/uploads/gallery/events/1697606038387101660_254753140894740_9191896243744485204_n_thumb.jpg,image,1697606038387101660-254753140894740-9191896243744485204-n-thumb-ced4f2bc.jpg,,200
https://www.smbbmu.edu.pk/beta/uploads/gallery/events/1697606032387004644_254753094228078_5514659809683506417_n_thumb.jpg,image,1697606032387004644-254753094228078-5514659809683506417-n-thumb-ec3c3429.jpg,,200
https://www.smbbmu.edu.pk/beta/uploads/gallery/events/thumbs/1697606038387101660_254753140894740_9191896243744485204_n_thumb.jpg,image,1697606038387101660-254753140894740-9191896243744485204-n-thumb-239e4949.jpg,,200
https://www.smbbmu.edu.pk/beta/uploads/gallery/events/thumbs/1697606032387004644_254753094228078_5514659809683506417_n_thumb.jpg,image,1697606032387004644-254753094228078-5514659809683506417-n-thumb-2f0483fb.jpg,,200
https://www.smbbmu.edu.pk/beta/news/details/the-12th-poa-regional-orthopedic-clinical-meeting-and-workshop-on-sports-medicine-and-arthroscopicy-with-live-surgery-10-07-2023,news,The 12th POA Regional Orthopedic Clinical Meeting and workshop on “Sports Medicine and Arthroscopicy with Live Surgery,2023-10-07,200
https://www.smbbmu.edu.pk/beta/uploads/gallery/events/169760634412th-POA-Meeting - 1_thumb.jpeg,image,169760634412th-poa-meeting-1-thumb-c114d5a3.jpeg,,200
https://www.smbbmu.edu.pk/beta/uploads/gallery/events/169760633912th-POA-Meeting - 6_thumb.jpeg,image,169760633912th-poa-meeting-6-thumb-86d1c5b7.jpeg,,200
https://www.smbbmu.edu.pk/beta/uploads/gallery/events/169760633812th-POA-Meeting - 4_thumb.jpeg,image,169760633812th-poa-meeting-4-thumb-7c6d8449.jpeg,,200
https://www.smbbmu.edu.pk/beta/uploads/gallery/events/169760633212th-POA-Meeting - 7_thumb.jpeg,image,169760633212th-poa-meeting-7-thumb-a8586d8c.jpeg,,200
https://www.smbbmu.edu.pk/beta/uploads/gallery/events/169760632812th-POA-Meeting - 9_thumb.jpeg,image,169760632812th-poa-meeting-9-thumb-1307ff21.jpeg,,200
https://www.smbbmu.edu.pk/beta/uploads/gallery/events/169760632812th-POA-Meeting - 8_thumb.jpeg,image,169760632812th-poa-meeting-8-thumb-382d8fd4.jpeg,,200
https://www.smbbmu.edu.pk/beta/uploads/gallery/events/thumbs/169760634412th-POA-Meeting - 1_thumb.jpeg,image,169760634412th-poa-meeting-1-thumb-030e9bfa.jpeg,,200
https://www.smbbmu.edu.pk/beta/uploads/gallery/events/thumbs/169760633912th-POA-Meeting - 6_thumb.jpeg,image,169760633912th-poa-meeting-6-thumb-75cdf338.jpeg,,200
https://www.smbbmu.edu.pk/beta/uploads/gallery/events/thumbs/169760633812th-POA-Meeting - 4_thumb.jpeg,image,169760633812th-poa-meeting-4-thumb-3a611a0f.jpeg,,200
https://www.smbbmu.edu.pk/beta/uploads/gallery/events/thumbs/169760633212th-POA-Meeting - 7_thumb.jpeg,image,169760633212th-poa-meeting-7-thumb-2adbdd1e.jpeg,,200
https://www.smbbmu.edu.pk/beta/uploads/gallery/events/thumbs/169760632812th-POA-Meeting - 9_thumb.jpeg,image,169760632812th-poa-meeting-9-thumb-2efacde1.jpeg,,200
https://www.smbbmu.edu.pk/beta/uploads/gallery/events/thumbs/169760632812th-POA-Meeting - 8_thumb.jpeg,image,169760632812th-poa-meeting-8-thumb-d2603513.jpeg,,200
https://www.smbbmu.edu.pk/beta/news/details/smbb-medical-university-celebrating-pink-friday-10-06-2023,news,SMBB Medical University Celebrating Pink Friday,2023-10-06,200
https://www.smbbmu.edu.pk/beta/uploads/gallery/events/1697606171pink-friday - 3_thumb.jpeg,image,1697606171pink-friday-3-thumb-95a9506f.jpeg,,200
https://www.smbbmu.edu.pk/beta/uploads/gallery/events/1697606169pink-friday - 1_thumb.jpeg,image,1697606169pink-friday-1-thumb-0e44a963.jpeg,,200
https://www.smbbmu.edu.pk/beta/uploads/gallery/events/1697606167pink-friday - 2_thumb.jpeg,image,1697606167pink-friday-2-thumb-fdb9e432.jpeg,,200
https://www.smbbmu.edu.pk/beta/uploads/gallery/events/1697606162pink-friday - 8_thumb.jpeg,image,1697606162pink-friday-8-thumb-1d1586e3.jpeg,,200
https://www.smbbmu.edu.pk/beta/uploads/gallery/events/1697606160pink-friday - 4_thumb.jpeg,image,1697606160pink-friday-4-thumb-b53a4c5f.jpeg,,200
https://www.smbbmu.edu.pk/beta/uploads/gallery/events/thumbs/1697606171pink-friday - 3_thumb.jpeg,image,1697606171pink-friday-3-thumb-d53cf756.jpeg,,200
https://www.smbbmu.edu.pk/beta/uploads/gallery/events/thumbs/1697606169pink-friday - 1_thumb.jpeg,image,1697606169pink-friday-1-thumb-aa2cf89e.jpeg,,200
https://www.smbbmu.edu.pk/beta/uploads/gallery/events/thumbs/1697606167pink-friday - 2_thumb.jpeg,image,1697606167pink-friday-2-thumb-d53f3748.jpeg,,200
https://www.smbbmu.edu.pk/beta/uploads/gallery/events/thumbs/1697606162pink-friday - 8_thumb.jpeg,image,1697606162pink-friday-8-thumb-6753d1af.jpeg,,200
https://www.smbbmu.edu.pk/beta/uploads/gallery/events/thumbs/1697606160pink-friday - 4_thumb.jpeg,image,1697606160pink-friday-4-thumb-aae91443.jpeg,,200
https://www.smbbmu.edu.pk/beta/news/details/one-day-fistula-camp-organized-at-smbbmu-10-03-2023,news,One day Fistula Camp organized at SMBBMU,2023-10-03,200
https://www.smbbmu.edu.pk/beta/uploads/gallery/events/1696401780PHOTO-2023-10-04-08-08-11_thumb.jpeg,image,1696401780photo-2023-10-04-08-08-11-thumb-581fd1a5.jpeg,,200
https://www.smbbmu.edu.pk/beta/uploads/gallery/events/1696401773PHOTO-2023-10-04-08-08-10 2_thumb.jpeg,image,1696401773photo-2023-10-04-08-08-10-2-thumb-99661db6.jpeg,,200
https://www.smbbmu.edu.pk/beta/uploads/gallery/events/1696401773PHOTO-2023-10-04-08-08-10_thumb.jpeg,image,1696401773photo-2023-10-04-08-08-10-thumb-4fab2c59.jpeg,,200
https://www.smbbmu.edu.pk/beta/uploads/gallery/events/thumbs/1696401780PHOTO-2023-10-04-08-08-11_thumb.jpeg,image,1696401780photo-2023-10-04-08-08-11-thumb-0520e124.jpeg,,200
https://www.smbbmu.edu.pk/beta/uploads/gallery/events/thumbs/1696401773PHOTO-2023-10-04-08-08-10 2_thumb.jpeg,image,1696401773photo-2023-10-04-08-08-10-2-thumb-7c6aeef4.jpeg,,200
https://www.smbbmu.edu.pk/beta/uploads/gallery/events/thumbs/1696401773PHOTO-2023-10-04-08-08-10_thumb.jpeg,image,1696401773photo-2023-10-04-08-08-10-thumb-acc91b58.jpeg,,200
https://www.smbbmu.edu.pk/beta/news/details/an-interactive-talk-on-entrepreneurship-for-healthcare-professionals-by-mr-asad-ali-shah-organised-by-directorate-of-oric-smbbmu-09-30-2023,news,"An Interactive Talk on Entrepreneurship for Healthcare Professionals  by, Mr. Asad Ali Shah, organised by. Directorate of ORIC, SMBBMU",2023-09-30,200
https://www.smbbmu.edu.pk/beta/uploads/gallery/events/1696399366382604466_251091937927527_7074876491935743800_n_thumb.jpg,image,1696399366382604466-251091937927527-7074876491935743800-n-thumb-1c99ffed.jpg,,200
https://www.smbbmu.edu.pk/beta/uploads/gallery/events/1696399365385876108_251091907927530_7147072918619838811_n_thumb.jpg,image,1696399365385876108-251091907927530-7147072918619838811-n-thumb-713fc1d5.jpg,,200
https://www.smbbmu.edu.pk/beta/uploads/gallery/events/1696399362384470162_251091954594192_15530675523058397_n_thumb.jpg,image,1696399362384470162-251091954594192-15530675523058397-n-thumb-554d5180.jpg,,200
https://www.smbbmu.edu.pk/beta/uploads/gallery/events/1696399362384483080_251092127927508_7184119080359044190_n_thumb.jpg,image,1696399362384483080-251092127927508-7184119080359044190-n-thumb-14e2d35d.jpg,,200
https://www.smbbmu.edu.pk/beta/uploads/gallery/events/1696399359385247103_251092021260852_1427340887980222030_n_thumb.jpg,image,1696399359385247103-251092021260852-1427340887980222030-n-thumb-42004e10.jpg,,200
https://www.smbbmu.edu.pk/beta/uploads/gallery/events/1696399352381407786_251092144594173_1921241551433371892_n_thumb.jpg,image,1696399352381407786-251092144594173-1921241551433371892-n-thumb-a618e5bf.jpg,,200
https://www.smbbmu.edu.pk/beta/uploads/gallery/events/1696399353382598216_251092051260849_5875940534913537467_n_thumb.jpg,image,1696399353382598216-251092051260849-5875940534913537467-n-thumb-7bb03e5c.jpg,,200
https://www.smbbmu.edu.pk/beta/uploads/gallery/events/thumbs/1696399366382604466_251091937927527_7074876491935743800_n_thumb.jpg,image,1696399366382604466-251091937927527-7074876491935743800-n-thumb-05f02a3d.jpg,,200
https://www.smbbmu.edu.pk/beta/uploads/gallery/events/thumbs/1696399365385876108_251091907927530_7147072918619838811_n_thumb.jpg,image,1696399365385876108-251091907927530-7147072918619838811-n-thumb-be55864f.jpg,,200
https://www.smbbmu.edu.pk/beta/uploads/gallery/events/thumbs/1696399362384470162_251091954594192_15530675523058397_n_thumb.jpg,image,1696399362384470162-251091954594192-15530675523058397-n-thumb-68a5bb7f.jpg,,200
https://www.smbbmu.edu.pk/beta/uploads/gallery/events/thumbs/1696399362384483080_251092127927508_7184119080359044190_n_thumb.jpg,image,1696399362384483080-251092127927508-7184119080359044190-n-thumb-2f886099.jpg,,200
https://www.smbbmu.edu.pk/beta/uploads/gallery/events/thumbs/1696399359385247103_251092021260852_1427340887980222030_n_thumb.jpg,image,1696399359385247103-251092021260852-1427340887980222030-n-thumb-107fe6ba.jpg,,200
https://www.smbbmu.edu.pk/beta/uploads/gallery/events/thumbs/1696399352381407786_251092144594173_1921241551433371892_n_thumb.jpg,image,1696399352381407786-251092144594173-1921241551433371892-n-thumb-0d16e3b6.jpg,,200
https://www.smbbmu.edu.pk/beta/uploads/gallery/events/thumbs/1696399353382598216_251092051260849_5875940534913537467_n_thumb.jpg,image,1696399353382598216-251092051260849-5875940534913537467-n-thumb-8a4b1c13.jpg,,200
https://www.smbbmu.edu.pk/beta/news/details/world-pharmacist-day-celebrated-at-the-institute-of-pharmacy-smbbmu-larkana-09-26-2023,news,"World Pharmacist Day celebrated at the Institute of Pharmacy, SMBBMU, Larkana",2023-09-26,200
https://www.smbbmu.edu.pk/beta/uploads/gallery/events/1696313543PHOTO-2023-09-27-14-07-48_thumb.jpeg,image,1696313543photo-2023-09-27-14-07-48-thumb-5f545c69.jpeg,,200
https://www.smbbmu.edu.pk/beta/uploads/gallery/events/1696313539PHOTO-2023-09-27-14-21-09_thumb.jpeg,image,1696313539photo-2023-09-27-14-21-09-thumb-86b232bd.jpeg,,200
https://www.smbbmu.edu.pk/beta/uploads/gallery/events/1696313532PHOTO-2023-09-27-14-21-10_thumb.jpeg,image,1696313532photo-2023-09-27-14-21-10-thumb-eb2db8ef.jpeg,,200
https://www.smbbmu.edu.pk/beta/uploads/gallery/events/1696313525PHOTO-2023-09-27-14-21-08_thumb.jpeg,image,1696313525photo-2023-09-27-14-21-08-thumb-9196f0f9.jpeg,,200
https://www.smbbmu.edu.pk/beta/uploads/gallery/events/1696313518PHOTO-2023-09-27-14-17-43_thumb.jpeg,image,1696313518photo-2023-09-27-14-17-43-thumb-adda27a3.jpeg,,200
https://www.smbbmu.edu.pk/beta/uploads/gallery/events/1696313512PHOTO-2023-09-27-14-17-42 2_thumb.jpeg,image,1696313512photo-2023-09-27-14-17-42-2-thumb-fce13130.jpeg,,200
https://www.smbbmu.edu.pk/beta/uploads/gallery/events/1696313508PHOTO-2023-09-27-14-17-41_thumb.jpeg,image,1696313508photo-2023-09-27-14-17-41-thumb-bd79b3eb.jpeg,,200
https://www.smbbmu.edu.pk/beta/uploads/news/images/1696313467.jpeg,image,1696313467-075d8964.jpeg,,200
https://www.smbbmu.edu.pk/beta/uploads/gallery/events/thumbs/1696313543PHOTO-2023-09-27-14-07-48_thumb.jpeg,image,1696313543photo-2023-09-27-14-07-48-thumb-6300e43a.jpeg,,200
https://www.smbbmu.edu.pk/beta/uploads/gallery/events/thumbs/1696313539PHOTO-2023-09-27-14-21-09_thumb.jpeg,image,1696313539photo-2023-09-27-14-21-09-thumb-410e31c6.jpeg,,200
https://www.smbbmu.edu.pk/beta/uploads/gallery/events/thumbs/1696313532PHOTO-2023-09-27-14-21-10_thumb.jpeg,image,1696313532photo-2023-09-27-14-21-10-thumb-46c6185a.jpeg,,200
https://www.smbbmu.edu.pk/beta/uploads/gallery/events/thumbs/1696313525PHOTO-2023-09-27-14-21-08_thumb.jpeg,image,1696313525photo-2023-09-27-14-21-08-thumb-04c6fc80.jpeg,,200
https://www.smbbmu.edu.pk/beta/uploads/gallery/events/thumbs/1696313518PHOTO-2023-09-27-14-17-43_thumb.jpeg,image,1696313518photo-2023-09-27-14-17-43-thumb-22a4bc9a.jpeg,,200
https://www.smbbmu.edu.pk/beta/uploads/gallery/events/thumbs/1696313512PHOTO-2023-09-27-14-17-42 2_thumb.jpeg,image,1696313512photo-2023-09-27-14-17-42-2-thumb-e2488a96.jpeg,,200
https://www.smbbmu.edu.pk/beta/uploads/gallery/events/thumbs/1696313508PHOTO-2023-09-27-14-17-41_thumb.jpeg,image,1696313508photo-2023-09-27-14-17-41-thumb-1bf52014.jpeg,,200
https://www.smbbmu.edu.pk/beta/news/details/an-interactive-session-on-the-awareness-and-application-process-for-medical-students-on-the-ugrad-exchange-program-2024-organized-by-directorate-of-oric-smbbmu-larkana-09-25-2023,news,"An interactive session on the Awareness and Application Process for Medical Students on the UGRAD Exchange Program 2024 organized by Directorate of ORIC, SMBBMU, Larkana",2023-09-25,200
https://www.smbbmu.edu.pk/beta/uploads/gallery/events/1695657535seminar-ugrad - 1_thumb.jpeg,image,1695657535seminar-ugrad-1-thumb-2c592bcf.jpeg,,200
https://www.smbbmu.edu.pk/beta/uploads/gallery/events/1695657527seminar-ugrad - 2_thumb.jpeg,image,1695657527seminar-ugrad-2-thumb-67fa1f71.jpeg,,200
https://www.smbbmu.edu.pk/beta/uploads/gallery/events/1695657485seminar-ugrad - 4_thumb.jpeg,image,1695657485seminar-ugrad-4-thumb-78e358de.jpeg,,200
https://www.smbbmu.edu.pk/beta/uploads/gallery/events/1695657477seminar-ugrad - 3_thumb.jpeg,image,1695657477seminar-ugrad-3-thumb-b6e63215.jpeg,,200
https://www.smbbmu.edu.pk/beta/uploads/gallery/events/thumbs/1695657535seminar-ugrad - 1_thumb.jpeg,image,1695657535seminar-ugrad-1-thumb-05e50173.jpeg,,200
https://www.smbbmu.edu.pk/beta/uploads/gallery/events/thumbs/1695657527seminar-ugrad - 2_thumb.jpeg,image,1695657527seminar-ugrad-2-thumb-e1303b6e.jpeg,,200
https://www.smbbmu.edu.pk/beta/uploads/gallery/events/thumbs/1695657485seminar-ugrad - 4_thumb.jpeg,image,1695657485seminar-ugrad-4-thumb-7f57f42a.jpeg,,200
https://www.smbbmu.edu.pk/beta/uploads/gallery/events/thumbs/1695657477seminar-ugrad - 3_thumb.jpeg,image,1695657477seminar-ugrad-3-thumb-e875f1b2.jpeg,,200
https://www.smbbmu.edu.pk/beta/news/details/empowering-future-medical-professionals-highlights-of-the-09-12-2023,news,Empowering Future Medical Professionals: Highlights of the,2023-09-12,200
https://www.smbbmu.edu.pk/beta/uploads/gallery/events/1694583759PHOTO-2023-09-12-13-17-29_thumb.jpeg,image,1694583759photo-2023-09-12-13-17-29-thumb-0c540391.jpeg,,200
https://www.smbbmu.edu.pk/beta/uploads/gallery/events/1694583758PHOTO-2023-09-12-13-16-47_thumb.jpeg,image,1694583758photo-2023-09-12-13-16-47-thumb-4829f3e0.jpeg,,200
https://www.smbbmu.edu.pk/beta/uploads/gallery/events/thumbs/1694583759PHOTO-2023-09-12-13-17-29_thumb.jpeg,image,1694583759photo-2023-09-12-13-17-29-thumb-06c9f13a.jpeg,,200
https://www.smbbmu.edu.pk/beta/uploads/gallery/events/thumbs/1694583758PHOTO-2023-09-12-13-16-47_thumb.jpeg,image,1694583758photo-2023-09-12-13-16-47-thumb-401b6e36.jpeg,,200
https://www.smbbmu.edu.pk/beta/news/details/the-1st-smbbmu-undergraduate-oral-research-conference-08-31-2023,news,The 1st SMBBMU Undergraduate Oral Research Conference,2023-08-31,200
https://www.smbbmu.edu.pk/beta/uploads/gallery/events/1693487440undergraduate-oral-conference - 7_thumb.jpeg,image,1693487440undergraduate-oral-conference-7-thumb-b95667e5.jpeg,,200
https://www.smbbmu.edu.pk/beta/uploads/gallery/events/1693487438undergraduate-oral-conference - 1_thumb.jpeg,image,1693487438undergraduate-oral-conference-1-thumb-62b2a671.jpeg,,200
https://www.smbbmu.edu.pk/beta/uploads/gallery/events/1693487436undergraduate-oral-conference - 2_thumb.jpeg,image,1693487436undergraduate-oral-conference-2-thumb-41cd8c75.jpeg,,200
https://www.smbbmu.edu.pk/beta/uploads/gallery/events/1693487435undergraduate-oral-conference - 3_thumb.jpeg,image,1693487435undergraduate-oral-conference-3-thumb-99a43f1d.jpeg,,200
https://www.smbbmu.edu.pk/beta/uploads/gallery/events/1693487434undergraduate-oral-conference - 4_thumb.jpeg,image,1693487434undergraduate-oral-conference-4-thumb-156833e6.jpeg,,200
https://www.smbbmu.edu.pk/beta/uploads/gallery/events/1693487433undergraduate-oral-conference - 5_thumb.jpeg,image,1693487433undergraduate-oral-conference-5-thumb-a896681d.jpeg,,200
https://www.smbbmu.edu.pk/beta/uploads/gallery/events/1693487432undergraduate-oral-conference - 6_thumb.jpeg,image,1693487432undergraduate-oral-conference-6-thumb-089aeea0.jpeg,,200
https://www.smbbmu.edu.pk/beta/uploads/gallery/events/thumbs/1693487440undergraduate-oral-conference - 7_thumb.jpeg,image,1693487440undergraduate-oral-conference-7-thumb-8fa38580.jpeg,,200
https://www.smbbmu.edu.pk/beta/uploads/gallery/events/thumbs/1693487438undergraduate-oral-conference - 1_thumb.jpeg,image,1693487438undergraduate-oral-conference-1-thumb-20f7f673.jpeg,,200
https://www.smbbmu.edu.pk/beta/uploads/gallery/events/thumbs/1693487436undergraduate-oral-conference - 2_thumb.jpeg,image,1693487436undergraduate-oral-conference-2-thumb-7a597426.jpeg,,200
https://www.smbbmu.edu.pk/beta/uploads/gallery/events/thumbs/1693487435undergraduate-oral-conference - 3_thumb.jpeg,image,1693487435undergraduate-oral-conference-3-thumb-fd91fdee.jpeg,,200
https://www.smbbmu.edu.pk/beta/uploads/gallery/events/thumbs/1693487434undergraduate-oral-conference - 4_thumb.jpeg,image,1693487434undergraduate-oral-conference-4-thumb-992bbe4e.jpeg,,200
https://www.smbbmu.edu.pk/beta/uploads/gallery/events/thumbs/1693487433undergraduate-oral-conference - 5_thumb.jpeg,image,1693487433undergraduate-oral-conference-5-thumb-e1131a20.jpeg,,200
https://www.smbbmu.edu.pk/beta/uploads/gallery/events/thumbs/1693487432undergraduate-oral-conference - 6_thumb.jpeg,image,1693487432undergraduate-oral-conference-6-thumb-5c5fb7d8.jpeg,,200
https://www.smbbmu.edu.pk/beta/news/details/smbbmu-celebrates-the-76th-independence-day-of-pakistan-08-14-2023,news,SMBBMU celebrates the 76th Independence Day of Pakistan,2023-08-14,200
https://www.smbbmu.edu.pk/beta/uploads/gallery/events/1693125582independence-cup-7-14-aug-2023 - 7_thumb.jpeg,image,1693125582independence-cup-7-14-aug-2023-7-thumb-2bff83c5.jpeg,,200
https://www.smbbmu.edu.pk/beta/uploads/gallery/events/1693125510independence-cup-7-14-aug-2023 - 5_thumb.jpeg,image,1693125510independence-cup-7-14-aug-2023-5-thumb-793177e1.jpeg,,200
https://www.smbbmu.edu.pk/beta/uploads/gallery/events/1693125488independence-cup-7-14-aug-2023 - 4_thumb.jpeg,image,1693125488independence-cup-7-14-aug-2023-4-thumb-648fecc8.jpeg,,200
https://www.smbbmu.edu.pk/beta/uploads/gallery/events/1693125485independence-cup-7-14-aug-2023 - 1_thumb.jpeg,image,1693125485independence-cup-7-14-aug-2023-1-thumb-77a2d78c.jpeg,,200
https://www.smbbmu.edu.pk/beta/uploads/gallery/events/1693124586independence-cup-7-14-aug-2023 - 3_thumb.jpeg,image,1693124586independence-cup-7-14-aug-2023-3-thumb-6df9f1e2.jpeg,,200
https://www.smbbmu.edu.pk/beta/uploads/gallery/events/1693124569independence-cup-7-14-aug-2023 - 2_thumb.jpeg,image,1693124569independence-cup-7-14-aug-2023-2-thumb-586a41c0.jpeg,,200
https://www.smbbmu.edu.pk/beta/uploads/gallery/events/thumbs/1693125582independence-cup-7-14-aug-2023 - 7_thumb.jpeg,image,1693125582independence-cup-7-14-aug-2023-7-thumb-ae3a4bf8.jpeg,,200
https://www.smbbmu.edu.pk/beta/uploads/gallery/events/thumbs/1693125510independence-cup-7-14-aug-2023 - 5_thumb.jpeg,image,1693125510independence-cup-7-14-aug-2023-5-thumb-23ee57eb.jpeg,,200
https://www.smbbmu.edu.pk/beta/uploads/gallery/events/thumbs/1693125488independence-cup-7-14-aug-2023 - 4_thumb.jpeg,image,1693125488independence-cup-7-14-aug-2023-4-thumb-a6e53e42.jpeg,,200
https://www.smbbmu.edu.pk/beta/uploads/gallery/events/thumbs/1693125485independence-cup-7-14-aug-2023 - 1_thumb.jpeg,image,1693125485independence-cup-7-14-aug-2023-1-thumb-26640749.jpeg,,200
https://www.smbbmu.edu.pk/beta/uploads/gallery/events/thumbs/1693124586independence-cup-7-14-aug-2023 - 3_thumb.jpeg,image,1693124586independence-cup-7-14-aug-2023-3-thumb-95bd55a6.jpeg,,200
https://www.smbbmu.edu.pk/beta/uploads/gallery/events/thumbs/1693124569independence-cup-7-14-aug-2023 - 2_thumb.jpeg,image,1693124569independence-cup-7-14-aug-2023-2-thumb-12f6bf72.jpeg,,200
https://www.smbbmu.edu.pk/beta/news/details/smbbmu-larkana-organised-a-condolence-meeting-to-pay-tribute-to-prof-dr-bilquis-malik-08-12-2023,news,"SMBBMU, Larkana organised a Condolence Meeting to pay tribute to Prof Dr. Bilquis Malik",2023-08-12,200
https://www.smbbmu.edu.pk/beta/uploads/gallery/events/1691849096balquis-malik-tribute-11-8-23 - 5_thumb.jpeg,image,1691849096balquis-malik-tribute-11-8-23-5-thumb-090da54a.jpeg,,200
https://www.smbbmu.edu.pk/beta/uploads/gallery/events/1691849095balquis-malik-tribute-11-8-23 - 3_thumb.jpeg,image,1691849095balquis-malik-tribute-11-8-23-3-thumb-64b11267.jpeg,,200
https://www.smbbmu.edu.pk/beta/uploads/gallery/events/1691849091balquis-malik-tribute-11-8-23 - 4_thumb.jpeg,image,1691849091balquis-malik-tribute-11-8-23-4-thumb-6600bc72.jpeg,,200
https://www.smbbmu.edu.pk/beta/uploads/gallery/events/1691849091balquis-malik-tribute-11-8-23 - 1_thumb.jpeg,image,1691849091balquis-malik-tribute-11-8-23-1-thumb-755c3b79.jpeg,,200
https://www.smbbmu.edu.pk/beta/uploads/gallery/events/1691849085balquis-malik-tribute-11-8-23 - 7_thumb.jpeg,image,1691849085balquis-malik-tribute-11-8-23-7-thumb-9c37816b.jpeg,,200
https://www.smbbmu.edu.pk/beta/uploads/gallery/events/1691849084balquis-malik-tribute-11-8-23 - 6_thumb.jpeg,image,1691849084balquis-malik-tribute-11-8-23-6-thumb-89e4fbdc.jpeg,,200
https://www.smbbmu.edu.pk/beta/uploads/gallery/events/thumbs/1691849096balquis-malik-tribute-11-8-23 - 5_thumb.jpeg,image,1691849096balquis-malik-tribute-11-8-23-5-thumb-970fbaac.jpeg,,200
https://www.smbbmu.edu.pk/beta/uploads/gallery/events/thumbs/1691849095balquis-malik-tribute-11-8-23 - 3_thumb.jpeg,image,1691849095balquis-malik-tribute-11-8-23-3-thumb-333145fb.jpeg,,200
https://www.smbbmu.edu.pk/beta/uploads/gallery/events/thumbs/1691849091balquis-malik-tribute-11-8-23 - 4_thumb.jpeg,image,1691849091balquis-malik-tribute-11-8-23-4-thumb-a76590b8.jpeg,,200
https://www.smbbmu.edu.pk/beta/uploads/gallery/events/thumbs/1691849091balquis-malik-tribute-11-8-23 - 1_thumb.jpeg,image,1691849091balquis-malik-tribute-11-8-23-1-thumb-3c309e43.jpeg,,200
https://www.smbbmu.edu.pk/beta/uploads/gallery/events/thumbs/1691849085balquis-malik-tribute-11-8-23 - 7_thumb.jpeg,image,1691849085balquis-malik-tribute-11-8-23-7-thumb-5ea152da.jpeg,,200
https://www.smbbmu.edu.pk/beta/uploads/gallery/events/thumbs/1691849084balquis-malik-tribute-11-8-23 - 6_thumb.jpeg,image,1691849084balquis-malik-tribute-11-8-23-6-thumb-89f2f855.jpeg,,200
https://www.smbbmu.edu.pk/beta/news/details/interactive-seminar-on-usmle-and-residency-application-in-usa-at-chandka-medical-college-larkana-06-23-2023,news,"Interactive Seminar on USMLE and Residency Application in USA at Chandka Medical College, Larkana",2023-06-23,200
https://www.smbbmu.edu.pk/beta/uploads/gallery/events/1687518025usmle-23-06-2023 - 3_thumb.jpeg,image,1687518025usmle-23-06-2023-3-thumb-2539f94b.jpeg,,200
https://www.smbbmu.edu.pk/beta/uploads/gallery/events/1687518024usmle-23-06-2023 - 4_thumb.jpeg,image,1687518024usmle-23-06-2023-4-thumb-830742d6.jpeg,,200
https://www.smbbmu.edu.pk/beta/uploads/gallery/events/1687518021usmle-23-06-2023 - 5_thumb.jpeg,image,1687518021usmle-23-06-2023-5-thumb-a118006a.jpeg,,200
https://www.smbbmu.edu.pk/beta/uploads/gallery/events/1687518020usmle-23-06-2023 - 2_thumb.jpeg,image,1687518020usmle-23-06-2023-2-thumb-6cb5a75a.jpeg,,200
https://www.smbbmu.edu.pk/beta/uploads/gallery/events/thumbs/1687518025usmle-23-06-2023 - 3_thumb.jpeg,image,1687518025usmle-23-06-2023-3-thumb-babf0031.jpeg,,200
https://www.smbbmu.edu.pk/beta/uploads/gallery/events/thumbs/1687518024usmle-23-06-2023 - 4_thumb.jpeg,image,1687518024usmle-23-06-2023-4-thumb-92209536.jpeg,,200
https://www.smbbmu.edu.pk/beta/uploads/gallery/events/thumbs/1687518021usmle-23-06-2023 - 5_thumb.jpeg,image,1687518021usmle-23-06-2023-5-thumb-3d064efe.jpeg,,200
https://www.smbbmu.edu.pk/beta/uploads/gallery/events/thumbs/1687518020usmle-23-06-2023 - 2_thumb.jpeg,image,1687518020usmle-23-06-2023-2-thumb-925697f4.jpeg,,200
https://www.smbbmu.edu.pk/beta/news/details/2nd-sindh-hec-research-technology-showcase-2023-05-22-2023,news,2nd Sindh HEC Research & Technology Showcase 2023,2023-05-22,200
https://www.smbbmu.edu.pk/beta/uploads/gallery/events/16847651021 (1)_thumb.jpeg,image,16847651021-1-thumb-1d1ee7b4.jpeg,,200
https://www.smbbmu.edu.pk/beta/uploads/gallery/events/16847650771 (6)_thumb.jpeg,image,16847650771-6-thumb-cf137ba4.jpeg,,200
https://www.smbbmu.edu.pk/beta/uploads/gallery/events/16847642001 (4)_thumb.jpeg,image,16847642001-4-thumb-10c7147d.jpeg,,200
https://www.smbbmu.edu.pk/beta/uploads/gallery/events/16847641731_thumb.jpeg,image,16847641731-thumb-f08f9b08.jpeg,,200
https://www.smbbmu.edu.pk/beta/uploads/gallery/events/16847641662_thumb.jpeg,image,16847641662-thumb-95011447.jpeg,,200
https://www.smbbmu.edu.pk/beta/uploads/gallery/events/16847641581 (2)_thumb.jpeg,image,16847641581-2-thumb-93e345aa.jpeg,,200
https://www.smbbmu.edu.pk/beta/uploads/gallery/events/16847641512 (2)_thumb.jpeg,image,16847641512-2-thumb-b6961ed1.jpeg,,200
https://www.smbbmu.edu.pk/beta/uploads/gallery/events/16847641431 (5)_thumb.jpeg,image,16847641431-5-thumb-84a9703c.jpeg,,200
https://www.smbbmu.edu.pk/beta/uploads/gallery/events/thumbs/16847651021 (1)_thumb.jpeg,image,16847651021-1-thumb-82b4c2b3.jpeg,,200
https://www.smbbmu.edu.pk/beta/uploads/gallery/events/thumbs/16847650771 (6)_thumb.jpeg,image,16847650771-6-thumb-55a15be9.jpeg,,200
https://www.smbbmu.edu.pk/beta/uploads/gallery/events/thumbs/16847642001 (4)_thumb.jpeg,image,16847642001-4-thumb-a9d0d5cb.jpeg,,200
https://www.smbbmu.edu.pk/beta/uploads/gallery/events/thumbs/16847641731_thumb.jpeg,image,16847641731-thumb-afdce291.jpeg,,200
https://www.smbbmu.edu.pk/beta/uploads/gallery/events/thumbs/16847641662_thumb.jpeg,image,16847641662-thumb-2ed79f3e.jpeg,,200
https://www.smbbmu.edu.pk/beta/uploads/gallery/events/thumbs/16847641581 (2)_thumb.jpeg,image,16847641581-2-thumb-011aadfd.jpeg,,200
https://www.smbbmu.edu.pk/beta/uploads/gallery/events/thumbs/16847641512 (2)_thumb.jpeg,image,16847641512-2-thumb-510c7224.jpeg,,200
https://www.smbbmu.edu.pk/beta/uploads/gallery/events/thumbs/16847641431 (5)_thumb.jpeg,image,16847641431-5-thumb-251ea2b7.jpeg,,200
https://www.smbbmu.edu.pk/beta/news/details/virtual-mou-signing-ceremony-between-shaheed-mohtarma-benazir-bhutto-medical-university-smbbmu-larkana-university-sains-malaysia-usm-friday-5th-may-2023-05-05-2023,news,"Virtual MOU Signing Ceremony between Shaheed Mohtarma Benazir Bhutto Medical University (SMBBMU) Larkana & University Sains Malaysia (USM) - Friday,  5th May, 2023.",2023-05-05,200
https://www.smbbmu.edu.pk/beta/uploads/gallery/events/16834493651 (1)_thumb.jpeg,image,16834493651-1-thumb-4d05b28c.jpeg,,200
https://www.smbbmu.edu.pk/beta/uploads/gallery/events/16834493642 (1)_thumb.jpeg,image,16834493642-1-thumb-cd4fcdad.jpeg,,200
https://www.smbbmu.edu.pk/beta/uploads/gallery/events/16834493614 (1)_thumb.jpeg,image,16834493614-1-thumb-4939f17a.jpeg,,200
https://www.smbbmu.edu.pk/beta/uploads/gallery/events/16834493613 (1)_thumb.jpeg,image,16834493613-1-thumb-ed71d87c.jpeg,,200
https://www.smbbmu.edu.pk/beta/uploads/gallery/events/16833568091_thumb.jpeg,image,16833568091-thumb-24be9a71.jpeg,,200
https://www.smbbmu.edu.pk/beta/uploads/gallery/events/16833568082_thumb.jpeg,image,16833568082-thumb-781b4e01.jpeg,,200
https://www.smbbmu.edu.pk/beta/uploads/gallery/events/16833568023_thumb.jpeg,image,16833568023-thumb-68c90f41.jpeg,,200
https://www.smbbmu.edu.pk/beta/uploads/gallery/events/16833568024_thumb.jpeg,image,16833568024-thumb-8699c263.jpeg,,200
https://www.smbbmu.edu.pk/beta/uploads/gallery/events/thumbs/16834493651 (1)_thumb.jpeg,image,16834493651-1-thumb-c0d30aff.jpeg,,200
https://www.smbbmu.edu.pk/beta/uploads/gallery/events/thumbs/16834493642 (1)_thumb.jpeg,image,16834493642-1-thumb-870caa30.jpeg,,200
https://www.smbbmu.edu.pk/beta/uploads/gallery/events/thumbs/16834493614 (1)_thumb.jpeg,image,16834493614-1-thumb-cfe45932.jpeg,,200
https://www.smbbmu.edu.pk/beta/uploads/gallery/events/thumbs/16834493613 (1)_thumb.jpeg,image,16834493613-1-thumb-38c0c1ae.jpeg,,200
https://www.smbbmu.edu.pk/beta/uploads/gallery/events/thumbs/16833568091_thumb.jpeg,image,16833568091-thumb-9cb47818.jpeg,,200
https://www.smbbmu.edu.pk/beta/uploads/gallery/events/thumbs/16833568082_thumb.jpeg,image,16833568082-thumb-c5a2616b.jpeg,,200
https://www.smbbmu.edu.pk/beta/uploads/gallery/events/thumbs/16833568023_thumb.jpeg,image,16833568023-thumb-a96e700c.jpeg,,200
https://www.smbbmu.edu.pk/beta/uploads/gallery/events/thumbs/16833568024_thumb.jpeg,image,16833568024-thumb-8f612e7c.jpeg,,200
https://www.smbbmu.edu.pk/beta/news/details/special-condolence-meeting-in-memory-of-shaheed-dr-ajmal-sawand-04-15-2023,news,Special Condolence Meeting in memory of Shaheed Dr. Ajmal Sawand,2023-04-15,200
https://www.smbbmu.edu.pk/beta/uploads/gallery/events/1681725832new_photo - 1_thumb.jpeg,image,1681725832new-photo-1-thumb-b75876c2.jpeg,,200
https://www.smbbmu.edu.pk/beta/uploads/gallery/events/1681725832new_photo - 4_thumb.jpeg,image,1681725832new-photo-4-thumb-c814659e.jpeg,,200
https://www.smbbmu.edu.pk/beta/uploads/gallery/events/1681725825new_photo - 2_thumb.jpeg,image,1681725825new-photo-2-thumb-31b60fe0.jpeg,,200
https://www.smbbmu.edu.pk/beta/uploads/gallery/events/1681725825new_photo - 3_thumb.jpeg,image,1681725825new-photo-3-thumb-4284f75c.jpeg,,200
https://www.smbbmu.edu.pk/beta/uploads/gallery/events/thumbs/1681725832new_photo - 1_thumb.jpeg,image,1681725832new-photo-1-thumb-b12052bd.jpeg,,200
https://www.smbbmu.edu.pk/beta/uploads/gallery/events/thumbs/1681725832new_photo - 4_thumb.jpeg,image,1681725832new-photo-4-thumb-ef4ea3e1.jpeg,,200
https://www.smbbmu.edu.pk/beta/uploads/gallery/events/thumbs/1681725825new_photo - 2_thumb.jpeg,image,1681725825new-photo-2-thumb-8676a217.jpeg,,200
https://www.smbbmu.edu.pk/beta/uploads/gallery/events/thumbs/1681725825new_photo - 3_thumb.jpeg,image,1681725825new-photo-3-thumb-f714b9f4.jpeg,,200
https://www.smbbmu.edu.pk/beta/news/details/plantation-day-organized-by-green-youth-movement-gym-club-of-smbb-medical-university-04-13-2023,news,Plantation Day Organized by Green Youth Movement (GYM) Club of SMBB Medical University,2023-04-13,200
https://www.smbbmu.edu.pk/beta/uploads/gallery/events/1681474031new_photo - 1_thumb.jpeg,image,1681474031new-photo-1-thumb-12de138e.jpeg,,200
https://www.smbbmu.edu.pk/beta/uploads/gallery/events/1681474030new_photo - 2_thumb.jpeg,image,1681474030new-photo-2-thumb-e303013f.jpeg,,200
https://www.smbbmu.edu.pk/beta/uploads/gallery/events/1681474022new_photo - 5_thumb.jpeg,image,1681474022new-photo-5-thumb-5b1d0177.jpeg,,200
https://www.smbbmu.edu.pk/beta/uploads/gallery/events/1681474022new_photo - 4_thumb.jpeg,image,1681474022new-photo-4-thumb-5c271a1e.jpeg,,200
https://www.smbbmu.edu.pk/beta/uploads/gallery/events/thumbs/1681474031new_photo - 1_thumb.jpeg,image,1681474031new-photo-1-thumb-42b19441.jpeg,,200
https://www.smbbmu.edu.pk/beta/uploads/gallery/events/thumbs/1681474030new_photo - 2_thumb.jpeg,image,1681474030new-photo-2-thumb-2a05fc9d.jpeg,,200
https://www.smbbmu.edu.pk/beta/uploads/gallery/events/thumbs/1681474022new_photo - 5_thumb.jpeg,image,1681474022new-photo-5-thumb-ff03dd23.jpeg,,200
https://www.smbbmu.edu.pk/beta/uploads/gallery/events/thumbs/1681474022new_photo - 4_thumb.jpeg,image,1681474022new-photo-4-thumb-e7fdc6b2.jpeg,,200
https://www.smbbmu.edu.pk/beta/news/details/who-workshop-on-kangroo-mothercare-smbbmu-on-21st-march-2023-03-22-2023,news,"WHO, “Workshop on Kangroo Mothercare” SMBBMU on 21st March, 2023",2023-03-22,200
https://www.smbbmu.edu.pk/beta/uploads/gallery/events/1679641419new_photo - 2_thumb.jpeg,image,1679641419new-photo-2-thumb-2fad5e76.jpeg,,200
https://www.smbbmu.edu.pk/beta/uploads/gallery/events/1679641416new_photo - 3_thumb.jpeg,image,1679641416new-photo-3-thumb-6f703ab0.jpeg,,200
https://www.smbbmu.edu.pk/beta/uploads/gallery/events/1679641414new_photo - 4_thumb.jpeg,image,1679641414new-photo-4-thumb-c50a41aa.jpeg,,200
https://www.smbbmu.edu.pk/beta/uploads/gallery/events/1679641409new_photo - 5_thumb.jpeg,image,1679641409new-photo-5-thumb-16eeb444.jpeg,,200
https://www.smbbmu.edu.pk/beta/uploads/gallery/events/1679641409new_photo - 7_thumb.jpeg,image,1679641409new-photo-7-thumb-34105ea6.jpeg,,200
https://www.smbbmu.edu.pk/beta/uploads/gallery/events/thumbs/1679641419new_photo - 2_thumb.jpeg,image,1679641419new-photo-2-thumb-ef7cd237.jpeg,,200
https://www.smbbmu.edu.pk/beta/uploads/gallery/events/thumbs/1679641416new_photo - 3_thumb.jpeg,image,1679641416new-photo-3-thumb-9d13e8e5.jpeg,,200
https://www.smbbmu.edu.pk/beta/uploads/gallery/events/thumbs/1679641414new_photo - 4_thumb.jpeg,image,1679641414new-photo-4-thumb-423738e2.jpeg,,200
https://www.smbbmu.edu.pk/beta/uploads/gallery/events/thumbs/1679641409new_photo - 5_thumb.jpeg,image,1679641409new-photo-5-thumb-b3e9b323.jpeg,,200
https://www.smbbmu.edu.pk/beta/uploads/gallery/events/thumbs/1679641409new_photo - 7_thumb.jpeg,image,1679641409new-photo-7-thumb-399ce619.jpeg,,200
https://www.smbbmu.edu.pk/beta/news/details/colorectal-public-awareness-walk-and-seminar-organized-by-gastroenterology-department-cmc-smbbmu-larkana-03-22-2023,news,"Colorectal Public Awareness Walk and Seminar Organized by Gastroenterology Department CMC, SMBBMU Larkana",2023-03-22,200
https://www.smbbmu.edu.pk/beta/uploads/gallery/events/1679642355new_photo - 7_thumb.jpeg,image,1679642355new-photo-7-thumb-86b56b54.jpeg,,200
https://www.smbbmu.edu.pk/beta/uploads/gallery/events/1679642352new_photo - 6_thumb.jpeg,image,1679642352new-photo-6-thumb-67f90c5e.jpeg,,200
https://www.smbbmu.edu.pk/beta/uploads/gallery/events/1679642351new_photo - 5_thumb.jpeg,image,1679642351new-photo-5-thumb-796f93b4.jpeg,,200
https://www.smbbmu.edu.pk/beta/uploads/gallery/events/1679642349new_photo - 4_thumb.jpeg,image,1679642349new-photo-4-thumb-3235c4bd.jpeg,,200
https://www.smbbmu.edu.pk/beta/uploads/gallery/events/1679642346new_photo - 2_thumb.jpeg,image,1679642346new-photo-2-thumb-be913618.jpeg,,200
https://www.smbbmu.edu.pk/beta/uploads/gallery/events/1679642345new_photo - 3_thumb.jpeg,image,1679642345new-photo-3-thumb-c6cb692f.jpeg,,200
https://www.smbbmu.edu.pk/beta/uploads/gallery/events/thumbs/1679642355new_photo - 7_thumb.jpeg,image,1679642355new-photo-7-thumb-0bfbd8d5.jpeg,,200
https://www.smbbmu.edu.pk/beta/uploads/gallery/events/thumbs/1679642352new_photo - 6_thumb.jpeg,image,1679642352new-photo-6-thumb-ee35db2a.jpeg,,200
https://www.smbbmu.edu.pk/beta/uploads/gallery/events/thumbs/1679642351new_photo - 5_thumb.jpeg,image,1679642351new-photo-5-thumb-307a2217.jpeg,,200
https://www.smbbmu.edu.pk/beta/uploads/gallery/events/thumbs/1679642349new_photo - 4_thumb.jpeg,image,1679642349new-photo-4-thumb-d68fa2c6.jpeg,,200
https://www.smbbmu.edu.pk/beta/uploads/gallery/events/thumbs/1679642346new_photo - 2_thumb.jpeg,image,1679642346new-photo-2-thumb-73397fe9.jpeg,,200
https://www.smbbmu.edu.pk/beta/uploads/gallery/events/thumbs/1679642345new_photo - 3_thumb.jpeg,image,1679642345new-photo-3-thumb-f59cbbc6.jpeg,,200
https://www.smbbmu.edu.pk/beta/news/details/the-world-oral-health-day-celebrated-at-bibi-aseefa-dental-college-smbbmu-03-21-2023,news,The World Oral Health Day celebrated at Bibi Aseefa Dental College SMBBMU,2023-03-21,200
https://www.smbbmu.edu.pk/beta/uploads/gallery/events/1679451801new_photo - 4_thumb.jpeg,image,1679451801new-photo-4-thumb-5d8e2895.jpeg,,200
https://www.smbbmu.edu.pk/beta/uploads/gallery/events/1679451800new_photo - 3_thumb.jpeg,image,1679451800new-photo-3-thumb-2d42abef.jpeg,,200
https://www.smbbmu.edu.pk/beta/uploads/gallery/events/1679451799new_photo - 1_thumb.jpeg,image,1679451799new-photo-1-thumb-238fd0e0.jpeg,,200
https://www.smbbmu.edu.pk/beta/uploads/gallery/events/1679451798new_photo - 2_thumb.jpeg,image,1679451798new-photo-2-thumb-a6cc84ea.jpeg,,200
https://www.smbbmu.edu.pk/beta/uploads/gallery/events/thumbs/1679451801new_photo - 4_thumb.jpeg,image,1679451801new-photo-4-thumb-96738ed9.jpeg,,200
https://www.smbbmu.edu.pk/beta/uploads/gallery/events/thumbs/1679451800new_photo - 3_thumb.jpeg,image,1679451800new-photo-3-thumb-9f9ec221.jpeg,,200
https://www.smbbmu.edu.pk/beta/uploads/gallery/events/thumbs/1679451799new_photo - 1_thumb.jpeg,image,1679451799new-photo-1-thumb-2841bfa5.jpeg,,200
https://www.smbbmu.edu.pk/beta/uploads/gallery/events/thumbs/1679451798new_photo - 2_thumb.jpeg,image,1679451798new-photo-2-thumb-e819c7d0.jpeg,,200
https://www.smbbmu.edu.pk/beta/news/details/first-research-poster-competition-03-17-2023,news,First Research Poster Competition,2023-03-17,200
https://www.smbbmu.edu.pk/beta/uploads/gallery/events/1679302516new_photo - 1_thumb.jpeg,image,1679302516new-photo-1-thumb-ae5c5ace.jpeg,,200
https://www.smbbmu.edu.pk/beta/uploads/gallery/events/1679302514new_photo - 2_thumb.jpeg,image,1679302514new-photo-2-thumb-04aca338.jpeg,,200
https://www.smbbmu.edu.pk/beta/uploads/gallery/events/1679302514new_photo - 3_thumb.jpeg,image,1679302514new-photo-3-thumb-61f28abb.jpeg,,200
https://www.smbbmu.edu.pk/beta/uploads/gallery/events/1679302509new_photo - 4_thumb.jpeg,image,1679302509new-photo-4-thumb-a6144723.jpeg,,200
https://www.smbbmu.edu.pk/beta/uploads/gallery/events/1679302509new_photo - 5_thumb.jpeg,image,1679302509new-photo-5-thumb-99e88515.jpeg,,200
https://www.smbbmu.edu.pk/beta/uploads/gallery/events/1679302505new_photo - 7_thumb.jpeg,image,1679302505new-photo-7-thumb-7bdf67fb.jpeg,,200
https://www.smbbmu.edu.pk/beta/uploads/gallery/events/1679302505new_photo - 6_thumb.jpeg,image,1679302505new-photo-6-thumb-d378ef90.jpeg,,200
https://www.smbbmu.edu.pk/beta/uploads/gallery/events/thumbs/1679302516new_photo - 1_thumb.jpeg,image,1679302516new-photo-1-thumb-f88b625a.jpeg,,200
https://www.smbbmu.edu.pk/beta/uploads/gallery/events/thumbs/1679302514new_photo - 2_thumb.jpeg,image,1679302514new-photo-2-thumb-ae8779a5.jpeg,,200
https://www.smbbmu.edu.pk/beta/uploads/gallery/events/thumbs/1679302514new_photo - 3_thumb.jpeg,image,1679302514new-photo-3-thumb-d074fb29.jpeg,,200
https://www.smbbmu.edu.pk/beta/uploads/gallery/events/thumbs/1679302509new_photo - 4_thumb.jpeg,image,1679302509new-photo-4-thumb-2bf063b8.jpeg,,200
https://www.smbbmu.edu.pk/beta/uploads/gallery/events/thumbs/1679302509new_photo - 5_thumb.jpeg,image,1679302509new-photo-5-thumb-0bd60f03.jpeg,,200
https://www.smbbmu.edu.pk/beta/uploads/gallery/events/thumbs/1679302505new_photo - 7_thumb.jpeg,image,1679302505new-photo-7-thumb-ef72961f.jpeg,,200
https://www.smbbmu.edu.pk/beta/uploads/gallery/events/thumbs/1679302505new_photo - 6_thumb.jpeg,image,1679302505new-photo-6-thumb-c45f6748.jpeg,,200
https://www.smbbmu.edu.pk/beta/news/details/12th-shaheed-mohtarma-benazir-bhutto-medical-univesity-sports-week-03-13-2023,news,"12th Shaheed Mohtarma Benazir Bhutto Medical Univesity, Sports Week.",2023-03-13,200
https://www.smbbmu.edu.pk/beta/uploads/gallery/events/1679301593new_photo - 3_thumb.jpeg,image,1679301593new-photo-3-thumb-62ea7ba4.jpeg,,200
https://www.smbbmu.edu.pk/beta/uploads/gallery/events/1679301591new_photo - 4_thumb.jpeg,image,1679301591new-photo-4-thumb-c07aaf20.jpeg,,200
https://www.smbbmu.edu.pk/beta/uploads/gallery/events/1679301589new_photo - 5_thumb.jpeg,image,1679301589new-photo-5-thumb-2b52f26d.jpeg,,200
https://www.smbbmu.edu.pk/beta/uploads/gallery/events/1679301587new_photo - 6_thumb.jpeg,image,1679301587new-photo-6-thumb-fc583892.jpeg,,200
https://www.smbbmu.edu.pk/beta/uploads/gallery/events/1679301578new_photo - 8_thumb.jpeg,image,1679301578new-photo-8-thumb-fa12c02e.jpeg,,200
https://www.smbbmu.edu.pk/beta/uploads/gallery/events/1679301578new_photo - 7_thumb.jpeg,image,1679301578new-photo-7-thumb-93a5342c.jpeg,,200
https://www.smbbmu.edu.pk/beta/uploads/gallery/events/thumbs/1679301593new_photo - 3_thumb.jpeg,image,1679301593new-photo-3-thumb-de5330d0.jpeg,,200
https://www.smbbmu.edu.pk/beta/uploads/gallery/events/thumbs/1679301591new_photo - 4_thumb.jpeg,image,1679301591new-photo-4-thumb-42747629.jpeg,,200
https://www.smbbmu.edu.pk/beta/uploads/gallery/events/thumbs/1679301589new_photo - 5_thumb.jpeg,image,1679301589new-photo-5-thumb-0c79d87f.jpeg,,200
https://www.smbbmu.edu.pk/beta/uploads/gallery/events/thumbs/1679301587new_photo - 6_thumb.jpeg,image,1679301587new-photo-6-thumb-92954802.jpeg,,200
https://www.smbbmu.edu.pk/beta/uploads/gallery/events/thumbs/1679301578new_photo - 8_thumb.jpeg,image,1679301578new-photo-8-thumb-21e6cbeb.jpeg,,200
https://www.smbbmu.edu.pk/beta/uploads/gallery/events/thumbs/1679301578new_photo - 7_thumb.jpeg,image,1679301578new-photo-7-thumb-ac86a288.jpeg,,200
https://www.smbbmu.edu.pk/beta/news/details/celebrating-the-international-womans-day-03-08-2023,news,Celebrating the International Woman’s Day,2023-03-08,200
https://www.smbbmu.edu.pk/beta/uploads/gallery/events/1679641472new_photo - 2_thumb.jpeg,image,1679641472new-photo-2-thumb-31476b5a.jpeg,,200
https://www.smbbmu.edu.pk/beta/uploads/gallery/events/1679641470new_photo - 6_thumb.jpeg,image,1679641470new-photo-6-thumb-e70968c6.jpeg,,200
https://www.smbbmu.edu.pk/beta/uploads/gallery/events/1679641469new_photo - 8_thumb.jpeg,image,1679641469new-photo-8-thumb-22c69400.jpeg,,200
https://www.smbbmu.edu.pk/beta/uploads/gallery/events/1679641466new_photo - 3_thumb.jpeg,image,1679641466new-photo-3-thumb-99426b90.jpeg,,200
https://www.smbbmu.edu.pk/beta/uploads/gallery/events/1679641463new_photo - 4_thumb.jpeg,image,1679641463new-photo-4-thumb-2fcb921b.jpeg,,200
https://www.smbbmu.edu.pk/beta/uploads/gallery/events/thumbs/1679641472new_photo - 2_thumb.jpeg,image,1679641472new-photo-2-thumb-fd45d915.jpeg,,200
https://www.smbbmu.edu.pk/beta/uploads/gallery/events/thumbs/1679641470new_photo - 6_thumb.jpeg,image,1679641470new-photo-6-thumb-cb5ab537.jpeg,,200
https://www.smbbmu.edu.pk/beta/uploads/gallery/events/thumbs/1679641469new_photo - 8_thumb.jpeg,image,1679641469new-photo-8-thumb-98600b16.jpeg,,200
https://www.smbbmu.edu.pk/beta/uploads/gallery/events/thumbs/1679641466new_photo - 3_thumb.jpeg,image,1679641466new-photo-3-thumb-252519a1.jpeg,,200
https://www.smbbmu.edu.pk/beta/uploads/gallery/events/thumbs/1679641463new_photo - 4_thumb.jpeg,image,1679641463new-photo-4-thumb-165892a2.jpeg,,200
https://www.smbbmu.edu.pk/beta/news/details/symposium-on-healthy-liver-for-all-03-04-2023,news,Symposium on Healthy Liver for All,2023-03-04,200
https://www.smbbmu.edu.pk/beta/uploads/gallery/events/1678090049new_photo - 2_thumb.jpeg,image,1678090049new-photo-2-thumb-87af55fe.jpeg,,200
https://www.smbbmu.edu.pk/beta/uploads/gallery/events/1678089763new_photo - 1_thumb.jpeg,image,1678089763new-photo-1-thumb-e5859f43.jpeg,,200
https://www.smbbmu.edu.pk/beta/uploads/gallery/events/1678089760new_photo - 3_thumb.jpeg,image,1678089760new-photo-3-thumb-ae73fc09.jpeg,,200
https://www.smbbmu.edu.pk/beta/uploads/gallery/events/1678089760new_photo - 5_thumb.jpeg,image,1678089760new-photo-5-thumb-a705b654.jpeg,,200
https://www.smbbmu.edu.pk/beta/uploads/gallery/events/thumbs/1678090049new_photo - 2_thumb.jpeg,image,1678090049new-photo-2-thumb-5f88be72.jpeg,,200
https://www.smbbmu.edu.pk/beta/uploads/gallery/events/thumbs/1678089763new_photo - 1_thumb.jpeg,image,1678089763new-photo-1-thumb-74f25261.jpeg,,200
https://www.smbbmu.edu.pk/beta/uploads/gallery/events/thumbs/1678089760new_photo - 3_thumb.jpeg,image,1678089760new-photo-3-thumb-5a4eba13.jpeg,,200
https://www.smbbmu.edu.pk/beta/uploads/gallery/events/thumbs/1678089760new_photo - 5_thumb.jpeg,image,1678089760new-photo-5-thumb-73d6432c.jpeg,,200
https://www.smbbmu.edu.pk/beta/news/details/smbbmu-employees-service-structurebps-scale-upgradationpromotion-orders-served-by-madam-nusrat-shah-the-vice-chancellor-smbbmu-larkana-03-01-2023,news,"SMBBMU Employees Service Structure/BPS-Scale upgradation/promotion orders served by Madam Nusrat Shah the Vice Chancellor SMBBMU, Larkana.",2023-03-01,200
https://www.smbbmu.edu.pk/beta/uploads/gallery/events/1679297901new_photo - 1_thumb.jpeg,image,1679297901new-photo-1-thumb-22133a5d.jpeg,,200
https://www.smbbmu.edu.pk/beta/uploads/gallery/events/1679297898new_photo - 3_thumb.jpeg,image,1679297898new-photo-3-thumb-eef0606d.jpeg,,200
https://www.smbbmu.edu.pk/beta/uploads/gallery/events/1679297897new_photo - 2_thumb.jpeg,image,1679297897new-photo-2-thumb-0ef93b55.jpeg,,200
https://www.smbbmu.edu.pk/beta/uploads/gallery/events/thumbs/1679297901new_photo - 1_thumb.jpeg,image,1679297901new-photo-1-thumb-d81ffee5.jpeg,,200
https://www.smbbmu.edu.pk/beta/uploads/gallery/events/thumbs/1679297898new_photo - 3_thumb.jpeg,image,1679297898new-photo-3-thumb-4c91f910.jpeg,,200
https://www.smbbmu.edu.pk/beta/uploads/gallery/events/thumbs/1679297897new_photo - 2_thumb.jpeg,image,1679297897new-photo-2-thumb-fd003123.jpeg,,200
https://www.smbbmu.edu.pk/beta/news/details/workshop-on-how-to-conduct-research-02-28-2023,news,Workshop on How to Conduct Research,2023-02-28,200
https://www.smbbmu.edu.pk/beta/uploads/gallery/events/1681474235new_photo - 1_thumb.jpeg,image,1681474235new-photo-1-thumb-ff6ee604.jpeg,,200
https://www.smbbmu.edu.pk/beta/uploads/gallery/events/1681474234new_photo - 2_thumb.jpeg,image,1681474234new-photo-2-thumb-b1290089.jpeg,,200
https://www.smbbmu.edu.pk/beta/uploads/gallery/events/1681474233new_photo - 3_thumb.jpeg,image,1681474233new-photo-3-thumb-6fb4b83e.jpeg,,200
https://www.smbbmu.edu.pk/beta/uploads/gallery/events/1681474231new_photo - 5_thumb.jpeg,image,1681474231new-photo-5-thumb-09f95e86.jpeg,,200
https://www.smbbmu.edu.pk/beta/uploads/gallery/events/1681474229new_photo - 4_thumb.jpeg,image,1681474229new-photo-4-thumb-7a5b222f.jpeg,,200
https://www.smbbmu.edu.pk/beta/uploads/gallery/events/thumbs/1681474235new_photo - 1_thumb.jpeg,image,1681474235new-photo-1-thumb-7f58c514.jpeg,,200
https://www.smbbmu.edu.pk/beta/uploads/gallery/events/thumbs/1681474234new_photo - 2_thumb.jpeg,image,1681474234new-photo-2-thumb-71e68bdd.jpeg,,200
https://www.smbbmu.edu.pk/beta/uploads/gallery/events/thumbs/1681474233new_photo - 3_thumb.jpeg,image,1681474233new-photo-3-thumb-5e68878b.jpeg,,200
https://www.smbbmu.edu.pk/beta/uploads/gallery/events/thumbs/1681474231new_photo - 5_thumb.jpeg,image,1681474231new-photo-5-thumb-a539c0fd.jpeg,,200
https://www.smbbmu.edu.pk/beta/uploads/gallery/events/thumbs/1681474229new_photo - 4_thumb.jpeg,image,1681474229new-photo-4-thumb-03bd32bd.jpeg,,200
https://www.smbbmu.edu.pk/beta/news/details/hec-visit-at-smbbmu-for-postgraduate-training-evaluation-02-08-2023,news,HEC visit at SMBBMU for Postgraduate Training Evaluation,2023-02-08,200
https://www.smbbmu.edu.pk/beta/uploads/gallery/events/1677863902new_photo - 1_thumb.jpeg,image,1677863902new-photo-1-thumb-ed86a421.jpeg,,200
https://www.smbbmu.edu.pk/beta/uploads/gallery/events/1677863900new_photo - 2_thumb.jpeg,image,1677863900new-photo-2-thumb-eb2568d5.jpeg,,200
https://www.smbbmu.edu.pk/beta/uploads/gallery/events/thumbs/1677863902new_photo - 1_thumb.jpeg,image,1677863902new-photo-1-thumb-4f2894e3.jpeg,,200
https://www.smbbmu.edu.pk/beta/uploads/gallery/events/thumbs/1677863900new_photo - 2_thumb.jpeg,image,1677863900new-photo-2-thumb-0250a0f3.jpeg,,200
https://www.smbbmu.edu.pk/beta/news/details/faculty-development-workshop-on-scholarrx-online-course-for-usmle-01-29-2023,news,Faculty development workshop on ScholarRx online course for USMLE,2023-01-29,200
https://www.smbbmu.edu.pk/beta/uploads/gallery/events/1677843935new_photo - 1_thumb.jpeg,image,1677843935new-photo-1-thumb-2a0ecd6b.jpeg,,200
https://www.smbbmu.edu.pk/beta/uploads/gallery/events/1677843637new_photo - 1 (1)_thumb.jpeg,image,1677843637new-photo-1-1-thumb-b9c6ed4c.jpeg,,200
https://www.smbbmu.edu.pk/beta/uploads/gallery/events/thumbs/1677843935new_photo - 1_thumb.jpeg,image,1677843935new-photo-1-thumb-eb442755.jpeg,,200
https://www.smbbmu.edu.pk/beta/uploads/gallery/events/thumbs/1677843637new_photo - 1 (1)_thumb.jpeg,image,1677843637new-photo-1-1-thumb-c426e7b9.jpeg,,200
https://www.smbbmu.edu.pk/beta/news/details/28th-academic-council-meeting-01-26-2023,news,28th Academic Council Meeting,2023-01-26,200
https://www.smbbmu.edu.pk/beta/uploads/gallery/events/1677827682new_photo - 1 (2)_thumb.jpeg,image,1677827682new-photo-1-2-thumb-c60aac6c.jpeg,,200
https://www.smbbmu.edu.pk/beta/uploads/gallery/events/1677825288new_photo - 1 (1)_thumb.jpeg,image,1677825288new-photo-1-1-thumb-1f6e7fc5.jpeg,,200
https://www.smbbmu.edu.pk/beta/uploads/gallery/events/1677825286new_photo - 1_thumb.jpeg,image,1677825286new-photo-1-thumb-63792cb1.jpeg,,200
https://www.smbbmu.edu.pk/beta/uploads/gallery/events/thumbs/1677827682new_photo - 1 (2)_thumb.jpeg,image,1677827682new-photo-1-2-thumb-df0d490b.jpeg,,200
https://www.smbbmu.edu.pk/beta/uploads/gallery/events/thumbs/1677825288new_photo - 1 (1)_thumb.jpeg,image,1677825288new-photo-1-1-thumb-5a713ce7.jpeg,,200
https://www.smbbmu.edu.pk/beta/uploads/gallery/events/thumbs/1677825286new_photo - 1_thumb.jpeg,image,1677825286new-photo-1-thumb-0ef0dd39.jpeg,,200
https://www.smbbmu.edu.pk/beta/news/details/meeting-of-hospital-management-board-07-31-2021,news,Meeting of Hospital Management Board,2021-07-31,200
https://www.smbbmu.edu.pk/beta/uploads/gallery/events/1627978122pic2_thumb.jpeg,image,1627978122pic2-thumb-1c95c87f.jpeg,,200
https://www.smbbmu.edu.pk/beta/uploads/gallery/events/1627978114pic5_thumb.jpeg,image,1627978114pic5-thumb-5f8a9a28.jpeg,,200
https://www.smbbmu.edu.pk/beta/uploads/gallery/events/1627978100pic4_thumb.jpeg,image,1627978100pic4-thumb-adbcbd57.jpeg,,200
https://www.smbbmu.edu.pk/beta/uploads/gallery/events/1627978100pic3_thumb.jpeg,image,1627978100pic3-thumb-e42503ad.jpeg,,200
https://www.smbbmu.edu.pk/beta/uploads/gallery/events/thumbs/1627978122pic2_thumb.jpeg,image,1627978122pic2-thumb-47de6432.jpeg,,200
https://www.smbbmu.edu.pk/beta/uploads/gallery/events/thumbs/1627978114pic5_thumb.jpeg,image,1627978114pic5-thumb-57daf288.jpeg,,200
https://www.smbbmu.edu.pk/beta/uploads/gallery/events/thumbs/1627978100pic4_thumb.jpeg,image,1627978100pic4-thumb-8220686f.jpeg,,200
https://www.smbbmu.edu.pk/beta/uploads/gallery/events/thumbs/1627978100pic3_thumb.jpeg,image,1627978100pic3-thumb-131fc3b0.jpeg,,200
https://www.smbbmu.edu.pk/beta/news/details/phd-program-meetings-07-31-2021,news,PhD Program Meetings,2021-07-31,200
https://www.smbbmu.edu.pk/beta/uploads/gallery/events/1627979460pic11_thumb.jpeg,image,1627979460pic11-thumb-9e695506.jpeg,,200
https://www.smbbmu.edu.pk/beta/uploads/gallery/events/1627979427pic10_thumb.jpeg,image,1627979427pic10-thumb-f9e10a58.jpeg,,200
https://www.smbbmu.edu.pk/beta/uploads/gallery/events/1627979398pic9_thumb.jpeg,image,1627979398pic9-thumb-da60da69.jpeg,,200
https://www.smbbmu.edu.pk/beta/uploads/gallery/events/1627979334pic8_thumb.jpeg,image,1627979334pic8-thumb-7b67fbaa.jpeg,,200
https://www.smbbmu.edu.pk/beta/uploads/gallery/events/1627979332pic7_thumb.jpeg,image,1627979332pic7-thumb-3b35cc77.jpeg,,200
https://www.smbbmu.edu.pk/beta/uploads/gallery/events/1627979313pic6_thumb.jpeg,image,1627979313pic6-thumb-9b70fcbb.jpeg,,200
https://www.smbbmu.edu.pk/beta/uploads/gallery/events/1627979313pic5_thumb.jpeg,image,1627979313pic5-thumb-a61647ea.jpeg,,200
https://www.smbbmu.edu.pk/beta/uploads/gallery/events/1627979216pic3 - Copy_thumb.jpeg,image,1627979216pic3-copy-thumb-6a2dcdfb.jpeg,,200
https://www.smbbmu.edu.pk/beta/uploads/gallery/events/1627979216pic1 - Copy_thumb.jpeg,image,1627979216pic1-copy-thumb-5ba8e891.jpeg,,200
https://www.smbbmu.edu.pk/beta/uploads/gallery/events/1627979203pic2_thumb.jpeg,image,1627979203pic2-thumb-d888c417.jpeg,,200
https://www.smbbmu.edu.pk/beta/uploads/gallery/events/thumbs/1627979460pic11_thumb.jpeg,image,1627979460pic11-thumb-9a45d958.jpeg,,200
https://www.smbbmu.edu.pk/beta/uploads/gallery/events/thumbs/1627979427pic10_thumb.jpeg,image,1627979427pic10-thumb-33f914bb.jpeg,,200
https://www.smbbmu.edu.pk/beta/uploads/gallery/events/thumbs/1627979398pic9_thumb.jpeg,image,1627979398pic9-thumb-fe1a9ca8.jpeg,,200
https://www.smbbmu.edu.pk/beta/uploads/gallery/events/thumbs/1627979334pic8_thumb.jpeg,image,1627979334pic8-thumb-b556c752.jpeg,,200
https://www.smbbmu.edu.pk/beta/uploads/gallery/events/thumbs/1627979332pic7_thumb.jpeg,image,1627979332pic7-thumb-415096eb.jpeg,,200
https://www.smbbmu.edu.pk/beta/uploads/gallery/events/thumbs/1627979313pic6_thumb.jpeg,image,1627979313pic6-thumb-3f06e3d7.jpeg,,200
https://www.smbbmu.edu.pk/beta/uploads/gallery/events/thumbs/1627979313pic5_thumb.jpeg,image,1627979313pic5-thumb-556bdd62.jpeg,,200
https://www.smbbmu.edu.pk/beta/uploads/gallery/events/thumbs/1627979216pic3 - Copy_thumb.jpeg,image,1627979216pic3-copy-thumb-a70257c9.jpeg,,200
https://www.smbbmu.edu.pk/beta/uploads/gallery/events/thumbs/1627979216pic1 - Copy_thumb.jpeg,image,1627979216pic1-copy-thumb-e9cd58bb.jpeg,,200
https://www.smbbmu.edu.pk/beta/uploads/gallery/events/thumbs/1627979203pic2_thumb.jpeg,image,1627979203pic2-thumb-704b5da8.jpeg,,200
https://www.smbbmu.edu.pk/beta/news/details/visit-of-goc-pano-aqil-to-smbbmu-07-12-2021,news,Visit of GOC Pano Aqil to SMBBMU,2021-07-12,200
https://www.smbbmu.edu.pk/beta/uploads/gallery/events/1626440546image9_thumb.jpeg,image,1626440546image9-thumb-b5658c4c.jpeg,,200
https://www.smbbmu.edu.pk/beta/uploads/gallery/events/1626440535image6_thumb.jpeg,image,1626440535image6-thumb-89aff47b.jpeg,,200
https://www.smbbmu.edu.pk/beta/uploads/gallery/events/1626440534image5_thumb.jpeg,image,1626440534image5-thumb-8c759bea.jpeg,,200
https://www.smbbmu.edu.pk/beta/uploads/gallery/events/1626440534image4_thumb.jpeg,image,1626440534image4-thumb-91999907.jpeg,,200
https://www.smbbmu.edu.pk/beta/uploads/gallery/events/1626440531image3_thumb.jpeg,image,1626440531image3-thumb-7714d17d.jpeg,,200
https://www.smbbmu.edu.pk/beta/uploads/gallery/events/1626440531image7_thumb.jpeg,image,1626440531image7-thumb-0ec6e9db.jpeg,,200
https://www.smbbmu.edu.pk/beta/uploads/gallery/events/1626440521image2_thumb.jpeg,image,1626440521image2-thumb-5949042f.jpeg,,200
https://www.smbbmu.edu.pk/beta/uploads/gallery/events/1626440519image1_thumb.jpeg,image,1626440519image1-thumb-80dbf109.jpeg,,200
https://www.smbbmu.edu.pk/beta/uploads/gallery/events/1626440519coverrPhot_thumb.jpeg,image,1626440519coverrphot-thumb-14831a1c.jpeg,,200
https://www.smbbmu.edu.pk/beta/uploads/gallery/events/162644051715_thumb.jpeg,image,162644051715-thumb-9c6b20fa.jpeg,,200
https://www.smbbmu.edu.pk/beta/uploads/gallery/events/162644051616_thumb.jpeg,image,162644051616-thumb-47b0196b.jpeg,,200
https://www.smbbmu.edu.pk/beta/uploads/gallery/events/162644048013_thumb.jpeg,image,162644048013-thumb-ad533890.jpeg,,200
https://www.smbbmu.edu.pk/beta/uploads/gallery/events/162644047811_thumb.jpeg,image,162644047811-thumb-4bf100e8.jpeg,,200
https://www.smbbmu.edu.pk/beta/uploads/gallery/events/162644047812_thumb.jpeg,image,162644047812-thumb-1143ee89.jpeg,,200
https://www.smbbmu.edu.pk/beta/uploads/gallery/events/162644047514_thumb.jpeg,image,162644047514-thumb-7a700c57.jpeg,,200
https://www.smbbmu.edu.pk/beta/uploads/gallery/events/162644047510_thumb.jpeg,image,162644047510-thumb-aeb1cf22.jpeg,,200
https://www.smbbmu.edu.pk/beta/uploads/gallery/events/thumbs/1626440546image9_thumb.jpeg,image,1626440546image9-thumb-8a5153fc.jpeg,,200
https://www.smbbmu.edu.pk/beta/uploads/gallery/events/thumbs/1626440535image6_thumb.jpeg,image,1626440535image6-thumb-614f6b9f.jpeg,,200
https://www.smbbmu.edu.pk/beta/uploads/gallery/events/thumbs/1626440534image5_thumb.jpeg,image,1626440534image5-thumb-0ed8d2b9.jpeg,,200
https://www.smbbmu.edu.pk/beta/uploads/gallery/events/thumbs/1626440534image4_thumb.jpeg,image,1626440534image4-thumb-e150f216.jpeg,,200
https://www.smbbmu.edu.pk/beta/uploads/gallery/events/thumbs/1626440531image3_thumb.jpeg,image,1626440531image3-thumb-cd92e716.jpeg,,200
https://www.smbbmu.edu.pk/beta/uploads/gallery/events/thumbs/1626440531image7_thumb.jpeg,image,1626440531image7-thumb-1afe0d57.jpeg,,200
https://www.smbbmu.edu.pk/beta/uploads/gallery/events/thumbs/1626440521image2_thumb.jpeg,image,1626440521image2-thumb-b0fbad52.jpeg,,200
https://www.smbbmu.edu.pk/beta/uploads/gallery/events/thumbs/1626440519image1_thumb.jpeg,image,1626440519image1-thumb-b013887f.jpeg,,200
https://www.smbbmu.edu.pk/beta/uploads/gallery/events/thumbs/1626440519coverrPhot_thumb.jpeg,image,1626440519coverrphot-thumb-7e3b3a8f.jpeg,,200
https://www.smbbmu.edu.pk/beta/uploads/gallery/events/thumbs/162644051715_thumb.jpeg,image,162644051715-thumb-befc6b04.jpeg,,200
https://www.smbbmu.edu.pk/beta/uploads/gallery/events/thumbs/162644051616_thumb.jpeg,image,162644051616-thumb-f2b2d80e.jpeg,,200
https://www.smbbmu.edu.pk/beta/uploads/gallery/events/thumbs/162644048013_thumb.jpeg,image,162644048013-thumb-54fe36d1.jpeg,,200
https://www.smbbmu.edu.pk/beta/uploads/gallery/events/thumbs/162644047811_thumb.jpeg,image,162644047811-thumb-bda2cff7.jpeg,,200
https://www.smbbmu.edu.pk/beta/uploads/gallery/events/thumbs/162644047812_thumb.jpeg,image,162644047812-thumb-0c4a9ead.jpeg,,200
https://www.smbbmu.edu.pk/beta/uploads/gallery/events/thumbs/162644047514_thumb.jpeg,image,162644047514-thumb-c1ea9805.jpeg,,200
https://www.smbbmu.edu.pk/beta/uploads/gallery/events/thumbs/162644047510_thumb.jpeg,image,162644047510-thumb-39835e92.jpeg,,200
https://www.smbbmu.edu.pk/beta/news/details/meeting-on-library-project-01-25-2021,news,Meeting on Library Project,2021-01-25,200
https://www.smbbmu.edu.pk/beta/uploads/gallery/events/1613841456DSC_0133_thumb.JPG,image,1613841456dsc-0133-thumb-36c7459f.jpg,,200
https://www.smbbmu.edu.pk/beta/uploads/gallery/events/1613841438DSC_0144_thumb.JPG,image,1613841438dsc-0144-thumb-1557db08.jpg,,200
https://www.smbbmu.edu.pk/beta/uploads/gallery/events/1613841436DSC_0131_thumb.JPG,image,1613841436dsc-0131-thumb-ad065ebb.jpg,,200
https://www.smbbmu.edu.pk/beta/uploads/gallery/events/1613841416DSC_0129_thumb.JPG,image,1613841416dsc-0129-thumb-ce137357.jpg,,200
https://www.smbbmu.edu.pk/beta/uploads/gallery/events/thumbs/1613841456DSC_0133_thumb.JPG,image,1613841456dsc-0133-thumb-013a38df.jpg,,200
https://www.smbbmu.edu.pk/beta/uploads/gallery/events/thumbs/1613841438DSC_0144_thumb.JPG,image,1613841438dsc-0144-thumb-35e7628a.jpg,,200
https://www.smbbmu.edu.pk/beta/uploads/gallery/events/thumbs/1613841436DSC_0131_thumb.JPG,image,1613841436dsc-0131-thumb-46155267.jpg,,200
https://www.smbbmu.edu.pk/beta/uploads/gallery/events/thumbs/1613841416DSC_0129_thumb.JPG,image,1613841416dsc-0129-thumb-4f536a53.jpg,,200
https://www.smbbmu.edu.pk/beta/news/details/meeting-of-hospital-management-board-01-13-2021,news,Meeting of Hospital Management Board,2021-01-13,200
https://www.smbbmu.edu.pk/beta/uploads/gallery/events/1613841731DSC_0021_thumb.JPG,image,1613841731dsc-0021-thumb-33aebad0.jpg,,200
https://www.smbbmu.edu.pk/beta/uploads/gallery/events/1613841606DSC_0029_thumb.JPG,image,1613841606dsc-0029-thumb-b19d0a5b.jpg,,200
https://www.smbbmu.edu.pk/beta/uploads/gallery/events/1613841600DSC_0030_thumb.JPG,image,1613841600dsc-0030-thumb-82628416.jpg,,200
https://www.smbbmu.edu.pk/beta/uploads/gallery/events/1613841576DSC_0014_thumb.JPG,image,1613841576dsc-0014-thumb-e0fd2245.jpg,,200
https://www.smbbmu.edu.pk/beta/uploads/gallery/events/1613841575DSC_0004_thumb.JPG,image,1613841575dsc-0004-thumb-9f1efad8.jpg,,200
https://www.smbbmu.edu.pk/beta/uploads/gallery/events/thumbs/1613841731DSC_0021_thumb.JPG,image,1613841731dsc-0021-thumb-8ded871e.jpg,,200
https://www.smbbmu.edu.pk/beta/uploads/gallery/events/thumbs/1613841606DSC_0029_thumb.JPG,image,1613841606dsc-0029-thumb-a28c9265.jpg,,200
https://www.smbbmu.edu.pk/beta/uploads/gallery/events/thumbs/1613841600DSC_0030_thumb.JPG,image,1613841600dsc-0030-thumb-20651aed.jpg,,200
https://www.smbbmu.edu.pk/beta/uploads/gallery/events/thumbs/1613841576DSC_0014_thumb.JPG,image,1613841576dsc-0014-thumb-8383099b.jpg,,200
https://www.smbbmu.edu.pk/beta/uploads/gallery/events/thumbs/1613841575DSC_0004_thumb.JPG,image,1613841575dsc-0004-thumb-0cd1c427.jpg,,200
https://www.smbbmu.edu.pk/beta/news/details/interviews-of-postgraduate-students-for-sesssion-january-2020-01-04-2021,news,Interviews of Postgraduate Students for Sesssion January 2020,2021-01-04,200
https://www.smbbmu.edu.pk/beta/uploads/gallery/events/1613840905DSC_0042_thumb.JPG,image,1613840905dsc-0042-thumb-ed0f626a.jpg,,200
https://www.smbbmu.edu.pk/beta/uploads/gallery/events/1613840897DSC_0074_thumb.JPG,image,1613840897dsc-0074-thumb-2120c6a1.jpg,,200
https://www.smbbmu.edu.pk/beta/uploads/gallery/events/1613840888DSC_0028_thumb.JPG,image,1613840888dsc-0028-thumb-5af0e6a6.jpg,,200
https://www.smbbmu.edu.pk/beta/uploads/gallery/events/1613840884DSC_0026_thumb.JPG,image,1613840884dsc-0026-thumb-e239a74c.jpg,,200
https://www.smbbmu.edu.pk/beta/uploads/gallery/events/thumbs/1613840905DSC_0042_thumb.JPG,image,1613840905dsc-0042-thumb-45519417.jpg,,200
https://www.smbbmu.edu.pk/beta/uploads/gallery/events/thumbs/1613840897DSC_0074_thumb.JPG,image,1613840897dsc-0074-thumb-d013b705.jpg,,200
https://www.smbbmu.edu.pk/beta/uploads/gallery/events/thumbs/1613840888DSC_0028_thumb.JPG,image,1613840888dsc-0028-thumb-ea4b5005.jpg,,200
https://www.smbbmu.edu.pk/beta/uploads/gallery/events/thumbs/1613840884DSC_0026_thumb.JPG,image,1613840884dsc-0026-thumb-e1cce187.jpg,,200
https://www.smbbmu.edu.pk/beta/news/details/20th-meeting-of-board-of-advanced-studies-research-12-21-2020,news,20th Meeting of Board of Advanced Studies & Research,2020-12-21,200
https://www.smbbmu.edu.pk/beta/uploads/gallery/events/1613842161DSC_0010_thumb.JPG,image,1613842161dsc-0010-thumb-19078882.jpg,,200
https://www.smbbmu.edu.pk/beta/uploads/gallery/events/1613842158DSC_0004_thumb.JPG,image,1613842158dsc-0004-thumb-bbf6bec7.jpg,,200
https://www.smbbmu.edu.pk/beta/uploads/gallery/events/1613842158DSC_0002_thumb.JPG,image,1613842158dsc-0002-thumb-b1f19bbd.jpg,,200
https://www.smbbmu.edu.pk/beta/uploads/gallery/events/1613842140DSC_0007_thumb.JPG,image,1613842140dsc-0007-thumb-0aac3d9f.jpg,,200
https://www.smbbmu.edu.pk/beta/uploads/gallery/events/1613842136DSC_0011_thumb.JPG,image,1613842136dsc-0011-thumb-d0d0b127.jpg,,200
https://www.smbbmu.edu.pk/beta/uploads/gallery/events/thumbs/1613842161DSC_0010_thumb.JPG,image,1613842161dsc-0010-thumb-d1bd4fe4.jpg,,200
https://www.smbbmu.edu.pk/beta/uploads/gallery/events/thumbs/1613842158DSC_0004_thumb.JPG,image,1613842158dsc-0004-thumb-c974c4d7.jpg,,200
https://www.smbbmu.edu.pk/beta/uploads/gallery/events/thumbs/1613842158DSC_0002_thumb.JPG,image,1613842158dsc-0002-thumb-82c09573.jpg,,200
https://www.smbbmu.edu.pk/beta/uploads/gallery/events/thumbs/1613842140DSC_0007_thumb.JPG,image,1613842140dsc-0007-thumb-ed123006.jpg,,200
https://www.smbbmu.edu.pk/beta/uploads/gallery/events/thumbs/1613842136DSC_0011_thumb.JPG,image,1613842136dsc-0011-thumb-6c986717.jpg,,200
https://www.smbbmu.edu.pk/beta/news/details/19th-meeting-of-board-of-advanced-studies-research-11-17-2020,news,19th Meeting of Board of Advanced Studies & Research,2020-11-17,200
https://www.smbbmu.edu.pk/beta/uploads/gallery/events/1605599786PHOTO-2020-11-17-12-16-001_thumb.jpg,image,1605599786photo-2020-11-17-12-16-001-thumb-74539fee.jpg,,200
https://www.smbbmu.edu.pk/beta/uploads/gallery/events/1605599583PHOTO-2020-11-17-12-16-01_thumb.jpg,image,1605599583photo-2020-11-17-12-16-01-thumb-71c31627.jpg,,200
https://www.smbbmu.edu.pk/beta/uploads/gallery/events/1605599580PHOTO-2020-11-17-12-16-00_thumb.jpg,image,1605599580photo-2020-11-17-12-16-00-thumb-3e692549.jpg,,200
https://www.smbbmu.edu.pk/beta/uploads/gallery/events/1605599570PHOTO-2020-11-17-12-15-58_thumb.jpg,image,1605599570photo-2020-11-17-12-15-58-thumb-b34ef6b4.jpg,,200
https://www.smbbmu.edu.pk/beta/uploads/gallery/events/thumbs/1605599786PHOTO-2020-11-17-12-16-001_thumb.jpg,image,1605599786photo-2020-11-17-12-16-001-thumb-fac9aafd.jpg,,200
https://www.smbbmu.edu.pk/beta/uploads/gallery/events/thumbs/1605599583PHOTO-2020-11-17-12-16-01_thumb.jpg,image,1605599583photo-2020-11-17-12-16-01-thumb-ab63e0df.jpg,,200
https://www.smbbmu.edu.pk/beta/uploads/gallery/events/thumbs/1605599580PHOTO-2020-11-17-12-16-00_thumb.jpg,image,1605599580photo-2020-11-17-12-16-00-thumb-2805a06f.jpg,,200
https://www.smbbmu.edu.pk/beta/uploads/gallery/events/thumbs/1605599570PHOTO-2020-11-17-12-15-58_thumb.jpg,image,1605599570photo-2020-11-17-12-15-58-thumb-d7d13b78.jpg,,200
https://www.smbbmu.edu.pk/beta/news/details/breast-cancer-day-10-20-2020,news,Breast Cancer Day,2020-10-20,200
https://www.smbbmu.edu.pk/beta/uploads/gallery/events/1613842065DSC_0089_thumb.JPG,image,1613842065dsc-0089-thumb-859522d4.jpg,,200
https://www.smbbmu.edu.pk/beta/uploads/gallery/events/1613842056DSC_0108_thumb.JPG,image,1613842056dsc-0108-thumb-ce79bc39.jpg,,200
https://www.smbbmu.edu.pk/beta/uploads/gallery/events/1613842051DSC_0091_thumb.JPG,image,1613842051dsc-0091-thumb-d4358a77.jpg,,200
https://www.smbbmu.edu.pk/beta/uploads/gallery/events/1613842031DSC_0012_thumb.JPG,image,1613842031dsc-0012-thumb-e2f503e9.jpg,,200
https://www.smbbmu.edu.pk/beta/uploads/gallery/events/thumbs/1613842065DSC_0089_thumb.JPG,image,1613842065dsc-0089-thumb-8eb088f8.jpg,,200
https://www.smbbmu.edu.pk/beta/uploads/gallery/events/thumbs/1613842056DSC_0108_thumb.JPG,image,1613842056dsc-0108-thumb-5ad616da.jpg,,200
https://www.smbbmu.edu.pk/beta/uploads/gallery/events/thumbs/1613842051DSC_0091_thumb.JPG,image,1613842051dsc-0091-thumb-0bec998f.jpg,,200
https://www.smbbmu.edu.pk/beta/uploads/gallery/events/thumbs/1613842031DSC_0012_thumb.JPG,image,1613842031dsc-0012-thumb-04c82a26.jpg,,200
https://www.smbbmu.edu.pk/beta/news/details/academic-council-10-19-2020,news,Academic Council,2020-10-19,200
https://www.smbbmu.edu.pk/beta/uploads/gallery/events/1613842210DSC_3782_thumb.JPG,image,1613842210dsc-3782-thumb-37268ae9.jpg,,200
https://www.smbbmu.edu.pk/beta/uploads/gallery/events/1613842206DSC_3792_thumb.JPG,image,1613842206dsc-3792-thumb-6d0bd21a.jpg,,200
https://www.smbbmu.edu.pk/beta/uploads/gallery/events/1613842204DSC_3789_thumb.JPG,image,1613842204dsc-3789-thumb-cfecf9aa.jpg,,200
https://www.smbbmu.edu.pk/beta/uploads/gallery/events/1613842180DSC_3779_thumb.JPG,image,1613842180dsc-3779-thumb-ac001d4a.jpg,,200
https://www.smbbmu.edu.pk/beta/uploads/gallery/events/1613842176DSC_3768_thumb.JPG,image,1613842176dsc-3768-thumb-d9061519.jpg,,200
https://www.smbbmu.edu.pk/beta/uploads/gallery/events/thumbs/1613842210DSC_3782_thumb.JPG,image,1613842210dsc-3782-thumb-5d62d86e.jpg,,200
https://www.smbbmu.edu.pk/beta/uploads/gallery/events/thumbs/1613842206DSC_3792_thumb.JPG,image,1613842206dsc-3792-thumb-47d66cc5.jpg,,200
https://www.smbbmu.edu.pk/beta/uploads/gallery/events/thumbs/1613842204DSC_3789_thumb.JPG,image,1613842204dsc-3789-thumb-8e072b22.jpg,,200
https://www.smbbmu.edu.pk/beta/uploads/gallery/events/thumbs/1613842180DSC_3779_thumb.JPG,image,1613842180dsc-3779-thumb-dbd89e9f.jpg,,200
https://www.smbbmu.edu.pk/beta/uploads/gallery/events/thumbs/1613842176DSC_3768_thumb.JPG,image,1613842176dsc-3768-thumb-eed5f0cc.jpg,,200
https://www.smbbmu.edu.pk/beta/news/details/academic-council-09-12-2020,news,Academic Council,2020-09-12,200
https://www.smbbmu.edu.pk/beta/uploads/gallery/events/1613842249DSC_3713_thumb.JPG,image,1613842249dsc-3713-thumb-f96d4de1.jpg,,200
https://www.smbbmu.edu.pk/beta/uploads/gallery/events/1613842248DSC_3727_thumb.JPG,image,1613842248dsc-3727-thumb-4df32431.jpg,,200
https://www.smbbmu.edu.pk/beta/uploads/gallery/events/1613842234DSC_3707_thumb.JPG,image,1613842234dsc-3707-thumb-af2f46f0.jpg,,200
https://www.smbbmu.edu.pk/beta/uploads/gallery/events/1613842227DSC_3706_thumb.JPG,image,1613842227dsc-3706-thumb-042e132a.jpg,,200
https://www.smbbmu.edu.pk/beta/uploads/gallery/events/thumbs/1613842249DSC_3713_thumb.JPG,image,1613842249dsc-3713-thumb-e66a655b.jpg,,200
https://www.smbbmu.edu.pk/beta/uploads/gallery/events/thumbs/1613842248DSC_3727_thumb.JPG,image,1613842248dsc-3727-thumb-b60b6853.jpg,,200
https://www.smbbmu.edu.pk/beta/uploads/gallery/events/thumbs/1613842234DSC_3707_thumb.JPG,image,1613842234dsc-3707-thumb-66724481.jpg,,200
https://www.smbbmu.edu.pk/beta/uploads/gallery/events/thumbs/1613842227DSC_3706_thumb.JPG,image,1613842227dsc-3706-thumb-de5c961e.jpg,,200
https://www.smbbmu.edu.pk/beta/news/details/chairman-hec-dr-tariq-banuri-visit-of-smbbmu-larkana-and-ground-breaking-of-boys-hostel-at-main-arija-campus-01-20-2020,news,"Chairman HEC Dr. Tariq Banuri visit of SMBBMU, Larkana and ground breaking of boys hostel at Main Arija Campus",2020-01-20,200
https://www.smbbmu.edu.pk/beta/uploads/gallery/events/1605115118NIKON D3300022_thumb.JPG,image,1605115118nikon-d3300022-thumb-1668b204.jpg,,200
https://www.smbbmu.edu.pk/beta/uploads/gallery/events/1605115113NIKON D3300043_thumb.JPG,image,1605115113nikon-d3300043-thumb-f8f5603d.jpg,,200
https://www.smbbmu.edu.pk/beta/uploads/gallery/events/1605115107NIKON D3300702_thumb.JPG,image,1605115107nikon-d3300702-thumb-22ccd39b.jpg,,200
https://www.smbbmu.edu.pk/beta/uploads/gallery/events/1605115099NIKON D33001690_thumb.JPG,image,1605115099nikon-d33001690-thumb-3491e4e4.jpg,,200
https://www.smbbmu.edu.pk/beta/uploads/gallery/events/1605115090NIKON D33001806_thumb.JPG,image,1605115090nikon-d33001806-thumb-47b3b721.jpg,,200
https://www.smbbmu.edu.pk/beta/uploads/gallery/events/1605115075NIKON D33001807_thumb.JPG,image,1605115075nikon-d33001807-thumb-0b035986.jpg,,200
https://www.smbbmu.edu.pk/beta/uploads/gallery/events/1605115065NIKON D33001888_thumb.JPG,image,1605115065nikon-d33001888-thumb-0aeb8e09.jpg,,200
https://www.smbbmu.edu.pk/beta/uploads/gallery/events/1605115045NIKON D33001858_thumb.jpg,image,1605115045nikon-d33001858-thumb-2c23b19a.jpg,,200
https://www.smbbmu.edu.pk/beta/uploads/gallery/events/1605115037NIKON D33001873_thumb.JPG,image,1605115037nikon-d33001873-thumb-1081dbb9.jpg,,200
https://www.smbbmu.edu.pk/beta/uploads/gallery/events/thumbs/1605115118NIKON D3300022_thumb.JPG,image,1605115118nikon-d3300022-thumb-b6bacdfa.jpg,,200
https://www.smbbmu.edu.pk/beta/uploads/gallery/events/thumbs/1605115113NIKON D3300043_thumb.JPG,image,1605115113nikon-d3300043-thumb-a39ad032.jpg,,200
https://www.smbbmu.edu.pk/beta/uploads/gallery/events/thumbs/1605115107NIKON D3300702_thumb.JPG,image,1605115107nikon-d3300702-thumb-61d08dc8.jpg,,200
https://www.smbbmu.edu.pk/beta/uploads/gallery/events/thumbs/1605115099NIKON D33001690_thumb.JPG,image,1605115099nikon-d33001690-thumb-ceb31a65.jpg,,200
https://www.smbbmu.edu.pk/beta/uploads/gallery/events/thumbs/1605115090NIKON D33001806_thumb.JPG,image,1605115090nikon-d33001806-thumb-253816a1.jpg,,200
https://www.smbbmu.edu.pk/beta/uploads/gallery/events/thumbs/1605115075NIKON D33001807_thumb.JPG,image,1605115075nikon-d33001807-thumb-d908c538.jpg,,200
https://www.smbbmu.edu.pk/beta/uploads/gallery/events/thumbs/1605115065NIKON D33001888_thumb.JPG,image,1605115065nikon-d33001888-thumb-0809bf1e.jpg,,200
https://www.smbbmu.edu.pk/beta/uploads/gallery/events/thumbs/1605115045NIKON D33001858_thumb.jpg,image,1605115045nikon-d33001858-thumb-12141d41.jpg,,200
https://www.smbbmu.edu.pk/beta/uploads/gallery/events/thumbs/1605115037NIKON D33001873_thumb.JPG,image,1605115037nikon-d33001873-thumb-11c4b5ae.jpg,,200
https://www.smbbmu.edu.pk/beta/news/details/8th-finance-planning-committee-meeting-01-16-2020,news,8th Finance Planning Committee Meeting,2020-01-16,200
https://www.smbbmu.edu.pk/beta/uploads/gallery/events/1605113156NIKON D3300684_thumb.JPG,image,1605113156nikon-d3300684-thumb-84c695a9.jpg,,200
https://www.smbbmu.edu.pk/beta/uploads/gallery/events/1605113143NIKON D3300672_thumb.JPG,image,1605113143nikon-d3300672-thumb-92276cab.jpg,,200
https://www.smbbmu.edu.pk/beta/uploads/gallery/events/1605113143NIKON D3300670_thumb.JPG,image,1605113143nikon-d3300670-thumb-a7ec2beb.jpg,,200
https://www.smbbmu.edu.pk/beta/uploads/gallery/events/1605113120NIKON D3300677_thumb.JPG,image,1605113120nikon-d3300677-thumb-368831a5.jpg,,200
https://www.smbbmu.edu.pk/beta/uploads/gallery/events/1605113120NIKON D3300674_thumb.JPG,image,1605113120nikon-d3300674-thumb-14a9be8c.jpg,,200
https://www.smbbmu.edu.pk/beta/uploads/gallery/events/thumbs/1605113156NIKON D3300684_thumb.JPG,image,1605113156nikon-d3300684-thumb-674e905b.jpg,,200
https://www.smbbmu.edu.pk/beta/uploads/gallery/events/thumbs/1605113143NIKON D3300672_thumb.JPG,image,1605113143nikon-d3300672-thumb-e9b763b7.jpg,,200
https://www.smbbmu.edu.pk/beta/uploads/gallery/events/thumbs/1605113143NIKON D3300670_thumb.JPG,image,1605113143nikon-d3300670-thumb-a2785eb2.jpg,,200
https://www.smbbmu.edu.pk/beta/uploads/gallery/events/thumbs/1605113120NIKON D3300677_thumb.JPG,image,1605113120nikon-d3300677-thumb-f5311c92.jpg,,200
https://www.smbbmu.edu.pk/beta/uploads/gallery/events/thumbs/1605113120NIKON D3300674_thumb.JPG,image,1605113120nikon-d3300674-thumb-5aef3e76.jpg,,200
https://www.smbbmu.edu.pk/beta/news/details/day-one-celebration-of-batch-48-session-2019-20-01-01-2020,news,"Day one celebration of Batch-48 , Session 2019-20",2020-01-01,200
https://www.smbbmu.edu.pk/beta/uploads/gallery/events/1605114091NIKON D3300556_thumb.JPG,image,1605114091nikon-d3300556-thumb-848e40f4.jpg,,200
https://www.smbbmu.edu.pk/beta/uploads/gallery/events/1605114079NIKON D3300561_thumb.JPG,image,1605114079nikon-d3300561-thumb-05985f9f.jpg,,200
https://www.smbbmu.edu.pk/beta/uploads/gallery/events/1605114076NIKON D3300566_thumb.JPG,image,1605114076nikon-d3300566-thumb-3075acfa.jpg,,200
https://www.smbbmu.edu.pk/beta/uploads/gallery/events/1605114061NIKON D3300582_thumb.JPG,image,1605114061nikon-d3300582-thumb-66b9c4df.jpg,,200
https://www.smbbmu.edu.pk/beta/uploads/gallery/events/1605114047NIKON D3300605_thumb.JPG,image,1605114047nikon-d3300605-thumb-b49ce346.jpg,,200
https://www.smbbmu.edu.pk/beta/uploads/gallery/events/1605114019NIKON D3300610_thumb.JPG,image,1605114019nikon-d3300610-thumb-b4b0e549.jpg,,200
https://www.smbbmu.edu.pk/beta/uploads/gallery/events/1605114016NIKON D3300620_thumb.JPG,image,1605114016nikon-d3300620-thumb-ac2d86c7.jpg,,200
https://www.smbbmu.edu.pk/beta/uploads/gallery/events/1605113979NIKON D33001719_thumb.JPG,image,1605113979nikon-d33001719-thumb-da341ef6.jpg,,200
https://www.smbbmu.edu.pk/beta/uploads/gallery/events/1605113978NIKON D3300641_thumb.JPG,image,1605113978nikon-d3300641-thumb-d8a15715.jpg,,200
https://www.smbbmu.edu.pk/beta/uploads/gallery/events/thumbs/1605114091NIKON D3300556_thumb.JPG,image,1605114091nikon-d3300556-thumb-a9905484.jpg,,200
https://www.smbbmu.edu.pk/beta/uploads/gallery/events/thumbs/1605114079NIKON D3300561_thumb.JPG,image,1605114079nikon-d3300561-thumb-94bec70b.jpg,,200
https://www.smbbmu.edu.pk/beta/uploads/gallery/events/thumbs/1605114076NIKON D3300566_thumb.JPG,image,1605114076nikon-d3300566-thumb-07b2b865.jpg,,200
https://www.smbbmu.edu.pk/beta/uploads/gallery/events/thumbs/1605114061NIKON D3300582_thumb.JPG,image,1605114061nikon-d3300582-thumb-04c7772f.jpg,,200
https://www.smbbmu.edu.pk/beta/uploads/gallery/events/thumbs/1605114047NIKON D3300605_thumb.JPG,image,1605114047nikon-d3300605-thumb-b9ec9574.jpg,,200
https://www.smbbmu.edu.pk/beta/uploads/gallery/events/thumbs/1605114019NIKON D3300610_thumb.JPG,image,1605114019nikon-d3300610-thumb-cd8c3712.jpg,,200
https://www.smbbmu.edu.pk/beta/uploads/gallery/events/thumbs/1605114016NIKON D3300620_thumb.JPG,image,1605114016nikon-d3300620-thumb-96f927b0.jpg,,200
https://www.smbbmu.edu.pk/beta/uploads/gallery/events/thumbs/1605113979NIKON D33001719_thumb.JPG,image,1605113979nikon-d33001719-thumb-ebe197de.jpg,,200
https://www.smbbmu.edu.pk/beta/uploads/gallery/events/thumbs/1605113978NIKON D3300641_thumb.JPG,image,1605113978nikon-d3300641-thumb-59d410ff.jpg,,200
https://www.smbbmu.edu.pk/beta/news/details/smbbmu-syndicate-meeting-at-camp-office-larkana-12-24-2019,news,SMBBMU Syndicate Meeting at camp office larkana,2019-12-24,200
https://www.smbbmu.edu.pk/beta/uploads/gallery/events/1605110166NIKON D33002392_thumb.JPG,image,1605110166nikon-d33002392-thumb-46dcee5d.jpg,,200
https://www.smbbmu.edu.pk/beta/uploads/gallery/events/1605110163NIKON D33002394_thumb.JPG,image,1605110163nikon-d33002394-thumb-6b6a3596.jpg,,200
https://www.smbbmu.edu.pk/beta/uploads/gallery/events/1605110154NIKON D33002396_thumb.JPG,image,1605110154nikon-d33002396-thumb-9757f9d0.jpg,,200
https://www.smbbmu.edu.pk/beta/uploads/gallery/events/1605110141NIKON D33002395_thumb.JPG,image,1605110141nikon-d33002395-thumb-a0ee9c81.jpg,,200
https://www.smbbmu.edu.pk/beta/uploads/gallery/events/1605110112NIKON D33002401_thumb.JPG,image,1605110112nikon-d33002401-thumb-7c736c57.jpg,,200
https://www.smbbmu.edu.pk/beta/uploads/gallery/events/1605110112NIKON D33002400_thumb.JPG,image,1605110112nikon-d33002400-thumb-5b11aced.jpg,,200
https://www.smbbmu.edu.pk/beta/uploads/gallery/events/1605110077NIKON D33002403_thumb.JPG,image,1605110077nikon-d33002403-thumb-edb33d6f.jpg,,200
https://www.smbbmu.edu.pk/beta/uploads/gallery/events/thumbs/1605110166NIKON D33002392_thumb.JPG,image,1605110166nikon-d33002392-thumb-b5690543.jpg,,200
https://www.smbbmu.edu.pk/beta/uploads/gallery/events/thumbs/1605110163NIKON D33002394_thumb.JPG,image,1605110163nikon-d33002394-thumb-4664a823.jpg,,200
https://www.smbbmu.edu.pk/beta/uploads/gallery/events/thumbs/1605110154NIKON D33002396_thumb.JPG,image,1605110154nikon-d33002396-thumb-2d604990.jpg,,200
https://www.smbbmu.edu.pk/beta/uploads/gallery/events/thumbs/1605110141NIKON D33002395_thumb.JPG,image,1605110141nikon-d33002395-thumb-2a5968fc.jpg,,200
https://www.smbbmu.edu.pk/beta/uploads/gallery/events/thumbs/1605110112NIKON D33002401_thumb.JPG,image,1605110112nikon-d33002401-thumb-0e9683df.jpg,,200
https://www.smbbmu.edu.pk/beta/uploads/gallery/events/thumbs/1605110112NIKON D33002400_thumb.JPG,image,1605110112nikon-d33002400-thumb-be160bd8.jpg,,200
https://www.smbbmu.edu.pk/beta/uploads/gallery/events/thumbs/1605110077NIKON D33002403_thumb.JPG,image,1605110077nikon-d33002403-thumb-c5edb8da.jpg,,200
https://www.smbbmu.edu.pk/beta/news/details/psh-symposium-cmc-larkana-on-care-of-cirrhotic-patient-12-21-2019,news,PSH Symposium CMC Larkana on care of CIRRHOTIC patient,2019-12-21,200
https://www.smbbmu.edu.pk/beta/uploads/gallery/events/1605111019NIKON D33002071_thumb.JPG,image,1605111019nikon-d33002071-thumb-9dfa4b45.jpg,,200
https://www.smbbmu.edu.pk/beta/uploads/gallery/events/1605111014NIKON D33001709_thumb.JPG,image,1605111014nikon-d33001709-thumb-387e84a7.jpg,,200
https://www.smbbmu.edu.pk/beta/uploads/gallery/events/1605111004NIKON D33001994_thumb.JPG,image,1605111004nikon-d33001994-thumb-d19b2184.jpg,,200
https://www.smbbmu.edu.pk/beta/uploads/gallery/events/1605111002NIKON D33001982_thumb.JPG,image,1605111002nikon-d33001982-thumb-91eeaa89.jpg,,200
https://www.smbbmu.edu.pk/beta/uploads/gallery/events/1605110986NIKON D33002029_thumb.JPG,image,1605110986nikon-d33002029-thumb-9f459195.jpg,,200
https://www.smbbmu.edu.pk/beta/uploads/gallery/events/1605110986NIKON D33002006_thumb.JPG,image,1605110986nikon-d33002006-thumb-1ee6a2ed.jpg,,200
https://www.smbbmu.edu.pk/beta/uploads/gallery/events/1605110977NIKON D33002031_thumb.JPG,image,1605110977nikon-d33002031-thumb-cb67b72f.jpg,,200
https://www.smbbmu.edu.pk/beta/uploads/gallery/events/1605110975NIKON D33002032_thumb.JPG,image,1605110975nikon-d33002032-thumb-4ff60e2a.jpg,,200
https://www.smbbmu.edu.pk/beta/uploads/gallery/events/1605110963NIKON D33002056_thumb.JPG,image,1605110963nikon-d33002056-thumb-096bb574.jpg,,200
https://www.smbbmu.edu.pk/beta/uploads/gallery/events/1605110960NIKON D33002036_thumb.JPG,image,1605110960nikon-d33002036-thumb-86f0bdff.jpg,,200
https://www.smbbmu.edu.pk/beta/uploads/gallery/events/thumbs/1605111019NIKON D33002071_thumb.JPG,image,1605111019nikon-d33002071-thumb-00f16af0.jpg,,200
https://www.smbbmu.edu.pk/beta/uploads/gallery/events/thumbs/1605111014NIKON D33001709_thumb.JPG,image,1605111014nikon-d33001709-thumb-9b1b5b1a.jpg,,200
https://www.smbbmu.edu.pk/beta/uploads/gallery/events/thumbs/1605111004NIKON D33001994_thumb.JPG,image,1605111004nikon-d33001994-thumb-00931544.jpg,,200
https://www.smbbmu.edu.pk/beta/uploads/gallery/events/thumbs/1605111002NIKON D33001982_thumb.JPG,image,1605111002nikon-d33001982-thumb-18308ed5.jpg,,200
https://www.smbbmu.edu.pk/beta/uploads/gallery/events/thumbs/1605110986NIKON D33002029_thumb.JPG,image,1605110986nikon-d33002029-thumb-bf883e19.jpg,,200
https://www.smbbmu.edu.pk/beta/uploads/gallery/events/thumbs/1605110986NIKON D33002006_thumb.JPG,image,1605110986nikon-d33002006-thumb-815e5cd5.jpg,,200
https://www.smbbmu.edu.pk/beta/uploads/gallery/events/thumbs/1605110977NIKON D33002031_thumb.JPG,image,1605110977nikon-d33002031-thumb-e891a82c.jpg,,200
https://www.smbbmu.edu.pk/beta/uploads/gallery/events/thumbs/1605110975NIKON D33002032_thumb.JPG,image,1605110975nikon-d33002032-thumb-0d86a60e.jpg,,200
https://www.smbbmu.edu.pk/beta/uploads/gallery/events/thumbs/1605110963NIKON D33002056_thumb.JPG,image,1605110963nikon-d33002056-thumb-ddeae6db.jpg,,200
https://www.smbbmu.edu.pk/beta/uploads/gallery/events/thumbs/1605110960NIKON D33002036_thumb.JPG,image,1605110960nikon-d33002036-thumb-a7b57e01.jpg,,200
https://www.smbbmu.edu.pk/beta/news/details/4th-smbbmu-larkana-convocation-12-14-2019,news,4th SMBBMU Larkana Convocation,2019-12-14,200
https://www.smbbmu.edu.pk/beta/uploads/gallery/events/1605112589NIKON D33001001_thumb.JPG,image,1605112589nikon-d33001001-thumb-1a38de56.jpg,,200
https://www.smbbmu.edu.pk/beta/uploads/gallery/events/1605112576NIKON D3300449_thumb.JPG,image,1605112576nikon-d3300449-thumb-924bdae8.jpg,,200
https://www.smbbmu.edu.pk/beta/uploads/gallery/events/1605112569NIKON D3300250_thumb.JPG,image,1605112569nikon-d3300250-thumb-0b23c009.jpg,,200
https://www.smbbmu.edu.pk/beta/uploads/gallery/events/1605112550NIKON D3300263_thumb.JPG,image,1605112550nikon-d3300263-thumb-fca7625f.jpg,,200
https://www.smbbmu.edu.pk/beta/uploads/gallery/events/1605112548NIKON D3300378_thumb.JPG,image,1605112548nikon-d3300378-thumb-617313f6.jpg,,200
https://www.smbbmu.edu.pk/beta/uploads/gallery/events/1605112526NIKON D3300434_thumb.JPG,image,1605112526nikon-d3300434-thumb-5f369347.jpg,,200
https://www.smbbmu.edu.pk/beta/uploads/gallery/events/1605112523NIKON D3300410_thumb.JPG,image,1605112523nikon-d3300410-thumb-7bedc904.jpg,,200
https://www.smbbmu.edu.pk/beta/uploads/gallery/events/1605112505NIKON D33001008_thumb.JPG,image,1605112505nikon-d33001008-thumb-262dd317.jpg,,200
https://www.smbbmu.edu.pk/beta/uploads/gallery/events/1605112478NIKON D33001048_thumb.JPG,image,1605112478nikon-d33001048-thumb-bed24d71.jpg,,200
https://www.smbbmu.edu.pk/beta/uploads/gallery/events/1605112456NIKON D33001073_thumb.JPG,image,1605112456nikon-d33001073-thumb-164ef928.jpg,,200
https://www.smbbmu.edu.pk/beta/uploads/gallery/events/1605112442NIKON D33001101_thumb.JPG,image,1605112442nikon-d33001101-thumb-eace5967.jpg,,200
https://www.smbbmu.edu.pk/beta/uploads/gallery/events/1605112438NIKON D33001082_thumb.JPG,image,1605112438nikon-d33001082-thumb-68de352f.jpg,,200
https://www.smbbmu.edu.pk/beta/uploads/gallery/events/1605112403NIKON D33001110_thumb.JPG,image,1605112403nikon-d33001110-thumb-9d0146ff.jpg,,200
https://www.smbbmu.edu.pk/beta/uploads/gallery/events/1605112399NIKON D33001116_thumb.JPG,image,1605112399nikon-d33001116-thumb-467417c0.jpg,,200
https://www.smbbmu.edu.pk/beta/uploads/gallery/events/1605112385NIKON D33001122_thumb.JPG,image,1605112385nikon-d33001122-thumb-f9e907eb.jpg,,200
https://www.smbbmu.edu.pk/beta/uploads/gallery/events/1605112372NIKON D33001133_thumb.JPG,image,1605112372nikon-d33001133-thumb-223d2f27.jpg,,200
https://www.smbbmu.edu.pk/beta/uploads/gallery/events/1605112356NIKON D33001159_thumb.JPG,image,1605112356nikon-d33001159-thumb-c7177c1f.jpg,,200
https://www.smbbmu.edu.pk/beta/uploads/gallery/events/1605112351NIKON D33001186_thumb.JPG,image,1605112351nikon-d33001186-thumb-148b86e7.jpg,,200
https://www.smbbmu.edu.pk/beta/uploads/gallery/events/1605112332NIKON D33001229_thumb.JPG,image,1605112332nikon-d33001229-thumb-5b3f1c3a.jpg,,200
https://www.smbbmu.edu.pk/beta/uploads/gallery/events/1605112332NIKON D33001187_thumb.JPG,image,1605112332nikon-d33001187-thumb-34101439.jpg,,200
https://www.smbbmu.edu.pk/beta/uploads/gallery/events/1605112297NIKON D33001969_thumb.JPG,image,1605112297nikon-d33001969-thumb-c9d31438.jpg,,200
https://www.smbbmu.edu.pk/beta/uploads/gallery/events/1605112288NIKON D33002414_thumb.JPG,image,1605112288nikon-d33002414-thumb-cbf6c401.jpg,,200
https://www.smbbmu.edu.pk/beta/uploads/gallery/events/1605112281NIKON D33002503_thumb.JPG,image,1605112281nikon-d33002503-thumb-320bdbb6.jpg,,200
https://www.smbbmu.edu.pk/beta/uploads/gallery/events/1605112270NIKON D33002514_thumb.JPG,image,1605112270nikon-d33002514-thumb-a80f8828.jpg,,200
https://www.smbbmu.edu.pk/beta/uploads/gallery/events/1605112265NIKON D33002535_thumb.JPG,image,1605112265nikon-d33002535-thumb-cfeb5170.jpg,,200
https://www.smbbmu.edu.pk/beta/uploads/gallery/events/1605112256NIKON D33002562_thumb.JPG,image,1605112256nikon-d33002562-thumb-15636373.jpg,,200
https://www.smbbmu.edu.pk/beta/uploads/gallery/events/1605112253NIKON D33003456_thumb.JPG,image,1605112253nikon-d33003456-thumb-cd5211a3.jpg,,200
https://www.smbbmu.edu.pk/beta/uploads/gallery/events/thumbs/1605112589NIKON D33001001_thumb.JPG,image,1605112589nikon-d33001001-thumb-6a331327.jpg,,200
https://www.smbbmu.edu.pk/beta/uploads/gallery/events/thumbs/1605112576NIKON D3300449_thumb.JPG,image,1605112576nikon-d3300449-thumb-ce8e5713.jpg,,200
https://www.smbbmu.edu.pk/beta/uploads/gallery/events/thumbs/1605112569NIKON D3300250_thumb.JPG,image,1605112569nikon-d3300250-thumb-66b6ddd1.jpg,,200
https://www.smbbmu.edu.pk/beta/uploads/gallery/events/thumbs/1605112550NIKON D3300263_thumb.JPG,image,1605112550nikon-d3300263-thumb-ef3811cb.jpg,,200
https://www.smbbmu.edu.pk/beta/uploads/gallery/events/thumbs/1605112548NIKON D3300378_thumb.JPG,image,1605112548nikon-d3300378-thumb-5a195a70.jpg,,200
https://www.smbbmu.edu.pk/beta/uploads/gallery/events/thumbs/1605112526NIKON D3300434_thumb.JPG,image,1605112526nikon-d3300434-thumb-421ebab2.jpg,,200
https://www.smbbmu.edu.pk/beta/uploads/gallery/events/thumbs/1605112523NIKON D3300410_thumb.JPG,image,1605112523nikon-d3300410-thumb-aa9f096c.jpg,,200
https://www.smbbmu.edu.pk/beta/uploads/gallery/events/thumbs/1605112505NIKON D33001008_thumb.JPG,image,1605112505nikon-d33001008-thumb-ebaa4d9c.jpg,,200
https://www.smbbmu.edu.pk/beta/uploads/gallery/events/thumbs/1605112478NIKON D33001048_thumb.JPG,image,1605112478nikon-d33001048-thumb-db53dad1.jpg,,200
https://www.smbbmu.edu.pk/beta/uploads/gallery/events/thumbs/1605112456NIKON D33001073_thumb.JPG,image,1605112456nikon-d33001073-thumb-7262e817.jpg,,200
https://www.smbbmu.edu.pk/beta/uploads/gallery/events/thumbs/1605112442NIKON D33001101_thumb.JPG,image,1605112442nikon-d33001101-thumb-6fdbf3ad.jpg,,200
https://www.smbbmu.edu.pk/beta/uploads/gallery/events/thumbs/1605112438NIKON D33001082_thumb.JPG,image,1605112438nikon-d33001082-thumb-b6dd2601.jpg,,200
https://www.smbbmu.edu.pk/beta/uploads/gallery/events/thumbs/1605112403NIKON D33001110_thumb.JPG,image,1605112403nikon-d33001110-thumb-8489de03.jpg,,200
https://www.smbbmu.edu.pk/beta/uploads/gallery/events/thumbs/1605112399NIKON D33001116_thumb.JPG,image,1605112399nikon-d33001116-thumb-bd2b1d09.jpg,,200
https://www.smbbmu.edu.pk/beta/uploads/gallery/events/thumbs/1605112385NIKON D33001122_thumb.JPG,image,1605112385nikon-d33001122-thumb-b3fe11e2.jpg,,200
https://www.smbbmu.edu.pk/beta/uploads/gallery/events/thumbs/1605112372NIKON D33001133_thumb.JPG,image,1605112372nikon-d33001133-thumb-4028495c.jpg,,200
https://www.smbbmu.edu.pk/beta/uploads/gallery/events/thumbs/1605112356NIKON D33001159_thumb.JPG,image,1605112356nikon-d33001159-thumb-55b1e438.jpg,,200
https://www.smbbmu.edu.pk/beta/uploads/gallery/events/thumbs/1605112351NIKON D33001186_thumb.JPG,image,1605112351nikon-d33001186-thumb-c280fad0.jpg,,200
https://www.smbbmu.edu.pk/beta/uploads/gallery/events/thumbs/1605112332NIKON D33001229_thumb.JPG,image,1605112332nikon-d33001229-thumb-19cc3863.jpg,,200
https://www.smbbmu.edu.pk/beta/uploads/gallery/events/thumbs/1605112332NIKON D33001187_thumb.JPG,image,1605112332nikon-d33001187-thumb-7436f274.jpg,,200
https://www.smbbmu.edu.pk/beta/uploads/gallery/events/thumbs/1605112297NIKON D33001969_thumb.JPG,image,1605112297nikon-d33001969-thumb-09035db2.jpg,,200
https://www.smbbmu.edu.pk/beta/uploads/gallery/events/thumbs/1605112288NIKON D33002414_thumb.JPG,image,1605112288nikon-d33002414-thumb-943920a2.jpg,,200
https://www.smbbmu.edu.pk/beta/uploads/gallery/events/thumbs/1605112281NIKON D33002503_thumb.JPG,image,1605112281nikon-d33002503-thumb-7a84966f.jpg,,200
https://www.smbbmu.edu.pk/beta/uploads/gallery/events/thumbs/1605112270NIKON D33002514_thumb.JPG,image,1605112270nikon-d33002514-thumb-efcda148.jpg,,200
https://www.smbbmu.edu.pk/beta/uploads/gallery/events/thumbs/1605112265NIKON D33002535_thumb.JPG,image,1605112265nikon-d33002535-thumb-a3439702.jpg,,200
https://www.smbbmu.edu.pk/beta/uploads/gallery/events/thumbs/1605112256NIKON D33002562_thumb.JPG,image,1605112256nikon-d33002562-thumb-9c7e85e4.jpg,,200
https://www.smbbmu.edu.pk/beta/uploads/gallery/events/thumbs/1605112253NIKON D33003456_thumb.JPG,image,1605112253nikon-d33003456-thumb-43e59efe.jpg,,200
https://www.smbbmu.edu.pk/beta/news/details/convocation-meeting-10-11-2019,news,Convocation Meeting,2019-10-11,200
https://www.smbbmu.edu.pk/beta/uploads/gallery/events/1571121325image8_thumb.jpeg,image,1571121325image8-thumb-0dff07d4.jpeg,,200
https://www.smbbmu.edu.pk/beta/uploads/gallery/events/1571121321image7_thumb.jpeg,image,1571121321image7-thumb-a3aff862.jpeg,,200
https://www.smbbmu.edu.pk/beta/uploads/gallery/events/1571121317image6_thumb.jpeg,image,1571121317image6-thumb-4b36d530.jpeg,,200
https://www.smbbmu.edu.pk/beta/uploads/gallery/events/1571121312image3_thumb.jpeg,image,1571121312image3-thumb-a4c23509.jpeg,,200
https://www.smbbmu.edu.pk/beta/uploads/gallery/events/1571121307image2_thumb.jpeg,image,1571121307image2-thumb-4af68832.jpeg,,200
https://www.smbbmu.edu.pk/beta/uploads/gallery/events/1571121303image1_thumb.jpeg,image,1571121303image1-thumb-0efd19dc.jpeg,,200
https://www.smbbmu.edu.pk/beta/uploads/gallery/events/1571121298image4_thumb.jpeg,image,1571121298image4-thumb-985b97c4.jpeg,,200
https://www.smbbmu.edu.pk/beta/uploads/gallery/events/thumbs/1571121325image8_thumb.jpeg,image,1571121325image8-thumb-00dc63b1.jpeg,,200
https://www.smbbmu.edu.pk/beta/uploads/gallery/events/thumbs/1571121321image7_thumb.jpeg,image,1571121321image7-thumb-8969f032.jpeg,,200
https://www.smbbmu.edu.pk/beta/uploads/gallery/events/thumbs/1571121317image6_thumb.jpeg,image,1571121317image6-thumb-196f1800.jpeg,,200
https://www.smbbmu.edu.pk/beta/uploads/gallery/events/thumbs/1571121312image3_thumb.jpeg,image,1571121312image3-thumb-8400a46d.jpeg,,200
https://www.smbbmu.edu.pk/beta/uploads/gallery/events/thumbs/1571121307image2_thumb.jpeg,image,1571121307image2-thumb-e4fd5099.jpeg,,200
https://www.smbbmu.edu.pk/beta/uploads/gallery/events/thumbs/1571121303image1_thumb.jpeg,image,1571121303image1-thumb-3693c7c4.jpeg,,200
https://www.smbbmu.edu.pk/beta/uploads/gallery/events/thumbs/1571121298image4_thumb.jpeg,image,1571121298image4-thumb-cbcebbbe.jpeg,,200
https://www.smbbmu.edu.pk/beta/news/details/meeting-on-estate-issues-10-11-2019,news,Meeting on Estate Issues,2019-10-11,200
https://www.smbbmu.edu.pk/beta/uploads/gallery/events/1571124835image7_thumb.jpeg,image,1571124835image7-thumb-d0d9c7c2.jpeg,,200
https://www.smbbmu.edu.pk/beta/uploads/gallery/events/1571124806image6_thumb.jpeg,image,1571124806image6-thumb-804b6f6d.jpeg,,200
https://www.smbbmu.edu.pk/beta/uploads/gallery/events/1571124744image5_thumb.jpeg,image,1571124744image5-thumb-d1136bb8.jpeg,,200
https://www.smbbmu.edu.pk/beta/uploads/gallery/events/1571124721image4_thumb.jpeg,image,1571124721image4-thumb-5f8056ea.jpeg,,200
https://www.smbbmu.edu.pk/beta/uploads/gallery/events/1571124712image3_thumb.jpeg,image,1571124712image3-thumb-33801833.jpeg,,200
https://www.smbbmu.edu.pk/beta/uploads/gallery/events/1571124694image2_thumb.jpeg,image,1571124694image2-thumb-8c32e6f6.jpeg,,200
https://www.smbbmu.edu.pk/beta/uploads/gallery/events/1571124329image8_thumb.jpeg,image,1571124329image8-thumb-ebcc5ac4.jpeg,,200
https://www.smbbmu.edu.pk/beta/uploads/gallery/events/thumbs/1571124835image7_thumb.jpeg,image,1571124835image7-thumb-cc58fd03.jpeg,,200
https://www.smbbmu.edu.pk/beta/uploads/gallery/events/thumbs/1571124806image6_thumb.jpeg,image,1571124806image6-thumb-134f8130.jpeg,,200
https://www.smbbmu.edu.pk/beta/uploads/gallery/events/thumbs/1571124744image5_thumb.jpeg,image,1571124744image5-thumb-0ca39f54.jpeg,,200
https://www.smbbmu.edu.pk/beta/uploads/gallery/events/thumbs/1571124721image4_thumb.jpeg,image,1571124721image4-thumb-3fa7cba5.jpeg,,200
https://www.smbbmu.edu.pk/beta/uploads/gallery/events/thumbs/1571124712image3_thumb.jpeg,image,1571124712image3-thumb-53ca8a76.jpeg,,200
https://www.smbbmu.edu.pk/beta/uploads/gallery/events/thumbs/1571124694image2_thumb.jpeg,image,1571124694image2-thumb-45547c29.jpeg,,200
https://www.smbbmu.edu.pk/beta/uploads/gallery/events/thumbs/1571124329image8_thumb.jpeg,image,1571124329image8-thumb-ab0750cd.jpeg,,200
https://www.smbbmu.edu.pk/beta/news/details/selection-board-09-21-2019,news,Selection Board,2019-09-21,200
https://www.smbbmu.edu.pk/beta/uploads/gallery/events/1571031027image7_thumb.jpeg,image,1571031027image7-thumb-f8245dc8.jpeg,,200
https://www.smbbmu.edu.pk/beta/uploads/gallery/events/1571031025image6_thumb.jpeg,image,1571031025image6-thumb-a339c07c.jpeg,,200
https://www.smbbmu.edu.pk/beta/uploads/gallery/events/1571031022image5_thumb.jpeg,image,1571031022image5-thumb-225f6190.jpeg,,200
https://www.smbbmu.edu.pk/beta/uploads/gallery/events/1571031020image4_thumb.jpeg,image,1571031020image4-thumb-340608ec.jpeg,,200
https://www.smbbmu.edu.pk/beta/uploads/gallery/events/1571031017imag3_thumb.jpeg,image,1571031017imag3-thumb-4c731281.jpeg,,200
https://www.smbbmu.edu.pk/beta/uploads/gallery/events/1571031014image2_thumb.jpeg,image,1571031014image2-thumb-4b6d3cc3.jpeg,,200
https://www.smbbmu.edu.pk/beta/uploads/gallery/events/1571031013image1_thumb.jpeg,image,1571031013image1-thumb-a81dcda3.jpeg,,200
https://www.smbbmu.edu.pk/beta/uploads/gallery/events/thumbs/1571031027image7_thumb.jpeg,image,1571031027image7-thumb-688845b6.jpeg,,200
https://www.smbbmu.edu.pk/beta/uploads/gallery/events/thumbs/1571031025image6_thumb.jpeg,image,1571031025image6-thumb-f5543edf.jpeg,,200
https://www.smbbmu.edu.pk/beta/uploads/gallery/events/thumbs/1571031022image5_thumb.jpeg,image,1571031022image5-thumb-5e120228.jpeg,,200
https://www.smbbmu.edu.pk/beta/uploads/gallery/events/thumbs/1571031020image4_thumb.jpeg,image,1571031020image4-thumb-4368c30d.jpeg,,200
https://www.smbbmu.edu.pk/beta/uploads/gallery/events/thumbs/1571031017imag3_thumb.jpeg,image,1571031017imag3-thumb-769cb33f.jpeg,,200
https://www.smbbmu.edu.pk/beta/uploads/gallery/events/thumbs/1571031014image2_thumb.jpeg,image,1571031014image2-thumb-74476b17.jpeg,,200
https://www.smbbmu.edu.pk/beta/uploads/gallery/events/thumbs/1571031013image1_thumb.jpeg,image,1571031013image1-thumb-7a4513f8.jpeg,,200
https://www.smbbmu.edu.pk/beta/news/details/condolences-with-bds-student-dr-nimerta-chandanis-family-at-ghotki-09-17-2019,news,Condolences with BDS Student Dr. Nimerta Chandani's  Family at Ghotki,2019-09-17,200
https://www.smbbmu.edu.pk/beta/uploads/gallery/events/1568808568photo11_thumb.jpeg,image,1568808568photo11-thumb-950bf467.jpeg,,200
https://www.smbbmu.edu.pk/beta/uploads/gallery/events/1568808373photo1_thumb.jpeg,image,1568808373photo1-thumb-ccf84f74.jpeg,,200
https://www.smbbmu.edu.pk/beta/uploads/gallery/events/1568808367photo2_thumb.jpeg,image,1568808367photo2-thumb-d6f13128.jpeg,,200
https://www.smbbmu.edu.pk/beta/uploads/gallery/events/1568808363photo3_thumb.jpeg,image,1568808363photo3-thumb-fb9b3d70.jpeg,,200
https://www.smbbmu.edu.pk/beta/uploads/gallery/events/1568808298photo4_thumb.jpeg,image,1568808298photo4-thumb-3cf7bbc9.jpeg,,200
https://www.smbbmu.edu.pk/beta/uploads/gallery/events/1568808289photo5_thumb.jpeg,image,1568808289photo5-thumb-8498a47e.jpeg,,200
https://www.smbbmu.edu.pk/beta/uploads/gallery/events/1568808282photo6_thumb.jpeg,image,1568808282photo6-thumb-a6ace31d.jpeg,,200
https://www.smbbmu.edu.pk/beta/uploads/gallery/events/1568808276photo7_thumb.jpeg,image,1568808276photo7-thumb-2cbafb36.jpeg,,200
https://www.smbbmu.edu.pk/beta/uploads/gallery/events/1568808268photo8_thumb.jpeg,image,1568808268photo8-thumb-a39997c1.jpeg,,200
https://www.smbbmu.edu.pk/beta/uploads/gallery/events/1568808257photo10_thumb.jpeg,image,1568808257photo10-thumb-f16426d0.jpeg,,200
https://www.smbbmu.edu.pk/beta/uploads/gallery/events/thumbs/1568808568photo11_thumb.jpeg,image,1568808568photo11-thumb-f5311c3c.jpeg,,200
https://www.smbbmu.edu.pk/beta/uploads/gallery/events/thumbs/1568808373photo1_thumb.jpeg,image,1568808373photo1-thumb-fed731c9.jpeg,,200
https://www.smbbmu.edu.pk/beta/uploads/gallery/events/thumbs/1568808367photo2_thumb.jpeg,image,1568808367photo2-thumb-1d5dd794.jpeg,,200
https://www.smbbmu.edu.pk/beta/uploads/gallery/events/thumbs/1568808363photo3_thumb.jpeg,image,1568808363photo3-thumb-6b1e6794.jpeg,,200
https://www.smbbmu.edu.pk/beta/uploads/gallery/events/thumbs/1568808298photo4_thumb.jpeg,image,1568808298photo4-thumb-2ad293d0.jpeg,,200
https://www.smbbmu.edu.pk/beta/uploads/gallery/events/thumbs/1568808289photo5_thumb.jpeg,image,1568808289photo5-thumb-305455a4.jpeg,,200
https://www.smbbmu.edu.pk/beta/uploads/gallery/events/thumbs/1568808282photo6_thumb.jpeg,image,1568808282photo6-thumb-3055cf0e.jpeg,,200
https://www.smbbmu.edu.pk/beta/uploads/gallery/events/thumbs/1568808276photo7_thumb.jpeg,image,1568808276photo7-thumb-c75196bc.jpeg,,200
https://www.smbbmu.edu.pk/beta/uploads/gallery/events/thumbs/1568808268photo8_thumb.jpeg,image,1568808268photo8-thumb-a282f247.jpeg,,200
https://www.smbbmu.edu.pk/beta/uploads/gallery/events/thumbs/1568808257photo10_thumb.jpeg,image,1568808257photo10-thumb-bfcb63a8.jpeg,,200
https://www.smbbmu.edu.pk/beta/news/details/entry-test-09-15-2019,news,Entry Test,2019-09-15,200
https://www.smbbmu.edu.pk/beta/uploads/gallery/events/1571030835image7_thumb.jpeg,image,1571030835image7-thumb-34ec5684.jpeg,,200
https://www.smbbmu.edu.pk/beta/uploads/gallery/events/1571030832image1_thumb.jpeg,image,1571030832image1-thumb-60cf10b2.jpeg,,200
https://www.smbbmu.edu.pk/beta/uploads/gallery/events/1571030830image6_thumb.jpeg,image,1571030830image6-thumb-d2dfa405.jpeg,,200
https://www.smbbmu.edu.pk/beta/uploads/gallery/events/1571030054image2_thumb.jpeg,image,1571030054image2-thumb-a1c00d4b.jpeg,,200
https://www.smbbmu.edu.pk/beta/uploads/gallery/events/1571030052image3_thumb.jpeg,image,1571030052image3-thumb-e37792f6.jpeg,,200
https://www.smbbmu.edu.pk/beta/uploads/gallery/events/1571030048image4_thumb.jpeg,image,1571030048image4-thumb-5843c551.jpeg,,200
https://www.smbbmu.edu.pk/beta/uploads/gallery/events/1571030044image5_thumb.jpeg,image,1571030044image5-thumb-c3c5e66e.jpeg,,200
https://www.smbbmu.edu.pk/beta/uploads/gallery/events/thumbs/1571030835image7_thumb.jpeg,image,1571030835image7-thumb-e4c1cff6.jpeg,,200
https://www.smbbmu.edu.pk/beta/uploads/gallery/events/thumbs/1571030832image1_thumb.jpeg,image,1571030832image1-thumb-a004f9e9.jpeg,,200
https://www.smbbmu.edu.pk/beta/uploads/gallery/events/thumbs/1571030830image6_thumb.jpeg,image,1571030830image6-thumb-23bc808a.jpeg,,200
https://www.smbbmu.edu.pk/beta/uploads/gallery/events/thumbs/1571030054image2_thumb.jpeg,image,1571030054image2-thumb-7f6dc5af.jpeg,,200
https://www.smbbmu.edu.pk/beta/uploads/gallery/events/thumbs/1571030052image3_thumb.jpeg,image,1571030052image3-thumb-64125a7b.jpeg,,200
https://www.smbbmu.edu.pk/beta/uploads/gallery/events/thumbs/1571030048image4_thumb.jpeg,image,1571030048image4-thumb-50399860.jpeg,,200
https://www.smbbmu.edu.pk/beta/uploads/gallery/events/thumbs/1571030044image5_thumb.jpeg,image,1571030044image5-thumb-da63c16c.jpeg,,200
https://www.smbbmu.edu.pk/beta/news/details/national-defence-day-celebrations-09-06-2019,news,National Defence Day Celebrations,2019-09-06,200
https://www.smbbmu.edu.pk/beta/uploads/gallery/events/1568620771photo7_thumb.jpeg,image,1568620771photo7-thumb-aa26b153.jpeg,,200
https://www.smbbmu.edu.pk/beta/uploads/gallery/events/1568620670photo_thumb.jpeg,image,1568620670photo-thumb-2c498e8d.jpeg,,200
https://www.smbbmu.edu.pk/beta/uploads/gallery/events/1568620523photo6_thumb.jpeg,image,1568620523photo6-thumb-e8059343.jpeg,,200
https://www.smbbmu.edu.pk/beta/uploads/gallery/events/1568620379photo3_thumb.jpeg,image,1568620379photo3-thumb-c7ce6d48.jpeg,,200
https://www.smbbmu.edu.pk/beta/uploads/gallery/events/1567780047PHOTO-2019-09-06-17-35-13_thumb.jpg,image,1567780047photo-2019-09-06-17-35-13-thumb-2c1016e6.jpg,,200
https://www.smbbmu.edu.pk/beta/uploads/gallery/events/1567779990PHOTO-2019-09-06-17-33-05_thumb.jpg,image,1567779990photo-2019-09-06-17-33-05-thumb-81460ea9.jpg,,200
https://www.smbbmu.edu.pk/beta/uploads/gallery/events/1567779990PHOTO-2019-09-06-17-33-52_thumb.jpg,image,1567779990photo-2019-09-06-17-33-52-thumb-1711a636.jpg,,200
https://www.smbbmu.edu.pk/beta/uploads/gallery/events/1567779965PHOTO-2019-09-06-17-33-48_thumb.jpg,image,1567779965photo-2019-09-06-17-33-48-thumb-20b49027.jpg,,200
https://www.smbbmu.edu.pk/beta/uploads/gallery/events/1567779946PHOTO-2019-09-06-17-33-04_thumb.jpg,image,1567779946photo-2019-09-06-17-33-04-thumb-32f23007.jpg,,200
https://www.smbbmu.edu.pk/beta/uploads/gallery/events/thumbs/1568620771photo7_thumb.jpeg,image,1568620771photo7-thumb-d0815106.jpeg,,200
https://www.smbbmu.edu.pk/beta/uploads/gallery/events/thumbs/1568620670photo_thumb.jpeg,image,1568620670photo-thumb-3c1ba2b3.jpeg,,200
https://www.smbbmu.edu.pk/beta/uploads/gallery/events/thumbs/1568620523photo6_thumb.jpeg,image,1568620523photo6-thumb-a9729ceb.jpeg,,200
https://www.smbbmu.edu.pk/beta/uploads/gallery/events/thumbs/1568620379photo3_thumb.jpeg,image,1568620379photo3-thumb-687b62f4.jpeg,,200
https://www.smbbmu.edu.pk/beta/uploads/gallery/events/thumbs/1567780047PHOTO-2019-09-06-17-35-13_thumb.jpg,image,1567780047photo-2019-09-06-17-35-13-thumb-8fa345ab.jpg,,200
https://www.smbbmu.edu.pk/beta/uploads/gallery/events/thumbs/1567779990PHOTO-2019-09-06-17-33-05_thumb.jpg,image,1567779990photo-2019-09-06-17-33-05-thumb-e4a8b77e.jpg,,200
https://www.smbbmu.edu.pk/beta/uploads/gallery/events/thumbs/1567779990PHOTO-2019-09-06-17-33-52_thumb.jpg,image,1567779990photo-2019-09-06-17-33-52-thumb-758b0548.jpg,,200
https://www.smbbmu.edu.pk/beta/uploads/gallery/events/thumbs/1567779965PHOTO-2019-09-06-17-33-48_thumb.jpg,image,1567779965photo-2019-09-06-17-33-48-thumb-bbe442e9.jpg,,200
https://www.smbbmu.edu.pk/beta/uploads/gallery/events/thumbs/1567779946PHOTO-2019-09-06-17-33-04_thumb.jpg,image,1567779946photo-2019-09-06-17-33-04-thumb-4b85bb3f.jpg,,200
https://www.smbbmu.edu.pk/beta/news/details/vice-chancellor-visit-to-ghulam-muhammad-mahar-medical-college-sukkur-09-03-2019,news,Vice Chancellor Visit to Ghulam Muhammad Mahar Medical College Sukkur,2019-09-03,200
https://www.smbbmu.edu.pk/beta/uploads/gallery/events/1571030745image8_thumb.jpeg,image,1571030745image8-thumb-82be48d0.jpeg,,200
https://www.smbbmu.edu.pk/beta/uploads/gallery/events/1571030743image7_thumb.jpeg,image,1571030743image7-thumb-b8b4b11e.jpeg,,200
https://www.smbbmu.edu.pk/beta/uploads/gallery/events/1571030739image6_thumb.jpeg,image,1571030739image6-thumb-07d9113a.jpeg,,200
https://www.smbbmu.edu.pk/beta/uploads/gallery/events/1571030738image5_thumb.jpeg,image,1571030738image5-thumb-34b5153a.jpeg,,200
https://www.smbbmu.edu.pk/beta/uploads/gallery/events/1571030727image13_thumb.jpeg,image,1571030727image13-thumb-956f2129.jpeg,,200
https://www.smbbmu.edu.pk/beta/uploads/gallery/events/1571030724image12_thumb.jpeg,image,1571030724image12-thumb-9cb2e743.jpeg,,200
https://www.smbbmu.edu.pk/beta/uploads/gallery/events/1571030721image11_thumb.jpeg,image,1571030721image11-thumb-c4619ea3.jpeg,,200
https://www.smbbmu.edu.pk/beta/uploads/gallery/events/1571030720image10_thumb.jpeg,image,1571030720image10-thumb-8feb8448.jpeg,,200
https://www.smbbmu.edu.pk/beta/uploads/gallery/events/1571030673image18_thumb.jpeg,image,1571030673image18-thumb-97a73cac.jpeg,,200
https://www.smbbmu.edu.pk/beta/uploads/gallery/events/1571030669image17_thumb.jpeg,image,1571030669image17-thumb-ab62fe57.jpeg,,200
https://www.smbbmu.edu.pk/beta/uploads/gallery/events/1571030666image16_thumb.jpeg,image,1571030666image16-thumb-9b341830.jpeg,,200
https://www.smbbmu.edu.pk/beta/uploads/gallery/events/1571030665image14_thumb.jpeg,image,1571030665image14-thumb-9d17a8c4.jpeg,,200
https://www.smbbmu.edu.pk/beta/uploads/gallery/events/1571030664image15_thumb.jpeg,image,1571030664image15-thumb-1c1afce7.jpeg,,200
https://www.smbbmu.edu.pk/beta/uploads/gallery/events/1571030440image4_thumb.jpeg,image,1571030440image4-thumb-e1bdbc97.jpeg,,200
https://www.smbbmu.edu.pk/beta/uploads/gallery/events/1571030434image5_thumb.jpeg,image,1571030434image5-thumb-8454cf81.jpeg,,200
https://www.smbbmu.edu.pk/beta/uploads/gallery/events/1571030423image9_thumb.jpeg,image,1571030423image9-thumb-c3e251a2.jpeg,,200
https://www.smbbmu.edu.pk/beta/uploads/gallery/events/thumbs/1571030745image8_thumb.jpeg,image,1571030745image8-thumb-7a5084e3.jpeg,,200
https://www.smbbmu.edu.pk/beta/uploads/gallery/events/thumbs/1571030743image7_thumb.jpeg,image,1571030743image7-thumb-cbe7b38a.jpeg,,200
https://www.smbbmu.edu.pk/beta/uploads/gallery/events/thumbs/1571030739image6_thumb.jpeg,image,1571030739image6-thumb-1c5d93b6.jpeg,,200
https://www.smbbmu.edu.pk/beta/uploads/gallery/events/thumbs/1571030738image5_thumb.jpeg,image,1571030738image5-thumb-aa9b9fa3.jpeg,,200
https://www.smbbmu.edu.pk/beta/uploads/gallery/events/thumbs/1571030727image13_thumb.jpeg,image,1571030727image13-thumb-46e61d18.jpeg,,200
https://www.smbbmu.edu.pk/beta/uploads/gallery/events/thumbs/1571030724image12_thumb.jpeg,image,1571030724image12-thumb-2f83dabf.jpeg,,200
https://www.smbbmu.edu.pk/beta/uploads/gallery/events/thumbs/1571030721image11_thumb.jpeg,image,1571030721image11-thumb-a71b380b.jpeg,,200
https://www.smbbmu.edu.pk/beta/uploads/gallery/events/thumbs/1571030720image10_thumb.jpeg,image,1571030720image10-thumb-9518dcd7.jpeg,,200
https://www.smbbmu.edu.pk/beta/uploads/gallery/events/thumbs/1571030673image18_thumb.jpeg,image,1571030673image18-thumb-f17164b3.jpeg,,200
https://www.smbbmu.edu.pk/beta/uploads/gallery/events/thumbs/1571030669image17_thumb.jpeg,image,1571030669image17-thumb-7cd309f7.jpeg,,200
https://www.smbbmu.edu.pk/beta/uploads/gallery/events/thumbs/1571030666image16_thumb.jpeg,image,1571030666image16-thumb-ee13b7b5.jpeg,,200
https://www.smbbmu.edu.pk/beta/uploads/gallery/events/thumbs/1571030665image14_thumb.jpeg,image,1571030665image14-thumb-e46804c7.jpeg,,200
https://www.smbbmu.edu.pk/beta/uploads/gallery/events/thumbs/1571030664image15_thumb.jpeg,image,1571030664image15-thumb-09e5af70.jpeg,,200
https://www.smbbmu.edu.pk/beta/uploads/gallery/events/thumbs/1571030440image4_thumb.jpeg,image,1571030440image4-thumb-497d6db2.jpeg,,200
https://www.smbbmu.edu.pk/beta/uploads/gallery/events/thumbs/1571030434image5_thumb.jpeg,image,1571030434image5-thumb-9263710c.jpeg,,200
https://www.smbbmu.edu.pk/beta/uploads/gallery/events/thumbs/1571030423image9_thumb.jpeg,image,1571030423image9-thumb-17063e78.jpeg,,200
https://www.smbbmu.edu.pk/beta/news/details/40th-syndicate-meeting-08-31-2019,news,40th Syndicate Meeting,2019-08-31,200
https://www.smbbmu.edu.pk/beta/uploads/gallery/events/1568719786IMG_1228_thumb.JPG,image,1568719786img-1228-thumb-cf09306e.jpg,,200
https://www.smbbmu.edu.pk/beta/uploads/gallery/events/1568719768IMG_1202_thumb.JPG,image,1568719768img-1202-thumb-8b229f35.jpg,,200
https://www.smbbmu.edu.pk/beta/uploads/gallery/events/1568624045IMG_1232_thumb.JPG,image,1568624045img-1232-thumb-438a2d41.jpg,,200
https://www.smbbmu.edu.pk/beta/uploads/gallery/events/1568623921IMG_1252_thumb.JPG,image,1568623921img-1252-thumb-3de5e9e4.jpg,,200
https://www.smbbmu.edu.pk/beta/uploads/gallery/events/1568623918IMG_1196_thumb.JPG,image,1568623918img-1196-thumb-26ec46ed.jpg,,200
https://www.smbbmu.edu.pk/beta/uploads/gallery/events/1567837749IMG_1234_thumb.JPG,image,1567837749img-1234-thumb-3a817668.jpg,,200
https://www.smbbmu.edu.pk/beta/uploads/gallery/events/1567837583IMG_1255_thumb.JPG,image,1567837583img-1255-thumb-2369e389.jpg,,200
https://www.smbbmu.edu.pk/beta/uploads/gallery/events/thumbs/1568719786IMG_1228_thumb.JPG,image,1568719786img-1228-thumb-191517e6.jpg,,200
https://www.smbbmu.edu.pk/beta/uploads/gallery/events/thumbs/1568719768IMG_1202_thumb.JPG,image,1568719768img-1202-thumb-7d6ab936.jpg,,200
https://www.smbbmu.edu.pk/beta/uploads/gallery/events/thumbs/1568624045IMG_1232_thumb.JPG,image,1568624045img-1232-thumb-7f5e9321.jpg,,200
https://www.smbbmu.edu.pk/beta/uploads/gallery/events/thumbs/1568623921IMG_1252_thumb.JPG,image,1568623921img-1252-thumb-42e60c82.jpg,,200
https://www.smbbmu.edu.pk/beta/uploads/gallery/events/thumbs/1568623918IMG_1196_thumb.JPG,image,1568623918img-1196-thumb-7c08954d.jpg,,200
https://www.smbbmu.edu.pk/beta/uploads/gallery/events/thumbs/1567837749IMG_1234_thumb.JPG,image,1567837749img-1234-thumb-936fabbd.jpg,,200
https://www.smbbmu.edu.pk/beta/uploads/gallery/events/thumbs/1567837583IMG_1255_thumb.JPG,image,1567837583img-1255-thumb-537b14a1.jpg,,200
https://www.smbbmu.edu.pk/beta/news/details/22nd-academic-council-08-26-2019,news,22nd Academic Council,2019-08-26,200
https://www.smbbmu.edu.pk/beta/uploads/gallery/events/1568626157IMG_1069_thumb.JPG,image,1568626157img-1069-thumb-572fa4d2.jpg,,200
https://www.smbbmu.edu.pk/beta/uploads/gallery/events/1568625171IMG_1066_thumb.JPG,image,1568625171img-1066-thumb-678afd72.jpg,,200
https://www.smbbmu.edu.pk/beta/uploads/gallery/events/1568625171IMG_1062_thumb.JPG,image,1568625171img-1062-thumb-c06ee6bb.jpg,,200
https://www.smbbmu.edu.pk/beta/uploads/gallery/events/1567794953IMG_1059_thumb.JPG,image,1567794953img-1059-thumb-01b7a776.jpg,,200
https://www.smbbmu.edu.pk/beta/uploads/gallery/events/1567794944IMG_1064_thumb.JPG,image,1567794944img-1064-thumb-db6142c0.jpg,,200
https://www.smbbmu.edu.pk/beta/uploads/gallery/events/1567794944IMG_1061_thumb.JPG,image,1567794944img-1061-thumb-6fd46df7.jpg,,200
https://www.smbbmu.edu.pk/beta/uploads/gallery/events/1567794912IMG_1067_thumb.JPG,image,1567794912img-1067-thumb-a742f97a.jpg,,200
https://www.smbbmu.edu.pk/beta/uploads/gallery/events/1567794912IMG_1070_thumb.JPG,image,1567794912img-1070-thumb-79758d87.jpg,,200
https://www.smbbmu.edu.pk/beta/uploads/gallery/events/thumbs/1568626157IMG_1069_thumb.JPG,image,1568626157img-1069-thumb-88636eb0.jpg,,200
https://www.smbbmu.edu.pk/beta/uploads/gallery/events/thumbs/1568625171IMG_1066_thumb.JPG,image,1568625171img-1066-thumb-05b7c740.jpg,,200
https://www.smbbmu.edu.pk/beta/uploads/gallery/events/thumbs/1568625171IMG_1062_thumb.JPG,image,1568625171img-1062-thumb-a8581006.jpg,,200
https://www.smbbmu.edu.pk/beta/uploads/gallery/events/thumbs/1567794953IMG_1059_thumb.JPG,image,1567794953img-1059-thumb-1d67adf4.jpg,,200
https://www.smbbmu.edu.pk/beta/uploads/gallery/events/thumbs/1567794944IMG_1064_thumb.JPG,image,1567794944img-1064-thumb-c89ca527.jpg,,200
https://www.smbbmu.edu.pk/beta/uploads/gallery/events/thumbs/1567794944IMG_1061_thumb.JPG,image,1567794944img-1061-thumb-5770e176.jpg,,200
https://www.smbbmu.edu.pk/beta/uploads/gallery/events/thumbs/1567794912IMG_1067_thumb.JPG,image,1567794912img-1067-thumb-6f0ef3ae.jpg,,200
https://www.smbbmu.edu.pk/beta/uploads/gallery/events/thumbs/1567794912IMG_1070_thumb.JPG,image,1567794912img-1070-thumb-9cfac445.jpg,,200
https://www.smbbmu.edu.pk/beta/news/details/pm-visit-to-smbbmu-08-19-2019,news,PM&DC visit to SMBBMU,2019-08-19,200
https://www.smbbmu.edu.pk/beta/uploads/gallery/events/1567838438IMG_0246_thumb.JPG,image,1567838438img-0246-thumb-8302158e.jpg,,200
https://www.smbbmu.edu.pk/beta/uploads/gallery/events/1567838426123546_thumb.JPG,image,1567838426123546-thumb-3f9e4e85.jpg,,200
https://www.smbbmu.edu.pk/beta/uploads/gallery/events/1567838417IMG_0329_thumb.JPG,image,1567838417img-0329-thumb-cb0f1c52.jpg,,200
https://www.smbbmu.edu.pk/beta/uploads/gallery/events/1567838403IMG_0418_thumb.JPG,image,1567838403img-0418-thumb-afca7c2c.jpg,,200
https://www.smbbmu.edu.pk/beta/uploads/gallery/events/1567838370IMG_0773_thumb.JPG,image,1567838370img-0773-thumb-4809e661.jpg,,200
https://www.smbbmu.edu.pk/beta/uploads/gallery/events/1567838355IMG_0838_thumb.JPG,image,1567838355img-0838-thumb-c4b51c14.jpg,,200
https://www.smbbmu.edu.pk/beta/uploads/gallery/events/1567838278IMG_0859_thumb.JPG,image,1567838278img-0859-thumb-0b6b65ca.jpg,,200
https://www.smbbmu.edu.pk/beta/uploads/gallery/events/thumbs/1567838438IMG_0246_thumb.JPG,image,1567838438img-0246-thumb-9240f284.jpg,,200
https://www.smbbmu.edu.pk/beta/uploads/gallery/events/thumbs/1567838426123546_thumb.JPG,image,1567838426123546-thumb-0346670d.jpg,,200
https://www.smbbmu.edu.pk/beta/uploads/gallery/events/thumbs/1567838417IMG_0329_thumb.JPG,image,1567838417img-0329-thumb-72ab4314.jpg,,200
https://www.smbbmu.edu.pk/beta/uploads/gallery/events/thumbs/1567838403IMG_0418_thumb.JPG,image,1567838403img-0418-thumb-5a7a6b96.jpg,,200
https://www.smbbmu.edu.pk/beta/uploads/gallery/events/thumbs/1567838370IMG_0773_thumb.JPG,image,1567838370img-0773-thumb-56a01943.jpg,,200
https://www.smbbmu.edu.pk/beta/uploads/gallery/events/thumbs/1567838355IMG_0838_thumb.JPG,image,1567838355img-0838-thumb-a3249508.jpg,,200
https://www.smbbmu.edu.pk/beta/uploads/gallery/events/thumbs/1567838278IMG_0859_thumb.JPG,image,1567838278img-0859-thumb-469bedb2.jpg,,200
https://www.smbbmu.edu.pk/beta/news/details/independence-day-celebrations-08-14-2019,news,Independence Day Celebrations,2019-08-14,200
https://www.smbbmu.edu.pk/beta/uploads/gallery/events/1568624977IMG_0040_thumb.JPG,image,1568624977img-0040-thumb-2dc12934.jpg,,200
https://www.smbbmu.edu.pk/beta/uploads/gallery/events/1568624972IMG_0020_thumb.JPG,image,1568624972img-0020-thumb-ccdf3597.jpg,,200
https://www.smbbmu.edu.pk/beta/uploads/gallery/events/1568624891IMG_9974_thumb.JPG,image,1568624891img-9974-thumb-51b5b695.jpg,,200
https://www.smbbmu.edu.pk/beta/uploads/gallery/events/1568624747IMG_9973_thumb.JPG,image,1568624747img-9973-thumb-ddecf2bd.jpg,,200
https://www.smbbmu.edu.pk/beta/uploads/gallery/events/1568624744IMG_9969_thumb.JPG,image,1568624744img-9969-thumb-830f134b.jpg,,200
https://www.smbbmu.edu.pk/beta/uploads/gallery/events/1568624742IMG_9953_thumb.JPG,image,1568624742img-9953-thumb-8fb053ce.jpg,,200
https://www.smbbmu.edu.pk/beta/uploads/gallery/events/1568624739IMG_9951_thumb.JPG,image,1568624739img-9951-thumb-4041098d.jpg,,200
https://www.smbbmu.edu.pk/beta/uploads/gallery/events/1568624739IMG_9946_thumb.JPG,image,1568624739img-9946-thumb-71f4cce2.jpg,,200
https://www.smbbmu.edu.pk/beta/uploads/gallery/events/thumbs/1568624977IMG_0040_thumb.JPG,image,1568624977img-0040-thumb-3ddbe307.jpg,,200
https://www.smbbmu.edu.pk/beta/uploads/gallery/events/thumbs/1568624972IMG_0020_thumb.JPG,image,1568624972img-0020-thumb-1c7fec88.jpg,,200
https://www.smbbmu.edu.pk/beta/uploads/gallery/events/thumbs/1568624891IMG_9974_thumb.JPG,image,1568624891img-9974-thumb-6c87c262.jpg,,200
https://www.smbbmu.edu.pk/beta/uploads/gallery/events/thumbs/1568624747IMG_9973_thumb.JPG,image,1568624747img-9973-thumb-1f0ed2ea.jpg,,200
https://www.smbbmu.edu.pk/beta/uploads/gallery/events/thumbs/1568624744IMG_9969_thumb.JPG,image,1568624744img-9969-thumb-c08cad33.jpg,,200
https://www.smbbmu.edu.pk/beta/uploads/gallery/events/thumbs/1568624742IMG_9953_thumb.JPG,image,1568624742img-9953-thumb-66e116e0.jpg,,200
https://www.smbbmu.edu.pk/beta/uploads/gallery/events/thumbs/1568624739IMG_9951_thumb.JPG,image,1568624739img-9951-thumb-f878446a.jpg,,200
https://www.smbbmu.edu.pk/beta/uploads/gallery/events/thumbs/1568624739IMG_9946_thumb.JPG,image,1568624739img-9946-thumb-06d1829a.jpg,,200
https://www.smbbmu.edu.pk/beta/news/details/selection-board-for-administrative-positions-08-09-2019,news,Selection Board for Administrative Positions,2019-08-09,200
https://www.smbbmu.edu.pk/beta/uploads/gallery/events/1568625663IMG_9860_thumb.JPG,image,1568625663img-9860-thumb-589ffcff.jpg,,200
https://www.smbbmu.edu.pk/beta/uploads/gallery/events/1568625588IMG_9927_thumb.JPG,image,1568625588img-9927-thumb-d7e7797c.jpg,,200
https://www.smbbmu.edu.pk/beta/uploads/gallery/events/1568625587IMG_9899_thumb.JPG,image,1568625587img-9899-thumb-00563e00.jpg,,200
https://www.smbbmu.edu.pk/beta/uploads/gallery/events/1568625586IMG_9911_thumb.JPG,image,1568625586img-9911-thumb-30b9b334.jpg,,200
https://www.smbbmu.edu.pk/beta/uploads/gallery/events/1567839055IMG_9910_thumb.JPG,image,1567839055img-9910-thumb-34370d68.jpg,,200
https://www.smbbmu.edu.pk/beta/uploads/gallery/events/1567838952IMG_9924_thumb.JPG,image,1567838952img-9924-thumb-dbae4621.jpg,,200
https://www.smbbmu.edu.pk/beta/uploads/gallery/events/1567838916IMG_9898_thumb.JPG,image,1567838916img-9898-thumb-728dcd3a.jpg,,200
https://www.smbbmu.edu.pk/beta/uploads/gallery/events/thumbs/1568625663IMG_9860_thumb.JPG,image,1568625663img-9860-thumb-0c4e3d81.jpg,,200
https://www.smbbmu.edu.pk/beta/uploads/gallery/events/thumbs/1568625588IMG_9927_thumb.JPG,image,1568625588img-9927-thumb-493bb8f4.jpg,,200
https://www.smbbmu.edu.pk/beta/uploads/gallery/events/thumbs/1568625587IMG_9899_thumb.JPG,image,1568625587img-9899-thumb-0a7b6188.jpg,,200
https://www.smbbmu.edu.pk/beta/uploads/gallery/events/thumbs/1568625586IMG_9911_thumb.JPG,image,1568625586img-9911-thumb-41b7e708.jpg,,200
https://www.smbbmu.edu.pk/beta/uploads/gallery/events/thumbs/1567839055IMG_9910_thumb.JPG,image,1567839055img-9910-thumb-71a479cc.jpg,,200
https://www.smbbmu.edu.pk/beta/uploads/gallery/events/thumbs/1567838952IMG_9924_thumb.JPG,image,1567838952img-9924-thumb-cb06f3be.jpg,,200
https://www.smbbmu.edu.pk/beta/uploads/gallery/events/thumbs/1567838916IMG_9898_thumb.JPG,image,1567838916img-9898-thumb-9f91e7d3.jpg,,200
https://www.smbbmu.edu.pk/beta/news/details/39th-syndicate-meeting-05-14-2019,news,39th Syndicate Meeting,2019-05-14,200
https://www.smbbmu.edu.pk/beta/uploads/gallery/events/1558259499PHOTO-2019-05-18-15-44-02_thumb.jpg,image,1558259499photo-2019-05-18-15-44-02-thumb-2751e30c.jpg,,200
https://www.smbbmu.edu.pk/beta/uploads/gallery/events/1558259471PHOTO-2019-05-18-15-43-16_thumb.jpg,image,1558259471photo-2019-05-18-15-43-16-thumb-db0cdad8.jpg,,200
https://www.smbbmu.edu.pk/beta/uploads/gallery/events/1558259466PHOTO-2019-05-18-15-42-52_thumb.jpg,image,1558259466photo-2019-05-18-15-42-52-thumb-167c3926.jpg,,200
https://www.smbbmu.edu.pk/beta/uploads/gallery/events/1558259463PHOTO-2019-05-18-15-38-04_thumb.jpg,image,1558259463photo-2019-05-18-15-38-04-thumb-3683e7a7.jpg,,200
https://www.smbbmu.edu.pk/beta/uploads/gallery/events/1558259461PHOTO-2019-05-18-15-38-03_thumb.jpg,image,1558259461photo-2019-05-18-15-38-03-thumb-93d2db1c.jpg,,200
https://www.smbbmu.edu.pk/beta/uploads/gallery/events/thumbs/1558259499PHOTO-2019-05-18-15-44-02_thumb.jpg,image,1558259499photo-2019-05-18-15-44-02-thumb-548118ef.jpg,,200
https://www.smbbmu.edu.pk/beta/uploads/gallery/events/thumbs/1558259471PHOTO-2019-05-18-15-43-16_thumb.jpg,image,1558259471photo-2019-05-18-15-43-16-thumb-db6cb797.jpg,,200
https://www.smbbmu.edu.pk/beta/uploads/gallery/events/thumbs/1558259466PHOTO-2019-05-18-15-42-52_thumb.jpg,image,1558259466photo-2019-05-18-15-42-52-thumb-9d9e1b40.jpg,,200
https://www.smbbmu.edu.pk/beta/uploads/gallery/events/thumbs/1558259463PHOTO-2019-05-18-15-38-04_thumb.jpg,image,1558259463photo-2019-05-18-15-38-04-thumb-6947e385.jpg,,200
https://www.smbbmu.edu.pk/beta/uploads/gallery/events/thumbs/1558259461PHOTO-2019-05-18-15-38-03_thumb.jpg,image,1558259461photo-2019-05-18-15-38-03-thumb-5e1016df.jpg,,200
https://www.smbbmu.edu.pk/beta/news/details/pakistan-day-celebrations-03-23-2019,news,Pakistan Day Celebrations,2019-03-23,200
https://www.smbbmu.edu.pk/beta/uploads/gallery/events/1553491032IMG_8533_thumb.JPG,image,1553491032img-8533-thumb-089e1596.jpg,,200
https://www.smbbmu.edu.pk/beta/uploads/gallery/events/1553491012IMG_8599_thumb.JPG,image,1553491012img-8599-thumb-29d454c3.jpg,,200
https://www.smbbmu.edu.pk/beta/uploads/gallery/events/1553490997IMG_8539_thumb.JPG,image,1553490997img-8539-thumb-47b83686.jpg,,200
https://www.smbbmu.edu.pk/beta/uploads/gallery/events/1553490995IMG_8564_thumb.JPG,image,1553490995img-8564-thumb-71616e83.jpg,,200
https://www.smbbmu.edu.pk/beta/uploads/gallery/events/1553490827IMG_8584_thumb.JPG,image,1553490827img-8584-thumb-879caf3e.jpg,,200
https://www.smbbmu.edu.pk/beta/uploads/gallery/events/thumbs/1553491032IMG_8533_thumb.JPG,image,1553491032img-8533-thumb-644b1291.jpg,,200
https://www.smbbmu.edu.pk/beta/uploads/gallery/events/thumbs/1553491012IMG_8599_thumb.JPG,image,1553491012img-8599-thumb-c8e877ca.jpg,,200
https://www.smbbmu.edu.pk/beta/uploads/gallery/events/thumbs/1553490997IMG_8539_thumb.JPG,image,1553490997img-8539-thumb-bb1a3076.jpg,,200
https://www.smbbmu.edu.pk/beta/uploads/gallery/events/thumbs/1553490995IMG_8564_thumb.JPG,image,1553490995img-8564-thumb-0e7d60fd.jpg,,200
https://www.smbbmu.edu.pk/beta/uploads/gallery/events/thumbs/1553490827IMG_8584_thumb.JPG,image,1553490827img-8584-thumb-873521ba.jpg,,200
https://www.smbbmu.edu.pk/beta/news/details/38th-syndicate-meeting-03-05-2019,news,38th Syndicate Meeting,2019-03-05,200
https://www.smbbmu.edu.pk/beta/uploads/gallery/events/1552024182IMG_8300_thumb.JPG,image,1552024182img-8300-thumb-115c066f.jpg,,200
https://www.smbbmu.edu.pk/beta/uploads/gallery/events/1552024180IMG_8304_thumb.JPG,image,1552024180img-8304-thumb-b8790a81.jpg,,200
https://www.smbbmu.edu.pk/beta/uploads/gallery/events/1552024163IMG_8306_thumb.JPG,image,1552024163img-8306-thumb-8efba0c7.jpg,,200
https://www.smbbmu.edu.pk/beta/uploads/gallery/events/1552024160IMG_8316_thumb.JPG,image,1552024160img-8316-thumb-6e336768.jpg,,200
https://www.smbbmu.edu.pk/beta/uploads/gallery/events/thumbs/1552024182IMG_8300_thumb.JPG,image,1552024182img-8300-thumb-a009b357.jpg,,200
https://www.smbbmu.edu.pk/beta/uploads/gallery/events/thumbs/1552024180IMG_8304_thumb.JPG,image,1552024180img-8304-thumb-2a9f5d0a.jpg,,200
https://www.smbbmu.edu.pk/beta/uploads/gallery/events/thumbs/1552024163IMG_8306_thumb.JPG,image,1552024163img-8306-thumb-4f2a38b7.jpg,,200
https://www.smbbmu.edu.pk/beta/uploads/gallery/events/thumbs/1552024160IMG_8316_thumb.JPG,image,1552024160img-8316-thumb-3796b84b.jpg,,200
https://www.smbbmu.edu.pk/beta/news/details/spring-tree-plantation-ceremony-cmc-03-04-2019,news,Spring Tree Plantation Ceremony @CMC,2019-03-04,200
https://www.smbbmu.edu.pk/beta/uploads/gallery/events/1551851310IMG_8238_thumb.JPG,image,1551851310img-8238-thumb-a0292dc1.jpg,,200
https://www.smbbmu.edu.pk/beta/uploads/gallery/events/1551851247IMG_8246_thumb.JPG,image,1551851247img-8246-thumb-827a8d26.jpg,,200
https://www.smbbmu.edu.pk/beta/uploads/gallery/events/1551850703IMG_8233_thumb.JPG,image,1551850703img-8233-thumb-5bef9f01.jpg,,200
https://www.smbbmu.edu.pk/beta/uploads/gallery/events/thumbs/1551851310IMG_8238_thumb.JPG,image,1551851310img-8238-thumb-681a54bc.jpg,,200
https://www.smbbmu.edu.pk/beta/uploads/gallery/events/thumbs/1551851247IMG_8246_thumb.JPG,image,1551851247img-8246-thumb-ae2540d1.jpg,,200
https://www.smbbmu.edu.pk/beta/uploads/gallery/events/thumbs/1551850703IMG_8233_thumb.JPG,image,1551850703img-8233-thumb-6bb874f3.jpg,,200
https://www.smbbmu.edu.pk/beta/news/details/laptop-distribution-ceremony-gmmmc-02-12-2019,news,Laptop Distribution Ceremony @GMMMC,2019-02-12,200
https://www.smbbmu.edu.pk/beta/uploads/gallery/events/1550037690PHOTO-2019-02-12-19-02-20_thumb.jpg,image,1550037690photo-2019-02-12-19-02-20-thumb-a120c209.jpg,,200
https://www.smbbmu.edu.pk/beta/uploads/gallery/events/1550037687PHOTO-2019-02-12-19-02-19_thumb.jpg,image,1550037687photo-2019-02-12-19-02-19-thumb-11fdfaf1.jpg,,200
https://www.smbbmu.edu.pk/beta/uploads/gallery/events/1550037684PHOTO-2019-02-12-19-02-18_thumb.jpg,image,1550037684photo-2019-02-12-19-02-18-thumb-aea4a550.jpg,,200
https://www.smbbmu.edu.pk/beta/uploads/gallery/events/1550037682PHOTO-2019-02-12-19-02-17_thumb.jpg,image,1550037682photo-2019-02-12-19-02-17-thumb-df4a601b.jpg,,200
https://www.smbbmu.edu.pk/beta/uploads/gallery/events/1550037679PHOTO-2019-02-12-19-02-14_thumb.jpg,image,1550037679photo-2019-02-12-19-02-14-thumb-e2a110e2.jpg,,200
https://www.smbbmu.edu.pk/beta/uploads/gallery/events/1550037677PHOTO-2019-02-12-19-02-13_thumb.jpg,image,1550037677photo-2019-02-12-19-02-13-thumb-74689652.jpg,,200
https://www.smbbmu.edu.pk/beta/uploads/gallery/events/1550037674PHOTO-2019-02-12-14-33-09_thumb.jpg,image,1550037674photo-2019-02-12-14-33-09-thumb-6e90801d.jpg,,200
https://www.smbbmu.edu.pk/beta/uploads/gallery/events/1550037673PHOTO-2019-02-12-14-33-06_thumb.jpg,image,1550037673photo-2019-02-12-14-33-06-thumb-b5cf4ee1.jpg,,200
https://www.smbbmu.edu.pk/beta/uploads/gallery/events/1550037663PHOTO-2019-02-12-14-31-21_thumb.jpg,image,1550037663photo-2019-02-12-14-31-21-thumb-a3ef040c.jpg,,200
https://www.smbbmu.edu.pk/beta/uploads/gallery/events/1550037661PHOTO-2019-02-12-14-31-28_thumb.jpg,image,1550037661photo-2019-02-12-14-31-28-thumb-c8155fa6.jpg,,200
https://www.smbbmu.edu.pk/beta/uploads/gallery/events/thumbs/1550037690PHOTO-2019-02-12-19-02-20_thumb.jpg,image,1550037690photo-2019-02-12-19-02-20-thumb-92079b36.jpg,,200
https://www.smbbmu.edu.pk/beta/uploads/gallery/events/thumbs/1550037687PHOTO-2019-02-12-19-02-19_thumb.jpg,image,1550037687photo-2019-02-12-19-02-19-thumb-2dfd4120.jpg,,200
https://www.smbbmu.edu.pk/beta/uploads/gallery/events/thumbs/1550037684PHOTO-2019-02-12-19-02-18_thumb.jpg,image,1550037684photo-2019-02-12-19-02-18-thumb-1dec04bd.jpg,,200
https://www.smbbmu.edu.pk/beta/uploads/gallery/events/thumbs/1550037682PHOTO-2019-02-12-19-02-17_thumb.jpg,image,1550037682photo-2019-02-12-19-02-17-thumb-b66ed4df.jpg,,200
https://www.smbbmu.edu.pk/beta/uploads/gallery/events/thumbs/1550037679PHOTO-2019-02-12-19-02-14_thumb.jpg,image,1550037679photo-2019-02-12-19-02-14-thumb-a74520b8.jpg,,200
https://www.smbbmu.edu.pk/beta/uploads/gallery/events/thumbs/1550037677PHOTO-2019-02-12-19-02-13_thumb.jpg,image,1550037677photo-2019-02-12-19-02-13-thumb-5c9a2ab7.jpg,,200
https://www.smbbmu.edu.pk/beta/uploads/gallery/events/thumbs/1550037674PHOTO-2019-02-12-14-33-09_thumb.jpg,image,1550037674photo-2019-02-12-14-33-09-thumb-c869d117.jpg,,200
https://www.smbbmu.edu.pk/beta/uploads/gallery/events/thumbs/1550037673PHOTO-2019-02-12-14-33-06_thumb.jpg,image,1550037673photo-2019-02-12-14-33-06-thumb-f664ed0d.jpg,,200
https://www.smbbmu.edu.pk/beta/uploads/gallery/events/thumbs/1550037663PHOTO-2019-02-12-14-31-21_thumb.jpg,image,1550037663photo-2019-02-12-14-31-21-thumb-a10eefb5.jpg,,200
https://www.smbbmu.edu.pk/beta/uploads/gallery/events/thumbs/1550037661PHOTO-2019-02-12-14-31-28_thumb.jpg,image,1550037661photo-2019-02-12-14-31-28-thumb-531fb54d.jpg,,200
https://www.smbbmu.edu.pk/beta/news/details/who-team-visit-to-smbbmu-01-25-2019,news,W.H.O Team Visit to SMBBMU,2019-01-25,200
https://www.smbbmu.edu.pk/beta/uploads/gallery/events/1548660214AC  (2)_thumb.JPG,image,1548660214ac-2-thumb-4414ca91.jpg,,200
https://www.smbbmu.edu.pk/beta/uploads/gallery/events/1548660204AC  (6)_thumb.JPG,image,1548660204ac-6-thumb-6f0dc5d8.jpg,,200
https://www.smbbmu.edu.pk/beta/uploads/gallery/events/1548655341AC  (11)_thumb.JPG,image,1548655341ac-11-thumb-852be688.jpg,,200
https://www.smbbmu.edu.pk/beta/uploads/gallery/events/1548655323AC  (5)_thumb.JPG,image,1548655323ac-5-thumb-b7b06f2d.jpg,,200
https://www.smbbmu.edu.pk/beta/uploads/gallery/events/thumbs/1548660214AC  (2)_thumb.JPG,image,1548660214ac-2-thumb-f8654fe7.jpg,,200
https://www.smbbmu.edu.pk/beta/uploads/gallery/events/thumbs/1548660204AC  (6)_thumb.JPG,image,1548660204ac-6-thumb-b43e28d8.jpg,,200
https://www.smbbmu.edu.pk/beta/uploads/gallery/events/thumbs/1548655341AC  (11)_thumb.JPG,image,1548655341ac-11-thumb-128fb1bf.jpg,,200
https://www.smbbmu.edu.pk/beta/uploads/gallery/events/thumbs/1548655323AC  (5)_thumb.JPG,image,1548655323ac-5-thumb-ca2635d6.jpg,,200
https://www.smbbmu.edu.pk/beta/news/details/laptop-distribution-ceremony-01-18-2019,news,Laptop Distribution Ceremony,2019-01-18,200
https://www.smbbmu.edu.pk/beta/uploads/gallery/events/1547966220PHOTO-2019-01-17-18-49-47_thumb.jpg,image,1547966220photo-2019-01-17-18-49-47-thumb-eb5bf437.jpg,,200
https://www.smbbmu.edu.pk/beta/uploads/gallery/events/1547966218PHOTO-2019-01-17-18-49-56 2_thumb.jpg,image,1547966218photo-2019-01-17-18-49-56-2-thumb-0a83a5a6.jpg,,200
https://www.smbbmu.edu.pk/beta/uploads/gallery/events/1547966216PHOTO-2019-01-17-18-49-55 2_thumb.jpg,image,1547966216photo-2019-01-17-18-49-55-2-thumb-2d7beda1.jpg,,200
https://www.smbbmu.edu.pk/beta/uploads/gallery/events/1547966215PHOTO-2019-01-17-18-49-55_thumb.jpg,image,1547966215photo-2019-01-17-18-49-55-thumb-b49b9286.jpg,,200
https://www.smbbmu.edu.pk/beta/uploads/gallery/events/1547966211PHOTO-2019-01-17-18-49-54_thumb.jpg,image,1547966211photo-2019-01-17-18-49-54-thumb-3fec2f3c.jpg,,200
https://www.smbbmu.edu.pk/beta/uploads/gallery/events/1547966125PHOTO-2019-01-17-18-49-58 2_thumb.jpg,image,1547966125photo-2019-01-17-18-49-58-2-thumb-65df6323.jpg,,200
https://www.smbbmu.edu.pk/beta/uploads/gallery/events/1547966122PHOTO-2019-01-17-18-49-57_thumb.jpg,image,1547966122photo-2019-01-17-18-49-57-thumb-128af81b.jpg,,200
https://www.smbbmu.edu.pk/beta/uploads/gallery/events/1547966115PHOTO-2019-01-17-18-49-59 2_thumb.jpg,image,1547966115photo-2019-01-17-18-49-59-2-thumb-1c55fcb1.jpg,,200
https://www.smbbmu.edu.pk/beta/uploads/gallery/events/1547966114PHOTO-2019-01-17-18-49-59_thumb.jpg,image,1547966114photo-2019-01-17-18-49-59-thumb-29acc5c2.jpg,,200
https://www.smbbmu.edu.pk/beta/uploads/gallery/events/1547966110PHOTO-2019-01-17-18-50-01_thumb.jpg,image,1547966110photo-2019-01-17-18-50-01-thumb-179d690c.jpg,,200
https://www.smbbmu.edu.pk/beta/uploads/news/images/1547965448.jpg,image,1547965448-7e6fd782.jpg,,200
https://www.smbbmu.edu.pk/beta/uploads/gallery/events/thumbs/1547966220PHOTO-2019-01-17-18-49-47_thumb.jpg,image,1547966220photo-2019-01-17-18-49-47-thumb-785f09f9.jpg,,200
https://www.smbbmu.edu.pk/beta/uploads/gallery/events/thumbs/1547966218PHOTO-2019-01-17-18-49-56 2_thumb.jpg,image,1547966218photo-2019-01-17-18-49-56-2-thumb-b1dadfab.jpg,,200
https://www.smbbmu.edu.pk/beta/uploads/gallery/events/thumbs/1547966216PHOTO-2019-01-17-18-49-55 2_thumb.jpg,image,1547966216photo-2019-01-17-18-49-55-2-thumb-f11e7e16.jpg,,200
https://www.smbbmu.edu.pk/beta/uploads/gallery/events/thumbs/1547966215PHOTO-2019-01-17-18-49-55_thumb.jpg,image,1547966215photo-2019-01-17-18-49-55-thumb-bc30f11f.jpg,,200
https://www.smbbmu.edu.pk/beta/uploads/gallery/events/thumbs/1547966211PHOTO-2019-01-17-18-49-54_thumb.jpg,image,1547966211photo-2019-01-17-18-49-54-thumb-559d2b2b.jpg,,200
https://www.smbbmu.edu.pk/beta/uploads/gallery/events/thumbs/1547966125PHOTO-2019-01-17-18-49-58 2_thumb.jpg,image,1547966125photo-2019-01-17-18-49-58-2-thumb-fbf64e12.jpg,,200
https://www.smbbmu.edu.pk/beta/uploads/gallery/events/thumbs/1547966122PHOTO-2019-01-17-18-49-57_thumb.jpg,image,1547966122photo-2019-01-17-18-49-57-thumb-7ca4c7b1.jpg,,200
https://www.smbbmu.edu.pk/beta/uploads/gallery/events/thumbs/1547966115PHOTO-2019-01-17-18-49-59 2_thumb.jpg,image,1547966115photo-2019-01-17-18-49-59-2-thumb-5f70d8ad.jpg,,200
https://www.smbbmu.edu.pk/beta/uploads/gallery/events/thumbs/1547966114PHOTO-2019-01-17-18-49-59_thumb.jpg,image,1547966114photo-2019-01-17-18-49-59-thumb-d3a86f87.jpg,,200
https://www.smbbmu.edu.pk/beta/uploads/gallery/events/thumbs/1547966110PHOTO-2019-01-17-18-50-01_thumb.jpg,image,1547966110photo-2019-01-17-18-50-01-thumb-72220210.jpg,,200
https://www.smbbmu.edu.pk/beta/news/details/16th-day-one-celebration-of-gmmmc-smbbmu-01-10-2019,news,16th Day One Celebration of GMMMC SMBBMU,2019-01-10,200
https://www.smbbmu.edu.pk/beta/uploads/gallery/events/1547971317IMG_3940_thumb.JPG,image,1547971317img-3940-thumb-cdad7d82.jpg,,200
https://www.smbbmu.edu.pk/beta/uploads/gallery/events/1547971312IMG_3931_thumb.JPG,image,1547971312img-3931-thumb-48166f29.jpg,,200
https://www.smbbmu.edu.pk/beta/uploads/gallery/events/1547971312IMG_3923_thumb.JPG,image,1547971312img-3923-thumb-2d3ab5fa.jpg,,200
https://www.smbbmu.edu.pk/beta/uploads/gallery/events/1547971259IMG_3963_thumb.JPG,image,1547971259img-3963-thumb-16cba917.jpg,,200
https://www.smbbmu.edu.pk/beta/uploads/gallery/events/1547971253IMG_3964_thumb.JPG,image,1547971253img-3964-thumb-3d60d387.jpg,,200
https://www.smbbmu.edu.pk/beta/uploads/gallery/events/1547971253IMG_3965_thumb.JPG,image,1547971253img-3965-thumb-efd7d0c4.jpg,,200
https://www.smbbmu.edu.pk/beta/uploads/gallery/events/thumbs/1547971317IMG_3940_thumb.JPG,image,1547971317img-3940-thumb-2b74ce6f.jpg,,200
https://www.smbbmu.edu.pk/beta/uploads/gallery/events/thumbs/1547971312IMG_3931_thumb.JPG,image,1547971312img-3931-thumb-527d7b54.jpg,,200
https://www.smbbmu.edu.pk/beta/uploads/gallery/events/thumbs/1547971312IMG_3923_thumb.JPG,image,1547971312img-3923-thumb-41e47887.jpg,,200
https://www.smbbmu.edu.pk/beta/uploads/gallery/events/thumbs/1547971259IMG_3963_thumb.JPG,image,1547971259img-3963-thumb-d56e63bb.jpg,,200
https://www.smbbmu.edu.pk/beta/uploads/gallery/events/thumbs/1547971253IMG_3964_thumb.JPG,image,1547971253img-3964-thumb-8f81c7be.jpg,,200
https://www.smbbmu.edu.pk/beta/uploads/gallery/events/thumbs/1547971253IMG_3965_thumb.JPG,image,1547971253img-3965-thumb-4d86c1d2.jpg,,200
https://www.smbbmu.edu.pk/beta/news/details/47th-day-one-celebration-of-cmc-smbbmu-12-29-2018,news,47th Day One Celebration of CMC SMBBMU,2018-12-29,200
https://www.smbbmu.edu.pk/beta/uploads/gallery/events/1546234781AB (22)_thumb.JPG,image,1546234781ab-22-thumb-576d61f0.jpg,,200
https://www.smbbmu.edu.pk/beta/uploads/gallery/events/1546234746AB (3)_thumb.JPG,image,1546234746ab-3-thumb-764b8083.jpg,,200
https://www.smbbmu.edu.pk/beta/uploads/gallery/events/1546234728AB (16)_thumb.JPG,image,1546234728ab-16-thumb-fb6e2fd6.jpg,,200
https://www.smbbmu.edu.pk/beta/uploads/gallery/events/1546234672AB (23)_thumb.JPG,image,1546234672ab-23-thumb-381b1c52.jpg,,200
https://www.smbbmu.edu.pk/beta/uploads/gallery/events/1546234654AB (17)_thumb.JPG,image,1546234654ab-17-thumb-d1089031.jpg,,200
https://www.smbbmu.edu.pk/beta/uploads/gallery/events/1546234637AB (19)_thumb.JPG,image,1546234637ab-19-thumb-cedb1624.jpg,,200
https://www.smbbmu.edu.pk/beta/uploads/gallery/events/1546234554AB (14)_thumb.JPG,image,1546234554ab-14-thumb-e5e35525.jpg,,200
https://www.smbbmu.edu.pk/beta/uploads/gallery/events/thumbs/1546234781AB (22)_thumb.JPG,image,1546234781ab-22-thumb-909a480a.jpg,,200
https://www.smbbmu.edu.pk/beta/uploads/gallery/events/thumbs/1546234746AB (3)_thumb.JPG,image,1546234746ab-3-thumb-5d110e12.jpg,,200
https://www.smbbmu.edu.pk/beta/uploads/gallery/events/thumbs/1546234728AB (16)_thumb.JPG,image,1546234728ab-16-thumb-bc1cdaf5.jpg,,200
https://www.smbbmu.edu.pk/beta/uploads/gallery/events/thumbs/1546234672AB (23)_thumb.JPG,image,1546234672ab-23-thumb-e1489524.jpg,,200
https://www.smbbmu.edu.pk/beta/uploads/gallery/events/thumbs/1546234654AB (17)_thumb.JPG,image,1546234654ab-17-thumb-fc0a7234.jpg,,200
https://www.smbbmu.edu.pk/beta/uploads/gallery/events/thumbs/1546234637AB (19)_thumb.JPG,image,1546234637ab-19-thumb-32c4ab48.jpg,,200
https://www.smbbmu.edu.pk/beta/uploads/gallery/events/thumbs/1546234554AB (14)_thumb.JPG,image,1546234554ab-14-thumb-d1b0e276.jpg,,200
https://www.smbbmu.edu.pk/beta/news/details/seminar-on-breast-cancer-awareness-day-10-15-2018,news,Seminar on Breast Cancer Awareness Day,2018-10-15,200
https://www.smbbmu.edu.pk/beta/uploads/gallery/events/1540184600B (15)_thumb.JPG,image,1540184600b-15-thumb-0452de3b.jpg,,200
https://www.smbbmu.edu.pk/beta/uploads/gallery/events/1540184595B (16)_thumb.JPG,image,1540184595b-16-thumb-7b859168.jpg,,200
https://www.smbbmu.edu.pk/beta/uploads/gallery/events/1540184583B (14)_thumb.JPG,image,1540184583b-14-thumb-efebee8e.jpg,,200
https://www.smbbmu.edu.pk/beta/uploads/gallery/events/1540184572AB_thumb.JPG,image,1540184572ab-thumb-e0056642.jpg,,200
https://www.smbbmu.edu.pk/beta/uploads/gallery/events/1540184572B (13)_thumb.JPG,image,1540184572b-13-thumb-835b5511.jpg,,200
https://www.smbbmu.edu.pk/beta/uploads/gallery/events/1540184566B (12)_thumb.JPG,image,1540184566b-12-thumb-3cd3bfe6.jpg,,200
https://www.smbbmu.edu.pk/beta/uploads/gallery/events/1540184555B (11)_thumb.JPG,image,1540184555b-11-thumb-44a85442.jpg,,200
https://www.smbbmu.edu.pk/beta/uploads/gallery/events/1540184549B (7)_thumb.JPG,image,1540184549b-7-thumb-97f47798.jpg,,200
https://www.smbbmu.edu.pk/beta/uploads/gallery/events/thumbs/1540184600B (15)_thumb.JPG,image,1540184600b-15-thumb-75d0f6e3.jpg,,200
https://www.smbbmu.edu.pk/beta/uploads/gallery/events/thumbs/1540184595B (16)_thumb.JPG,image,1540184595b-16-thumb-8e7157a9.jpg,,200
https://www.smbbmu.edu.pk/beta/uploads/gallery/events/thumbs/1540184583B (14)_thumb.JPG,image,1540184583b-14-thumb-9be6bfe1.jpg,,200
https://www.smbbmu.edu.pk/beta/uploads/gallery/events/thumbs/1540184572AB_thumb.JPG,image,1540184572ab-thumb-263f0f01.jpg,,200
https://www.smbbmu.edu.pk/beta/uploads/gallery/events/thumbs/1540184572B (13)_thumb.JPG,image,1540184572b-13-thumb-a3f5831f.jpg,,200
https://www.smbbmu.edu.pk/beta/uploads/gallery/events/thumbs/1540184566B (12)_thumb.JPG,image,1540184566b-12-thumb-08ce0878.jpg,,200
https://www.smbbmu.edu.pk/beta/uploads/gallery/events/thumbs/1540184555B (11)_thumb.JPG,image,1540184555b-11-thumb-289e102f.jpg,,200
https://www.smbbmu.edu.pk/beta/uploads/gallery/events/thumbs/1540184549B (7)_thumb.JPG,image,1540184549b-7-thumb-08e23925.jpg,,200
https://www.smbbmu.edu.pk/beta/news/details/seminar-on-careers-in-pakistan-navy-10-09-2018,news,Seminar on careers in Pakistan Navy,2018-10-09,200
https://www.smbbmu.edu.pk/beta/uploads/gallery/events/15392382386ea23296-caf6-422a-bc37-8ec7e97be540_thumb.jpg,image,15392382386ea23296-caf6-422a-bc37-8ec7e97be540-thumb-5d795501.jpg,,200
https://www.smbbmu.edu.pk/beta/uploads/gallery/events/15392382364866ef1f-25ca-4e38-b7c1-fe5228c33891_thumb.jpg,image,15392382364866ef1f-25ca-4e38-b7c1-fe5228c33891-thumb-71d8765f.jpg,,200
https://www.smbbmu.edu.pk/beta/uploads/gallery/events/15392382347b091b71-8064-4569-a9c2-001050d00954 (1)_thumb.jpg,image,15392382347b091b71-8064-4569-a9c2-001050d00954-1-thumb-5c352980.jpg,,200
https://www.smbbmu.edu.pk/beta/uploads/gallery/events/thumbs/15392382386ea23296-caf6-422a-bc37-8ec7e97be540_thumb.jpg,image,15392382386ea23296-caf6-422a-bc37-8ec7e97be540-thumb-49cffa78.jpg,,200
https://www.smbbmu.edu.pk/beta/uploads/gallery/events/thumbs/15392382364866ef1f-25ca-4e38-b7c1-fe5228c33891_thumb.jpg,image,15392382364866ef1f-25ca-4e38-b7c1-fe5228c33891-thumb-4866f8bd.jpg,,200
https://www.smbbmu.edu.pk/beta/uploads/gallery/events/thumbs/15392382347b091b71-8064-4569-a9c2-001050d00954 (1)_thumb.jpg,image,15392382347b091b71-8064-4569-a9c2-001050d00954-1-thumb-9de335b6.jpg,,200
https://www.smbbmu.edu.pk/beta/announcements/details/admission-for-certification-in-health-professionals-education-c-hpe-session-2024-batch-04-11-14-2023,announcement,Admission for Certification in Health Professionals Education (C-HPE) Session 2024 Batch-04,2023-11-14,200
https://www.smbbmu.edu.pk/beta/news/downloadFile/CHPE+Form_16999396200.pdf,pdf,chpe-form-16999396200-3117b721.pdf,,200
https://www.smbbmu.edu.pk/beta/uploads/news/images/1699939566.jpg,image,1699939566-955ff4a2.jpg,,200
https://www.smbbmu.edu.pk/beta/announcements/details/resutl-of-postgraduate-degree-diploma-theory-examination-march-2023-held-in-the-month-of-october-2023-11-14-2023,announcement,Resutl of Postgraduate Degree & Diploma (Theory) Examination March 2023 held in the month of October 2023.,2023-11-14,200
https://www.smbbmu.edu.pk/beta/uploads/news/images/1699946057.jpg,image,1699946057-16ed33ea.jpg,,200
https://www.smbbmu.edu.pk/beta/announcements/details/extension-of-date-for-submission-of-forms-for-induction-in-university-courses-mcps-11-10-2023,announcement,Extension of Date for Submission of forms for induction in university courses & MCPS,2023-11-10,200
https://www.smbbmu.edu.pk/beta/uploads/news/images/1699859095.jpg,image,1699859095-b603209c.jpg,,200
https://www.smbbmu.edu.pk/beta/announcements/details/5th-smbbmu-convocation-11-10-2023,announcement,5th SMBBMU Convocation,2023-11-10,200
https://www.smbbmu.edu.pk/beta/news/downloadFile/convocation-form-1_17019333750.pdf,pdf,convocation-form-1-17019333750-ad8094ce.pdf,,200
https://www.smbbmu.edu.pk/beta/news/downloadFile/undergraduate-voucher_17000438110.pdf,pdf,undergraduate-voucher-17000438110-4418f443.pdf,,200
https://www.smbbmu.edu.pk/beta/news/downloadFile/convocation-postgraduates_17000413951.pdf,pdf,convocation-postgraduates-17000413951-dd71948b.pdf,,200
https://www.smbbmu.edu.pk/beta/uploads/news/images/1702978588.png,image,1702978588-cbf07618.png,,200
https://www.smbbmu.edu.pk/beta/announcements/details/result-postgraduate-degree-and-diploma-theory-examination-march-2023-held-in-the-month-of-october-2023-11-04-2023,announcement,"Result Postgraduate Degree and Diploma (Theory) Examination March, 2023 held in the month of October, 2023.",2023-11-04,200
https://www.smbbmu.edu.pk/beta/uploads/news/images/1699163159.jpg,image,1699163159-d9ea4e65.jpg,,200
https://www.smbbmu.edu.pk/beta/announcements/details/corrigendum-for-advertisement-for-admissions-in-various-postgraduate-programs-for-the-session-january-2024-10-31-2023,announcement,"Corrigendum for Advertisement for admissions in various Postgraduate Programs for the Session January, 2024",2023-10-31,200
https://www.smbbmu.edu.pk/beta/uploads/news/images/1698815921.jpg,image,1698815921-e56c232a.jpg,,200
https://www.smbbmu.edu.pk/beta/announcements/details/time-table-for-postgraduate-examination-10-31-2023,announcement,Time Table for Postgraduate Examination,2023-10-31,200
"https://www.smbbmu.edu.pk/beta/news/downloadFile/MS,+MD+EXAM+_16988162953.jpg",image,ms-md-exam-16988162953-5073aaa9.jpg,,200
https://www.smbbmu.edu.pk/beta/news/downloadFile/M_16988162952.jpg,image,m-16988162952-0490c4df.jpg,,200
https://www.smbbmu.edu.pk/beta/news/downloadFile/M_16988162951.jpg,image,m-16988162951-fc57bf48.jpg,,200
https://www.smbbmu.edu.pk/beta/news/downloadFile/DIPLOMA+EXAM_16988162950.jpg,image,diploma-exam-16988162950-d67d920c.jpg,,200
https://www.smbbmu.edu.pk/beta/announcements/details/result-of-postgraduate-diploma-theory-examinations-march-2023-held-in-the-month-of-october-2023-10-21-2023,announcement,"Result of Postgraduate Diploma (Theory) Examinations March 2023 held in the month of October, 2023.",2023-10-21,200
https://www.smbbmu.edu.pk/beta/uploads/news/images/1697922081.jpg,image,1697922081-f010fc30.jpg,,200
https://www.smbbmu.edu.pk/beta/announcements/details/admission-for-postgraduate-courses-for-session-january-2024-10-21-2023,announcement,Admission for Postgraduate Courses for Session January 2024,2023-10-21,200
https://www.smbbmu.edu.pk/beta/uploads/news/images/1697980973.jpg,image,1697980973-e1288abb.jpg,,200
https://www.smbbmu.edu.pk/beta/announcements/details/result-of-postgraduate-degree-diploma-theory-examination-march-2023-held-in-the-month-of-october-2023-10-18-2023,announcement,Result of Postgraduate Degree & Diploma (Theory) Examination March 2023 held in the month of October 2023,2023-10-18,200
https://www.smbbmu.edu.pk/beta/uploads/news/images/1697696374.jpg,image,1697696374-1f9afe9d.jpg,,200
https://www.smbbmu.edu.pk/beta/announcements/details/result-of-bsc-post-rn-year-il-semester-iii-regular-examination-session-2020-21-of-benazir-college-of-nursing-smbbmu-larkana-sindhu-institute-of-nursing-khairpur-mirs-and-lareeb-mustafa-institute-of-nursing-gambat-held-in-the-month-of-august-2023-10-10-202,announcement,"Result of BSC (POST-RN) Year-Il, Semester-III Regular Examination Session 2020-21 of Benazir College of Nursing, SMBBMU Larkana, Sindhu Institute of Nursing Khairpur Mirs, and Lareeb Mustafa Institute of Nursing Gambat, held in the month of August 2023.",2023-10-10,200
https://www.smbbmu.edu.pk/beta/news/downloadFile/CamScanner+10-10-2023+11_16970156760.pdf,pdf,camscanner-10-10-2023-11-16970156760-5b2caae9.pdf,,200
https://www.smbbmu.edu.pk/beta/announcements/details/result-of-bsgeneric-year-ii-semester-iii-regular-examination-session-2020-21-held-in-the-month-of-august-2023-10-10-2023,announcement,"Result of BS(GENERIC) Year-II, Semester-III Regular Examination Session 2020-21 held in the month of August 2023",2023-10-10,200
https://www.smbbmu.edu.pk/beta/news/downloadFile/CamScanner+10-10-2023+11_16970160670.pdf,pdf,camscanner-10-10-2023-11-16970160670-4ccd4c78.pdf,,200
https://www.smbbmu.edu.pk/beta/announcements/details/result-of-first-professional-dpt-first-semester-re-sit-examination-session-2021-2022-of-iprs-smbbmu-larkana-moomal-institute-of-physiotherapy-allied-health-sciences-hyderabad-and-shaaf-institute-institute-of-medical-modern-sciences-larkana-10-03-2023,announcement,"Result of First Professional DPT. First Semester Re-Sit Examination Session 2021-2022 of IPRS, SMBBMU Larkana, Moomal Institute of Physiotherapy & Allied Health Sciences Hyderabad and Shaaf Institute Institute of Medical & Modern Sciences Larkana",2023-10-03,200
https://www.smbbmu.edu.pk/beta/uploads/news/images/1696397498.png,image,1696397498-028d72a4.png,,200
https://www.smbbmu.edu.pk/beta/announcements/details/result-of-second-professional-dpt-third-semester-re-sit-examination-session-2020-2021-of-moomal-institute-of-physiotherapy-allied-health-sciences-hyderabad-held-in-the-month-of-september-2023-10-03-2023,announcement,"Result of Second Professional DPT, Third Semester Re-Sit Examination Session 2020-2021 of Moomal Institute of Physiotherapy & Allied Health Sciences Hyderabad Held in the month of September 2023",2023-10-03,200
https://www.smbbmu.edu.pk/beta/uploads/news/images/1696397526.jpg,image,1696397526-443f272e.jpg,,200
https://www.smbbmu.edu.pk/beta/announcements/details/result-of-third-professional-dpt-fifth-semester-re-sit-examination-session-2019-2020-of-institute-of-physiotherapy-rehabilitation-sciences-irs-smbbmu-larkana-held-in-the-month-of-august-2023-10-03-2023,announcement,"Result of Third Professional DPT, Fifth Semester Re-Sit Examination Session 2019-2020 of Institute of Physiotherapy & Rehabilitation Sciences (IRS), SMBBMU Larkana Held in the month of August 2023",2023-10-03,200
https://www.smbbmu.edu.pk/beta/uploads/news/images/1696397563.jpg,image,1696397563-21f1aa50.jpg,,200
https://www.smbbmu.edu.pk/beta/announcements/details/examination-schedule-of-postgraduate-courses-session-march-2023-10-02-2023,announcement,"Examination Schedule of Postgraduate Courses Session March, 2023.",2023-10-02,200
https://www.smbbmu.edu.pk/beta/news/downloadFile/schedule+Mid-Term_16963977672.jpg,image,schedule-mid-term-16963977672-7c4d0df8.jpg,,200
https://www.smbbmu.edu.pk/beta/news/downloadFile/schedule+MS_16963977671.jpg,image,schedule-ms-16963977671-6a1d8a3d.jpg,,200
https://www.smbbmu.edu.pk/beta/news/downloadFile/schedule+diploma_16963977670.jpg,image,schedule-diploma-16963977670-950ffcce.jpg,,200
https://www.smbbmu.edu.pk/beta/announcements/details/result-of-postgraduate-diploma-clinical-examinations-of-diploma-in-psychiatric-medicine-september-2022-held-in-the-month-of-september-2023-09-22-2023,announcement,Result of Postgraduate Diploma (Clinical Examinations) of Diploma in Psychiatric Medicine September 2022 held in the month of September 2023,2023-09-22,200
https://www.smbbmu.edu.pk/beta/uploads/news/images/1695367025.jpg,image,1695367025-9ce0b4f5.jpg,,200
https://www.smbbmu.edu.pk/beta/announcements/details/result-of-postgraduate-diploma-clinical-examination-september-2022-held-in-the-month-of-september-2023-09-13-2023,announcement,"Result of Postgraduate Diploma (Clinical) Examination September, 2022 held in the month of September, 2023",2023-09-13,200
https://www.smbbmu.edu.pk/beta/uploads/news/images/1694602175.jpg,image,1694602175-91dfca83.jpg,,200
https://www.smbbmu.edu.pk/beta/announcements/details/result-of-bs-generic-year-ii-semester-vi-re-sit-examination-session-2018-19-of-benazir-college-of-nursing-smbbmu-larkana-held-in-the-month-of-august-2023-09-13-2023,announcement,"Result of BS (GENERIC) Year-|II Semester VI Re-Sit Examination Session 2018-19 of Benazir College of Nursing, SMBBMU Larkana, held in the month of August 2023",2023-09-13,200
https://www.smbbmu.edu.pk/beta/uploads/news/images/1694602328.JPG,image,1694602328-c6d413f3.jpg,,200
https://www.smbbmu.edu.pk/beta/announcements/details/time-table-of-diploma-in-psychiatric-medicine-dpm-clinical-examination-september-2022-09-08-2023,announcement,"Time Table of Diploma in Psychiatric Medicine (DPM) Clinical Examination September, 2022",2023-09-08,200
https://www.smbbmu.edu.pk/beta/uploads/news/images/1694158200.jpg,image,1694158200-bbd92dff.jpg,,200
https://www.smbbmu.edu.pk/beta/announcements/details/time-table-of-diploma-in-dermatology-dderm-examination-september-2022-09-08-2023,announcement,"Time Table of Diploma in Dermatology (D.Derm) Examination September, 2022",2023-09-08,200
https://www.smbbmu.edu.pk/beta/uploads/news/images/1694158284.jpg,image,1694158284-4ee82730.jpg,,200
https://www.smbbmu.edu.pk/beta/announcements/details/final-list-of-students-who-have-applied-in-pm-laptop-scheme-of-smbbmu-larkana-09-06-2023,announcement,Final list of students who have applied in PM Laptop Scheme of SMBBMU Larkana,2023-09-06,200
https://www.smbbmu.edu.pk/beta/news/downloadFile/SMBBMU+FINAL+MERIT+LIST+PM+LAPTOP+090623_16940660090.pdf,pdf,smbbmu-final-merit-list-pm-laptop-090623-16940660090-a93c5d18.pdf,,200
https://www.smbbmu.edu.pk/beta/announcements/all/20,announcement_list,Notifications,,200
https://www.smbbmu.edu.pk/beta/announcements/details/result-of-postgraduate-degree-diploma-theory-examinations-september-2022-held-in-the-month-of-may-2023-09-06-2023,announcement,Result of Postgraduate Degree & Diploma (Theory) Examinations September 2022 held in the month of May 2023.,2023-09-06,200
https://www.smbbmu.edu.pk/beta/uploads/news/images/1694067589.jpg,image,1694067589-05af63f9.jpg,,200
https://www.smbbmu.edu.pk/beta/announcements/details/time-table-of-diploma-in-gynaecology-and-obstetrics-dgo-examination-september-2022-09-06-2023,announcement,"Time Table of Diploma in Gynaecology and Obstetrics (DGO) Examination September, 2022",2023-09-06,200
https://www.smbbmu.edu.pk/beta/uploads/news/images/1695196098.jpg,image,1695196098-c37e7708.jpg,,200
https://www.smbbmu.edu.pk/beta/announcements/details/provisional-list-of-students-applied-for-prime-minister-laptop-scheme-phase-iii-shaheed-mohtarma-benazir-bhutto-medical-university-smbbmu-larkana-08-30-2023,announcement,Provisional List of Students applied for Prime Minister Laptop Scheme Phase-III @Shaheed Mohtarma Benazir Bhutto Medical University (SMBBMU) Larkana,2023-08-30,200
https://www.smbbmu.edu.pk/beta/news/downloadFile/smbbmu+pm+laptop20-30082023_16934658370.pdf,pdf,smbbmu-pm-laptop20-30082023-16934658370-e9d5f93e.pdf,,200
https://www.smbbmu.edu.pk/beta/announcements/details/final-provisional-list-of-students-applied-for-prime-minister-laptop-scheme-phase-iii-shaheed-mohtarma-benazir-bhutto-medical-university-smbbmu-larkana-08-19-2023,announcement,Final Provisional List of Students applied for Prime Minister Laptop Scheme Phase-III @Shaheed Mohtarma Benazir Bhutto Medical University (SMBBMU) Larkana,2023-08-19,200
https://www.smbbmu.edu.pk/beta/news/downloadFile/smbbmu+pm+laptop+final+list+180823-1_16926363740.pdf,pdf,smbbmu-pm-laptop-final-list-180823-1-16926363740-7ddfe3e0.pdf,,200
https://www.smbbmu.edu.pk/beta/announcements/details/list-of-candidates-recommended-for-induction-in-the-university-postgraduate-courses-session-july-2023-08-12-2023,announcement,List of candidates recommended for induction in the university Postgraduate Courses Session July 2023,2023-08-12,200
https://www.smbbmu.edu.pk/beta/news/downloadFile/remaining+courses+UPDT_16919112392.pdf,pdf,remaining-courses-updt-16919112392-0bcbe00c.pdf,,200
https://www.smbbmu.edu.pk/beta/news/downloadFile/University+courses_16919112391.pdf,pdf,university-courses-16919112391-f7ad924a.pdf,,200
https://www.smbbmu.edu.pk/beta/news/downloadFile/DIPLOMA_16919112390.pdf,pdf,diploma-16919112390-89bc8449.pdf,,200
https://www.smbbmu.edu.pk/beta/announcements/details/circular-for-celebrating-76th-independence-day-at-smbbmu-08-11-2023,announcement,Circular for celebrating 76th Independence Day at SMBBMU,2023-08-11,200
https://www.smbbmu.edu.pk/beta/uploads/news/images/1691848890.jpeg,image,1691848890-5333ba4e.jpeg,,200
https://www.smbbmu.edu.pk/beta/announcements/details/auction-for-various-unserviceable-properties-scrap-and-wastedumped-materials-08-08-2023,announcement,"Auction for various unserviceable properties, Scrap and Waste/Dumped materials",2023-08-08,200
https://www.smbbmu.edu.pk/beta/uploads/news/images/1691519680.jpg,image,1691519680-c54c16c9.jpg,,200
https://www.smbbmu.edu.pk/beta/announcements/details/interviews-of-postgraduate-courses-for-session-july-2023-08-07-2023,announcement,Interviews of Postgraduate Courses for Session July 2023,2023-08-07,200
https://www.smbbmu.edu.pk/beta/uploads/news/images/1691479812.jpg,image,1691479812-abac3f1b.jpg,,200
https://www.smbbmu.edu.pk/beta/announcements/details/vacant-space-available-for-renting-purpose-near-chandka-medical-college-smbbmu-larkana-08-05-2023,announcement,Vacant space available for renting purpose near ChandkA Medical College SMBBMU Larkana,2023-08-05,200
https://www.smbbmu.edu.pk/beta/uploads/news/images/1691306916.jpeg,image,1691306916-91562eb6.jpeg,,200
https://www.smbbmu.edu.pk/beta/announcements/details/schedule-of-entry-test-for-university-courses-session-july-2023-08-02-2023,announcement,Schedule of Entry test for University Courses Session July 2023,2023-08-02,200
https://www.smbbmu.edu.pk/beta/uploads/news/images/1690964895.jpeg,image,1690964895-c4793bc3.jpeg,,200
https://www.smbbmu.edu.pk/beta/announcements/details/third-merit-list-of-students-of-smbbmu-larkana-who-applied-for-pm-laptop-scheme-07-31-2023,announcement,Third Merit List of Students of SMBBMU Larkana who applied for PM Laptop Scheme,2023-07-31,200
https://www.smbbmu.edu.pk/beta/news/downloadFile/smbbmu+3rd+merit+list+300723_16908013120.pdf,pdf,smbbmu-3rd-merit-list-300723-16908013120-fce10616.pdf,,200
https://www.smbbmu.edu.pk/beta/announcements/details/provisional-list-of-all-students-who-have-applied-for-pm-laptop-scheme-phase-iii-202-23-07-14-2023,announcement,Provisional list of all students who have applied for PM Laptop Scheme Phase-III 202-23,2023-07-14,200
https://www.smbbmu.edu.pk/beta/news/downloadFile/provisional+merit+list+of+SMBBMU-13-07-2023_16893231830.pdf,pdf,provisional-merit-list-of-smbbmu-13-07-2023-16893231830-37fb5800.pdf,,200
https://www.smbbmu.edu.pk/beta/announcements/details/hostel-allotment-list-of-the-boys-students-of-chandka-medical-college-larkana-07-12-2023,announcement,"Hostel allotment list of the boys students of Chandka Medical College, Larkana",2023-07-12,200
https://www.smbbmu.edu.pk/beta/news/downloadFile/Allotment+List+for+Boys+Hostel+No_16892288193.pdf,pdf,allotment-list-for-boys-hostel-no-16892288193-4ef0bf0c.pdf,,200
https://www.smbbmu.edu.pk/beta/news/downloadFile/Allotment+List+for+Boys+Hostel+No_16892288192.pdf,pdf,allotment-list-for-boys-hostel-no-16892288192-8e367686.pdf,,200
https://www.smbbmu.edu.pk/beta/news/downloadFile/Allotment+List+for+Boys+Hostel+No_16892288191.pdf,pdf,allotment-list-for-boys-hostel-no-16892288191-8c2106b0.pdf,,200
https://www.smbbmu.edu.pk/beta/news/downloadFile/Allotment+List+for+Boys+Hostel+No_16892288190.pdf,pdf,allotment-list-for-boys-hostel-no-16892288190-d057a8db.pdf,,200
https://www.smbbmu.edu.pk/beta/announcements/details/result-declaration-of-the-entry-test-of-postgraduate-course-07-10-2023,announcement,Result Declaration of the Entry Test of Postgraduate Course,2023-07-10,200
https://www.smbbmu.edu.pk/beta/uploads/news/images/1689229247.jpg,image,1689229247-29639fea.jpg,,200
https://www.smbbmu.edu.pk/beta/announcements/details/results-of-postgraduate-degree-theory-examination-september-2022-held-in-the-month-of-may-2023-07-05-2023,announcement,"Results of Postgraduate Degree (Theory) Examination September 2022 held in the month of May, 2023",2023-07-05,200
https://www.smbbmu.edu.pk/beta/uploads/news/images/1688624999.jpg,image,1688624999-0f0add4c.jpg,,200
https://www.smbbmu.edu.pk/beta/announcements/details/result-of-postgraduate-diploma-clinical-examination-march-2022-held-in-the-month-of-june-2023-07-05-2023,announcement,"Result of Postgraduate Diploma (Clinical) Examination March 2022 held in the month of June, 2023",2023-07-05,200
https://www.smbbmu.edu.pk/beta/uploads/news/images/1688625077.jpg,image,1688625077-dc5a493e.jpg,,200
https://www.smbbmu.edu.pk/beta/announcements/details/result-of-bsngeneric-year-iii-semester-iv-re-sit-examination-session-2018-19-of-benazir-college-of-nursing-held-in-the-month-of-may-2023-07-05-2023,announcement,"Result of BSN(Generic) Year-III Semester -IV Re-Sit Examination Session 2018-19 of Benazir College of Nursing, held in the Month of May 2023",2023-07-05,200
https://www.smbbmu.edu.pk/beta/news/downloadFile/CamScanner+07-06-2023+11_16886252590.pdf,pdf,camscanner-07-06-2023-11-16886252590-202fec65.pdf,,200
https://www.smbbmu.edu.pk/beta/announcements/details/admissions-for-postgraduate-courses-for-session-july-2023-07-01-2023,announcement,Admissions for Postgraduate Courses for Session July 2023,2023-07-01,200
https://www.smbbmu.edu.pk/beta/uploads/news/images/1688454054.jpeg,image,1688454054-2e255790.jpeg,,200
https://www.smbbmu.edu.pk/beta/announcements/details/interactive-seminar-on-usmle-and-residency-application-in-usa-at-chandka-medical-college-larkana-06-19-2023,announcement,"Interactive Seminar on USMLE and Residency Application in USA at Chandka Medical College, Larkana",2023-06-19,200
https://www.smbbmu.edu.pk/beta/uploads/news/images/1687173770.jpg,image,1687173770-7887363c.jpg,,200
https://www.smbbmu.edu.pk/beta/announcements/details/revised-result-of-third-professional-mbbs-third-year-annual-examination-session-2019-2020-of-chandka-medical-college-larkana-ghulam-muhammad-mahar-medical-college-sukkur-and-gambat-medical-college-gambat-held-in-the-month-of-january-2023-06-19-2023,announcement,"Revised Result of Third Professional MBBS, Third Year (Annual) Examination, Session 2019-2020 of Chandka Medical College Larkana, Ghulam Muhammad Mahar Medical College Sukkur and Gambat Medical College Gambat held In the month of January 2023",2023-06-19,200
https://www.smbbmu.edu.pk/beta/news/downloadFile/PHOTO-2023-06-19-12-56-06_16871741920.pdf,pdf,photo-2023-06-19-12-56-06-16871741920-2b079521.pdf,,200
https://www.smbbmu.edu.pk/beta/announcements/details/time-table-of-md-pediatric-medicinemidterm-and-dch-examination-06-12-2023,announcement,Time Table of MD Pediatric Medicine(MidTerm) and DCH Examination,2023-06-12,200
https://www.smbbmu.edu.pk/beta/uploads/news/images/1686565116.jpg,image,1686565116-7cd1205c.jpg,,200
https://www.smbbmu.edu.pk/beta/announcements/details/time-table-of-dip-card-diploma-in-cardiology-clinical-examination-march-2022-06-08-2023,announcement,"TIME TABLE of DIP-CARD (DIPLOMA IN CARDIOLOGY) CLINICAL EXAMINATION - MARCH, 2022",2023-06-08,200
https://www.smbbmu.edu.pk/beta/uploads/news/images/1686304081.jpg,image,1686304081-a5490143.jpg,,200
https://www.smbbmu.edu.pk/beta/announcements/details/circular-of-postgraduate-examinations-of-session-march-2023-in-all-degree-and-diploma-courses-06-08-2023,announcement,"Circular of Postgraduate Examinations of Session March, 2023 in all Degree and Diploma courses.",2023-06-08,200
https://www.smbbmu.edu.pk/beta/uploads/news/images/1686304232.jpg,image,1686304232-a581a553.jpg,,200
https://www.smbbmu.edu.pk/beta/announcements/details/condolence-of-mr-sarfraz-ali-soomro-ps-to-vice-chancellor-06-01-2023,announcement,Condolence of Mr Sarfraz Ali Soomro PS to Vice Chancellor,2023-06-01,200
https://www.smbbmu.edu.pk/beta/uploads/news/images/1685602688.jpeg,image,1685602688-f74e955d.jpeg,,200
https://www.smbbmu.edu.pk/beta/announcements/details/admission-for-certificate-in-health-professions-education-c-hpe-session-2023-05-30-2023,announcement,Admission for Certificate in Health Professions Education (C-HPE) Session 2023,2023-05-30,200
https://www.smbbmu.edu.pk/beta/news/downloadFile/CHPE+APPLICATION+FORM++(1)_16855177110.pdf,pdf,chpe-application-form-1-16855177110.pdf,,0
https://www.smbbmu.edu.pk/beta/uploads/news/images/1685517522.jpg,image,1685517522-a5562a8b.jpg,,200
https://www.smbbmu.edu.pk/beta/announcements/details/result-of-fourth-professional-mbbs-fourth-year-annual-examination-session-2018-2019-of-chandka-medical-college-larkana-ghulam-muhammad-mahar-medical-college-sukkur-and-gambat-medical-college-gambat-held-in-the-month-of-january-2023-05-26-2023,announcement,"Result of Fourth Professional MBBS, Fourth Year (Annual) Examination, Session 2018-2019 of Chandka Medical College Larkana, Ghulam Muhammad Mahar Medical College Sukkur and Gambat Medical College Gambat held in the month of January 2023",2023-05-26,200
https://www.smbbmu.edu.pk/beta/news/downloadFile/result-mbbs-4th-year_16851239580.pdf,pdf,result-mbbs-4th-year-16851239580-8aea60bb.pdf,,200
https://www.smbbmu.edu.pk/beta/announcements/all/21,announcement_list,Notifications,,200
https://www.smbbmu.edu.pk/beta/announcements/details/result-of-postgraduate-degree-theory-examination-september-2022-held-in-the-month-of-may-2023-05-26-2023,announcement,Result of. Postgraduate Degree (Theory) Examination September 2022 held in the month of May 2023.,2023-05-26,200
https://www.smbbmu.edu.pk/beta/uploads/news/images/1685423174.jpeg,image,1685423174-e4c52fd9.jpeg,,200
https://www.smbbmu.edu.pk/beta/announcements/details/result-of-bs-post-rn-additional-subjects-examination-session-2012-14-of-benazir-college-of-nursing-smbbmu-larkana-held-in-the-month-of-december-2022-05-22-2023,announcement,"Result of BS POST-RN Additional Subjects Examination Session 2012-14 of Benazir College of Nursing, SMBBMU Larkana, held in the month of December 2022",2023-05-22,200
https://www.smbbmu.edu.pk/beta/uploads/news/images/1684760553.jpeg,image,1684760553-c965faf8.jpeg,,200
https://www.smbbmu.edu.pk/beta/announcements/details/result-of-bsn-generic-year-ll-semester-v-regular-examination-session-2019-20-of-benazir-college-of-nursing-smbbmu-larkana-held-in-the-month-of-march-2023-05-22-2023,announcement,"Result of BSN (GENERIC) Year-ll Semester-|V Regular Examination Session 2019-20 of Benazir College of Nursing, SMBBMU Larkana, held in the month of March 2023",2023-05-22,200
https://www.smbbmu.edu.pk/beta/uploads/news/images/1684760704.jpeg,image,1684760704-676ab410.jpeg,,200
https://www.smbbmu.edu.pk/beta/announcements/details/result-of-postgraduate-degree-clinical-examination-march-2022-held-in-the-month-of-may-2023-05-22-2023,announcement,Result of Postgraduate Degree Clinical Examination March 2022 held in the month of May 2023,2023-05-22,200
https://www.smbbmu.edu.pk/beta/uploads/news/images/1684762342.jpeg,image,1684762342-96d5b297.jpeg,,200
https://www.smbbmu.edu.pk/beta/announcements/details/result-of-third-professional-mbbs-third-year-annual-examination-session-2019-2020-of-chandka-medical-college-larkana-ghulam-muhammad-mahar-medical-college-sukkur-and-gambat-medical-college-gambat-held-in-the-month-of-january-2023-05-22-2023,announcement,"Result of Third Professional MBBS, Third Year (Annual) Examination, Session 2019-2020 of Chandka Medical College Larkana, Ghulam Muhammad Mahar Medical College Sukkur and Gambat Medical College Gambat held in the month of January 2023",2023-05-22,200
https://www.smbbmu.edu.pk/beta/news/downloadFile/result-mbbs-3rd-year_16847624800.pdf,pdf,result-mbbs-3rd-year-16847624800-f1471680.pdf,,200
https://www.smbbmu.edu.pk/beta/announcements/details/result-of-bsngeneric-year-i-semester-ii-regular-examination-session-2021-22-05-11-2023,announcement,"Result of BSN(Generic) Year-I, Semester-II Regular Examination Session 2021-22",2023-05-11,200
https://www.smbbmu.edu.pk/beta/news/downloadFile/IMG_1749_16837837900.pdf,pdf,img-1749-16837837900-35c245d8.pdf,,200
https://www.smbbmu.edu.pk/beta/announcements/details/result-of-the-final-professional-mbbs-final-year-examination-held-in-the-month-of-january-2023-05-05-2023,announcement,Result of the Final Professional MBBS Final Year Examination held in the month of January 2023,2023-05-05,200
https://www.smbbmu.edu.pk/beta/news/downloadFile/CC488D22-36BE-4A01-B498-BA4FB3DDB2F8_16832617180.pdf,pdf,cc488d22-36be-4a01-b498-ba4fb3ddb2f8-16832617180-27f771a4.pdf,,200
https://www.smbbmu.edu.pk/beta/announcements/details/admissions-for-english-language-certification-courses-05-03-2023,announcement,Admissions for English Language Certification Courses,2023-05-03,200
https://www.smbbmu.edu.pk/beta/uploads/news/images/1683110296.png,image,1683110296-55e11561.png,,200
https://www.smbbmu.edu.pk/beta/announcements/details/corrigendum-for-admission-in-leftover-postgraduate-courses-session-jan-2023-03-24-2023,announcement,Corrigendum for Admission in leftover Postgraduate Courses Session Jan-2023,2023-03-24,200
https://www.smbbmu.edu.pk/beta/uploads/news/images/1679896946.jpg,image,1679896946-6baa9955.jpg,,200
https://www.smbbmu.edu.pk/beta/announcements/details/notice-for-day-one-celebration-of-batch-51-of-chandka-medical-college-and-batch-12-of-bibi-aseefa-dental-college-larkana-02-21-2023,announcement,"Notice for Day One Celebration of  Batch -51 of Chandka Medical College and Batch-12 of Bibi Aseefa Dental College, Larkana",2023-02-21,200
https://www.smbbmu.edu.pk/beta/uploads/news/images/1677047685.jpg,image,1677047685-14b17b7c.jpg,,200
https://www.smbbmu.edu.pk/beta/announcements/details/declaration-of-result-of-post-graduate-examination-of-diploma-in-dermatology-session-march-2022-held-in-the-month-of-january-2023-01-28-2023,announcement,Declaration of Result of Post Graduate Examination of Diploma in Dermatology session March 2022 held in the month  of January 2023,2023-01-28,200
https://www.smbbmu.edu.pk/beta/uploads/news/images/1674894070.jpeg,image,1674894070-eb47251b.jpeg,,200
https://www.smbbmu.edu.pk/beta/announcements/details/time-table-for-clinical-examination-of-diploma-in-dermatology-march-2022-01-19-2023,announcement,Time Table for Clinical examination of Diploma in Dermatology March 2022,2023-01-19,200
https://www.smbbmu.edu.pk/beta/uploads/news/images/1674200208.jpeg,image,1674200208-ae794c90.jpeg,,200
https://www.smbbmu.edu.pk/beta/announcements/details/applications-are-invited-for-admissions-to-bs-nursinggeneric-bsc-nursing-post-rn-at-benazir-college-of-nursing-smbbmu-larkana-01-14-2023,announcement,Applications are invited for: ADMISSIONS TO BS Nursing(Generic) & B.Sc Nursing (Post RN) at Benazir College of Nursing SMBBMU Larkana,2023-01-14,200
https://www.smbbmu.edu.pk/beta/uploads/news/images/1673708505.jpg,image,1673708505-11e29484.jpg,,200
https://www.smbbmu.edu.pk/beta/announcements/details/applications-are-invited-from-interested-candidates-for-admissions-to-1-st-year-pharm-d-dpt-course-session-2022-23-at-smbbmu-larkana-01-14-2023,announcement,Applications are invited from Interested Candidates for: ADMISSIONS TO 1 st Year Pharm-D / DPT Course Session 2022-23 At SMBBMU Larkana,2023-01-14,200
https://www.smbbmu.edu.pk/beta/uploads/news/images/1673708597.jpg,image,1673708597-f38c35f4.jpg,,200
https://www.smbbmu.edu.pk/beta/announcements/details/postgraduate-interview-schedule-for-the-session-january-2023-at-smbb-medical-university-larkana-01-10-2023,announcement,Postgraduate interview schedule for the session January 2023 at SMBB Medical University Larkana,2023-01-10,200
https://www.smbbmu.edu.pk/beta/announcements/details/schedule-of-examination-for-4th-and-5th-mbbs-professional-session-2018-19-2017-18-enrolled-at-smbb-medical-university-larkana-and-its-constituent-collages-01-04-2023,announcement,"Schedule of Examination for 4th and 5th MBBS Professional  (Session 2018 - 19, 2017 - 18) enrolled at SMBB Medical University Larkana and It's constituent Collages",2023-01-04,200
https://www.smbbmu.edu.pk/beta/uploads/news/images/1672820842.jpeg,image,1672820842-47c6b29c.jpeg,,200
https://www.smbbmu.edu.pk/beta/announcements/details/announcement-of-result-of-various-postgraduate-courses-held-in-december-2022-session-january-2023-01-04-2023,announcement,Announcement of result of various Postgraduate courses held in December 2022 (Session January 2023),2023-01-04,200
https://www.smbbmu.edu.pk/beta/news/downloadFile/Postgraduate+Entry+Test+Results_16728473450.pdf,pdf,postgraduate-entry-test-results-16728473450-4cab934b.pdf,,200
https://www.smbbmu.edu.pk/beta/announcements/details/schedule-for-the-entry-test-of-msc-msph-diploma-mcps-courses-december-2022-at-smbb-medical-university-larkana-12-28-2022,announcement,"Schedule for the entry test of M.SC, MSPH & Diploma/ MCPS Courses December 2022  at SMBB Medical University Larkana.",2022-12-28,200
https://www.smbbmu.edu.pk/beta/announcements/details/schedule-for-entry-test-for-the-phd-and-mphil-course-december-2022-at-smbb-medical-university-larkana-12-28-2022,announcement,Schedule for entry test for the PH.D and MPHIL course December 2022 at SMBB Medical University Larkana,2022-12-28,200
https://www.smbbmu.edu.pk/beta/announcements/details/schedule-for-entry-test-md-ms-part-i-december-2022-at-smbb-medical-university-larkana-12-28-2022,announcement,Schedule for entry test MD / MS PART-I December 2022 at SMBB Medical University Larkana,2022-12-28,200
https://www.smbbmu.edu.pk/beta/announcements/details/schedule-for-entry-tests-fcps-ii-training-programs-december-2022-at-smbb-medical-university-larkana-12-28-2022,announcement,Schedule for entry tests FCPS-II Training Programs December 2022 at SMBB Medical University Larkana,2022-12-28,200
https://www.smbbmu.edu.pk/beta/announcements/details/result-of-sucessful-candidates-of-chpe-training-12-20-2022,announcement,Result of Sucessful Candidates of CHPE Training,2022-12-20,200
https://www.smbbmu.edu.pk/beta/uploads/news/images/1671514747.jpg,image,1671514747-e542d0d9.jpg,,200
https://www.smbbmu.edu.pk/beta/announcements/details/pplications-on-prescribed-forms-are-invited-from-interested-in-service-private-candidates-for-admissions-to-trainingresidency-programs-as-given-below-for-the-session-january-2023-at-smbbmu-larkana-11-30-2022,announcement,"Applications on prescribed forms are invited from interested IN-SERVICE / PRIVATE Candidates for admissions to Training/Residency  programs (as given below) for the Session January 2023 at  SMBBMU, Larkana.",2022-11-30,200
https://www.smbbmu.edu.pk/beta/announcements/details/admission-for-certificate-in-health-professions-education-c-hpe-session-2023-11-30-2022,announcement,ADMISSION FOR CERTIFICATE IN HEALTH PROFESSIONS EDUCATION (C-HPE) SESSION 2023,2022-11-30,200
https://www.smbbmu.edu.pk/beta/uploads/news/images/1669874907.jpg,image,1669874907-063e6926.jpg,,200
https://www.smbbmu.edu.pk/beta/announcements/details/notice-of-instruction-for-the-candidates-appearing-in-mdcat-test-11-10-2022,announcement,Notice of Instruction for the candidates appearing in MDCAT test,2022-11-10,200
https://www.smbbmu.edu.pk/beta/uploads/news/images/1668102868.jpeg,image,1668102868-4aa7a139.jpeg,,200
https://www.smbbmu.edu.pk/beta/announcements/details/circular-for-diwali-holiday-for-hindu-community-10-22-2022,announcement,Circular for Diwali Holiday for Hindu Community,2022-10-22,200
https://www.smbbmu.edu.pk/beta/uploads/news/images/1666436381.jpeg,image,1666436381-4a94a664.jpeg,,200
https://www.smbbmu.edu.pk/beta/announcements/details/circular-for-postgraduate-examination-of-session-september-2022-10-13-2022,announcement,"Circular for Postgraduate Examination of Session September, 2022",2022-10-13,200
https://www.smbbmu.edu.pk/beta/uploads/news/images/1665728385.jpeg,image,1665728385-d6e35355.jpeg,,200
https://www.smbbmu.edu.pk/beta/announcements/all/22,announcement_list,Notifications,,200
https://www.smbbmu.edu.pk/beta/announcements/details/notification-regarding-resuming-of-academic-activities-at-smbb-medical-university-and-its-constituent-collages-09-16-2022,announcement,Notification Regarding Resuming of Academic Activities at SMBB Medical University and it's Constituent Collages,2022-09-16,200
https://www.smbbmu.edu.pk/beta/uploads/news/images/1663353033.jpeg,image,1663353033-51d301b0.jpeg,,200
https://www.smbbmu.edu.pk/beta/announcements/details/declaration-of-results-of-postgraduate-examination-held-in-august-2022-09-11-2022,announcement,Declaration of Results of Postgraduate Examination held in August 2022,2022-09-11,200
https://www.smbbmu.edu.pk/beta/uploads/news/images/1662879961.jpeg,image,1662879961-84cb795d.jpeg,,200
https://www.smbbmu.edu.pk/beta/announcements/details/declaration-of-results-of-postgraduate-examination-held-in-june-2022-09-11-2022,announcement,Declaration of Results of Postgraduate Examination held in June 2022,2022-09-11,200
https://www.smbbmu.edu.pk/beta/uploads/news/images/1662880527.jpg,image,1662880527-543e0b01.jpg,,200
https://www.smbbmu.edu.pk/beta/announcements/details/establishment-of-contact-committee-for-students-to-participate-in-flood-relief-camp-at-smbb-medical-university-and-its-constituent-collages-institutes-08-30-2022,announcement,Establishment of Contact Committee for students to participate in Flood Relief Camp at SMBB Medical University and its constituent collages / Institutes,2022-08-30,200
https://www.smbbmu.edu.pk/beta/uploads/news/images/1661880812.jpeg,image,1661880812-b53b9993.jpeg,,200
https://www.smbbmu.edu.pk/beta/announcements/details/circular-for-suspension-of-academic-activities-due-to-heavy-rainfall-08-20-2022,announcement,Circular for Suspension of Academic Activities due to Heavy Rainfall,2022-08-20,200
https://www.smbbmu.edu.pk/beta/uploads/news/images/1661001774.jpeg,image,1661001774-23e7a0fb.jpeg,,200
https://www.smbbmu.edu.pk/beta/announcements/details/circular-for-holiday-due-to-heavy-rainfall-08-17-2022,announcement,Circular for Holiday due to Heavy Rainfall,2022-08-17,200
https://www.smbbmu.edu.pk/beta/uploads/news/images/1660770531.jpeg,image,1660770531-4d41a550.jpeg,,200
https://www.smbbmu.edu.pk/beta/announcements/details/circular-for-suspension-of-academic-activities-due-to-heavy-rainfall-08-17-2022,announcement,Circular for Suspension of Academic Activities due to Heavy Rainfall,2022-08-17,200
https://www.smbbmu.edu.pk/beta/uploads/news/images/1660849405.jpeg,image,1660849405-5ee1298e.jpeg,,200
https://www.smbbmu.edu.pk/beta/announcements/details/declaration-of-results-of-postgraduate-examination-held-in-june-and-july-2022-08-16-2022,announcement,Declaration of Results of Postgraduate Examination held in June and July 2022,2022-08-16,200
https://www.smbbmu.edu.pk/beta/uploads/news/images/1660666676.jpeg,image,1660666676-e88d0b25.jpeg,,200
https://www.smbbmu.edu.pk/beta/announcements/details/declaration-of-results-of-postgraduate-examination-held-in-august-2022-08-16-2022,announcement,Declaration of Results of Postgraduate Examination held in August 2022,2022-08-16,200
https://www.smbbmu.edu.pk/beta/uploads/news/images/1660666800.jpeg,image,1660666800-c853b2ec.jpeg,,200
https://www.smbbmu.edu.pk/beta/announcements/details/circular-for-rain-emergency-at-smbb-medical-university-larkana-08-01-2022,announcement,Circular for Rain Emergency at SMBB Medical University Larkana,2022-08-01,200
https://www.smbbmu.edu.pk/beta/uploads/news/images/1659421674.jpeg,image,1659421674-6d15d2a2.jpeg,,200
https://www.smbbmu.edu.pk/beta/announcements/details/office-order-for-extension-in-summer-vacation-2022-at-smbb-medical-university-larkana-07-30-2022,announcement,Office Order for Extension in Summer Vacation 2022 at SMBB Medical University Larkana.,2022-07-30,200
https://www.smbbmu.edu.pk/beta/uploads/news/images/1659187303.jpeg,image,1659187303-88c89fb3.jpeg,,200
https://www.smbbmu.edu.pk/beta/announcements/details/list-of-affiliated-collages-with-smbb-medical-university-larkana-07-28-2022,announcement,List of Affiliated Collages with SMBB Medical University Larkana,2022-07-28,200
https://www.smbbmu.edu.pk/beta/uploads/news/images/1659035707.jpg,image,1659035707-fc58da1c.jpg,,200
https://www.smbbmu.edu.pk/beta/announcements/details/announcement-if-result-of-post-graduate-entry-test-june-2022-session-july-2022-at-smbb-medical-university-larkana-07-27-2022,announcement,"Announcement if Result of Post-Graduate Entry Test June, 2022 (Session July 2022) at SMBB Medical University Larkana",2022-07-27,200
https://www.smbbmu.edu.pk/beta/announcements/details/call-for-interviews-of-successful-candidates-of-post-graduate-entry-test-june-2022-session-july-2022-at-smbb-medical-university-larkana-07-27-2022,announcement,Call for Interviews of Successful candidates of Post-Graduate Entry Test June 2022 (Session July 2022) at SMBB Medical University Larkana,2022-07-27,200
https://www.smbbmu.edu.pk/beta/announcements/details/announcement-of-entry-test-interview-for-admissions-in-postgraduate-courses-session-july-2022-at-smbb-medical-university-larkana,announcement,"ANNOUNCEMENT OF ENTRY TEST/INTERVIEW FOR ADMISSIONS IN POSTGRAGUATE COURSES SESSION JULY 2022 AT SMBB MEDICAL UNIVERSITY, LARKANA.",2022-07-21,200
https://www.smbbmu.edu.pk/beta/uploads/news/images/advertisement_page-0001.jpg,image,advertisement-page-0001-b9713bb8.jpg,,200
https://www.smbbmu.edu.pk/beta/announcements/details/notification-for-formation-of-committee-for-academic-calendar-of-all-contituent-collages-institutes-of-smbb-medical-university-larkana-07-06-2022,announcement,Notification for formation of Committee for Academic Calendar of all Contituent Collages/ Institutes of SMBB Medical University Larkana,2022-07-06,200
https://www.smbbmu.edu.pk/beta/uploads/news/images/1657099798.jpg,image,1657099798-f7442b7f.jpg,,200
https://www.smbbmu.edu.pk/beta/announcements/details/postponed-of-postgraduate-entry-test-for-the-july-2022-session-smbb-medical-university-larkana-06-27-2022,announcement,"Postponed of Postgraduate Entry test for the July 2022 Session SMBB Medical University, Larkana.",2022-06-27,200
https://www.smbbmu.edu.pk/beta/announcements/details/corrigendum-for-postgraduate-programs-for-the-session-july-2022-at-smbb-medical-university-larkana-06-14-2022,announcement,Corrigendum for Postgraduate Programs for the Session July 2022 at SMBB Medical University Larkana.,2022-06-14,200
https://www.smbbmu.edu.pk/beta/uploads/news/images/1655197581.jpg,image,1655197581-b86b2ac8.jpg,,200
https://www.smbbmu.edu.pk/beta/announcements/details/notification-regarding-reduced-40-pol-06-04-2022,announcement,Notification regarding reduced 40% POL,2022-06-04,200
https://www.smbbmu.edu.pk/beta/uploads/news/images/1654343578.jpeg,image,1654343578-7ab3f6d6.jpeg,,200
https://www.smbbmu.edu.pk/beta/announcements/details/workshop-schedule-for-the-supervisors-and-postgraduate-trainees-06-01-2022,announcement,Workshop Schedule for the Supervisors and Postgraduate Trainees,2022-06-01,200
https://www.smbbmu.edu.pk/beta/uploads/news/images/1654107958.jpeg,image,1654107958-c858e0ec.jpeg,,200
https://www.smbbmu.edu.pk/beta/announcements/details/admissions-of-postgraduate-courses-for-the-session-of-july-2022-at-smbb-medical-university-larkana-05-30-2022,announcement,"Admissions of Postgraduate Courses for the session of  July 2022 at SMBB Medical University, Larkana.",2022-05-30,200
https://www.smbbmu.edu.pk/beta/announcements/details/applications-are-invited-to-fill-the-vacant-seats-of-bsc-nursing-post-rn-05-26-2022,announcement,Applications are invited to fill the vacant seats of B.Sc Nursing (Post RN),2022-05-26,200
https://www.smbbmu.edu.pk/beta/news/downloadFile/form+and+challan_16535515730.pdf,pdf,form-and-challan-16535515730-7b5a92b5.pdf,,200
https://www.smbbmu.edu.pk/beta/uploads/news/images/1653551292.jpeg,image,1653551292-80558b5b.jpeg,,200
https://www.smbbmu.edu.pk/beta/announcements/details/admission-for-certificate-in-health-professions-education-c-hpe-session-2022-04-18-2022,announcement,Admission for Certificate in Health Professions Education (C-HPE) Session 2022,2022-04-18,200
https://www.smbbmu.edu.pk/beta/news/downloadFile/Form_16502916770.pdf,pdf,form-16502916770-022ad2f5.pdf,,200
https://www.smbbmu.edu.pk/beta/uploads/news/images/1650291450.jpg,image,1650291450-5a42fa32.jpg,,200
https://www.smbbmu.edu.pk/beta/announcements/details/admissions-to-1st-year-bsngeneric-on-ueap-local-basis-for-session-2021-22-04-18-2022,announcement,Admissions To 1st Year BSN(Generic) on UEAP Local Basis for Session 2021-22,2022-04-18,200
https://www.smbbmu.edu.pk/beta/news/downloadFile/IMG-20220420-WA0007_16505235520.jpg,image,img-20220420-wa0007-16505235520-389f7785.jpg,,200
https://www.smbbmu.edu.pk/beta/uploads/news/images/1650291840.jpg,image,1650291840-efa14c27.jpg,,200
https://www.smbbmu.edu.pk/beta/announcements/details/notice-for-workshop-on-assessment-of-competence-04-16-2022,announcement,Notice for workshop on Assessment of Competence,2022-04-16,200
https://www.smbbmu.edu.pk/beta/uploads/news/images/1650288051.jpg,image,1650288051-82afc4a8.jpg,,200
https://www.smbbmu.edu.pk/beta/announcements/details/result-of-postgraduate-examination-held-in-september-2021-03-28-2022,announcement,Result of Postgraduate Examination held in September 2021,2022-03-28,200
https://www.smbbmu.edu.pk/beta/uploads/news/images/1648463044.jpg,image,1648463044-064f3af6.jpg,,200
https://www.smbbmu.edu.pk/beta/announcements/details/result-of-entry-test-for-admission-into-nursing-programs-at-smbbmu-for-session-2021-22-held-on-06-03-2022-03-08-2022,announcement,Result of Entry Test for Admission into Nursing Programs at SMBBMU for Session  2021-22 held on 06-03-2022,2022-03-08,200
https://admissions.smbbmu.edu.pk/objectionForm,external,,,
https://www.smbbmu.edu.pk/beta/news/downloadFile/postRN-Result_16467609521.pdf,pdf,postrn-result-16467609521-9e9dd46e.pdf,,200
https://www.smbbmu.edu.pk/beta/news/downloadFile/bsn-result_16467609520.pdf,pdf,bsn-result-16467609520-2cce64b3.pdf,,200
https://www.smbbmu.edu.pk/beta/announcements/details/notice-for-workshop-on-education-planning-and-evaluation-03-08-2022,announcement,Notice for Workshop on Education Planning and Evaluation,2022-03-08,200
https://www.smbbmu.edu.pk/beta/uploads/news/images/1646763135.jpeg,image,1646763135-4cd2b5e0.jpeg,,200
https://www.smbbmu.edu.pk/beta/announcements/details/result-of-postgraduate-degreeclinical-examination-september-2021-held-in-the-month-of-february-2022-03-07-2022,announcement,Result of Postgraduate Degree(Clinical) Examination September 2021 held in the month of February 2022,2022-03-07,200
https://www.smbbmu.edu.pk/beta/uploads/news/images/1646636658.jpeg,image,1646636658-a9d45082.jpeg,,200
https://www.smbbmu.edu.pk/beta/announcements/details/answer-key-for-entry-test-held-on-06-03-2022-for-admission-into-bsngeneric-for-session-2021-22-03-06-2022,announcement,Answer key for Entry Test held on 06-03-2022 for Admission into BSN(GENERIC) for Session 2021-22,2022-03-06,200
https://www.smbbmu.edu.pk/beta/news/downloadFile/bsn-e_16465812900.jpeg,image,bsn-e-16465812900-a1073092.jpeg,,200
https://www.smbbmu.edu.pk/beta/news/downloadFile/bsn-u_16465793884.jpeg,image,bsn-u-16465793884-a1d7e11f.jpeg,,200
https://www.smbbmu.edu.pk/beta/news/downloadFile/bsn-t_16465793883.jpeg,image,bsn-t-16465793883-703ac77a.jpeg,,200
https://www.smbbmu.edu.pk/beta/news/downloadFile/bsn-s_16465793882.jpeg,image,bsn-s-16465793882-4b6a810b.jpeg,,200
https://www.smbbmu.edu.pk/beta/news/downloadFile/bsn-q_16465793881.jpeg,image,bsn-q-16465793881-be28ec8d.jpeg,,200
https://www.smbbmu.edu.pk/beta/announcements/details/answer-key-for-entry-test-held-on-06-03-2022-for-admission-into-bscpostrn-for-session-2021-22-03-06-2022,announcement,Answer key for Entry Test held on 06-03-2022 for Admission into BSC(POSTRN) for Session 2021-22,2022-03-06,200
https://www.smbbmu.edu.pk/beta/news/downloadFile/post-rn-t_16465795794.jpeg,image,post-rn-t-16465795794-f073495d.jpeg,,200
https://www.smbbmu.edu.pk/beta/news/downloadFile/post-rn-n_16465795793.jpeg,image,post-rn-n-16465795793-a0a144d6.jpeg,,200
https://www.smbbmu.edu.pk/beta/news/downloadFile/post-rn-G_16465795792.jpeg,image,post-rn-g-16465795792-41af12b6.jpeg,,200
https://www.smbbmu.edu.pk/beta/news/downloadFile/post-rn-e_16465795791.jpeg,image,post-rn-e-16465795791-4a03c911.jpeg,,200
https://www.smbbmu.edu.pk/beta/news/downloadFile/post-RN-A_16465795790.jpeg,image,post-rn-a-16465795790-1e8488e7.jpeg,,200
https://www.smbbmu.edu.pk/beta/announcements/details/notice-for-commencement-of-classes-of-chandka-medical-college-larkana-02-22-2022,announcement,"Notice for commencement of classes of Chandka Medical College, Larkana",2022-02-22,200
https://www.smbbmu.edu.pk/beta/uploads/news/images/1645518272.jpeg,image,1645518272-765cee72.jpeg,,200
https://www.smbbmu.edu.pk/beta/announcements/details/notice-for-day-one-celebration-of-golden-jubilee-batch-50-of-chandka-medical-college-larkana-02-22-2022,announcement,Notice for Day One Celebration of Golden Jubilee Batch -50 of Chandka Medical College Larkana,2022-02-22,200
https://www.smbbmu.edu.pk/beta/uploads/news/images/1645518391.jpeg,image,1645518391-4476f8d3.jpeg,,200
https://www.smbbmu.edu.pk/beta/announcements/details/notice-for-academic-session-2022-of-mbbs-at-chandka-medical-college-larkana-02-12-2022,announcement,Notice for Academic Session 2022 of MBBS at Chandka Medical College Larkana,2022-02-12,200
https://www.smbbmu.edu.pk/beta/uploads/news/images/1644825481.jpg,image,1644825481-636e55fc.jpg,,200
https://www.smbbmu.edu.pk/beta/announcements/details/result-of-postgraduate-degree-and-diploma-examination-september-2021-02-11-2022,announcement,Result of Postgraduate Degree and Diploma Examination September 2021,2022-02-11,200
https://www.smbbmu.edu.pk/beta/news/downloadFile/Declaration+of+Result_16448418100.pdf,pdf,declaration-of-result-16448418100-11764cc6.pdf,,200
https://www.smbbmu.edu.pk/beta/announcements/details/recommendation-of-41st-selection-board-held-on-28th-january-2022-02-10-2022,announcement,Recommendation of 41st Selection Board held on 28th January 2022,2022-02-10,200
https://www.smbbmu.edu.pk/beta/uploads/news/images/1644505872.jpeg,image,1644505872-31ffad83.jpeg,,200
https://www.smbbmu.edu.pk/beta/announcements/details/recommendation-of-42nd-selection-board-held-on-29th-january-2022-02-10-2022,announcement,Recommendation of 42nd Selection Board held on 29th January 2022,2022-02-10,200
https://www.smbbmu.edu.pk/beta/uploads/news/images/1644506263.png,image,1644506263-60b28dcc.png,,200
https://www.smbbmu.edu.pk/beta/announcements/details/workshop-on-research-methodology-biostatics-and-spss-referencing-software-12-24-2021,announcement,Workshop on Research Methodology Biostatics and SPSS Referencing Software,2021-12-24,200
https://www.smbbmu.edu.pk/beta/uploads/news/images/1640677997.jpeg,image,1640677997-3c0bc3da.jpeg,,200
https://www.smbbmu.edu.pk/beta/announcements/details/result-of-postgraduate-entry-tests-and-mdms-part-i-examination-december-2021-12-22-2021,announcement,Result of Postgraduate Entry Tests and MD/MS Part-I Examination December 2021,2021-12-22,200
https://www.smbbmu.edu.pk/beta/news/downloadFile/WhatsApp+Image+2021-12-23+at+11_16402474200.jpeg,image,whatsapp-image-2021-12-23-at-11-16402474200-bb19092f.jpeg,,200
https://www.smbbmu.edu.pk/beta/news/downloadFile/md-ms-1-result_16401576900.pdf,pdf,md-ms-1-result-16401576900-b1e3117c.pdf,,200
https://www.smbbmu.edu.pk/beta/announcements/details/notice-for-interviews-of-fcps-ii-for-session-january-2021-22-12-22-2021,announcement,Notice for Interviews of FCPS-II for Session January 2021-22,2021-12-22,200
https://www.smbbmu.edu.pk/beta/announcements/details/admissions-for-mbbsbds-for-session-2021-22-12-12-2021,announcement,Admissions for MBBS/BDS for Session 2021-22,2021-12-12,200
https://www.smbbmu.edu.pk/beta/uploads/news/images/1639364285.jpg,image,1639364285-0396e469.jpg,,200
https://www.smbbmu.edu.pk/beta/announcements/details/notice-for-resumption-of-academic-activities-of-constituent-colleges-of-smbbmu-11-25-2021,announcement,Notice for resumption of academic activities of constituent colleges of SMBBMU,2021-11-25,200
https://www.smbbmu.edu.pk/beta/uploads/news/images/1637844226.jpeg,image,1637844226-72844ee7.jpeg,,200
https://www.smbbmu.edu.pk/beta/announcements/details/notice-for-position-for-director-finance-at-chandka-medical-college-hospital-has-been-canceledwithdrawn-10-21-2021,announcement,Notice for Position for Director Finance at Chandka Medical College Hospital has been Canceled/Withdrawn,2021-10-21,200
https://www.smbbmu.edu.pk/beta/uploads/news/images/1634830355.jpeg,image,1634830355-dda8b879.jpeg,,200
https://www.smbbmu.edu.pk/beta/announcements/details/notice-for-submission-of-research-papers-in-journal-of-smbb-medical-university-larkana-09-16-2021,announcement,Notice for Submission of Research Papers in Journal of SMBB Medical University Larkana,2021-09-16,200
https://www.smbbmu.edu.pk/beta/news/downloadFile/contents-JSMBBMU-1_16322558160.pdf,pdf,contents-jsmbbmu-1-16322558160-ce18351c.pdf,,200
https://www.smbbmu.edu.pk/beta/uploads/news/images/1632214103.jpg,image,1632214103-81d3695a.jpg,,200
https://www.smbbmu.edu.pk/beta/announcements/details/notice-for-academic-activities-physical-classes-resumption-at-smbb-medical-university-and-its-constituent-colleges-08-28-2021,announcement,Notice for Academic Activities / Physical Classes resumption at SMBB Medical University and its constituent colleges,2021-08-28,200
https://www.smbbmu.edu.pk/beta/uploads/news/images/1630306683.jpeg,image,1630306683-d0e26c32.jpeg,,200
https://www.smbbmu.edu.pk/beta/announcements/details/notice-for-academic-activities-physical-classes-resumption-at-smbb-medical-university-and-its-constituent-colleges-08-23-2021,announcement,Notice for Academic Activities / Physical Classes resumption at SMBB Medical University and its constituent colleges,2021-08-23,200
https://www.smbbmu.edu.pk/beta/uploads/news/images/academic-activities.jpg,image,academic-activities-41f01c61.jpg,,200
https://www.smbbmu.edu.pk/beta/announcements/details/notice-for-closure-of-academic-activities-physical-classes-at-smbb-medical-university-and-its-constituent-colleges-07-24-2021,announcement,Notice for closure of Academic Activities / Physical Classes at SMBB Medical University and its constituent colleges,2021-07-24,200
https://www.smbbmu.edu.pk/beta/uploads/news/images/1627150454.jpg,image,1627150454-bc336b8b.jpg,,200
https://www.smbbmu.edu.pk/beta/announcements/details/notice-for-closure-of-smbbmu-and-its-constituent-colleges-on-eid-ul-adha-07-16-2021,announcement,Notice for Closure of SMBBMU and its constituent colleges on Eid-Ul-Adha,2021-07-16,200
https://www.smbbmu.edu.pk/beta/uploads/news/images/1626438877.jpg,image,1626438877-3f0544c4.jpg,,200
https://www.smbbmu.edu.pk/beta/announcements/details/notice-for-interviews-of-successful-candidates-of-different-specialties-for-session-july-2021-06-22-2021,announcement,Notice for Interviews of Successful Candidates of Different Specialties for Session July 2021,2021-06-22,200
https://www.smbbmu.edu.pk/beta/uploads/news/images/1624346448.jpeg,image,1624346448-bc5b9232.jpeg,,200
https://www.smbbmu.edu.pk/beta/announcements/details/result-of-mdms-part-i-and-entry-test-of-mphil-diploma-mcps-and-fcps-ii-for-session-july-2021-06-22-2021,announcement,"Result of MD/MS Part-I and Entry Test of M.Phil, Diploma, MCPS and FCPS-II for Session July 2021",2021-06-22,200
https://www.smbbmu.edu.pk/beta/news/downloadFile/diploma-july-2021_16243554571.pdf,pdf,diploma-july-2021-16243554571-531b3b6e.pdf,,200
https://www.smbbmu.edu.pk/beta/news/downloadFile/MD-MS-page-1_16243554570.pdf,pdf,md-ms-page-1-16243554570-f4f8f3f5.pdf,,200
https://www.smbbmu.edu.pk/beta/news/downloadFile/fcps-II_16243551260.pdf,pdf,fcps-ii-16243551260-ae6e4f2c.pdf,,200
https://www.smbbmu.edu.pk/beta/announcements/details/notice-for-invitation-of-applications-for-promotion-from-professor-bs-21-to-meritorious-professor-bs-22-06-15-2021,announcement,Notice for Invitation of applications for promotion from Professor (BS-21) to Meritorious Professor (BS-22),2021-06-15,200
https://www.smbbmu.edu.pk/beta/uploads/news/images/1623820927.jpeg,image,1623820927-3ac56e0e.jpeg,,200
https://www.smbbmu.edu.pk/beta/announcements/details/notice-for-academic-activities-physical-classes-resumption-at-smbb-medical-university-and-its-constituent-colleges-06-07-2021,announcement,Notice for Academic Activities / Physical Classes resumption at SMBB Medical University and its constituent colleges,2021-06-07,200
https://www.smbbmu.edu.pk/beta/uploads/news/images/1623229145.jpeg,image,1623229145-a525092e.jpeg,,200
https://www.smbbmu.edu.pk/beta/announcements/details/result-of-diploma-in-medical-radio-diagnosisdmrd-part-i-06-03-2021,announcement,Result of Diploma in Medical Radio-Diagnosis(DMRD) Part - I,2021-06-03,200
https://www.smbbmu.edu.pk/beta/uploads/news/images/1622786499.jpeg,image,1622786499-bd07119e.jpeg,,200
https://www.smbbmu.edu.pk/beta/announcements/details/time-table-of-entry-test-for-mphil-diploma-mcps-courses-06-03-2021,announcement,"Time Table of Entry Test for M.PHIL, Diploma & MCPS Courses",2021-06-03,200
https://www.smbbmu.edu.pk/beta/uploads/news/images/1622788590.jpeg,image,1622788590-689706d4.jpeg,,200
https://www.smbbmu.edu.pk/beta/announcements/details/time-table-of-entry-test-for-mdms-part-i-examination-06-03-2021,announcement,Time Table of Entry Test for MD/MS Part-I Examination,2021-06-03,200
https://www.smbbmu.edu.pk/beta/uploads/news/images/1622789273.jpeg,image,1622789273-60489e51.jpeg,,200
https://www.smbbmu.edu.pk/beta/announcements/details/circular-for-eid-ul-fitr-2021-holidays-05-07-2021,announcement,Circular for Eid-UL-Fitr 2021 Holidays,2021-05-07,200
https://www.smbbmu.edu.pk/beta/uploads/news/images/1620649870.jpg,image,1620649870-89916f5a.jpg,,200
https://www.smbbmu.edu.pk/beta/announcements/details/circular-for-online-classes-05-07-2021,announcement,Circular for Online Classes,2021-05-07,200
https://www.smbbmu.edu.pk/beta/uploads/news/images/1620649934.jpg,image,1620649934-891b9c4f.jpg,,200
https://www.smbbmu.edu.pk/beta/announcements/details/result-of-fourth-professional-mbbs-fourth-year-annual-examination-04-28-2021,announcement,Result of fourth professional MBBS Fourth Year (Annual Examination),2021-04-28,200
https://www.smbbmu.edu.pk/beta/news/downloadFile/PHOTO-2021-04-28-17-00-47_16196492920.jpg,image,photo-2021-04-28-17-00-47-16196492920-6d32eab2.jpg,,200
https://www.smbbmu.edu.pk/beta/uploads/news/images/1619649252.jpg,image,1619649252-86bc25b7.jpg,,200
https://www.smbbmu.edu.pk/beta/announcements/details/result-of-first-professional-bds-first-year-supplementary-examination-04-22-2021,announcement,Result of first professional BDS First Year (Supplementary) examination,2021-04-22,200
https://www.smbbmu.edu.pk/beta/uploads/news/images/1619076620.jpg,image,1619076620-792df683.jpg,,200
https://www.smbbmu.edu.pk/beta/announcements/details/result-of-second-professional-bds-second-year-supplementary-examination-04-22-2021,announcement,Result of second professional BDS Second Year (Supplementary) examination,2021-04-22,200
https://www.smbbmu.edu.pk/beta/uploads/news/images/1619076685.jpg,image,1619076685-29a47ef9.jpg,,200
https://www.smbbmu.edu.pk/beta/announcements/details/result-of-final-professional-mbbs-final-year-annual-examination-session-2015-16-04-19-2021,announcement,"Result of Final Professional MBBS, Final Year (Annual) Examination, Session 2015-16",2021-04-19,200
https://www.smbbmu.edu.pk/beta/news/downloadFile/page-2_16189003090.jpg,image,page-2-16189003090-3a86a34c.jpg,,200
https://www.smbbmu.edu.pk/beta/uploads/news/images/1618900244.jpg,image,1618900244-220efea1.jpg,,200
https://www.smbbmu.edu.pk/beta/announcements/details/time-table-for-postgraduate-degree-diploma-theory-examinations-march-2021-04-05-2021,announcement,Time table for Postgraduate Degree / Diploma Theory Examinations March 2021,2021-04-05,200
https://www.smbbmu.edu.pk/beta/uploads/news/images/1617730196.jpg,image,1617730196-263fd906.jpg,,200
https://www.smbbmu.edu.pk/beta/announcements/details/recommendation-of-selection-board-for-different-teaching-and-administrative-posts-held-on-24th-february-2021-03-17-2021,announcement,Recommendation of selection board for different teaching and administrative posts held on 24th February 2021,2021-03-17,200
https://www.smbbmu.edu.pk/beta/news/downloadFile/result_selection_board_16159765570.pdf,pdf,result-selection-board-16159765570-0b128448.pdf,,200
https://www.smbbmu.edu.pk/beta/announcements/details/list-of-candidates-who-have-applied-for-admission-to-dpt-pharmd-courses-for-session-2020-21-02-11-2021,announcement,List of Candidates who have Applied for Admission to DPT /PHARM.D Courses for Session 2020-21,2021-02-11,200
https://www.smbbmu.edu.pk/beta/news/downloadFile/13-02-2102-00-54_All_report_16132089670.pdf,pdf,13-02-2102-00-54-all-report-16132089670-06cd8b08.pdf,,200
https://www.smbbmu.edu.pk/beta/news/downloadFile/DPT+and+D-Pharmacy+PRovisional+Merit+List+cmc+DPT+20-21_16130677840.pdf,pdf,dpt-and-d-pharmacy-provisional-merit-list-cmc-dpt-20-21-16130677840-06360be1.pdf,,200
https://www.smbbmu.edu.pk/beta/announcements/details/result-of-mid-term-examination-of-ms-gynecology-obsterics-02-05-2021,announcement,Result of Mid-Term Examination of MS Gynecology & Obsterics,2021-02-05,200
https://www.smbbmu.edu.pk/beta/uploads/news/images/1612725171.jpg,image,1612725171-9533edc2.jpg,,200
https://www.smbbmu.edu.pk/beta/announcements/details/provisional-list-of-candidates-who-applied-for-admission-to-bsc-nursinggeneric-at-smbbmu-larkana-02-02-2021,announcement,"Provisional list of candidates who applied for admission to BSc Nursing(Generic) at SMBBMU, Larkana",2021-02-02,200
https://www.smbbmu.edu.pk/beta/news/downloadFile/11UNTOUCH+BSN+GENERIC+4+YEAR+2020-21+-_16122475780.pdf,pdf,11untouch-bsn-generic-4-year-2020-21-16122475780-7511ee89.pdf,,200
https://www.smbbmu.edu.pk/beta/announcements/details/admissions-for-mbbsbds-for-session-2020-21-01-01-2021,announcement,Admissions for MBBS/BDS for Session 2020-21,2021-01-01,200
https://www.smbbmu.edu.pk/beta/uploads/news/images/1609514574.jpg,image,1609514574-69006469.jpg,,200
https://www.smbbmu.edu.pk/beta/announcements/details/notice-for-interviews-for-successful-postgraduate-students-of-different-specialties-12-18-2020,announcement,Notice for interviews for successful postgraduate students of different specialties,2020-12-18,200
https://www.smbbmu.edu.pk/beta/uploads/news/images/1608320252.jpg,image,1608320252-723c40eb.jpg,,200
https://www.smbbmu.edu.pk/beta/announcements/details/result-of-entry-test-of-diploma-msph-msc-msmd-phd-mphil-and-fcps-ii-12-16-2020,announcement,"Result of entry test of Diploma, MSPH, MSc. MS/MD  PH.D, MPhil and FCPS-II",2020-12-16,200
https://www.smbbmu.edu.pk/beta/news/downloadFile/Result+Sheet_16081043210.pdf,pdf,result-sheet-16081043210-2b7188df.pdf,,200
https://www.smbbmu.edu.pk/beta/uploads/news/images/1608103889.jpg,image,1608103889-c39d3ac2.jpg,,200
https://www.smbbmu.edu.pk/beta/announcements/details/admissions-for-bs-nursing-generic-bsc-nursing-post-rn-at-benazir-college-of-nursing-smbbmu-larkana-12-11-2020,announcement,Admissions for BS Nursing (Generic) & BSc Nursing (Post RN) at Benazir College of Nursing SMBBMU Larkana,2020-12-11,200
https://www.smbbmu.edu.pk/beta/news/downloadFile/12345_16080118790.jpeg,image,12345-16080118790-605b4e6a.jpeg,,200
https://www.smbbmu.edu.pk/beta/news/downloadFile/smbbmu+application+form+for+nursing+course+2020-21_16079311770.pdf,pdf,smbbmu-application-form-for-nursing-course-2020-21-16079311770-4731ce91.pdf,,200
https://www.smbbmu.edu.pk/beta/news/downloadFile/nursing+challan+2020-21_16079308390.pdf,pdf,nursing-challan-2020-21-16079308390-2f74c3c6.pdf,,200
https://www.smbbmu.edu.pk/beta/uploads/news/images/1607930554.jpg,image,1607930554-4d5080f6.jpg,,200
https://www.smbbmu.edu.pk/beta/announcements/details/result-of-bscn-year-ii-semester-iii-regular-examination-session-2017-18-11-16-2020,announcement,Result of BscN Year-II Semester-III regular examination Session 2017-18,2020-11-16,200
https://www.smbbmu.edu.pk/beta/uploads/news/images/1605528081.jpg,image,1605528081-da9bcd5e.jpg,,200
https://www.smbbmu.edu.pk/beta/announcements/details/result-of-first-professional-pham-d-first-year-supplementary-examination-session-2017-18-11-14-2020,announcement,Result of first professional Pham-D first year (supplementary) examination session 2017-18,2020-11-14,200
https://www.smbbmu.edu.pk/beta/uploads/news/images/1605527376.jpg,image,1605527376-2d2057f9.jpg,,200
https://www.smbbmu.edu.pk/beta/announcements/details/result-of-second-professional-pham-d-second-year-supplementary-examination-session-2018-19-11-14-2020,announcement,Result of second professional Pham-D second year (supplementary) examination session 2018-19,2020-11-14,200
https://www.smbbmu.edu.pk/beta/uploads/news/images/1605527417.jpg,image,1605527417-813bfa6e.jpg,,200
https://www.smbbmu.edu.pk/beta/announcements/details/result-of-third-professional-bds-third-year-annual-examination-session-2016-17-11-14-2020,announcement,Result of third professional BDS third year (Annual) examination session 2016-17,2020-11-14,200
https://www.smbbmu.edu.pk/beta/uploads/news/images/1605527491.jpg,image,1605527491-f483ffd9.jpg,,200
https://www.smbbmu.edu.pk/beta/announcements/details/result-of-first-professional-mbbs-first-year-supplementary-examination-10-16-2020,announcement,Result of first professional MBBS First Year (Supplementary) examination,2020-10-16,200
https://www.smbbmu.edu.pk/beta/uploads/news/images/1604994669.jpeg,image,1604994669-48d9f243.jpeg,,200
https://www.smbbmu.edu.pk/beta/announcements/details/result-of-third-professional-mbbs-third-year-supplementary-examination-10-16-2020,announcement,Result of Third Professional MBBS Third Year (Supplementary) examination,2020-10-16,200
https://www.smbbmu.edu.pk/beta/uploads/news/images/1603357545.jpeg,image,1603357545-104e7177.jpeg,,200
https://www.smbbmu.edu.pk/beta/announcements/details/result-of-second-professional-mbbs-second-year-supplementary-examination-10-15-2020,announcement,Result of Second Professional MBBS Second Year (Supplementary) examination,2020-10-15,200
https://www.smbbmu.edu.pk/beta/uploads/news/images/1603346375.jpeg,image,1603346375-182e7cb0.jpeg,,200
https://www.smbbmu.edu.pk/beta/announcements/details/notice-for-ehsaas-undergraduate-scholarship-project-phase-ii-10-15-2020,announcement,Notice for Ehsaas Undergraduate Scholarship Project Phase-II,2020-10-15,200
https://www.smbbmu.edu.pk/beta/uploads/news/images/1603349243.jpg,image,1603349243-07745808.jpg,,200
https://www.smbbmu.edu.pk/beta/announcements/details/notice-for-mandatory-workshops-for-the-post-graduate-trainees-enrolled-in-various-programs-of-the-university-10-13-2020,announcement,Notice for mandatory workshops for the post graduate trainees enrolled in various programs of the university,2020-10-13,200
https://www.smbbmu.edu.pk/beta/uploads/news/images/1602659486.jpg,image,1602659486-e6b05a15.jpg,,200
https://www.smbbmu.edu.pk/beta/announcements/details/schedule-for-1st-and-2nd-professional-mbbssupplementary-theory-ospe-examinations-09-15-2020,announcement,Schedule for 1st and 2nd Professional MBBS(Supplementary) Theory & OSPE Examinations,2020-09-15,200
https://www.smbbmu.edu.pk/beta/uploads/news/images/1600231004.jpg,image,1600231004-305a17cb.jpg,,200
https://www.smbbmu.edu.pk/beta/announcements/details/schedule-for-3rd-and-4th-professional-mbbssupplementary-theory-ospe-examinations-09-15-2020,announcement,Schedule for 3rd and 4th Professional MBBS(Supplementary) Theory & OSPE Examinations,2020-09-15,200
https://www.smbbmu.edu.pk/beta/uploads/news/images/1600231034.jpg,image,1600231034-521ce5f2.jpg,,200
https://www.smbbmu.edu.pk/beta/announcements/details/schedule-for-4th-professional-bds-annual-theory-ospe-osce-examinations-09-15-2020,announcement,Schedule for 4th Professional BDS Annual (Theory & OSPE / OSCE) Examinations,2020-09-15,200
https://www.smbbmu.edu.pk/beta/uploads/news/images/1600231117.jpg,image,1600231117-a2db5c4f.jpg,,200
https://www.smbbmu.edu.pk/beta/announcements/details/notice-for-re-opening-of-the-university-from-15th-september-2020-09-14-2020,announcement,Notice for re-opening of the university from 15th September 2020,2020-09-14,200
https://www.smbbmu.edu.pk/beta/uploads/news/images/1600149175.jpg,image,1600149175-d345bb4d.jpg,,200
https://www.smbbmu.edu.pk/beta/announcements/details/ehsaas-undergraduate-scholarship-project-phase-ii-08-21-2020,announcement,Ehsaas Undergraduate Scholarship Project Phase-II,2020-08-21,200
https://www.smbbmu.edu.pk/beta/uploads/news/images/1598340423.jpg,image,1598340423-087b8ade.jpg,,200
https://www.smbbmu.edu.pk/beta/announcements/details/notice-for-mdms-mid-termpart-ii-final-mphil-diploma-examination-march-2020-08-19-2020,announcement,Notice for MD/MS Mid-term/Part-II Final M.Phil & Diploma Examination March 2020,2020-08-19,200
https://www.smbbmu.edu.pk/beta/uploads/news/images/1598340266.jpg,image,1598340266-758c3758.jpg,,200
https://www.smbbmu.edu.pk/beta/announcements/details/schedule-for-online-classes-of-institute-of-physiotherapy-and-rehabilitation-sciences-for-the-month-of-august-08-09-2020,announcement,Schedule for online classes of Institute of Physiotherapy and Rehabilitation Sciences for the month of august,2020-08-09,200
https://www.smbbmu.edu.pk/beta/news/downloadFile/Time+Table-IPRS-Aug-DPT-Year-1_15970362510.pdf,pdf,time-table-iprs-aug-dpt-year-1-15970362510-94ee9b3c.pdf,,200
https://www.smbbmu.edu.pk/beta/announcements/details/schedule-for-online-classes-of-institute-of-pharmacy-for-the-month-of-august-08-08-2020,announcement,Schedule for online classes of Institute of Pharmacy for the month of august,2020-08-08,200
https://www.smbbmu.edu.pk/beta/news/downloadFile/Time+table-IPR-Pharma-+Aug+-Year-1+New_15970550830.pdf,pdf,time-table-ipr-pharma-aug-year-1-new-15970550830-664c34fe.pdf,,200
https://www.smbbmu.edu.pk/beta/news/downloadFile/Time+table+-IPR-Pharma-Aug+Year-3_15970446712.pdf,pdf,time-table-ipr-pharma-aug-year-3-15970446712-168b0844.pdf,,200
https://www.smbbmu.edu.pk/beta/news/downloadFile/Time+Table-IPR-Pharma-Aug-Year-2_15970446711.pdf,pdf,time-table-ipr-pharma-aug-year-2-15970446711-c3a6726a.pdf,,200
https://www.smbbmu.edu.pk/beta/news/downloadFile/Time+table+-IPR+Pharma-Aug-+Year-1_15970446700.pdf,pdf,time-table-ipr-pharma-aug-year-1-15970446700-dac1e1ba.pdf,,200
https://www.smbbmu.edu.pk/beta/announcements/details/schedule-for-online-classes-of-benazir-college-of-nursing-for-the-month-of-august-08-08-2020,announcement,Schedule for online classes of Benazir College of Nursing for the month of august,2020-08-08,200
https://www.smbbmu.edu.pk/beta/announcements/details/result-of-entry-test-of-phd-mphil-msph-mcps-mdms-i-and-diploma-courses-for-session-july-2020-08-05-2020,announcement,"Result of entry test of PhD, M.Phil, MSPH, MCPS, MD/MS-I and Diploma Courses for session July 2020",2020-08-05,200
https://www.smbbmu.edu.pk/beta/news/downloadFile/phd_n_15966146790.jpg,image,phd-n-15966146790-5711fff1.jpg,,200
https://www.smbbmu.edu.pk/beta/news/downloadFile/diplomas_15966145116.pdf,pdf,diplomas-15966145116-ef1b5fa8.pdf,,200
https://www.smbbmu.edu.pk/beta/news/downloadFile/mcps_15966145115.jpg,image,mcps-15966145115-da3657d0.jpg,,200
https://www.smbbmu.edu.pk/beta/news/downloadFile/ms_15966145114.jpg,image,ms-15966145114-3893ec26.jpg,,200
https://www.smbbmu.edu.pk/beta/news/downloadFile/md_15966145113.jpg,image,md-15966145113-c26183eb.jpg,,200
https://www.smbbmu.edu.pk/beta/news/downloadFile/msph_15966145102.jpg,image,msph-15966145102-6a0aa3ac.jpg,,200
https://www.smbbmu.edu.pk/beta/news/downloadFile/mphil_15966145101.jpg,image,mphil-15966145101-f660a6ef.jpg,,200
https://www.smbbmu.edu.pk/beta/announcements/details/schedule-for-online-classes-of-cmc-for-the-month-of-august-08-05-2020,announcement,Schedule for online classes of CMC for the month of august,2020-08-05,200
https://www.smbbmu.edu.pk/beta/news/downloadFile/Time+Table-CMC-Aug-Year-1_15967463524.pdf,pdf,time-table-cmc-aug-year-1-15967463524-4d74446f.pdf,,200
https://www.smbbmu.edu.pk/beta/news/downloadFile/Time+Table-CMC-Aug-Year-2_15967463523.pdf,pdf,time-table-cmc-aug-year-2-15967463523-f4d267eb.pdf,,200
https://www.smbbmu.edu.pk/beta/news/downloadFile/Time+Table-CMC-Aug-Year-3_15967463522.pdf,pdf,time-table-cmc-aug-year-3-15967463522-5f32a1e8.pdf,,200
https://www.smbbmu.edu.pk/beta/news/downloadFile/Time+Table-CMC-Aug-Year-4_15967463521.pdf,pdf,time-table-cmc-aug-year-4-15967463521-11aecbf3.pdf,,200
https://www.smbbmu.edu.pk/beta/news/downloadFile/Time+Table-CMC-Aug-Year-5_15967463520.pdf,pdf,time-table-cmc-aug-year-5-15967463520-b073475a.pdf,,200
https://www.smbbmu.edu.pk/beta/announcements/details/schedule-for-online-classes-of-gmmmc-for-the-month-of-august-08-05-2020,announcement,Schedule for online classes of GMMMC for the month of august,2020-08-05,200
https://www.smbbmu.edu.pk/beta/news/downloadFile/Time+Table-GMC-Aug-Year-1_15969536744.pdf,pdf,time-table-gmc-aug-year-1-15969536744-4143452a.pdf,,200
https://www.smbbmu.edu.pk/beta/news/downloadFile/Time+Table-GMC-Aug-Year-2_15969536743.pdf,pdf,time-table-gmc-aug-year-2-15969536743-0468ba33.pdf,,200
https://www.smbbmu.edu.pk/beta/news/downloadFile/Time+Table-GMC-Aug-Year-3_15969536742.pdf,pdf,time-table-gmc-aug-year-3-15969536742-8e1dd5db.pdf,,200
https://www.smbbmu.edu.pk/beta/news/downloadFile/Time+Table-GMC-Aug-Year-4_15969536741.pdf,pdf,time-table-gmc-aug-year-4-15969536741-f9778d06.pdf,,200
https://www.smbbmu.edu.pk/beta/news/downloadFile/Time+Table-GMC-Aug-Year-5_15969536740.pdf,pdf,time-table-gmc-aug-year-5-15969536740-c0cf982f.pdf,,200
https://www.smbbmu.edu.pk/beta/announcements/details/time-table-for-1st-and-2nd-professional-mbbs-supplementary-examination-08-04-2020,announcement,Time table for 1st and 2nd professional MBBS supplementary examination,2020-08-04,200
https://www.smbbmu.edu.pk/beta/uploads/news/images/1596606674.jpg,image,1596606674-1d6c1c8d.jpg,,200
https://www.smbbmu.edu.pk/beta/announcements/details/result-of-final-professional-mbbs-supplementary-online-examination-07-25-2020,announcement,Result of Final Professional MBBS Supplementary online examination,2020-07-25,200
https://www.smbbmu.edu.pk/beta/uploads/news/images/1595927423.jpg,image,1595927423-e26566cc.jpg,,200
https://www.smbbmu.edu.pk/beta/announcements/details/notice-for-closure-of-university-and-its-constituent-colleges-06-19-2020,announcement,Notice for closure of university and its constituent colleges,2020-06-19,200
https://www.smbbmu.edu.pk/beta/uploads/news/images/1592564115.jpg,image,1592564115-bf29abf8.jpg,,200
https://www.smbbmu.edu.pk/beta/announcements/details/notice-for-supplementary-examination-06-10-2020,announcement,Notice for supplementary examination,2020-06-10,200
https://www.smbbmu.edu.pk/beta/uploads/news/images/1591817644.jpg,image,1591817644-9855bd83.jpg,,200
https://www.smbbmu.edu.pk/beta/announcements/details/time-table-for-final-professional-mbbs-online-supplementary-examination-06-10-2020,announcement,Time table for final professional MBBS online supplementary examination,2020-06-10,200
https://www.smbbmu.edu.pk/beta/uploads/news/images/1591853957.jpg,image,1591853957-068dedba.jpg,,200
https://www.smbbmu.edu.pk/beta/announcements/details/list-fo-recommended-and-waiting-candidates-for-ehsaas-undergraduate-scholarship-06-06-2020,announcement,List of recommended and waiting candidates for Ehsaas Undergraduate Scholarship,2020-06-06,200
https://www.smbbmu.edu.pk/beta/news/downloadFile/Ehsaas+Scholarhip+Recommended+and+waiting+list_15916101350.pdf,pdf,ehsaas-scholarhip-recommended-and-waiting-list-15916101350-6dab6579.pdf,,200
https://www.smbbmu.edu.pk/beta/announcements/details/schedule-for-online-classes-05-27-2020,announcement,Schedule for online classes,2020-05-27,200
https://www.smbbmu.edu.pk/beta/news/downloadFile/CMC-Time+Table+Final+Year+MBBS+150620-1_15921976734.pdf,pdf,cmc-time-table-final-year-mbbs-150620-1-15921976734-a7934764.pdf,,200
https://www.smbbmu.edu.pk/beta/news/downloadFile/CMC-Time+Table+4th+Year+MBBS+150620_15921976733.pdf,pdf,cmc-time-table-4th-year-mbbs-150620-15921976733-8e0c36d0.pdf,,200
https://www.smbbmu.edu.pk/beta/news/downloadFile/CMC-Time+Table+3rd+Year+MBBS+150620_15921976732.pdf,pdf,cmc-time-table-3rd-year-mbbs-150620-15921976732-42fe1493.pdf,,200
https://www.smbbmu.edu.pk/beta/news/downloadFile/CMC-Time+Table+2nd+Year+MBBS+150620_15921976731.pdf,pdf,cmc-time-table-2nd-year-mbbs-150620-15921976731-c0bc9e60.pdf,,200
https://www.smbbmu.edu.pk/beta/news/downloadFile/CMC-Time+Table+1st+Year+MBBS+150620_15921976730.pdf,pdf,cmc-time-table-1st-year-mbbs-150620-15921976730-48ccce2a.pdf,,200
https://www.smbbmu.edu.pk/beta/news/downloadFile/BScN+Post+RN+Sem-I-NEW_15909912221.pdf,pdf,bscn-post-rn-sem-i-new-15909912221-7493bbb6.pdf,,200
https://www.smbbmu.edu.pk/beta/news/downloadFile/BSN-Gen-Sem-1-NEW_15909912220.pdf,pdf,bsn-gen-sem-1-new-15909912220-9f6e46c2.pdf,,200
https://www.smbbmu.edu.pk/beta/news/downloadFile/Time+Table+3rd+Year+Pharm-D+B-01_15909911242.pdf,pdf,time-table-3rd-year-pharm-d-b-01-15909911242-553f0164.pdf,,200
https://www.smbbmu.edu.pk/beta/news/downloadFile/Time+Table+2nd+Year+Pharm-D+B-02_15909911241.pdf,pdf,time-table-2nd-year-pharm-d-b-02-15909911241-51f69901.pdf,,200
https://www.smbbmu.edu.pk/beta/news/downloadFile/Time+Table+New+1st+Year+Pharm-D+B-04_15909911240.pdf,pdf,time-table-new-1st-year-pharm-d-b-04-15909911240-72ecbfc9.pdf,,200
https://www.smbbmu.edu.pk/beta/news/downloadFile/Time+Table+for+1st+Year+BDS+b09_15906609372.pdf,pdf,time-table-for-1st-year-bds-b09-15906609372-ad15283a.pdf,,200
https://www.smbbmu.edu.pk/beta/news/downloadFile/Time+Table+for+1st+Year+DPT+B01_15906609371.pdf,pdf,time-table-for-1st-year-dpt-b01-15906609371-4a4ff2a0.pdf,,200
https://www.smbbmu.edu.pk/beta/news/downloadFile/Time+Table+of+Final+Year+MBBS_15906603764.pdf,pdf,time-table-of-final-year-mbbs-15906603764-a57da02f.pdf,,200
https://www.smbbmu.edu.pk/beta/news/downloadFile/Time+Table+of+4th+Year+MBBS_15906603763.pdf,pdf,time-table-of-4th-year-mbbs-15906603763-f8403dad.pdf,,200
https://www.smbbmu.edu.pk/beta/news/downloadFile/Time+Table+of+3rd+Year+MBBS_15906603762.pdf,pdf,time-table-of-3rd-year-mbbs-15906603762-d9959c5b.pdf,,200
https://www.smbbmu.edu.pk/beta/news/downloadFile/Time+Table+of+2nd+Year+MBBS_15906603761.pdf,pdf,time-table-of-2nd-year-mbbs-15906603761-1b77581b.pdf,,200
https://www.smbbmu.edu.pk/beta/news/downloadFile/Time+Table+of+1st+Year+MBBS_15906603760.pdf,pdf,time-table-of-1st-year-mbbs-15906603760-5336560d.pdf,,200
https://www.smbbmu.edu.pk/beta/announcements/details/notice-of-training-of-teaching-faculty-for-online-classes-05-07-2020,announcement,Notice of training of teaching faculty for online classes,2020-05-07,200
https://www.smbbmu.edu.pk/beta/uploads/news/images/1588856608.jpg,image,1588856608-5ae2fc55.jpg,,200
https://www.smbbmu.edu.pk/beta/announcements/details/notice-for-it-coordinationfocal-personstechnical-support-for-online-classes-05-06-2020,announcement,Notice for IT Coordination/Focal Persons/Technical Support for online classes,2020-05-06,200
https://www.smbbmu.edu.pk/beta/uploads/news/images/1588839195.jpg,image,1588839195-e59124bd.jpg,,200
https://www.smbbmu.edu.pk/beta/announcements/details/list-of-boys-hostel-allotments-of-chandka-medical-college-04-30-2020,announcement,List of boys hostel allotments of chandka medical college,2020-04-30,200
https://www.smbbmu.edu.pk/beta/news/downloadFile/Boys+Hostel+No_15918173520.xlsx,pdf,boys-hostel-no-15918173520-20ccc7d2.pdf,,200
https://www.smbbmu.edu.pk/beta/news/downloadFile/Boys+Hostel+No_15883183081.xls,pdf,boys-hostel-no-15883183081-38161ea5.pdf,,200
https://www.smbbmu.edu.pk/beta/news/downloadFile/Boys+Hostel+No_15883183080.xlsx,pdf,boys-hostel-no-15883183080-e90c72e2.pdf,,200
https://www.smbbmu.edu.pk/beta/news/downloadFile/Boys+Hostel+No_15883182341.xlsx,pdf,boys-hostel-no-15883182341-92baa8d8.pdf,,200
https://www.smbbmu.edu.pk/beta/news/downloadFile/Boys+Hostel+No_15883182340.xlsx,pdf,boys-hostel-no-15883182340-9f78d4e6.pdf,,200
https://www.smbbmu.edu.pk/beta/announcements/details/notice-for-registration-of-students-for-online-classes-04-25-2020,announcement,Notice for registration of students for online classes,2020-04-25,200
https://forms.office.com/Pages/ResponsePage.aspx?id=bAnfdXKL5Eibkcv3nYfuOhaRrBBwOMZCm6z3SBJREF1URVE3RjlGNDhDWEhFU1FEWlhHNjJGUFVXRC4u,external,,,
https://www.smbbmu.edu.pk/beta/uploads/news/images/1587900195.jpg,image,1587900195-010da68e.jpg,,200
https://www.smbbmu.edu.pk/beta/announcements/details/notice-for-extension-of-due-date-of-submission-of-annual-fees-03-30-2020,announcement,Notice for extension of due date of submission of Annual fees,2020-03-30,200
https://www.smbbmu.edu.pk/beta/uploads/news/images/1585593871.jpg,image,1585593871-2e3b6824.jpg,,200
https://www.smbbmu.edu.pk/beta/announcements/details/notice-for-the-closure-of-smbb-medical-university-and-its-constituent-colleges-03-18-2020,announcement,Notice for the closure of SMBB Medical university and its constituent colleges,2020-03-18,200
https://www.smbbmu.edu.pk/beta/uploads/news/images/1584563712.jpg,image,1584563712-8ce3486e.jpg,,200
https://www.smbbmu.edu.pk/beta/announcements/details/corrigendum-for-the-closure-of-smbb-medical-university-and-its-constituent-colleges-03-18-2020,announcement,Corrigendum for the closure of SMBB Medical university and its constituent colleges,2020-03-18,200
https://www.smbbmu.edu.pk/beta/uploads/news/images/1584563838.jpg,image,1584563838-e925ae44.jpg,,200
https://www.smbbmu.edu.pk/beta/announcements/details/notice-for-closure-of-university-and-its-constituent-colleges-03-13-2020,announcement,Notice for closure of university and its constituent colleges,2020-03-13,200
https://www.smbbmu.edu.pk/beta/uploads/news/images/1584125372.jpg,image,1584125372-e4be8bd9.jpg,,200
https://www.smbbmu.edu.pk/beta/announcements/details/preliminary-voter-list-for-election-to-the-authorities-to-university-03-11-2020,announcement,Preliminary voter list for election to the authorities to university,2020-03-11,200
https://www.smbbmu.edu.pk/beta/news/downloadFile/associateProfessors_15839433581.pdf,pdf,associateprofessors-15839433581-fb8636ec.pdf,,200
https://www.smbbmu.edu.pk/beta/news/downloadFile/assistantProfessors_15839433580.pdf,pdf,assistantprofessors-15839433580-b2919957.pdf,,200
https://www.smbbmu.edu.pk/beta/news/downloadFile/seniorRegistrars_15839432753.pdf,pdf,seniorregistrars-15839432753-c9578d62.pdf,,200
https://www.smbbmu.edu.pk/beta/news/downloadFile/seniorLecturers_15839432752.pdf,pdf,seniorlecturers-15839432752-df9b6e4c.pdf,,200
https://www.smbbmu.edu.pk/beta/news/downloadFile/officers_15839432751.pdf,pdf,officers-15839432751-1610462b.pdf,,200
https://www.smbbmu.edu.pk/beta/news/downloadFile/nonVoters_15839432750.pdf,pdf,nonvoters-15839432750-24b3d31b.pdf,,200
https://www.smbbmu.edu.pk/beta/announcements/details/result-of-final-professional-mbbs-final-year-annual-examination-session-2014-15-03-07-2020,announcement,Result of Final Professional MBBS Final Year Annual Examination Session 2014-15,2020-03-07,200
https://www.smbbmu.edu.pk/beta/news/downloadFile/Result-of-Final-Examination_15839423500.pdf,pdf,result-of-final-examination-15839423500-f978ae55.pdf,,200
https://www.smbbmu.edu.pk/beta/announcements/details/result-of-first-professional-mbbs-first-year-annual-examination-session-2018-19-02-25-2020,announcement,Result of First Professional MBBS First Year Annual Examination Session 2018-19,2020-02-25,200
https://www.smbbmu.edu.pk/beta/news/downloadFile/firstYearResult_15826940680.pdf,pdf,firstyearresult-15826940680-0b90ade8.pdf,,200
https://www.smbbmu.edu.pk/beta/announcements/details/result-of-second-professional-mbbs-second-year-annual-examination-session-2017-18-02-25-2020,announcement,Result of Second Professional MBBS Second Year Annual Examination Session 2017-18,2020-02-25,200
https://www.smbbmu.edu.pk/beta/news/downloadFile/secondYearResult_15826942800.pdf,pdf,secondyearresult-15826942800-9cfcc0d7.pdf,,200
https://www.smbbmu.edu.pk/beta/announcements/details/interview-schedule-for-ehsaas-undergraduate-scholarship-02-21-2020,announcement,Interview Schedule for Ehsaas Undergraduate Scholarship,2020-02-21,200
https://www.smbbmu.edu.pk/beta/news/downloadFile/List+of+ineligible+candidates_15822966580.pdf,pdf,list-of-ineligible-candidates-15822966580-a6afa6b3.pdf,,200
https://www.smbbmu.edu.pk/beta/news/downloadFile/List+of+eligible+candidates_15822966050.pdf,pdf,list-of-eligible-candidates-15822966050-d2b25471.pdf,,200
https://www.smbbmu.edu.pk/beta/uploads/news/images/1582296348.jpeg,image,1582296348-e9e6a956.jpeg,,200
https://www.smbbmu.edu.pk/beta/announcements/details/notice-for-mdms-mid-termpart-ii-final-mphil-diploma-examination-march-2020-02-21-2020,announcement,Notice for MD/MS Mid-term/Part-II Final M.Phil & Diploma Examination March 2020,2020-02-21,200
https://www.smbbmu.edu.pk/beta/uploads/news/images/1582530882.jpg,image,1582530882-16a5e045.jpg,,200
https://www.smbbmu.edu.pk/beta/announcements/details/notice-for-orientation-day-of-1st-year-bds-of-batch-09-02-14-2020,announcement,Notice for Orientation Day of 1st year BDS of Batch 09,2020-02-14,200
https://www.smbbmu.edu.pk/beta/uploads/news/images/1581916052.jpg,image,1581916052-e0118bea.jpg,,200
https://www.smbbmu.edu.pk/beta/announcements/details/notice-for-extension-in-joining-period-to-newly-selected-teaching-faculty-upto-27th-february-2020-01-31-2020,announcement,Notice for extension in joining period to newly selected teaching faculty upto (27th February 2020),2020-01-31,200
https://www.smbbmu.edu.pk/beta/uploads/news/images/1580473712.jpg,image,1580473712-5b6a4d77.jpg,,200
https://www.smbbmu.edu.pk/beta/announcements/details/result-of-md-internal-medicine-mid-termtheory-examination-september-2019-01-09-2020,announcement,Result of MD Internal Medicine Mid-Term(Theory) Examination September 2019,2020-01-09,200
https://www.smbbmu.edu.pk/beta/uploads/news/images/1578649918.jpg,image,1578649918-e9d9fbca.jpg,,200
https://www.smbbmu.edu.pk/beta/announcements/details/result-of-final-professional-bds-examination-supplementary-for-session-2014-15-of-bibi-aseefa-dental-college-larkana-held-in-the-month-of-december-2019-12-31-2019,announcement,Result of Final Professional BDS Examination (Supplementary) for Session 2014-15 of Bibi Aseefa Dental College Larkana Held in the Month of December 2019,2019-12-31,200
https://www.smbbmu.edu.pk/beta/uploads/news/images/1577857481.jpg,image,1577857481-994a5d74.jpg,,200
https://www.smbbmu.edu.pk/beta/announcements/details/result-of-31st-selection-board-held-on-12th-and-13th-november-2019-12-26-2019,announcement,Result of 31st Selection Board held on 12th and 13th November 2019,2019-12-26,200
https://www.smbbmu.edu.pk/beta/news/downloadFile/13th+nov_15774620131.pdf,pdf,13th-nov-15774620131-9bf679b1.pdf,,200
https://www.smbbmu.edu.pk/beta/news/downloadFile/12th+nov_15774620130.pdf,pdf,12th-nov-15774620130-213c67d3.pdf,,200
https://www.smbbmu.edu.pk/beta/announcements/details/result-of-32nd-selection-board-held-on-23rd-and-24th-november-2019-12-26-2019,announcement,Result of 32nd Selection Board held on 23rd and 24th November 2019,2019-12-26,200
https://www.smbbmu.edu.pk/beta/news/downloadFile/24+nov_15774621641.pdf,pdf,24-nov-15774621641-7baa4f61.pdf,,200
https://www.smbbmu.edu.pk/beta/news/downloadFile/23+nov_15774621640.pdf,pdf,23-nov-15774621640-3437cba2.pdf,,200
https://www.smbbmu.edu.pk/beta/announcements/details/result-of-33rd-selection-board-held-on-7th-and-8th-december-2019-12-26-2019,announcement,Result of 33rd Selection Board held on 7th and 8th December 2019,2019-12-26,200
https://www.smbbmu.edu.pk/beta/news/downloadFile/8thdec_15774622991.pdf,pdf,8thdec-15774622991-44d8dfa9.pdf,,200
https://www.smbbmu.edu.pk/beta/news/downloadFile/7thdec_15774622990.pdf,pdf,7thdec-15774622990-3b042aaf.pdf,,200
https://www.smbbmu.edu.pk/beta/announcements/details/result-of-34th-selection-board-held-on-23rd-december-2019-12-26-2019,announcement,Result of 34th Selection Board held on 23rd December 2019,2019-12-26,200
https://www.smbbmu.edu.pk/beta/news/downloadFile/23rdDec_15774624030.pdf,pdf,23rddec-15774624030-d85030a8.pdf,,200
https://www.smbbmu.edu.pk/beta/announcements/details/result-of-entry-test-of-diploma-fcps-ii-training-mdms-part-i-examination-for-session-january-2019-12-17-2019,announcement,"Result of Entry Test Of Diploma, FCPS-II Training, MD/MS Part-I Examination for Session January 2019",2019-12-17,200
https://www.smbbmu.edu.pk/beta/news/downloadFile/convert-jpg-to-pdf_15766515070.pdf,pdf,convert-jpg-to-pdf-15766515070-d2570ea0.pdf,,200
https://www.smbbmu.edu.pk/beta/news/downloadFile/convert-jpg-to-pdf_15766514210.pdf,pdf,convert-jpg-to-pdf-15766514210-6a3c5957.pdf,,200
https://www.smbbmu.edu.pk/beta/news/downloadFile/md-ms-part-1_15766508620.jpg,image,md-ms-part-1-15766508620-7981715f.jpg,,200
https://www.smbbmu.edu.pk/beta/announcements/details/list-of-candidates-selected-on-reserved-seats-of-dow-university-of-health-sciences-karachi-for-session-2019-20-12-05-2019,announcement,List of Candidates Selected on Reserved Seats of DOW University of Health Sciences Karachi for Session 2019-20,2019-12-05,200
https://www.smbbmu.edu.pk/beta/uploads/news/images/1575535302.jpg,image,1575535302-f741a1a0.jpg,,200
https://www.smbbmu.edu.pk/beta/announcements/details/list-of-candidates-selected-on-reserved-seats-of-jinnah-sindh-medical-university-karachi-for-session-2019-20-12-05-2019,announcement,List of Candidates Selected on Reserved Seats of Jinnah Sindh Medical University Karachi for Session 2019-20,2019-12-05,200
https://www.smbbmu.edu.pk/beta/uploads/news/images/1575535376.jpg,image,1575535376-888b30ee.jpg,,200
https://www.smbbmu.edu.pk/beta/announcements/details/list-of-candidates-selected-on-reserved-seats-of-fatima-jinnah-sindh-medical-university-lahore-for-session-2019-20-12-05-2019,announcement,List of Candidates Selected on Reserved Seats of Fatima Jinnah Sindh Medical University Lahore for Session 2019-20,2019-12-05,200
https://www.smbbmu.edu.pk/beta/uploads/news/images/1575535238.jpg,image,1575535238-bd293f4f.jpg,,200
https://www.smbbmu.edu.pk/beta/announcements/details/admissions-to-1st-year-mbbsbds-on-reserved-seats-of-overseas-pakistanis-11-29-2019,announcement,Admissions to 1st Year MBBS/BDS on Reserved Seats of Overseas Pakistani's,2019-11-29,200
https://www.smbbmu.edu.pk/beta/news/downloadFile/overseas-form_15751077180.pdf,pdf,overseas-form-15751077180-51e73f2f.pdf,,200
https://www.smbbmu.edu.pk/beta/uploads/news/images/1575107509.jpg,image,1575107509-977d360c.jpg,,200
https://www.smbbmu.edu.pk/beta/announcements/details/admissions-to-1st-year-mbbsbds-on-ueap-local-basis-11-29-2019,announcement,Admissions to 1st Year MBBS/BDS on UEAP Local Basis,2019-11-29,200
https://www.smbbmu.edu.pk/beta/news/downloadFile/local-form_15751077400.pdf,pdf,local-form-15751077400-4e8ade5e.pdf,,200
https://www.smbbmu.edu.pk/beta/uploads/news/images/1575107557.jpg,image,1575107557-05a93d27.jpg,,200
https://www.smbbmu.edu.pk/beta/announcements/details/provisional-merit-list-of-candidates-who-have-applied-for-admission-into-1st-year-mbbsbds-courses-for-session-2019-20-at-shaheed-mohtarma-benazir-bhutto-medical-university-larkana-11-27-2019,announcement,Provisional Merit List of Candidates who have Applied for Admission Into 1ST: Year MBBS/BDS Courses for Session 2019-20 at Shaheed Mohtarma Benazir Bhutto Medical University Larkana,2019-11-27,200
https://www.smbbmu.edu.pk/beta/news/downloadFile/gmmmc-not-eligible-candidates_15750160450.pdf,pdf,gmmmc-not-eligible-candidates-15750160450-afe8a972.pdf,,200
https://www.smbbmu.edu.pk/beta/news/downloadFile/not-eligible-candidates-cmc_15750160160.pdf,pdf,not-eligible-candidates-cmc-15750160160-2ee84f30.pdf,,200
https://www.smbbmu.edu.pk/beta/news/downloadFile/dist-dadu.pdf,pdf,dist-dadu-d94d1263.pdf,,200
https://www.smbbmu.edu.pk/beta/news/downloadFile/dist-jcd.pdf,pdf,dist-jcd-6d3bcfc0.pdf,,200
https://www.smbbmu.edu.pk/beta/news/downloadFile/dist-k-shd.pdf,pdf,dist-k-shd-f3dd4dd5.pdf,,200
https://www.smbbmu.edu.pk/beta/news/downloadFile/dist-kshm.pdf,pdf,dist-kshm-ca2bfd3b.pdf,,200
https://www.smbbmu.edu.pk/beta/news/downloadFile/dist-lrk.pdf,pdf,dist-lrk-f11db08e.pdf,,200
https://www.smbbmu.edu.pk/beta/news/downloadFile/dist-nfz.pdf,pdf,dist-nfz-ef7de5df.pdf,,200
https://www.smbbmu.edu.pk/beta/news/downloadFile/dist-shp.pdf,pdf,dist-shp-8b44f16c.pdf,,200
https://www.smbbmu.edu.pk/beta/news/downloadFile/dist-sukk.pdf,pdf,dist-sukk-fa5c6658.pdf,,200
https://www.smbbmu.edu.pk/beta/news/downloadFile/dist-ghotki.pdf,pdf,dist-ghotki-12683839.pdf,,200
https://www.smbbmu.edu.pk/beta/news/downloadFile/dist-khp.pdf,pdf,dist-khp-5ea0cc15.pdf,,200
https://www.smbbmu.edu.pk/beta/announcements/details/recommendation-of-selection-board-of-smbb-medical-university-larkana-held-on-21st-september-2019-11-02-2019,announcement,Recommendation of Selection Board of SMBB Medical University Larkana held on 21st September 2019,2019-11-02,200
https://www.smbbmu.edu.pk/beta/uploads/news/images/1572693120.jpg,image,1572693120-e4dd4228.jpg,,200
https://www.smbbmu.edu.pk/beta/announcements/details/recommendation-of-selection-board-of-smbb-medical-university-larkana-held-on-9th-10th-august-2019-08-31-2019,announcement,Recommendation of Selection Board of SMBB Medical University Larkana held on 9th & 10th August 2019,2019-08-31,200
https://www.smbbmu.edu.pk/beta/uploads/news/images/1567492621.jpg,image,1567492621-86b88f5c.jpg,,200
https://www.smbbmu.edu.pk/beta/announcements/details/result-of-pre-interview-written-test-for-the-post-of-physiotherapistbps-17-held-smbbmu-areeja-campus-on-09-07-2019-07-10-2019,announcement,Result of Pre-Interview written test for the post of Physiotherapist(BPS-17) held @SMBBMU Areeja Campus on 09-07-2019,2019-07-10,200
https://www.smbbmu.edu.pk/beta/uploads/news/images/1562761648.jpg,image,1562761648-b6a3921b.jpg,,200
https://www.smbbmu.edu.pk/beta/announcements/details/answer-key-for-pre-interview-written-test-for-the-post-of-physiotherapistbps-17-held-smbbmu-areeja-campus-on-09-07-2019-07-09-2019,announcement,Answer key for Pre-Interview written test for the post of Physiotherapist(BPS-17) held @SMBBMU Areeja Campus on 09-07-2019,2019-07-09,200
https://www.smbbmu.edu.pk/beta/uploads/news/images/1562676221.jpg,image,1562676221-35f9001e.jpg,,200
https://www.smbbmu.edu.pk/beta/announcements/details/pre-interview-written-test-for-the-post-of-physiotherapistbps-17-07-02-2019,announcement,Pre-Interview written test for the post of Physiotherapist(BPS-17),2019-07-02,200
https://www.smbbmu.edu.pk/beta/news/downloadFile/list-of-candidates_15620634170.pdf,pdf,list-of-candidates-15620634170-805fcf9f.pdf,,200
https://www.smbbmu.edu.pk/beta/uploads/news/images/1562063181.jpg,image,1562063181-4c1f154f.jpg,,200
https://www.smbbmu.edu.pk/beta/announcements/details/notification-of-extension-of-summer-vacation-06-27-2019,announcement,Notification of extension of summer vacation,2019-06-27,200
https://www.smbbmu.edu.pk/beta/uploads/news/images/1561957399.jpg,image,1561957399-ab087e05.jpg,,200
https://www.smbbmu.edu.pk/beta/announcements/details/result-of-entry-test-of-diploma-fcps-ii-training-mdms-part-i-examination-for-session-july-2019-06-18-2019,announcement,"Result of Entry Test Of Diploma, FCPS-II Training, MD/MS Part-I Examination for session july 2019",2019-06-18,200
https://www.smbbmu.edu.pk/beta/news/downloadFile/result-fcps_15609279790.pdf,pdf,result-fcps-15609279790-1dda4078.pdf,,200
https://www.smbbmu.edu.pk/beta/announcements/details/notification-of-extension-of-summer-vacation-06-14-2019,announcement,Notification of extension of summer vacation,2019-06-14,200
https://www.smbbmu.edu.pk/beta/uploads/news/images/1560499011.jpg,image,1560499011-4d5aad64.jpg,,200
https://www.smbbmu.edu.pk/beta/announcements/details/result-of-first-professional-mbbs-first-year-supplementary-examination-session-2017-18-06-13-2019,announcement,Result of First Professional MBBS First Year Supplementary Examination Session 2017-18,2019-06-13,200
https://www.smbbmu.edu.pk/beta/uploads/news/images/1560842022.jpg,image,1560842022-66023b3a.jpg,,200
https://www.smbbmu.edu.pk/beta/announcements/details/result-of-second-professional-mbbs-second-year-supplementary-examination-session-2016-17-06-13-2019,announcement,Result of Second Professional MBBS Second Year Supplementary Examination Session 2016-17,2019-06-13,200
https://www.smbbmu.edu.pk/beta/uploads/news/images/1560842342.jpg,image,1560842342-dd4858ad.jpg,,200
https://www.smbbmu.edu.pk/beta/announcements/details/result-of-third-professional-mbbs-third-year-supplementary-examination-session-2015-16-06-13-2019,announcement,Result of Third Professional MBBS Third Year Supplementary Examination Session 2015-16,2019-06-13,200
https://www.smbbmu.edu.pk/beta/uploads/news/images/1560842442.jpg,image,1560842442-5f0575f2.jpg,,200
https://www.smbbmu.edu.pk/beta/announcements/details/result-of-fourth-professional-mbbs-fourth-year-supplementary-examination-session-2014-15-06-13-2019,announcement,Result of Fourth Professional MBBS Fourth Year Supplementary Examination Session 2014-15,2019-06-13,200
https://www.smbbmu.edu.pk/beta/uploads/news/images/1560842707.jpg,image,1560842707-2999ab8e.jpg,,200
https://www.smbbmu.edu.pk/beta/announcements/details/result-of-fifth-professional-mbbs-fifth-year-supplementary-examination-session-2013-14-06-13-2019,announcement,Result of Fifth Professional MBBS Fifth Year Supplementary Examination Session 2013-14,2019-06-13,200
https://www.smbbmu.edu.pk/beta/uploads/news/images/1560842762.jpg,image,1560842762-1f93b4e0.jpg,,200
https://www.smbbmu.edu.pk/beta/announcements/details/result-of-selection-board-of-smbbmu-held-on-11th-may-2019-05-14-2019,announcement,Result of selection board of SMBBMU held on 11th May 2019,2019-05-14,200
https://www.smbbmu.edu.pk/beta/uploads/news/images/1557826094.png,image,1557826094-cf5d4ab9.png,,200
https://www.smbbmu.edu.pk/beta/announcements/details/result-of-first-prof-pharm-d-supplementary-examination-session-2016-17-04-29-2019,announcement,Result of First Prof. Pharm-D Supplementary Examination Session 2016-17,2019-04-29,200
https://www.smbbmu.edu.pk/beta/uploads/news/images/1556614969.JPG,image,1556614969-500a47cd.jpg,,200
https://www.smbbmu.edu.pk/beta/announcements/details/result-of-bsn-generic-first-semester-regular-examination-session-2017-18-04-29-2019,announcement,Result of BSN (Generic) First Semester Regular Examination Session 2017-18,2019-04-29,200
https://www.smbbmu.edu.pk/beta/uploads/news/images/1556615100.JPG,image,1556615100-990bf69c.jpg,,200
https://www.smbbmu.edu.pk/beta/announcements/details/result-of-bsn-post-rn-first-semester-regular-examination-session-2017-18-04-29-2019,announcement,Result of BSN (POST-RN) First Semester Regular Examination Session 2017-18,2019-04-29,200
https://www.smbbmu.edu.pk/beta/uploads/news/images/1556616402.JPG,image,1556616402-6cad9ded.jpg,,200
https://www.smbbmu.edu.pk/beta/announcements/details/result-of-third-professional-mbbs-examination-session-2015-16-held-in-the-month-of-november-2018-03-20-2019,announcement,Result of Third Professional MBBS Examination Session 2015-16 held in the month of November 2018,2019-03-20,200
https://www.smbbmu.edu.pk/beta/news/downloadFile/3rdyear-result_15536099730.pdf,pdf,3rdyear-result-15536099730-f51319f9.pdf,,200
https://www.smbbmu.edu.pk/beta/announcements/details/result-of-fourth-professional-mbbs-session-2014-15-held-in-the-month-of-november-2018-03-18-2019,announcement,Result of Fourth Professional MBBS Session 2014-15 held in the month of November 2018,2019-03-18,200
https://www.smbbmu.edu.pk/beta/news/downloadFile/4thyear_15529037710.pdf,pdf,4thyear-15529037710-7e83fcfd.pdf,,200
https://www.smbbmu.edu.pk/beta/announcements/details/result-of-second-professional-mbbs-session-2016-17-held-in-the-month-of-november-2018-03-12-2019,announcement,Result of Second Professional MBBS Session 2016-17 held in the month of November 2018,2019-03-12,200
https://www.smbbmu.edu.pk/beta/news/downloadFile/2ndYear_15529036320.pdf,pdf,2ndyear-15529036320-ded04926.pdf,,200
https://www.smbbmu.edu.pk/beta/announcements/details/result-of-first-professional-mbbs-session-2017-18-held-in-the-month-of-november-2018-03-11-2019,announcement,Result of First Professional MBBS Session 2017-18 held in the month of November 2018,2019-03-11,200
"https://www.smbbmu.edu.pk/beta/news/downloadFile/Mar+11,+Doc+1_15523738600.pdf",pdf,mar-11-doc-1-15523738600-9b3e73ca.pdf,,200
https://www.smbbmu.edu.pk/beta/announcements/details/result-of-first-year-pharm-d-examination-session-2016-17-01-14-2019,announcement,Result of First Year Pharm-D Examination Session 2016-17,2019-01-14,200
https://www.smbbmu.edu.pk/beta/uploads/news/images/1547616009.jpg,image,1547616009-4fa9dd97.jpg,,200
https://www.smbbmu.edu.pk/beta/announcements/details/result-of-mdms-part-i-examination-december-2018-12-17-2018,announcement,Result of MD/MS Part-I Examination December 2018,2018-12-17,200
https://www.smbbmu.edu.pk/beta/uploads/news/images/1545114483.jpg,image,1545114483-73e27b4b.jpg,,200
https://www.smbbmu.edu.pk/beta/announcements/details/entry-test-result-of-fcps-ii-mphil-diploma-courses-for-session-january-2019-12-17-2018,announcement,"Entry Test Result of FCPS-II, M.PHIL & Diploma Courses for session January 2019",2018-12-17,200
https://www.smbbmu.edu.pk/beta/news/downloadFile/entry-test-fcps_15451262050.pdf,pdf,entry-test-fcps-15451262050-666284ea.pdf,,200
https://www.smbbmu.edu.pk/beta/news/downloadFile/entry-test-diploma_15451261470.pdf,pdf,entry-test-diploma-15451261470-9f1556db.pdf,,200
https://www.smbbmu.edu.pk/beta/announcements/details/result-of-final-professional-bds-annual-examination-session-2013-14-11-01-2018,announcement,Result of Final Professional BDS Annual Examination Session 2013-14,2018-11-01,200
https://www.smbbmu.edu.pk/beta/uploads/news/images/1541746186.jpg,image,1541746186-8e35b69a.jpg,,200
https://www.smbbmu.edu.pk/beta/announcements/details/notice-for-hafiz-e-quran-disabled-candidates-10-27-2018,announcement,Notice for Hafiz e Quran & Disabled Candidates,2018-10-27,200
https://www.smbbmu.edu.pk/beta/news/downloadFile/NTS_15403000290.pdf,pdf,nts-15403000290-e19b26b4.pdf,,200
https://www.smbbmu.edu.pk/beta/announcements/details/notice-for-candidates-who-applied-for-mbbsbds-course-session-2018-19-10-26-2018,announcement,Notice for candidates who applied for MBBS/BDS course Session 2018-19,2018-10-26,200
http://www.nts.org.pk/,external,,,
https://www.smbbmu.edu.pk/beta/announcements/details/provisional-eligibility-list-of-candidates-gmmmc-sukkur-who-have-applied-for-admission-into-1st-year-mbbs-bds-courses-for-session-2018-19-10-24-2018,announcement,Provisional Eligibility list of candidates GMMMC SUKKUR who have applied for admission into 1st: year MBBS /BDS courses for session 2018-19,2018-10-24,200
https://www.smbbmu.edu.pk/beta/news/downloadFile/GMMMCSUKKUR_15403853730.pdf,pdf,gmmmcsukkur-15403853730-3d269ebd.pdf,,200
https://www.smbbmu.edu.pk/beta/announcements/details/preliminary-list-of-voters-and-non-voters-for-election-of-syndicate-10-16-2018,announcement,Preliminary List of Voters and Non Voters  For Election of Syndicate,2018-10-16,200
https://www.smbbmu.edu.pk/beta/news/downloadFile/Preliminary++Non+Voters+List_15396991741.pdf,pdf,preliminary-non-voters-list-15396991741-0ffce8f1.pdf,,200
https://www.smbbmu.edu.pk/beta/news/downloadFile/Preliminary+Voters+List_15396991740.pdf,pdf,preliminary-voters-list-15396991740-10aaed9d.pdf,,200
https://www.smbbmu.edu.pk/beta/announcements/details/notice-for-modification-of-schedule-of-election-of-syndicate-10-16-2018,announcement,Notice for modification of schedule of election of syndicate,2018-10-16,200
https://www.smbbmu.edu.pk/beta/uploads/news/images/1539699922.jpg,image,1539699922-d77de81e.jpg,,200
https://www.smbbmu.edu.pk/beta/announcements/details/result-of-third-professional-bds-supplementary-examination-10-15-2018,announcement,Result of Third Professional BDS (Supplementary Examination),2018-10-15,200
https://www.smbbmu.edu.pk/beta/uploads/news/images/1539587821.JPG,image,1539587821-b507b22e.jpg,,200
https://www.smbbmu.edu.pk/beta/announcements/details/circular-of-microsoft-office-specialist-exam-10-01-2018,announcement,Circular of Microsoft office specialist exam,2018-10-01,200
https://www.smbbmu.edu.pk/beta/uploads/news/images/1538459812.jpg,image,1538459812-8513afde.jpg,,200
https://www.smbbmu.edu.pk/beta/announcements/details/result-of-diploma-in-clinical-neurology-dcn-clinical-examination-march-2018-09-24-2018,announcement,Result of Diploma in clinical neurology (DCN) clinical examination march 2018,2018-09-24,200
https://www.smbbmu.edu.pk/beta/uploads/news/images/1537781745.JPG,image,1537781745-2565693a.jpg,,200
https://www.smbbmu.edu.pk/beta/announcements/details/22nd-meeting-of-syndicate-held-on-08-05-2014-05-08-2014,announcement,22nd Meeting of Syndicate held on 08-05-2014.,2014-05-08,200
